	bins [ps]	counts [#]
0	0.0	2.0
1	4000.0	2.0
2	8000.0	3.0
3	12000.0	3.0
4	16000.0	5.0
5	20000.0	7.0
6	24000.0	2.0
7	28000.0	2.0
8	32000.0	4.0
9	36000.0	4.0
10	40000.0	1.0
11	44000.0	2.0
12	48000.0	1.0
13	52000.0	5.0
14	56000.0	1886.0
15	60000.0	1538.0
16	64000.0	831.0
17	68000.0	659.0
18	72000.0	524.0
19	76000.0	550.0
20	80000.0	588.0
21	84000.0	575.0
22	88000.0	540.0
23	92000.0	492.0
24	96000.0	520.0
25	100000.0	465.0
26	104000.0	488.0
27	108000.0	512.0
28	112000.0	459.0
29	116000.0	459.0
30	120000.0	463.0
31	124000.0	492.0
32	128000.0	492.0
33	132000.0	459.0
34	136000.0	448.0
35	140000.0	456.0
36	144000.0	440.0
37	148000.0	443.0
38	152000.0	440.0
39	156000.0	440.0
40	160000.0	437.0
41	164000.0	461.0
42	168000.0	499.0
43	172000.0	468.0
44	176000.0	465.0
45	180000.0	448.0
46	184000.0	444.0
47	188000.0	434.0
48	192000.0	444.0
49	196000.0	453.0
50	200000.0	410.0
51	204000.0	447.0
52	208000.0	405.0
53	212000.0	441.0
54	216000.0	434.0
55	220000.0	453.0
56	224000.0	456.0
57	228000.0	435.0
58	232000.0	461.0
59	236000.0	437.0
60	240000.0	429.0
61	244000.0	459.0
62	248000.0	414.0
63	252000.0	463.0
64	256000.0	441.0
65	260000.0	443.0
66	264000.0	435.0
67	268000.0	432.0
68	272000.0	421.0
69	276000.0	426.0
70	280000.0	433.0
71	284000.0	436.0
72	288000.0	446.0
73	292000.0	440.0
74	296000.0	427.0
75	300000.0	422.0
76	304000.0	450.0
77	308000.0	437.0
78	312000.0	450.0
79	316000.0	409.0
80	320000.0	456.0
81	324000.0	465.0
82	328000.0	420.0
83	332000.0	435.0
84	336000.0	456.0
85	340000.0	413.0
86	344000.0	469.0
87	348000.0	423.0
88	352000.0	413.0
89	356000.0	432.0
90	360000.0	423.0
91	364000.0	446.0
92	368000.0	417.0
93	372000.0	416.0
94	376000.0	428.0
95	380000.0	477.0
96	384000.0	430.0
97	388000.0	421.0
98	392000.0	397.0
99	396000.0	413.0
100	400000.0	402.0
101	404000.0	435.0
102	408000.0	421.0
103	412000.0	366.0
104	416000.0	405.0
105	420000.0	400.0
106	424000.0	423.0
107	428000.0	432.0
108	432000.0	398.0
109	436000.0	434.0
110	440000.0	444.0
111	444000.0	378.0
112	448000.0	438.0
113	452000.0	394.0
114	456000.0	442.0
115	460000.0	447.0
116	464000.0	411.0
117	468000.0	445.0
118	472000.0	416.0
119	476000.0	414.0
120	480000.0	440.0
121	484000.0	402.0
122	488000.0	409.0
123	492000.0	389.0
124	496000.0	442.0
125	500000.0	432.0
126	504000.0	450.0
127	508000.0	412.0
128	512000.0	389.0
129	516000.0	400.0
130	520000.0	406.0
131	524000.0	416.0
132	528000.0	459.0
133	532000.0	426.0
134	536000.0	437.0
135	540000.0	428.0
136	544000.0	398.0
137	548000.0	406.0
138	552000.0	446.0
139	556000.0	412.0
140	560000.0	404.0
141	564000.0	422.0
142	568000.0	442.0
143	572000.0	396.0
144	576000.0	412.0
145	580000.0	415.0
146	584000.0	418.0
147	588000.0	397.0
148	592000.0	416.0
149	596000.0	386.0
150	600000.0	431.0
151	604000.0	462.0
152	608000.0	426.0
153	612000.0	412.0
154	616000.0	445.0
155	620000.0	413.0
156	624000.0	385.0
157	628000.0	421.0
158	632000.0	364.0
159	636000.0	415.0
160	640000.0	393.0
161	644000.0	421.0
162	648000.0	390.0
163	652000.0	401.0
164	656000.0	450.0
165	660000.0	381.0
166	664000.0	433.0
167	668000.0	398.0
168	672000.0	431.0
169	676000.0	378.0
170	680000.0	412.0
171	684000.0	440.0
172	688000.0	391.0
173	692000.0	414.0
174	696000.0	432.0
175	700000.0	437.0
176	704000.0	403.0
177	708000.0	385.0
178	712000.0	409.0
179	716000.0	389.0
180	720000.0	383.0
181	724000.0	403.0
182	728000.0	422.0
183	732000.0	406.0
184	736000.0	390.0
185	740000.0	407.0
186	744000.0	430.0
187	748000.0	431.0
188	752000.0	417.0
189	756000.0	423.0
190	760000.0	367.0
191	764000.0	403.0
192	768000.0	415.0
193	772000.0	374.0
194	776000.0	383.0
195	780000.0	420.0
196	784000.0	409.0
197	788000.0	368.0
198	792000.0	389.0
199	796000.0	370.0
200	800000.0	376.0
201	804000.0	429.0
202	808000.0	419.0
203	812000.0	409.0
204	816000.0	417.0
205	820000.0	401.0
206	824000.0	410.0
207	828000.0	372.0
208	832000.0	432.0
209	836000.0	431.0
210	840000.0	394.0
211	844000.0	403.0
212	848000.0	408.0
213	852000.0	421.0
214	856000.0	418.0
215	860000.0	420.0
216	864000.0	397.0
217	868000.0	424.0
218	872000.0	423.0
219	876000.0	418.0
220	880000.0	391.0
221	884000.0	396.0
222	888000.0	348.0
223	892000.0	396.0
224	896000.0	397.0
225	900000.0	409.0
226	904000.0	365.0
227	908000.0	368.0
228	912000.0	397.0
229	916000.0	421.0
230	920000.0	428.0
231	924000.0	447.0
232	928000.0	418.0
233	932000.0	437.0
234	936000.0	403.0
235	940000.0	380.0
236	944000.0	377.0
237	948000.0	398.0
238	952000.0	406.0
239	956000.0	390.0
240	960000.0	429.0
241	964000.0	414.0
242	968000.0	384.0
243	972000.0	428.0
244	976000.0	415.0
245	980000.0	412.0
246	984000.0	413.0
247	988000.0	385.0
248	992000.0	387.0
249	996000.0	411.0
250	1000000.0	415.0
251	1004000.0	399.0
252	1008000.0	406.0
253	1012000.0	401.0
254	1016000.0	402.0
255	1020000.0	380.0
256	1024000.0	392.0
257	1028000.0	389.0
258	1032000.0	385.0
259	1036000.0	407.0
260	1040000.0	434.0
261	1044000.0	391.0
262	1048000.0	393.0
263	1052000.0	385.0
264	1056000.0	435.0
265	1060000.0	376.0
266	1064000.0	401.0
267	1068000.0	410.0
268	1072000.0	389.0
269	1076000.0	379.0
270	1080000.0	391.0
271	1084000.0	386.0
272	1088000.0	411.0
273	1092000.0	378.0
274	1096000.0	386.0
275	1100000.0	385.0
276	1104000.0	404.0
277	1108000.0	394.0
278	1112000.0	354.0
279	1116000.0	406.0
280	1120000.0	411.0
281	1124000.0	394.0
282	1128000.0	390.0
283	1132000.0	388.0
284	1136000.0	414.0
285	1140000.0	373.0
286	1144000.0	438.0
287	1148000.0	412.0
288	1152000.0	385.0
289	1156000.0	411.0
290	1160000.0	377.0
291	1164000.0	393.0
292	1168000.0	380.0
293	1172000.0	395.0
294	1176000.0	383.0
295	1180000.0	364.0
296	1184000.0	410.0
297	1188000.0	408.0
298	1192000.0	377.0
299	1196000.0	405.0
300	1200000.0	396.0
301	1204000.0	401.0
302	1208000.0	397.0
303	1212000.0	372.0
304	1216000.0	372.0
305	1220000.0	385.0
306	1224000.0	369.0
307	1228000.0	383.0
308	1232000.0	395.0
309	1236000.0	352.0
310	1240000.0	448.0
311	1244000.0	385.0
312	1248000.0	395.0
313	1252000.0	399.0
314	1256000.0	366.0
315	1260000.0	408.0
316	1264000.0	414.0
317	1268000.0	404.0
318	1272000.0	416.0
319	1276000.0	368.0
320	1280000.0	366.0
321	1284000.0	357.0
322	1288000.0	368.0
323	1292000.0	395.0
324	1296000.0	366.0
325	1300000.0	397.0
326	1304000.0	387.0
327	1308000.0	362.0
328	1312000.0	399.0
329	1316000.0	377.0
330	1320000.0	367.0
331	1324000.0	355.0
332	1328000.0	345.0
333	1332000.0	375.0
334	1336000.0	386.0
335	1340000.0	391.0
336	1344000.0	417.0
337	1348000.0	434.0
338	1352000.0	363.0
339	1356000.0	376.0
340	1360000.0	425.0
341	1364000.0	376.0
342	1368000.0	347.0
343	1372000.0	429.0
344	1376000.0	375.0
345	1380000.0	380.0
346	1384000.0	375.0
347	1388000.0	365.0
348	1392000.0	392.0
349	1396000.0	388.0
350	1400000.0	375.0
351	1404000.0	396.0
352	1408000.0	430.0
353	1412000.0	428.0
354	1416000.0	393.0
355	1420000.0	395.0
356	1424000.0	392.0
357	1428000.0	400.0
358	1432000.0	380.0
359	1436000.0	409.0
360	1440000.0	398.0
361	1444000.0	366.0
362	1448000.0	402.0
363	1452000.0	379.0
364	1456000.0	366.0
365	1460000.0	372.0
366	1464000.0	398.0
367	1468000.0	388.0
368	1472000.0	396.0
369	1476000.0	378.0
370	1480000.0	409.0
371	1484000.0	366.0
372	1488000.0	356.0
373	1492000.0	389.0
374	1496000.0	377.0
375	1500000.0	385.0
376	1504000.0	386.0
377	1508000.0	395.0
378	1512000.0	382.0
379	1516000.0	370.0
380	1520000.0	397.0
381	1524000.0	391.0
382	1528000.0	369.0
383	1532000.0	427.0
384	1536000.0	368.0
385	1540000.0	385.0
386	1544000.0	370.0
387	1548000.0	375.0
388	1552000.0	383.0
389	1556000.0	371.0
390	1560000.0	379.0
391	1564000.0	410.0
392	1568000.0	363.0
393	1572000.0	382.0
394	1576000.0	382.0
395	1580000.0	370.0
396	1584000.0	378.0
397	1588000.0	360.0
398	1592000.0	384.0
399	1596000.0	348.0
400	1600000.0	386.0
401	1604000.0	396.0
402	1608000.0	367.0
403	1612000.0	357.0
404	1616000.0	385.0
405	1620000.0	380.0
406	1624000.0	374.0
407	1628000.0	384.0
408	1632000.0	375.0
409	1636000.0	396.0
410	1640000.0	399.0
411	1644000.0	349.0
412	1648000.0	372.0
413	1652000.0	378.0
414	1656000.0	357.0
415	1660000.0	410.0
416	1664000.0	379.0
417	1668000.0	410.0
418	1672000.0	398.0
419	1676000.0	365.0
420	1680000.0	395.0
421	1684000.0	410.0
422	1688000.0	357.0
423	1692000.0	385.0
424	1696000.0	369.0
425	1700000.0	355.0
426	1704000.0	407.0
427	1708000.0	373.0
428	1712000.0	386.0
429	1716000.0	361.0
430	1720000.0	366.0
431	1724000.0	388.0
432	1728000.0	344.0
433	1732000.0	390.0
434	1736000.0	366.0
435	1740000.0	386.0
436	1744000.0	372.0
437	1748000.0	394.0
438	1752000.0	366.0
439	1756000.0	376.0
440	1760000.0	377.0
441	1764000.0	395.0
442	1768000.0	379.0
443	1772000.0	364.0
444	1776000.0	379.0
445	1780000.0	350.0
446	1784000.0	358.0
447	1788000.0	344.0
448	1792000.0	388.0
449	1796000.0	375.0
450	1800000.0	388.0
451	1804000.0	340.0
452	1808000.0	392.0
453	1812000.0	367.0
454	1816000.0	362.0
455	1820000.0	383.0
456	1824000.0	388.0
457	1828000.0	373.0
458	1832000.0	359.0
459	1836000.0	357.0
460	1840000.0	370.0
461	1844000.0	375.0
462	1848000.0	354.0
463	1852000.0	327.0
464	1856000.0	420.0
465	1860000.0	334.0
466	1864000.0	364.0
467	1868000.0	375.0
468	1872000.0	354.0
469	1876000.0	389.0
470	1880000.0	355.0
471	1884000.0	378.0
472	1888000.0	355.0
473	1892000.0	368.0
474	1896000.0	372.0
475	1900000.0	425.0
476	1904000.0	361.0
477	1908000.0	381.0
478	1912000.0	367.0
479	1916000.0	417.0
480	1920000.0	364.0
481	1924000.0	377.0
482	1928000.0	400.0
483	1932000.0	384.0
484	1936000.0	393.0
485	1940000.0	381.0
486	1944000.0	364.0
487	1948000.0	374.0
488	1952000.0	356.0
489	1956000.0	347.0
490	1960000.0	369.0
491	1964000.0	358.0
492	1968000.0	399.0
493	1972000.0	394.0
494	1976000.0	372.0
495	1980000.0	356.0
496	1984000.0	365.0
497	1988000.0	364.0
498	1992000.0	408.0
499	1996000.0	387.0
500	2000000.0	374.0
501	2004000.0	353.0
502	2008000.0	384.0
503	2012000.0	350.0
504	2016000.0	379.0
505	2020000.0	411.0
506	2024000.0	373.0
507	2028000.0	396.0
508	2032000.0	357.0
509	2036000.0	345.0
510	2040000.0	382.0
511	2044000.0	346.0
512	2048000.0	373.0
513	2052000.0	381.0
514	2056000.0	394.0
515	2060000.0	362.0
516	2064000.0	389.0
517	2068000.0	374.0
518	2072000.0	366.0
519	2076000.0	365.0
520	2080000.0	366.0
521	2084000.0	362.0
522	2088000.0	373.0
523	2092000.0	380.0
524	2096000.0	350.0
525	2100000.0	363.0
526	2104000.0	359.0
527	2108000.0	347.0
528	2112000.0	396.0
529	2116000.0	375.0
530	2120000.0	359.0
531	2124000.0	372.0
532	2128000.0	344.0
533	2132000.0	340.0
534	2136000.0	370.0
535	2140000.0	355.0
536	2144000.0	378.0
537	2148000.0	332.0
538	2152000.0	361.0
539	2156000.0	379.0
540	2160000.0	363.0
541	2164000.0	372.0
542	2168000.0	320.0
543	2172000.0	346.0
544	2176000.0	337.0
545	2180000.0	367.0
546	2184000.0	331.0
547	2188000.0	350.0
548	2192000.0	329.0
549	2196000.0	387.0
550	2200000.0	367.0
551	2204000.0	366.0
552	2208000.0	404.0
553	2212000.0	376.0
554	2216000.0	364.0
555	2220000.0	359.0
556	2224000.0	355.0
557	2228000.0	326.0
558	2232000.0	365.0
559	2236000.0	359.0
560	2240000.0	339.0
561	2244000.0	353.0
562	2248000.0	357.0
563	2252000.0	363.0
564	2256000.0	335.0
565	2260000.0	370.0
566	2264000.0	370.0
567	2268000.0	347.0
568	2272000.0	365.0
569	2276000.0	353.0
570	2280000.0	337.0
571	2284000.0	398.0
572	2288000.0	359.0
573	2292000.0	321.0
574	2296000.0	395.0
575	2300000.0	361.0
576	2304000.0	370.0
577	2308000.0	351.0
578	2312000.0	357.0
579	2316000.0	409.0
580	2320000.0	343.0
581	2324000.0	336.0
582	2328000.0	361.0
583	2332000.0	343.0
584	2336000.0	348.0
585	2340000.0	363.0
586	2344000.0	354.0
587	2348000.0	386.0
588	2352000.0	357.0
589	2356000.0	340.0
590	2360000.0	354.0
591	2364000.0	384.0
592	2368000.0	345.0
593	2372000.0	347.0
594	2376000.0	366.0
595	2380000.0	374.0
596	2384000.0	378.0
597	2388000.0	368.0
598	2392000.0	383.0
599	2396000.0	361.0
600	2400000.0	331.0
601	2404000.0	346.0
602	2408000.0	354.0
603	2412000.0	390.0
604	2416000.0	352.0
605	2420000.0	359.0
606	2424000.0	351.0
607	2428000.0	326.0
608	2432000.0	351.0
609	2436000.0	344.0
610	2440000.0	360.0
611	2444000.0	379.0
612	2448000.0	322.0
613	2452000.0	345.0
614	2456000.0	315.0
615	2460000.0	349.0
616	2464000.0	363.0
617	2468000.0	353.0
618	2472000.0	373.0
619	2476000.0	337.0
620	2480000.0	356.0
621	2484000.0	355.0
622	2488000.0	369.0
623	2492000.0	342.0
624	2496000.0	362.0
625	2500000.0	381.0
626	2504000.0	335.0
627	2508000.0	366.0
628	2512000.0	360.0
629	2516000.0	340.0
630	2520000.0	354.0
631	2524000.0	339.0
632	2528000.0	320.0
633	2532000.0	364.0
634	2536000.0	368.0
635	2540000.0	333.0
636	2544000.0	350.0
637	2548000.0	360.0
638	2552000.0	357.0
639	2556000.0	353.0
640	2560000.0	362.0
641	2564000.0	307.0
642	2568000.0	359.0
643	2572000.0	392.0
644	2576000.0	385.0
645	2580000.0	367.0
646	2584000.0	367.0
647	2588000.0	351.0
648	2592000.0	348.0
649	2596000.0	353.0
650	2600000.0	359.0
651	2604000.0	344.0
652	2608000.0	329.0
653	2612000.0	356.0
654	2616000.0	326.0
655	2620000.0	357.0
656	2624000.0	382.0
657	2628000.0	357.0
658	2632000.0	336.0
659	2636000.0	364.0
660	2640000.0	350.0
661	2644000.0	339.0
662	2648000.0	344.0
663	2652000.0	370.0
664	2656000.0	322.0
665	2660000.0	383.0
666	2664000.0	331.0
667	2668000.0	361.0
668	2672000.0	345.0
669	2676000.0	378.0
670	2680000.0	351.0
671	2684000.0	351.0
672	2688000.0	339.0
673	2692000.0	368.0
674	2696000.0	329.0
675	2700000.0	366.0
676	2704000.0	326.0
677	2708000.0	338.0
678	2712000.0	354.0
679	2716000.0	368.0
680	2720000.0	337.0
681	2724000.0	364.0
682	2728000.0	357.0
683	2732000.0	343.0
684	2736000.0	323.0
685	2740000.0	360.0
686	2744000.0	366.0
687	2748000.0	337.0
688	2752000.0	339.0
689	2756000.0	370.0
690	2760000.0	351.0
691	2764000.0	389.0
692	2768000.0	359.0
693	2772000.0	338.0
694	2776000.0	360.0
695	2780000.0	359.0
696	2784000.0	339.0
697	2788000.0	363.0
698	2792000.0	338.0
699	2796000.0	356.0
700	2800000.0	354.0
701	2804000.0	325.0
702	2808000.0	350.0
703	2812000.0	359.0
704	2816000.0	317.0
705	2820000.0	347.0
706	2824000.0	388.0
707	2828000.0	318.0
708	2832000.0	363.0
709	2836000.0	352.0
710	2840000.0	318.0
711	2844000.0	371.0
712	2848000.0	347.0
713	2852000.0	362.0
714	2856000.0	366.0
715	2860000.0	324.0
716	2864000.0	324.0
717	2868000.0	358.0
718	2872000.0	352.0
719	2876000.0	379.0
720	2880000.0	357.0
721	2884000.0	339.0
722	2888000.0	330.0
723	2892000.0	366.0
724	2896000.0	350.0
725	2900000.0	337.0
726	2904000.0	345.0
727	2908000.0	358.0
728	2912000.0	344.0
729	2916000.0	358.0
730	2920000.0	338.0
731	2924000.0	366.0
732	2928000.0	359.0
733	2932000.0	350.0
734	2936000.0	331.0
735	2940000.0	339.0
736	2944000.0	326.0
737	2948000.0	352.0
738	2952000.0	332.0
739	2956000.0	335.0
740	2960000.0	306.0
741	2964000.0	330.0
742	2968000.0	367.0
743	2972000.0	343.0
744	2976000.0	338.0
745	2980000.0	338.0
746	2984000.0	332.0
747	2988000.0	324.0
748	2992000.0	326.0
749	2996000.0	326.0
750	3000000.0	356.0
751	3004000.0	343.0
752	3008000.0	353.0
753	3012000.0	313.0
754	3016000.0	320.0
755	3020000.0	348.0
756	3024000.0	309.0
757	3028000.0	315.0
758	3032000.0	342.0
759	3036000.0	364.0
760	3040000.0	331.0
761	3044000.0	318.0
762	3048000.0	359.0
763	3052000.0	353.0
764	3056000.0	363.0
765	3060000.0	329.0
766	3064000.0	325.0
767	3068000.0	363.0
768	3072000.0	340.0
769	3076000.0	341.0
770	3080000.0	383.0
771	3084000.0	347.0
772	3088000.0	323.0
773	3092000.0	383.0
774	3096000.0	342.0
775	3100000.0	370.0
776	3104000.0	355.0
777	3108000.0	327.0
778	3112000.0	344.0
779	3116000.0	340.0
780	3120000.0	328.0
781	3124000.0	340.0
782	3128000.0	324.0
783	3132000.0	320.0
784	3136000.0	322.0
785	3140000.0	320.0
786	3144000.0	337.0
787	3148000.0	345.0
788	3152000.0	348.0
789	3156000.0	353.0
790	3160000.0	307.0
791	3164000.0	352.0
792	3168000.0	369.0
793	3172000.0	318.0
794	3176000.0	323.0
795	3180000.0	344.0
796	3184000.0	331.0
797	3188000.0	342.0
798	3192000.0	339.0
799	3196000.0	391.0
800	3200000.0	340.0
801	3204000.0	335.0
802	3208000.0	315.0
803	3212000.0	333.0
804	3216000.0	375.0
805	3220000.0	332.0
806	3224000.0	318.0
807	3228000.0	354.0
808	3232000.0	350.0
809	3236000.0	354.0
810	3240000.0	310.0
811	3244000.0	361.0
812	3248000.0	348.0
813	3252000.0	373.0
814	3256000.0	348.0
815	3260000.0	309.0
816	3264000.0	347.0
817	3268000.0	344.0
818	3272000.0	360.0
819	3276000.0	359.0
820	3280000.0	336.0
821	3284000.0	325.0
822	3288000.0	347.0
823	3292000.0	358.0
824	3296000.0	317.0
825	3300000.0	338.0
826	3304000.0	348.0
827	3308000.0	311.0
828	3312000.0	309.0
829	3316000.0	316.0
830	3320000.0	321.0
831	3324000.0	362.0
832	3328000.0	340.0
833	3332000.0	355.0
834	3336000.0	334.0
835	3340000.0	342.0
836	3344000.0	321.0
837	3348000.0	340.0
838	3352000.0	359.0
839	3356000.0	337.0
840	3360000.0	324.0
841	3364000.0	362.0
842	3368000.0	335.0
843	3372000.0	320.0
844	3376000.0	372.0
845	3380000.0	318.0
846	3384000.0	317.0
847	3388000.0	301.0
848	3392000.0	338.0
849	3396000.0	322.0
850	3400000.0	363.0
851	3404000.0	326.0
852	3408000.0	323.0
853	3412000.0	306.0
854	3416000.0	327.0
855	3420000.0	334.0
856	3424000.0	347.0
857	3428000.0	332.0
858	3432000.0	333.0
859	3436000.0	342.0
860	3440000.0	321.0
861	3444000.0	346.0
862	3448000.0	333.0
863	3452000.0	354.0
864	3456000.0	340.0
865	3460000.0	340.0
866	3464000.0	326.0
867	3468000.0	331.0
868	3472000.0	306.0
869	3476000.0	344.0
870	3480000.0	346.0
871	3484000.0	335.0
872	3488000.0	316.0
873	3492000.0	326.0
874	3496000.0	331.0
875	3500000.0	350.0
876	3504000.0	339.0
877	3508000.0	363.0
878	3512000.0	317.0
879	3516000.0	337.0
880	3520000.0	312.0
881	3524000.0	333.0
882	3528000.0	330.0
883	3532000.0	346.0
884	3536000.0	337.0
885	3540000.0	303.0
886	3544000.0	314.0
887	3548000.0	343.0
888	3552000.0	323.0
889	3556000.0	346.0
890	3560000.0	290.0
891	3564000.0	333.0
892	3568000.0	310.0
893	3572000.0	318.0
894	3576000.0	329.0
895	3580000.0	330.0
896	3584000.0	337.0
897	3588000.0	349.0
898	3592000.0	322.0
899	3596000.0	309.0
900	3600000.0	341.0
901	3604000.0	310.0
902	3608000.0	329.0
903	3612000.0	290.0
904	3616000.0	329.0
905	3620000.0	281.0
906	3624000.0	345.0
907	3628000.0	319.0
908	3632000.0	324.0
909	3636000.0	319.0
910	3640000.0	351.0
911	3644000.0	318.0
912	3648000.0	311.0
913	3652000.0	317.0
914	3656000.0	313.0
915	3660000.0	314.0
916	3664000.0	325.0
917	3668000.0	311.0
918	3672000.0	328.0
919	3676000.0	307.0
920	3680000.0	309.0
921	3684000.0	337.0
922	3688000.0	350.0
923	3692000.0	325.0
924	3696000.0	356.0
925	3700000.0	321.0
926	3704000.0	314.0
927	3708000.0	318.0
928	3712000.0	349.0
929	3716000.0	320.0
930	3720000.0	359.0
931	3724000.0	342.0
932	3728000.0	366.0
933	3732000.0	331.0
934	3736000.0	326.0
935	3740000.0	329.0
936	3744000.0	328.0
937	3748000.0	302.0
938	3752000.0	343.0
939	3756000.0	332.0
940	3760000.0	311.0
941	3764000.0	313.0
942	3768000.0	355.0
943	3772000.0	346.0
944	3776000.0	300.0
945	3780000.0	335.0
946	3784000.0	326.0
947	3788000.0	359.0
948	3792000.0	297.0
949	3796000.0	315.0
950	3800000.0	334.0
951	3804000.0	333.0
952	3808000.0	332.0
953	3812000.0	320.0
954	3816000.0	315.0
955	3820000.0	333.0
956	3824000.0	337.0
957	3828000.0	293.0
958	3832000.0	346.0
959	3836000.0	357.0
960	3840000.0	317.0
961	3844000.0	351.0
962	3848000.0	364.0
963	3852000.0	348.0
964	3856000.0	331.0
965	3860000.0	337.0
966	3864000.0	327.0
967	3868000.0	294.0
968	3872000.0	294.0
969	3876000.0	325.0
970	3880000.0	311.0
971	3884000.0	316.0
972	3888000.0	348.0
973	3892000.0	326.0
974	3896000.0	333.0
975	3900000.0	344.0
976	3904000.0	354.0
977	3908000.0	303.0
978	3912000.0	319.0
979	3916000.0	302.0
980	3920000.0	363.0
981	3924000.0	291.0
982	3928000.0	327.0
983	3932000.0	324.0
984	3936000.0	320.0
985	3940000.0	334.0
986	3944000.0	324.0
987	3948000.0	301.0
988	3952000.0	299.0
989	3956000.0	325.0
990	3960000.0	319.0
991	3964000.0	331.0
992	3968000.0	317.0
993	3972000.0	346.0
994	3976000.0	328.0
995	3980000.0	307.0
996	3984000.0	304.0
997	3988000.0	363.0
998	3992000.0	337.0
999	3996000.0	318.0
1000	4000000.0	316.0
1001	4004000.0	311.0
1002	4008000.0	325.0
1003	4012000.0	325.0
1004	4016000.0	355.0
1005	4020000.0	296.0
1006	4024000.0	293.0
1007	4028000.0	330.0
1008	4032000.0	335.0
1009	4036000.0	316.0
1010	4040000.0	319.0
1011	4044000.0	294.0
1012	4048000.0	311.0
1013	4052000.0	332.0
1014	4056000.0	282.0
1015	4060000.0	343.0
1016	4064000.0	310.0
1017	4068000.0	331.0
1018	4072000.0	329.0
1019	4076000.0	314.0
1020	4080000.0	322.0
1021	4084000.0	315.0
1022	4088000.0	270.0
1023	4092000.0	341.0
1024	4096000.0	312.0
1025	4100000.0	313.0
1026	4104000.0	322.0
1027	4108000.0	357.0
1028	4112000.0	309.0
1029	4116000.0	297.0
1030	4120000.0	302.0
1031	4124000.0	316.0
1032	4128000.0	308.0
1033	4132000.0	314.0
1034	4136000.0	316.0
1035	4140000.0	314.0
1036	4144000.0	316.0
1037	4148000.0	319.0
1038	4152000.0	326.0
1039	4156000.0	324.0
1040	4160000.0	310.0
1041	4164000.0	309.0
1042	4168000.0	316.0
1043	4172000.0	334.0
1044	4176000.0	352.0
1045	4180000.0	330.0
1046	4184000.0	309.0
1047	4188000.0	322.0
1048	4192000.0	299.0
1049	4196000.0	305.0
1050	4200000.0	332.0
1051	4204000.0	347.0
1052	4208000.0	314.0
1053	4212000.0	296.0
1054	4216000.0	259.0
1055	4220000.0	287.0
1056	4224000.0	337.0
1057	4228000.0	310.0
1058	4232000.0	331.0
1059	4236000.0	318.0
1060	4240000.0	311.0
1061	4244000.0	305.0
1062	4248000.0	330.0
1063	4252000.0	331.0
1064	4256000.0	306.0
1065	4260000.0	327.0
1066	4264000.0	313.0
1067	4268000.0	326.0
1068	4272000.0	293.0
1069	4276000.0	319.0
1070	4280000.0	302.0
1071	4284000.0	354.0
1072	4288000.0	338.0
1073	4292000.0	307.0
1074	4296000.0	334.0
1075	4300000.0	311.0
1076	4304000.0	323.0
1077	4308000.0	310.0
1078	4312000.0	318.0
1079	4316000.0	345.0
1080	4320000.0	304.0
1081	4324000.0	285.0
1082	4328000.0	305.0
1083	4332000.0	307.0
1084	4336000.0	296.0
1085	4340000.0	324.0
1086	4344000.0	322.0
1087	4348000.0	312.0
1088	4352000.0	321.0
1089	4356000.0	302.0
1090	4360000.0	297.0
1091	4364000.0	314.0
1092	4368000.0	325.0
1093	4372000.0	289.0
1094	4376000.0	326.0
1095	4380000.0	314.0
1096	4384000.0	296.0
1097	4388000.0	337.0
1098	4392000.0	297.0
1099	4396000.0	302.0
1100	4400000.0	338.0
1101	4404000.0	303.0
1102	4408000.0	280.0
1103	4412000.0	298.0
1104	4416000.0	293.0
1105	4420000.0	323.0
1106	4424000.0	306.0
1107	4428000.0	299.0
1108	4432000.0	317.0
1109	4436000.0	305.0
1110	4440000.0	332.0
1111	4444000.0	307.0
1112	4448000.0	309.0
1113	4452000.0	322.0
1114	4456000.0	342.0
1115	4460000.0	300.0
1116	4464000.0	330.0
1117	4468000.0	304.0
1118	4472000.0	330.0
1119	4476000.0	326.0
1120	4480000.0	329.0
1121	4484000.0	306.0
1122	4488000.0	291.0
1123	4492000.0	321.0
1124	4496000.0	348.0
1125	4500000.0	304.0
1126	4504000.0	303.0
1127	4508000.0	290.0
1128	4512000.0	313.0
1129	4516000.0	314.0
1130	4520000.0	326.0
1131	4524000.0	309.0
1132	4528000.0	324.0
1133	4532000.0	303.0
1134	4536000.0	313.0
1135	4540000.0	280.0
1136	4544000.0	272.0
1137	4548000.0	288.0
1138	4552000.0	320.0
1139	4556000.0	305.0
1140	4560000.0	289.0
1141	4564000.0	333.0
1142	4568000.0	328.0
1143	4572000.0	314.0
1144	4576000.0	328.0
1145	4580000.0	307.0
1146	4584000.0	309.0
1147	4588000.0	317.0
1148	4592000.0	301.0
1149	4596000.0	329.0
1150	4600000.0	285.0
1151	4604000.0	322.0
1152	4608000.0	327.0
1153	4612000.0	298.0
1154	4616000.0	297.0
1155	4620000.0	315.0
1156	4624000.0	329.0
1157	4628000.0	271.0
1158	4632000.0	294.0
1159	4636000.0	313.0
1160	4640000.0	289.0
1161	4644000.0	301.0
1162	4648000.0	292.0
1163	4652000.0	309.0
1164	4656000.0	293.0
1165	4660000.0	286.0
1166	4664000.0	314.0
1167	4668000.0	344.0
1168	4672000.0	309.0
1169	4676000.0	298.0
1170	4680000.0	298.0
1171	4684000.0	329.0
1172	4688000.0	335.0
1173	4692000.0	285.0
1174	4696000.0	288.0
1175	4700000.0	286.0
1176	4704000.0	303.0
1177	4708000.0	309.0
1178	4712000.0	297.0
1179	4716000.0	297.0
1180	4720000.0	383.0
1181	4724000.0	296.0
1182	4728000.0	321.0
1183	4732000.0	320.0
1184	4736000.0	302.0
1185	4740000.0	314.0
1186	4744000.0	279.0
1187	4748000.0	297.0
1188	4752000.0	297.0
1189	4756000.0	325.0
1190	4760000.0	323.0
1191	4764000.0	278.0
1192	4768000.0	283.0
1193	4772000.0	273.0
1194	4776000.0	295.0
1195	4780000.0	290.0
1196	4784000.0	285.0
1197	4788000.0	312.0
1198	4792000.0	302.0
1199	4796000.0	308.0
1200	4800000.0	297.0
1201	4804000.0	319.0
1202	4808000.0	300.0
1203	4812000.0	303.0
1204	4816000.0	300.0
1205	4820000.0	306.0
1206	4824000.0	305.0
1207	4828000.0	298.0
1208	4832000.0	293.0
1209	4836000.0	297.0
1210	4840000.0	323.0
1211	4844000.0	324.0
1212	4848000.0	323.0
1213	4852000.0	297.0
1214	4856000.0	280.0
1215	4860000.0	289.0
1216	4864000.0	312.0
1217	4868000.0	315.0
1218	4872000.0	295.0
1219	4876000.0	288.0
1220	4880000.0	313.0
1221	4884000.0	304.0
1222	4888000.0	328.0
1223	4892000.0	309.0
1224	4896000.0	312.0
1225	4900000.0	273.0
1226	4904000.0	279.0
1227	4908000.0	298.0
1228	4912000.0	293.0
1229	4916000.0	289.0
1230	4920000.0	306.0
1231	4924000.0	310.0
1232	4928000.0	304.0
1233	4932000.0	285.0
1234	4936000.0	292.0
1235	4940000.0	306.0
1236	4944000.0	284.0
1237	4948000.0	302.0
1238	4952000.0	272.0
1239	4956000.0	301.0
1240	4960000.0	288.0
1241	4964000.0	268.0
1242	4968000.0	291.0
1243	4972000.0	281.0
1244	4976000.0	296.0
1245	4980000.0	284.0
1246	4984000.0	303.0
1247	4988000.0	314.0
1248	4992000.0	311.0
1249	4996000.0	340.0
1250	5000000.0	290.0
1251	5004000.0	300.0
1252	5008000.0	299.0
1253	5012000.0	330.0
1254	5016000.0	284.0
1255	5020000.0	288.0
1256	5024000.0	300.0
1257	5028000.0	267.0
1258	5032000.0	297.0
1259	5036000.0	292.0
1260	5040000.0	304.0
1261	5044000.0	297.0
1262	5048000.0	309.0
1263	5052000.0	289.0
1264	5056000.0	273.0
1265	5060000.0	293.0
1266	5064000.0	308.0
1267	5068000.0	310.0
1268	5072000.0	303.0
1269	5076000.0	284.0
1270	5080000.0	330.0
1271	5084000.0	276.0
1272	5088000.0	289.0
1273	5092000.0	312.0
1274	5096000.0	302.0
1275	5100000.0	290.0
1276	5104000.0	308.0
1277	5108000.0	294.0
1278	5112000.0	289.0
1279	5116000.0	283.0
1280	5120000.0	291.0
1281	5124000.0	304.0
1282	5128000.0	323.0
1283	5132000.0	285.0
1284	5136000.0	316.0
1285	5140000.0	317.0
1286	5144000.0	300.0
1287	5148000.0	301.0
1288	5152000.0	280.0
1289	5156000.0	322.0
1290	5160000.0	311.0
1291	5164000.0	314.0
1292	5168000.0	330.0
1293	5172000.0	336.0
1294	5176000.0	313.0
1295	5180000.0	259.0
1296	5184000.0	319.0
1297	5188000.0	321.0
1298	5192000.0	306.0
1299	5196000.0	285.0
1300	5200000.0	287.0
1301	5204000.0	313.0
1302	5208000.0	303.0
1303	5212000.0	321.0
1304	5216000.0	298.0
1305	5220000.0	296.0
1306	5224000.0	293.0
1307	5228000.0	302.0
1308	5232000.0	323.0
1309	5236000.0	299.0
1310	5240000.0	304.0
1311	5244000.0	283.0
1312	5248000.0	292.0
1313	5252000.0	268.0
1314	5256000.0	329.0
1315	5260000.0	296.0
1316	5264000.0	309.0
1317	5268000.0	286.0
1318	5272000.0	271.0
1319	5276000.0	297.0
1320	5280000.0	291.0
1321	5284000.0	286.0
1322	5288000.0	301.0
1323	5292000.0	292.0
1324	5296000.0	298.0
1325	5300000.0	265.0
1326	5304000.0	284.0
1327	5308000.0	311.0
1328	5312000.0	307.0
1329	5316000.0	277.0
1330	5320000.0	307.0
1331	5324000.0	327.0
1332	5328000.0	276.0
1333	5332000.0	283.0
1334	5336000.0	321.0
1335	5340000.0	304.0
1336	5344000.0	275.0
1337	5348000.0	288.0
1338	5352000.0	276.0
1339	5356000.0	298.0
1340	5360000.0	300.0
1341	5364000.0	294.0
1342	5368000.0	313.0
1343	5372000.0	314.0
1344	5376000.0	265.0
1345	5380000.0	275.0
1346	5384000.0	296.0
1347	5388000.0	272.0
1348	5392000.0	303.0
1349	5396000.0	295.0
1350	5400000.0	289.0
1351	5404000.0	312.0
1352	5408000.0	274.0
1353	5412000.0	257.0
1354	5416000.0	289.0
1355	5420000.0	298.0
1356	5424000.0	287.0
1357	5428000.0	286.0
1358	5432000.0	291.0
1359	5436000.0	260.0
1360	5440000.0	288.0
1361	5444000.0	295.0
1362	5448000.0	297.0
1363	5452000.0	275.0
1364	5456000.0	277.0
1365	5460000.0	276.0
1366	5464000.0	310.0
1367	5468000.0	285.0
1368	5472000.0	272.0
1369	5476000.0	279.0
1370	5480000.0	304.0
1371	5484000.0	297.0
1372	5488000.0	311.0
1373	5492000.0	310.0
1374	5496000.0	291.0
1375	5500000.0	311.0
1376	5504000.0	295.0
1377	5508000.0	285.0
1378	5512000.0	273.0
1379	5516000.0	280.0
1380	5520000.0	284.0
1381	5524000.0	297.0
1382	5528000.0	306.0
1383	5532000.0	284.0
1384	5536000.0	306.0
1385	5540000.0	296.0
1386	5544000.0	281.0
1387	5548000.0	280.0
1388	5552000.0	288.0
1389	5556000.0	280.0
1390	5560000.0	290.0
1391	5564000.0	269.0
1392	5568000.0	300.0
1393	5572000.0	290.0
1394	5576000.0	305.0
1395	5580000.0	278.0
1396	5584000.0	278.0
1397	5588000.0	261.0
1398	5592000.0	283.0
1399	5596000.0	299.0
1400	5600000.0	303.0
1401	5604000.0	265.0
1402	5608000.0	317.0
1403	5612000.0	312.0
1404	5616000.0	307.0
1405	5620000.0	280.0
1406	5624000.0	287.0
1407	5628000.0	312.0
1408	5632000.0	293.0
1409	5636000.0	275.0
1410	5640000.0	290.0
1411	5644000.0	292.0
1412	5648000.0	273.0
1413	5652000.0	297.0
1414	5656000.0	271.0
1415	5660000.0	297.0
1416	5664000.0	292.0
1417	5668000.0	286.0
1418	5672000.0	270.0
1419	5676000.0	270.0
1420	5680000.0	279.0
1421	5684000.0	317.0
1422	5688000.0	284.0
1423	5692000.0	282.0
1424	5696000.0	252.0
1425	5700000.0	307.0
1426	5704000.0	273.0
1427	5708000.0	303.0
1428	5712000.0	251.0
1429	5716000.0	308.0
1430	5720000.0	275.0
1431	5724000.0	270.0
1432	5728000.0	261.0
1433	5732000.0	309.0
1434	5736000.0	282.0
1435	5740000.0	284.0
1436	5744000.0	299.0
1437	5748000.0	265.0
1438	5752000.0	273.0
1439	5756000.0	304.0
1440	5760000.0	257.0
1441	5764000.0	279.0
1442	5768000.0	282.0
1443	5772000.0	276.0
1444	5776000.0	267.0
1445	5780000.0	298.0
1446	5784000.0	280.0
1447	5788000.0	280.0
1448	5792000.0	300.0
1449	5796000.0	262.0
1450	5800000.0	262.0
1451	5804000.0	306.0
1452	5808000.0	322.0
1453	5812000.0	231.0
1454	5816000.0	278.0
1455	5820000.0	258.0
1456	5824000.0	253.0
1457	5828000.0	263.0
1458	5832000.0	276.0
1459	5836000.0	300.0
1460	5840000.0	270.0
1461	5844000.0	275.0
1462	5848000.0	286.0
1463	5852000.0	284.0
1464	5856000.0	271.0
1465	5860000.0	271.0
1466	5864000.0	300.0
1467	5868000.0	267.0
1468	5872000.0	269.0
1469	5876000.0	283.0
1470	5880000.0	305.0
1471	5884000.0	312.0
1472	5888000.0	307.0
1473	5892000.0	304.0
1474	5896000.0	277.0
1475	5900000.0	283.0
1476	5904000.0	291.0
1477	5908000.0	251.0
1478	5912000.0	291.0
1479	5916000.0	282.0
1480	5920000.0	307.0
1481	5924000.0	276.0
1482	5928000.0	279.0
1483	5932000.0	278.0
1484	5936000.0	293.0
1485	5940000.0	270.0
1486	5944000.0	292.0
1487	5948000.0	257.0
1488	5952000.0	289.0
1489	5956000.0	267.0
1490	5960000.0	303.0
1491	5964000.0	294.0
1492	5968000.0	285.0
1493	5972000.0	277.0
1494	5976000.0	262.0
1495	5980000.0	287.0
1496	5984000.0	278.0
1497	5988000.0	256.0
1498	5992000.0	304.0
1499	5996000.0	268.0
1500	6000000.0	280.0
1501	6004000.0	282.0
1502	6008000.0	298.0
1503	6012000.0	268.0
1504	6016000.0	269.0
1505	6020000.0	280.0
1506	6024000.0	280.0
1507	6028000.0	265.0
1508	6032000.0	279.0
1509	6036000.0	313.0
1510	6040000.0	317.0
1511	6044000.0	309.0
1512	6048000.0	265.0
1513	6052000.0	294.0
1514	6056000.0	271.0
1515	6060000.0	297.0
1516	6064000.0	283.0
1517	6068000.0	307.0
1518	6072000.0	303.0
1519	6076000.0	282.0
1520	6080000.0	284.0
1521	6084000.0	286.0
1522	6088000.0	291.0
1523	6092000.0	272.0
1524	6096000.0	289.0
1525	6100000.0	294.0
1526	6104000.0	295.0
1527	6108000.0	309.0
1528	6112000.0	294.0
1529	6116000.0	296.0
1530	6120000.0	252.0
1531	6124000.0	288.0
1532	6128000.0	250.0
1533	6132000.0	267.0
1534	6136000.0	270.0
1535	6140000.0	275.0
1536	6144000.0	295.0
1537	6148000.0	281.0
1538	6152000.0	275.0
1539	6156000.0	287.0
1540	6160000.0	262.0
1541	6164000.0	267.0
1542	6168000.0	248.0
1543	6172000.0	288.0
1544	6176000.0	266.0
1545	6180000.0	288.0
1546	6184000.0	279.0
1547	6188000.0	273.0
1548	6192000.0	263.0
1549	6196000.0	295.0
1550	6200000.0	309.0
1551	6204000.0	260.0
1552	6208000.0	273.0
1553	6212000.0	304.0
1554	6216000.0	259.0
1555	6220000.0	293.0
1556	6224000.0	305.0
1557	6228000.0	289.0
1558	6232000.0	241.0
1559	6236000.0	264.0
1560	6240000.0	268.0
1561	6244000.0	266.0
1562	6248000.0	255.0
1563	6252000.0	309.0
1564	6256000.0	297.0
1565	6260000.0	289.0
1566	6264000.0	271.0
1567	6268000.0	276.0
1568	6272000.0	314.0
1569	6276000.0	289.0
1570	6280000.0	269.0
1571	6284000.0	258.0
1572	6288000.0	272.0
1573	6292000.0	290.0
1574	6296000.0	267.0
1575	6300000.0	272.0
1576	6304000.0	292.0
1577	6308000.0	274.0
1578	6312000.0	239.0
1579	6316000.0	262.0
1580	6320000.0	293.0
1581	6324000.0	288.0
1582	6328000.0	277.0
1583	6332000.0	248.0
1584	6336000.0	281.0
1585	6340000.0	271.0
1586	6344000.0	267.0
1587	6348000.0	287.0
1588	6352000.0	278.0
1589	6356000.0	249.0
1590	6360000.0	264.0
1591	6364000.0	264.0
1592	6368000.0	295.0
1593	6372000.0	261.0
1594	6376000.0	310.0
1595	6380000.0	274.0
1596	6384000.0	263.0
1597	6388000.0	268.0
1598	6392000.0	262.0
1599	6396000.0	296.0
1600	6400000.0	298.0
1601	6404000.0	298.0
1602	6408000.0	254.0
1603	6412000.0	260.0
1604	6416000.0	278.0
1605	6420000.0	267.0
1606	6424000.0	280.0
1607	6428000.0	277.0
1608	6432000.0	264.0
1609	6436000.0	286.0
1610	6440000.0	288.0
1611	6444000.0	285.0
1612	6448000.0	267.0
1613	6452000.0	250.0
1614	6456000.0	299.0
1615	6460000.0	277.0
1616	6464000.0	272.0
1617	6468000.0	276.0
1618	6472000.0	258.0
1619	6476000.0	259.0
1620	6480000.0	271.0
1621	6484000.0	261.0
1622	6488000.0	274.0
1623	6492000.0	272.0
1624	6496000.0	263.0
1625	6500000.0	260.0
1626	6504000.0	250.0
1627	6508000.0	256.0
1628	6512000.0	267.0
1629	6516000.0	282.0
1630	6520000.0	249.0
1631	6524000.0	275.0
1632	6528000.0	259.0
1633	6532000.0	286.0
1634	6536000.0	280.0
1635	6540000.0	250.0
1636	6544000.0	277.0
1637	6548000.0	244.0
1638	6552000.0	267.0
1639	6556000.0	316.0
1640	6560000.0	255.0
1641	6564000.0	246.0
1642	6568000.0	306.0
1643	6572000.0	291.0
1644	6576000.0	272.0
1645	6580000.0	263.0
1646	6584000.0	249.0
1647	6588000.0	273.0
1648	6592000.0	260.0
1649	6596000.0	256.0
1650	6600000.0	274.0
1651	6604000.0	259.0
1652	6608000.0	255.0
1653	6612000.0	290.0
1654	6616000.0	274.0
1655	6620000.0	257.0
1656	6624000.0	253.0
1657	6628000.0	258.0
1658	6632000.0	295.0
1659	6636000.0	260.0
1660	6640000.0	292.0
1661	6644000.0	252.0
1662	6648000.0	268.0
1663	6652000.0	278.0
1664	6656000.0	291.0
1665	6660000.0	279.0
1666	6664000.0	259.0
1667	6668000.0	272.0
1668	6672000.0	258.0
1669	6676000.0	280.0
1670	6680000.0	279.0
1671	6684000.0	282.0
1672	6688000.0	250.0
1673	6692000.0	260.0
1674	6696000.0	291.0
1675	6700000.0	304.0
1676	6704000.0	246.0
1677	6708000.0	276.0
1678	6712000.0	289.0
1679	6716000.0	285.0
1680	6720000.0	255.0
1681	6724000.0	277.0
1682	6728000.0	278.0
1683	6732000.0	289.0
1684	6736000.0	292.0
1685	6740000.0	283.0
1686	6744000.0	273.0
1687	6748000.0	230.0
1688	6752000.0	293.0
1689	6756000.0	238.0
1690	6760000.0	262.0
1691	6764000.0	272.0
1692	6768000.0	266.0
1693	6772000.0	273.0
1694	6776000.0	278.0
1695	6780000.0	254.0
1696	6784000.0	279.0
1697	6788000.0	256.0
1698	6792000.0	249.0
1699	6796000.0	270.0
1700	6800000.0	257.0
1701	6804000.0	242.0
1702	6808000.0	250.0
1703	6812000.0	252.0
1704	6816000.0	257.0
1705	6820000.0	246.0
1706	6824000.0	264.0
1707	6828000.0	239.0
1708	6832000.0	289.0
1709	6836000.0	254.0
1710	6840000.0	288.0
1711	6844000.0	236.0
1712	6848000.0	269.0
1713	6852000.0	262.0
1714	6856000.0	288.0
1715	6860000.0	259.0
1716	6864000.0	262.0
1717	6868000.0	271.0
1718	6872000.0	269.0
1719	6876000.0	274.0
1720	6880000.0	267.0
1721	6884000.0	259.0
1722	6888000.0	247.0
1723	6892000.0	257.0
1724	6896000.0	283.0
1725	6900000.0	257.0
1726	6904000.0	249.0
1727	6908000.0	264.0
1728	6912000.0	246.0
1729	6916000.0	257.0
1730	6920000.0	252.0
1731	6924000.0	255.0
1732	6928000.0	267.0
1733	6932000.0	248.0
1734	6936000.0	265.0
1735	6940000.0	263.0
1736	6944000.0	262.0
1737	6948000.0	246.0
1738	6952000.0	256.0
1739	6956000.0	245.0
1740	6960000.0	258.0
1741	6964000.0	288.0
1742	6968000.0	280.0
1743	6972000.0	287.0
1744	6976000.0	261.0
1745	6980000.0	272.0
1746	6984000.0	272.0
1747	6988000.0	291.0
1748	6992000.0	279.0
1749	6996000.0	309.0
1750	7000000.0	276.0
1751	7004000.0	255.0
1752	7008000.0	280.0
1753	7012000.0	248.0
1754	7016000.0	254.0
1755	7020000.0	272.0
1756	7024000.0	286.0
1757	7028000.0	292.0
1758	7032000.0	284.0
1759	7036000.0	302.0
1760	7040000.0	257.0
1761	7044000.0	279.0
1762	7048000.0	266.0
1763	7052000.0	261.0
1764	7056000.0	262.0
1765	7060000.0	265.0
1766	7064000.0	234.0
1767	7068000.0	272.0
1768	7072000.0	286.0
1769	7076000.0	268.0
1770	7080000.0	280.0
1771	7084000.0	256.0
1772	7088000.0	278.0
1773	7092000.0	290.0
1774	7096000.0	252.0
1775	7100000.0	257.0
1776	7104000.0	269.0
1777	7108000.0	249.0
1778	7112000.0	282.0
1779	7116000.0	282.0
1780	7120000.0	274.0
1781	7124000.0	264.0
1782	7128000.0	261.0
1783	7132000.0	290.0
1784	7136000.0	263.0
1785	7140000.0	261.0
1786	7144000.0	292.0
1787	7148000.0	242.0
1788	7152000.0	250.0
1789	7156000.0	248.0
1790	7160000.0	248.0
1791	7164000.0	241.0
1792	7168000.0	255.0
1793	7172000.0	258.0
1794	7176000.0	274.0
1795	7180000.0	290.0
1796	7184000.0	256.0
1797	7188000.0	280.0
1798	7192000.0	261.0
1799	7196000.0	273.0
1800	7200000.0	281.0
1801	7204000.0	248.0
1802	7208000.0	261.0
1803	7212000.0	269.0
1804	7216000.0	245.0
1805	7220000.0	302.0
1806	7224000.0	286.0
1807	7228000.0	249.0
1808	7232000.0	237.0
1809	7236000.0	266.0
1810	7240000.0	281.0
1811	7244000.0	253.0
1812	7248000.0	277.0
1813	7252000.0	251.0
1814	7256000.0	252.0
1815	7260000.0	268.0
1816	7264000.0	263.0
1817	7268000.0	283.0
1818	7272000.0	251.0
1819	7276000.0	284.0
1820	7280000.0	231.0
1821	7284000.0	251.0
1822	7288000.0	293.0
1823	7292000.0	237.0
1824	7296000.0	281.0
1825	7300000.0	279.0
1826	7304000.0	263.0
1827	7308000.0	231.0
1828	7312000.0	254.0
1829	7316000.0	266.0
1830	7320000.0	265.0
1831	7324000.0	270.0
1832	7328000.0	231.0
1833	7332000.0	258.0
1834	7336000.0	253.0
1835	7340000.0	269.0
1836	7344000.0	247.0
1837	7348000.0	287.0
1838	7352000.0	264.0
1839	7356000.0	239.0
1840	7360000.0	256.0
1841	7364000.0	259.0
1842	7368000.0	259.0
1843	7372000.0	279.0
1844	7376000.0	270.0
1845	7380000.0	226.0
1846	7384000.0	245.0
1847	7388000.0	269.0
1848	7392000.0	265.0
1849	7396000.0	244.0
1850	7400000.0	274.0
1851	7404000.0	264.0
1852	7408000.0	269.0
1853	7412000.0	243.0
1854	7416000.0	262.0
1855	7420000.0	280.0
1856	7424000.0	247.0
1857	7428000.0	274.0
1858	7432000.0	272.0
1859	7436000.0	260.0
1860	7440000.0	241.0
1861	7444000.0	252.0
1862	7448000.0	270.0
1863	7452000.0	255.0
1864	7456000.0	235.0
1865	7460000.0	246.0
1866	7464000.0	271.0
1867	7468000.0	268.0
1868	7472000.0	275.0
1869	7476000.0	285.0
1870	7480000.0	238.0
1871	7484000.0	276.0
1872	7488000.0	269.0
1873	7492000.0	218.0
1874	7496000.0	231.0
1875	7500000.0	249.0
1876	7504000.0	261.0
1877	7508000.0	270.0
1878	7512000.0	267.0
1879	7516000.0	262.0
1880	7520000.0	251.0
1881	7524000.0	258.0
1882	7528000.0	257.0
1883	7532000.0	215.0
1884	7536000.0	244.0
1885	7540000.0	244.0
1886	7544000.0	255.0
1887	7548000.0	268.0
1888	7552000.0	240.0
1889	7556000.0	228.0
1890	7560000.0	258.0
1891	7564000.0	274.0
1892	7568000.0	280.0
1893	7572000.0	252.0
1894	7576000.0	288.0
1895	7580000.0	247.0
1896	7584000.0	258.0
1897	7588000.0	255.0
1898	7592000.0	226.0
1899	7596000.0	256.0
1900	7600000.0	247.0
1901	7604000.0	264.0
1902	7608000.0	229.0
1903	7612000.0	257.0
1904	7616000.0	281.0
1905	7620000.0	233.0
1906	7624000.0	240.0
1907	7628000.0	256.0
1908	7632000.0	237.0
1909	7636000.0	236.0
1910	7640000.0	239.0
1911	7644000.0	250.0
1912	7648000.0	246.0
1913	7652000.0	244.0
1914	7656000.0	276.0
1915	7660000.0	225.0
1916	7664000.0	254.0
1917	7668000.0	234.0
1918	7672000.0	248.0
1919	7676000.0	252.0
1920	7680000.0	284.0
1921	7684000.0	244.0
1922	7688000.0	265.0
1923	7692000.0	236.0
1924	7696000.0	256.0
1925	7700000.0	261.0
1926	7704000.0	254.0
1927	7708000.0	268.0
1928	7712000.0	276.0
1929	7716000.0	266.0
1930	7720000.0	263.0
1931	7724000.0	220.0
1932	7728000.0	239.0
1933	7732000.0	245.0
1934	7736000.0	274.0
1935	7740000.0	273.0
1936	7744000.0	232.0
1937	7748000.0	265.0
1938	7752000.0	247.0
1939	7756000.0	262.0
1940	7760000.0	261.0
1941	7764000.0	281.0
1942	7768000.0	261.0
1943	7772000.0	231.0
1944	7776000.0	221.0
1945	7780000.0	232.0
1946	7784000.0	279.0
1947	7788000.0	270.0
1948	7792000.0	256.0
1949	7796000.0	250.0
1950	7800000.0	258.0
1951	7804000.0	248.0
1952	7808000.0	243.0
1953	7812000.0	267.0
1954	7816000.0	272.0
1955	7820000.0	275.0
1956	7824000.0	271.0
1957	7828000.0	224.0
1958	7832000.0	254.0
1959	7836000.0	268.0
1960	7840000.0	305.0
1961	7844000.0	266.0
1962	7848000.0	251.0
1963	7852000.0	263.0
1964	7856000.0	252.0
1965	7860000.0	259.0
1966	7864000.0	233.0
1967	7868000.0	231.0
1968	7872000.0	262.0
1969	7876000.0	243.0
1970	7880000.0	253.0
1971	7884000.0	258.0
1972	7888000.0	259.0
1973	7892000.0	241.0
1974	7896000.0	244.0
1975	7900000.0	216.0
1976	7904000.0	251.0
1977	7908000.0	251.0
1978	7912000.0	245.0
1979	7916000.0	203.0
1980	7920000.0	265.0
1981	7924000.0	254.0
1982	7928000.0	244.0
1983	7932000.0	266.0
1984	7936000.0	238.0
1985	7940000.0	241.0
1986	7944000.0	254.0
1987	7948000.0	251.0
1988	7952000.0	249.0
1989	7956000.0	234.0
1990	7960000.0	282.0
1991	7964000.0	262.0
1992	7968000.0	255.0
1993	7972000.0	261.0
1994	7976000.0	266.0
1995	7980000.0	239.0
1996	7984000.0	259.0
1997	7988000.0	249.0
1998	7992000.0	248.0
1999	7996000.0	233.0
2000	8000000.0	231.0
2001	8004000.0	230.0
2002	8008000.0	228.0
2003	8012000.0	225.0
2004	8016000.0	250.0
2005	8020000.0	259.0
2006	8024000.0	257.0
2007	8028000.0	249.0
2008	8032000.0	252.0
2009	8036000.0	234.0
2010	8040000.0	240.0
2011	8044000.0	250.0
2012	8048000.0	244.0
2013	8052000.0	280.0
2014	8056000.0	243.0
2015	8060000.0	242.0
2016	8064000.0	242.0
2017	8068000.0	245.0
2018	8072000.0	258.0
2019	8076000.0	274.0
2020	8080000.0	224.0
2021	8084000.0	246.0
2022	8088000.0	256.0
2023	8092000.0	263.0
2024	8096000.0	244.0
2025	8100000.0	242.0
2026	8104000.0	253.0
2027	8108000.0	240.0
2028	8112000.0	250.0
2029	8116000.0	268.0
2030	8120000.0	235.0
2031	8124000.0	271.0
2032	8128000.0	234.0
2033	8132000.0	245.0
2034	8136000.0	236.0
2035	8140000.0	213.0
2036	8144000.0	242.0
2037	8148000.0	243.0
2038	8152000.0	261.0
2039	8156000.0	238.0
2040	8160000.0	244.0
2041	8164000.0	245.0
2042	8168000.0	241.0
2043	8172000.0	246.0
2044	8176000.0	232.0
2045	8180000.0	246.0
2046	8184000.0	232.0
2047	8188000.0	240.0
2048	8192000.0	235.0
2049	8196000.0	245.0
2050	8200000.0	239.0
2051	8204000.0	237.0
2052	8208000.0	269.0
2053	8212000.0	217.0
2054	8216000.0	254.0
2055	8220000.0	252.0
2056	8224000.0	256.0
2057	8228000.0	229.0
2058	8232000.0	267.0
2059	8236000.0	244.0
2060	8240000.0	240.0
2061	8244000.0	264.0
2062	8248000.0	221.0
2063	8252000.0	270.0
2064	8256000.0	231.0
2065	8260000.0	258.0
2066	8264000.0	238.0
2067	8268000.0	250.0
2068	8272000.0	257.0
2069	8276000.0	256.0
2070	8280000.0	230.0
2071	8284000.0	250.0
2072	8288000.0	243.0
2073	8292000.0	231.0
2074	8296000.0	240.0
2075	8300000.0	229.0
2076	8304000.0	237.0
2077	8308000.0	231.0
2078	8312000.0	253.0
2079	8316000.0	220.0
2080	8320000.0	255.0
2081	8324000.0	224.0
2082	8328000.0	235.0
2083	8332000.0	264.0
2084	8336000.0	229.0
2085	8340000.0	266.0
2086	8344000.0	241.0
2087	8348000.0	232.0
2088	8352000.0	245.0
2089	8356000.0	246.0
2090	8360000.0	259.0
2091	8364000.0	233.0
2092	8368000.0	248.0
2093	8372000.0	252.0
2094	8376000.0	259.0
2095	8380000.0	249.0
2096	8384000.0	245.0
2097	8388000.0	264.0
2098	8392000.0	233.0
2099	8396000.0	255.0
2100	8400000.0	254.0
2101	8404000.0	214.0
2102	8408000.0	233.0
2103	8412000.0	212.0
2104	8416000.0	206.0
2105	8420000.0	263.0
2106	8424000.0	226.0
2107	8428000.0	240.0
2108	8432000.0	252.0
2109	8436000.0	251.0
2110	8440000.0	249.0
2111	8444000.0	250.0
2112	8448000.0	251.0
2113	8452000.0	228.0
2114	8456000.0	263.0
2115	8460000.0	234.0
2116	8464000.0	238.0
2117	8468000.0	237.0
2118	8472000.0	243.0
2119	8476000.0	218.0
2120	8480000.0	213.0
2121	8484000.0	221.0
2122	8488000.0	226.0
2123	8492000.0	236.0
2124	8496000.0	220.0
2125	8500000.0	233.0
2126	8504000.0	256.0
2127	8508000.0	256.0
2128	8512000.0	244.0
2129	8516000.0	228.0
2130	8520000.0	227.0
2131	8524000.0	260.0
2132	8528000.0	241.0
2133	8532000.0	238.0
2134	8536000.0	229.0
2135	8540000.0	253.0
2136	8544000.0	237.0
2137	8548000.0	230.0
2138	8552000.0	241.0
2139	8556000.0	244.0
2140	8560000.0	242.0
2141	8564000.0	228.0
2142	8568000.0	253.0
2143	8572000.0	268.0
2144	8576000.0	266.0
2145	8580000.0	252.0
2146	8584000.0	228.0
2147	8588000.0	254.0
2148	8592000.0	251.0
2149	8596000.0	212.0
2150	8600000.0	245.0
2151	8604000.0	226.0
2152	8608000.0	236.0
2153	8612000.0	235.0
2154	8616000.0	264.0
2155	8620000.0	243.0
2156	8624000.0	216.0
2157	8628000.0	221.0
2158	8632000.0	220.0
2159	8636000.0	258.0
2160	8640000.0	241.0
2161	8644000.0	273.0
2162	8648000.0	244.0
2163	8652000.0	231.0
2164	8656000.0	249.0
2165	8660000.0	239.0
2166	8664000.0	230.0
2167	8668000.0	247.0
2168	8672000.0	256.0
2169	8676000.0	250.0
2170	8680000.0	270.0
2171	8684000.0	217.0
2172	8688000.0	232.0
2173	8692000.0	230.0
2174	8696000.0	258.0
2175	8700000.0	224.0
2176	8704000.0	247.0
2177	8708000.0	227.0
2178	8712000.0	223.0
2179	8716000.0	216.0
2180	8720000.0	253.0
2181	8724000.0	241.0
2182	8728000.0	249.0
2183	8732000.0	230.0
2184	8736000.0	236.0
2185	8740000.0	229.0
2186	8744000.0	249.0
2187	8748000.0	266.0
2188	8752000.0	266.0
2189	8756000.0	245.0
2190	8760000.0	251.0
2191	8764000.0	198.0
2192	8768000.0	253.0
2193	8772000.0	221.0
2194	8776000.0	217.0
2195	8780000.0	234.0
2196	8784000.0	201.0
2197	8788000.0	214.0
2198	8792000.0	239.0
2199	8796000.0	268.0
2200	8800000.0	248.0
2201	8804000.0	235.0
2202	8808000.0	209.0
2203	8812000.0	210.0
2204	8816000.0	257.0
2205	8820000.0	244.0
2206	8824000.0	245.0
2207	8828000.0	239.0
2208	8832000.0	231.0
2209	8836000.0	243.0
2210	8840000.0	222.0
2211	8844000.0	234.0
2212	8848000.0	227.0
2213	8852000.0	230.0
2214	8856000.0	233.0
2215	8860000.0	220.0
2216	8864000.0	229.0
2217	8868000.0	279.0
2218	8872000.0	243.0
2219	8876000.0	230.0
2220	8880000.0	215.0
2221	8884000.0	243.0
2222	8888000.0	231.0
2223	8892000.0	227.0
2224	8896000.0	218.0
2225	8900000.0	206.0
2226	8904000.0	258.0
2227	8908000.0	249.0
2228	8912000.0	213.0
2229	8916000.0	219.0
2230	8920000.0	218.0
2231	8924000.0	241.0
2232	8928000.0	247.0
2233	8932000.0	251.0
2234	8936000.0	236.0
2235	8940000.0	252.0
2236	8944000.0	238.0
2237	8948000.0	228.0
2238	8952000.0	221.0
2239	8956000.0	247.0
2240	8960000.0	217.0
2241	8964000.0	231.0
2242	8968000.0	257.0
2243	8972000.0	242.0
2244	8976000.0	272.0
2245	8980000.0	248.0
2246	8984000.0	250.0
2247	8988000.0	219.0
2248	8992000.0	250.0
2249	8996000.0	226.0
2250	9000000.0	235.0
2251	9004000.0	243.0
2252	9008000.0	238.0
2253	9012000.0	220.0
2254	9016000.0	236.0
2255	9020000.0	257.0
2256	9024000.0	250.0
2257	9028000.0	235.0
2258	9032000.0	238.0
2259	9036000.0	225.0
2260	9040000.0	227.0
2261	9044000.0	233.0
2262	9048000.0	231.0
2263	9052000.0	227.0
2264	9056000.0	232.0
2265	9060000.0	232.0
2266	9064000.0	219.0
2267	9068000.0	237.0
2268	9072000.0	215.0
2269	9076000.0	231.0
2270	9080000.0	207.0
2271	9084000.0	250.0
2272	9088000.0	222.0
2273	9092000.0	204.0
2274	9096000.0	238.0
2275	9100000.0	231.0
2276	9104000.0	243.0
2277	9108000.0	231.0
2278	9112000.0	226.0
2279	9116000.0	248.0
2280	9120000.0	219.0
2281	9124000.0	227.0
2282	9128000.0	244.0
2283	9132000.0	242.0
2284	9136000.0	227.0
2285	9140000.0	224.0
2286	9144000.0	245.0
2287	9148000.0	260.0
2288	9152000.0	251.0
2289	9156000.0	233.0
2290	9160000.0	224.0
2291	9164000.0	225.0
2292	9168000.0	250.0
2293	9172000.0	232.0
2294	9176000.0	216.0
2295	9180000.0	235.0
2296	9184000.0	241.0
2297	9188000.0	242.0
2298	9192000.0	244.0
2299	9196000.0	238.0
2300	9200000.0	245.0
2301	9204000.0	230.0
2302	9208000.0	219.0
2303	9212000.0	218.0
2304	9216000.0	228.0
2305	9220000.0	256.0
2306	9224000.0	255.0
2307	9228000.0	234.0
2308	9232000.0	225.0
2309	9236000.0	232.0
2310	9240000.0	237.0
2311	9244000.0	207.0
2312	9248000.0	225.0
2313	9252000.0	209.0
2314	9256000.0	217.0
2315	9260000.0	218.0
2316	9264000.0	232.0
2317	9268000.0	246.0
2318	9272000.0	208.0
2319	9276000.0	246.0
2320	9280000.0	237.0
2321	9284000.0	233.0
2322	9288000.0	246.0
2323	9292000.0	261.0
2324	9296000.0	217.0
2325	9300000.0	237.0
2326	9304000.0	202.0
2327	9308000.0	243.0
2328	9312000.0	235.0
2329	9316000.0	213.0
2330	9320000.0	230.0
2331	9324000.0	215.0
2332	9328000.0	248.0
2333	9332000.0	214.0
2334	9336000.0	227.0
2335	9340000.0	234.0
2336	9344000.0	204.0
2337	9348000.0	213.0
2338	9352000.0	226.0
2339	9356000.0	253.0
2340	9360000.0	254.0
2341	9364000.0	232.0
2342	9368000.0	203.0
2343	9372000.0	230.0
2344	9376000.0	265.0
2345	9380000.0	247.0
2346	9384000.0	240.0
2347	9388000.0	248.0
2348	9392000.0	230.0
2349	9396000.0	245.0
2350	9400000.0	233.0
2351	9404000.0	236.0
2352	9408000.0	242.0
2353	9412000.0	247.0
2354	9416000.0	246.0
2355	9420000.0	238.0
2356	9424000.0	216.0
2357	9428000.0	250.0
2358	9432000.0	202.0
2359	9436000.0	227.0
2360	9440000.0	244.0
2361	9444000.0	224.0
2362	9448000.0	220.0
2363	9452000.0	259.0
2364	9456000.0	236.0
2365	9460000.0	213.0
2366	9464000.0	209.0
2367	9468000.0	236.0
2368	9472000.0	228.0
2369	9476000.0	216.0
2370	9480000.0	225.0
2371	9484000.0	225.0
2372	9488000.0	232.0
2373	9492000.0	235.0
2374	9496000.0	236.0
2375	9500000.0	212.0
2376	9504000.0	224.0
2377	9508000.0	232.0
2378	9512000.0	226.0
2379	9516000.0	212.0
2380	9520000.0	231.0
2381	9524000.0	210.0
2382	9528000.0	225.0
2383	9532000.0	248.0
2384	9536000.0	221.0
2385	9540000.0	231.0
2386	9544000.0	228.0
2387	9548000.0	206.0
2388	9552000.0	210.0
2389	9556000.0	221.0
2390	9560000.0	212.0
2391	9564000.0	214.0
2392	9568000.0	219.0
2393	9572000.0	212.0
2394	9576000.0	203.0
2395	9580000.0	212.0
2396	9584000.0	219.0
2397	9588000.0	230.0
2398	9592000.0	238.0
2399	9596000.0	255.0
2400	9600000.0	236.0
2401	9604000.0	218.0
2402	9608000.0	217.0
2403	9612000.0	213.0
2404	9616000.0	245.0
2405	9620000.0	242.0
2406	9624000.0	239.0
2407	9628000.0	232.0
2408	9632000.0	207.0
2409	9636000.0	218.0
2410	9640000.0	233.0
2411	9644000.0	231.0
2412	9648000.0	223.0
2413	9652000.0	236.0
2414	9656000.0	216.0
2415	9660000.0	219.0
2416	9664000.0	229.0
2417	9668000.0	243.0
2418	9672000.0	222.0
2419	9676000.0	220.0
2420	9680000.0	237.0
2421	9684000.0	220.0
2422	9688000.0	231.0
2423	9692000.0	248.0
2424	9696000.0	246.0
2425	9700000.0	231.0
2426	9704000.0	225.0
2427	9708000.0	233.0
2428	9712000.0	250.0
2429	9716000.0	217.0
2430	9720000.0	228.0
2431	9724000.0	250.0
2432	9728000.0	213.0
2433	9732000.0	214.0
2434	9736000.0	233.0
2435	9740000.0	242.0
2436	9744000.0	249.0
2437	9748000.0	217.0
2438	9752000.0	231.0
2439	9756000.0	249.0
2440	9760000.0	236.0
2441	9764000.0	250.0
2442	9768000.0	249.0
2443	9772000.0	225.0
2444	9776000.0	235.0
2445	9780000.0	245.0
2446	9784000.0	215.0
2447	9788000.0	225.0
2448	9792000.0	225.0
2449	9796000.0	241.0
2450	9800000.0	217.0
2451	9804000.0	205.0
2452	9808000.0	210.0
2453	9812000.0	238.0
2454	9816000.0	242.0
2455	9820000.0	224.0
2456	9824000.0	207.0
2457	9828000.0	232.0
2458	9832000.0	209.0
2459	9836000.0	219.0
2460	9840000.0	216.0
2461	9844000.0	217.0
2462	9848000.0	236.0
2463	9852000.0	205.0
2464	9856000.0	237.0
2465	9860000.0	212.0
2466	9864000.0	205.0
2467	9868000.0	201.0
2468	9872000.0	224.0
2469	9876000.0	212.0
2470	9880000.0	223.0
2471	9884000.0	241.0
2472	9888000.0	217.0
2473	9892000.0	214.0
2474	9896000.0	206.0
2475	9900000.0	207.0
2476	9904000.0	229.0
2477	9908000.0	221.0
2478	9912000.0	221.0
2479	9916000.0	214.0
2480	9920000.0	245.0
2481	9924000.0	226.0
2482	9928000.0	220.0
2483	9932000.0	230.0
2484	9936000.0	199.0
2485	9940000.0	245.0
2486	9944000.0	202.0
2487	9948000.0	253.0
2488	9952000.0	224.0
2489	9956000.0	216.0
2490	9960000.0	238.0
2491	9964000.0	246.0
2492	9968000.0	239.0
2493	9972000.0	210.0
2494	9976000.0	219.0
2495	9980000.0	228.0
2496	9984000.0	199.0
2497	9988000.0	191.0
2498	9992000.0	204.0
2499	9996000.0	202.0
2500	10000000.0	229.0
2501	10004000.0	222.0
2502	10008000.0	207.0
2503	10012000.0	223.0
2504	10016000.0	210.0
2505	10020000.0	240.0
2506	10024000.0	200.0
2507	10028000.0	204.0
2508	10032000.0	225.0
2509	10036000.0	196.0
2510	10040000.0	206.0
2511	10044000.0	241.0
2512	10048000.0	236.0
2513	10052000.0	204.0
2514	10056000.0	243.0
2515	10060000.0	231.0
2516	10064000.0	214.0
2517	10068000.0	212.0
2518	10072000.0	217.0
2519	10076000.0	236.0
2520	10080000.0	237.0
2521	10084000.0	226.0
2522	10088000.0	226.0
2523	10092000.0	226.0
2524	10096000.0	202.0
2525	10100000.0	216.0
2526	10104000.0	241.0
2527	10108000.0	221.0
2528	10112000.0	191.0
2529	10116000.0	231.0
2530	10120000.0	197.0
2531	10124000.0	221.0
2532	10128000.0	222.0
2533	10132000.0	209.0
2534	10136000.0	209.0
2535	10140000.0	210.0
2536	10144000.0	201.0
2537	10148000.0	204.0
2538	10152000.0	267.0
2539	10156000.0	211.0
2540	10160000.0	233.0
2541	10164000.0	197.0
2542	10168000.0	228.0
2543	10172000.0	202.0
2544	10176000.0	188.0
2545	10180000.0	200.0
2546	10184000.0	209.0
2547	10188000.0	232.0
2548	10192000.0	212.0
2549	10196000.0	221.0
2550	10200000.0	206.0
2551	10204000.0	235.0
2552	10208000.0	208.0
2553	10212000.0	187.0
2554	10216000.0	205.0
2555	10220000.0	242.0
2556	10224000.0	215.0
2557	10228000.0	249.0
2558	10232000.0	210.0
2559	10236000.0	205.0
2560	10240000.0	234.0
2561	10244000.0	233.0
2562	10248000.0	206.0
2563	10252000.0	238.0
2564	10256000.0	220.0
2565	10260000.0	212.0
2566	10264000.0	222.0
2567	10268000.0	217.0
2568	10272000.0	230.0
2569	10276000.0	214.0
2570	10280000.0	209.0
2571	10284000.0	213.0
2572	10288000.0	209.0
2573	10292000.0	217.0
2574	10296000.0	201.0
2575	10300000.0	219.0
2576	10304000.0	191.0
2577	10308000.0	232.0
2578	10312000.0	223.0
2579	10316000.0	209.0
2580	10320000.0	201.0
2581	10324000.0	224.0
2582	10328000.0	243.0
2583	10332000.0	234.0
2584	10336000.0	213.0
2585	10340000.0	225.0
2586	10344000.0	186.0
2587	10348000.0	229.0
2588	10352000.0	188.0
2589	10356000.0	220.0
2590	10360000.0	217.0
2591	10364000.0	215.0
2592	10368000.0	212.0
2593	10372000.0	238.0
2594	10376000.0	203.0
2595	10380000.0	210.0
2596	10384000.0	191.0
2597	10388000.0	214.0
2598	10392000.0	216.0
2599	10396000.0	250.0
2600	10400000.0	211.0
2601	10404000.0	221.0
2602	10408000.0	180.0
2603	10412000.0	221.0
2604	10416000.0	204.0
2605	10420000.0	222.0
2606	10424000.0	226.0
2607	10428000.0	219.0
2608	10432000.0	212.0
2609	10436000.0	202.0
2610	10440000.0	244.0
2611	10444000.0	225.0
2612	10448000.0	204.0
2613	10452000.0	224.0
2614	10456000.0	219.0
2615	10460000.0	212.0
2616	10464000.0	190.0
2617	10468000.0	200.0
2618	10472000.0	219.0
2619	10476000.0	215.0
2620	10480000.0	220.0
2621	10484000.0	210.0
2622	10488000.0	238.0
2623	10492000.0	197.0
2624	10496000.0	209.0
2625	10500000.0	202.0
2626	10504000.0	217.0
2627	10508000.0	215.0
2628	10512000.0	208.0
2629	10516000.0	208.0
2630	10520000.0	199.0
2631	10524000.0	229.0
2632	10528000.0	213.0
2633	10532000.0	231.0
2634	10536000.0	219.0
2635	10540000.0	195.0
2636	10544000.0	210.0
2637	10548000.0	208.0
2638	10552000.0	196.0
2639	10556000.0	216.0
2640	10560000.0	222.0
2641	10564000.0	184.0
2642	10568000.0	210.0
2643	10572000.0	223.0
2644	10576000.0	195.0
2645	10580000.0	210.0
2646	10584000.0	209.0
2647	10588000.0	252.0
2648	10592000.0	213.0
2649	10596000.0	212.0
2650	10600000.0	225.0
2651	10604000.0	200.0
2652	10608000.0	202.0
2653	10612000.0	229.0
2654	10616000.0	210.0
2655	10620000.0	194.0
2656	10624000.0	207.0
2657	10628000.0	212.0
2658	10632000.0	220.0
2659	10636000.0	195.0
2660	10640000.0	210.0
2661	10644000.0	209.0
2662	10648000.0	185.0
2663	10652000.0	224.0
2664	10656000.0	222.0
2665	10660000.0	206.0
2666	10664000.0	219.0
2667	10668000.0	208.0
2668	10672000.0	208.0
2669	10676000.0	191.0
2670	10680000.0	231.0
2671	10684000.0	212.0
2672	10688000.0	243.0
2673	10692000.0	199.0
2674	10696000.0	207.0
2675	10700000.0	235.0
2676	10704000.0	201.0
2677	10708000.0	202.0
2678	10712000.0	189.0
2679	10716000.0	199.0
2680	10720000.0	221.0
2681	10724000.0	219.0
2682	10728000.0	221.0
2683	10732000.0	228.0
2684	10736000.0	204.0
2685	10740000.0	213.0
2686	10744000.0	209.0
2687	10748000.0	201.0
2688	10752000.0	183.0
2689	10756000.0	217.0
2690	10760000.0	227.0
2691	10764000.0	216.0
2692	10768000.0	226.0
2693	10772000.0	186.0
2694	10776000.0	203.0
2695	10780000.0	214.0
2696	10784000.0	218.0
2697	10788000.0	216.0
2698	10792000.0	222.0
2699	10796000.0	225.0
2700	10800000.0	192.0
2701	10804000.0	220.0
2702	10808000.0	188.0
2703	10812000.0	208.0
2704	10816000.0	211.0
2705	10820000.0	189.0
2706	10824000.0	191.0
2707	10828000.0	183.0
2708	10832000.0	194.0
2709	10836000.0	226.0
2710	10840000.0	205.0
2711	10844000.0	211.0
2712	10848000.0	210.0
2713	10852000.0	248.0
2714	10856000.0	176.0
2715	10860000.0	215.0
2716	10864000.0	231.0
2717	10868000.0	194.0
2718	10872000.0	196.0
2719	10876000.0	204.0
2720	10880000.0	229.0
2721	10884000.0	200.0
2722	10888000.0	198.0
2723	10892000.0	216.0
2724	10896000.0	223.0
2725	10900000.0	238.0
2726	10904000.0	219.0
2727	10908000.0	182.0
2728	10912000.0	217.0
2729	10916000.0	196.0
2730	10920000.0	208.0
2731	10924000.0	219.0
2732	10928000.0	188.0
2733	10932000.0	207.0
2734	10936000.0	222.0
2735	10940000.0	221.0
2736	10944000.0	204.0
2737	10948000.0	201.0
2738	10952000.0	218.0
2739	10956000.0	208.0
2740	10960000.0	203.0
2741	10964000.0	226.0
2742	10968000.0	228.0
2743	10972000.0	184.0
2744	10976000.0	236.0
2745	10980000.0	201.0
2746	10984000.0	212.0
2747	10988000.0	194.0
2748	10992000.0	195.0
2749	10996000.0	175.0
2750	11000000.0	210.0
2751	11004000.0	216.0
2752	11008000.0	193.0
2753	11012000.0	218.0
2754	11016000.0	196.0
2755	11020000.0	220.0
2756	11024000.0	184.0
2757	11028000.0	226.0
2758	11032000.0	192.0
2759	11036000.0	200.0
2760	11040000.0	179.0
2761	11044000.0	188.0
2762	11048000.0	212.0
2763	11052000.0	191.0
2764	11056000.0	211.0
2765	11060000.0	206.0
2766	11064000.0	183.0
2767	11068000.0	205.0
2768	11072000.0	221.0
2769	11076000.0	170.0
2770	11080000.0	213.0
2771	11084000.0	182.0
2772	11088000.0	195.0
2773	11092000.0	206.0
2774	11096000.0	208.0
2775	11100000.0	205.0
2776	11104000.0	203.0
2777	11108000.0	215.0
2778	11112000.0	215.0
2779	11116000.0	201.0
2780	11120000.0	197.0
2781	11124000.0	190.0
2782	11128000.0	218.0
2783	11132000.0	210.0
2784	11136000.0	203.0
2785	11140000.0	206.0
2786	11144000.0	186.0
2787	11148000.0	204.0
2788	11152000.0	201.0
2789	11156000.0	207.0
2790	11160000.0	214.0
2791	11164000.0	198.0
2792	11168000.0	220.0
2793	11172000.0	199.0
2794	11176000.0	241.0
2795	11180000.0	236.0
2796	11184000.0	192.0
2797	11188000.0	218.0
2798	11192000.0	201.0
2799	11196000.0	206.0
2800	11200000.0	204.0
2801	11204000.0	212.0
2802	11208000.0	205.0
2803	11212000.0	207.0
2804	11216000.0	214.0
2805	11220000.0	213.0
2806	11224000.0	202.0
2807	11228000.0	206.0
2808	11232000.0	194.0
2809	11236000.0	205.0
2810	11240000.0	199.0
2811	11244000.0	195.0
2812	11248000.0	212.0
2813	11252000.0	188.0
2814	11256000.0	211.0
2815	11260000.0	180.0
2816	11264000.0	205.0
2817	11268000.0	200.0
2818	11272000.0	200.0
2819	11276000.0	217.0
2820	11280000.0	223.0
2821	11284000.0	204.0
2822	11288000.0	208.0
2823	11292000.0	214.0
2824	11296000.0	215.0
2825	11300000.0	197.0
2826	11304000.0	207.0
2827	11308000.0	198.0
2828	11312000.0	178.0
2829	11316000.0	223.0
2830	11320000.0	240.0
2831	11324000.0	194.0
2832	11328000.0	194.0
2833	11332000.0	206.0
2834	11336000.0	212.0
2835	11340000.0	205.0
2836	11344000.0	200.0
2837	11348000.0	222.0
2838	11352000.0	212.0
2839	11356000.0	198.0
2840	11360000.0	180.0
2841	11364000.0	191.0
2842	11368000.0	203.0
2843	11372000.0	220.0
2844	11376000.0	198.0
2845	11380000.0	186.0
2846	11384000.0	212.0
2847	11388000.0	197.0
2848	11392000.0	198.0
2849	11396000.0	228.0
2850	11400000.0	202.0
2851	11404000.0	226.0
2852	11408000.0	217.0
2853	11412000.0	208.0
2854	11416000.0	221.0
2855	11420000.0	198.0
2856	11424000.0	210.0
2857	11428000.0	189.0
2858	11432000.0	200.0
2859	11436000.0	221.0
2860	11440000.0	185.0
2861	11444000.0	226.0
2862	11448000.0	187.0
2863	11452000.0	198.0
2864	11456000.0	196.0
2865	11460000.0	199.0
2866	11464000.0	205.0
2867	11468000.0	184.0
2868	11472000.0	222.0
2869	11476000.0	205.0
2870	11480000.0	232.0
2871	11484000.0	239.0
2872	11488000.0	194.0
2873	11492000.0	190.0
2874	11496000.0	187.0
2875	11500000.0	213.0
2876	11504000.0	207.0
2877	11508000.0	201.0
2878	11512000.0	198.0
2879	11516000.0	201.0
2880	11520000.0	201.0
2881	11524000.0	208.0
2882	11528000.0	196.0
2883	11532000.0	189.0
2884	11536000.0	205.0
2885	11540000.0	199.0
2886	11544000.0	185.0
2887	11548000.0	197.0
2888	11552000.0	209.0
2889	11556000.0	198.0
2890	11560000.0	223.0
2891	11564000.0	209.0
2892	11568000.0	210.0
2893	11572000.0	186.0
2894	11576000.0	187.0
2895	11580000.0	198.0
2896	11584000.0	193.0
2897	11588000.0	195.0
2898	11592000.0	188.0
2899	11596000.0	203.0
2900	11600000.0	209.0
2901	11604000.0	221.0
2902	11608000.0	203.0
2903	11612000.0	185.0
2904	11616000.0	186.0
2905	11620000.0	218.0
2906	11624000.0	205.0
2907	11628000.0	198.0
2908	11632000.0	205.0
2909	11636000.0	211.0
2910	11640000.0	187.0
2911	11644000.0	180.0
2912	11648000.0	194.0
2913	11652000.0	215.0
2914	11656000.0	203.0
2915	11660000.0	175.0
2916	11664000.0	198.0
2917	11668000.0	224.0
2918	11672000.0	204.0
2919	11676000.0	217.0
2920	11680000.0	195.0
2921	11684000.0	197.0
2922	11688000.0	206.0
2923	11692000.0	189.0
2924	11696000.0	191.0
2925	11700000.0	186.0
2926	11704000.0	222.0
2927	11708000.0	190.0
2928	11712000.0	204.0
2929	11716000.0	208.0
2930	11720000.0	209.0
2931	11724000.0	188.0
2932	11728000.0	200.0
2933	11732000.0	209.0
2934	11736000.0	198.0
2935	11740000.0	178.0
2936	11744000.0	185.0
2937	11748000.0	197.0
2938	11752000.0	203.0
2939	11756000.0	194.0
2940	11760000.0	211.0
2941	11764000.0	197.0
2942	11768000.0	177.0
2943	11772000.0	202.0
2944	11776000.0	185.0
2945	11780000.0	197.0
2946	11784000.0	192.0
2947	11788000.0	205.0
2948	11792000.0	217.0
2949	11796000.0	182.0
2950	11800000.0	209.0
2951	11804000.0	198.0
2952	11808000.0	211.0
2953	11812000.0	194.0
2954	11816000.0	185.0
2955	11820000.0	189.0
2956	11824000.0	213.0
2957	11828000.0	198.0
2958	11832000.0	211.0
2959	11836000.0	211.0
2960	11840000.0	206.0
2961	11844000.0	199.0
2962	11848000.0	222.0
2963	11852000.0	224.0
2964	11856000.0	196.0
2965	11860000.0	215.0
2966	11864000.0	217.0
2967	11868000.0	190.0
2968	11872000.0	207.0
2969	11876000.0	184.0
2970	11880000.0	192.0
2971	11884000.0	205.0
2972	11888000.0	220.0
2973	11892000.0	204.0
2974	11896000.0	191.0
2975	11900000.0	194.0
2976	11904000.0	216.0
2977	11908000.0	193.0
2978	11912000.0	213.0
2979	11916000.0	185.0
2980	11920000.0	182.0
2981	11924000.0	218.0
2982	11928000.0	198.0
2983	11932000.0	171.0
2984	11936000.0	205.0
2985	11940000.0	203.0
2986	11944000.0	198.0
2987	11948000.0	188.0
2988	11952000.0	197.0
2989	11956000.0	184.0
2990	11960000.0	215.0
2991	11964000.0	199.0
2992	11968000.0	180.0
2993	11972000.0	202.0
2994	11976000.0	203.0
2995	11980000.0	196.0
2996	11984000.0	211.0
2997	11988000.0	199.0
2998	11992000.0	179.0
2999	11996000.0	209.0
3000	12000000.0	200.0
3001	12004000.0	211.0
3002	12008000.0	194.0
3003	12012000.0	220.0
3004	12016000.0	191.0
3005	12020000.0	219.0
3006	12024000.0	176.0
3007	12028000.0	204.0
3008	12032000.0	203.0
3009	12036000.0	213.0
3010	12040000.0	198.0
3011	12044000.0	181.0
3012	12048000.0	168.0
3013	12052000.0	184.0
3014	12056000.0	214.0
3015	12060000.0	169.0
3016	12064000.0	193.0
3017	12068000.0	180.0
3018	12072000.0	212.0
3019	12076000.0	179.0
3020	12080000.0	177.0
3021	12084000.0	195.0
3022	12088000.0	193.0
3023	12092000.0	214.0
3024	12096000.0	193.0
3025	12100000.0	214.0
3026	12104000.0	217.0
3027	12108000.0	218.0
3028	12112000.0	211.0
3029	12116000.0	191.0
3030	12120000.0	198.0
3031	12124000.0	179.0
3032	12128000.0	191.0
3033	12132000.0	200.0
3034	12136000.0	191.0
3035	12140000.0	183.0
3036	12144000.0	186.0
3037	12148000.0	208.0
3038	12152000.0	188.0
3039	12156000.0	205.0
3040	12160000.0	207.0
3041	12164000.0	166.0
3042	12168000.0	205.0
3043	12172000.0	207.0
3044	12176000.0	182.0
3045	12180000.0	170.0
3046	12184000.0	178.0
3047	12188000.0	181.0
3048	12192000.0	209.0
3049	12196000.0	210.0
3050	12200000.0	184.0
3051	12204000.0	197.0
3052	12208000.0	193.0
3053	12212000.0	180.0
3054	12216000.0	172.0
3055	12220000.0	213.0
3056	12224000.0	203.0
3057	12228000.0	186.0
3058	12232000.0	206.0
3059	12236000.0	187.0
3060	12240000.0	184.0
3061	12244000.0	183.0
3062	12248000.0	189.0
3063	12252000.0	177.0
3064	12256000.0	204.0
3065	12260000.0	194.0
3066	12264000.0	205.0
3067	12268000.0	171.0
3068	12272000.0	194.0
3069	12276000.0	195.0
3070	12280000.0	187.0
3071	12284000.0	200.0
3072	12288000.0	212.0
3073	12292000.0	188.0
3074	12296000.0	202.0
3075	12300000.0	209.0
3076	12304000.0	179.0
3077	12308000.0	194.0
3078	12312000.0	183.0
3079	12316000.0	185.0
3080	12320000.0	169.0
3081	12324000.0	192.0
3082	12328000.0	204.0
3083	12332000.0	206.0
3084	12336000.0	191.0
3085	12340000.0	170.0
3086	12344000.0	187.0
3087	12348000.0	181.0
3088	12352000.0	185.0
3089	12356000.0	184.0
3090	12360000.0	187.0
3091	12364000.0	186.0
3092	12368000.0	186.0
3093	12372000.0	180.0
3094	12376000.0	189.0
3095	12380000.0	197.0
3096	12384000.0	219.0
3097	12388000.0	199.0
3098	12392000.0	187.0
3099	12396000.0	196.0
3100	12400000.0	184.0
3101	12404000.0	187.0
3102	12408000.0	169.0
3103	12412000.0	215.0
3104	12416000.0	189.0
3105	12420000.0	208.0
3106	12424000.0	212.0
3107	12428000.0	202.0
3108	12432000.0	186.0
3109	12436000.0	214.0
3110	12440000.0	182.0
3111	12444000.0	161.0
3112	12448000.0	226.0
3113	12452000.0	183.0
3114	12456000.0	193.0
3115	12460000.0	188.0
3116	12464000.0	180.0
3117	12468000.0	206.0
3118	12472000.0	173.0
3119	12476000.0	178.0
3120	12480000.0	185.0
3121	12484000.0	195.0
3122	12488000.0	179.0
3123	12492000.0	197.0
3124	12496000.0	171.0
3125	12500000.0	199.0
3126	12504000.0	186.0
3127	12508000.0	187.0
3128	12512000.0	205.0
3129	12516000.0	195.0
3130	12520000.0	182.0
3131	12524000.0	189.0
3132	12528000.0	204.0
3133	12532000.0	202.0
3134	12536000.0	208.0
3135	12540000.0	207.0
3136	12544000.0	195.0
3137	12548000.0	198.0
3138	12552000.0	193.0
3139	12556000.0	196.0
3140	12560000.0	196.0
3141	12564000.0	177.0
3142	12568000.0	208.0
3143	12572000.0	187.0
3144	12576000.0	192.0
3145	12580000.0	193.0
3146	12584000.0	173.0
3147	12588000.0	173.0
3148	12592000.0	200.0
3149	12596000.0	173.0
3150	12600000.0	187.0
3151	12604000.0	185.0
3152	12608000.0	175.0
3153	12612000.0	197.0
3154	12616000.0	176.0
3155	12620000.0	203.0
3156	12624000.0	183.0
3157	12628000.0	198.0
3158	12632000.0	183.0
3159	12636000.0	209.0
3160	12640000.0	171.0
3161	12644000.0	194.0
3162	12648000.0	215.0
3163	12652000.0	201.0
3164	12656000.0	179.0
3165	12660000.0	181.0
3166	12664000.0	203.0
3167	12668000.0	180.0
3168	12672000.0	179.0
3169	12676000.0	208.0
3170	12680000.0	164.0
3171	12684000.0	195.0
3172	12688000.0	192.0
3173	12692000.0	182.0
3174	12696000.0	165.0
3175	12700000.0	174.0
3176	12704000.0	186.0
3177	12708000.0	194.0
3178	12712000.0	191.0
3179	12716000.0	189.0
3180	12720000.0	193.0
3181	12724000.0	179.0
3182	12728000.0	178.0
3183	12732000.0	203.0
3184	12736000.0	201.0
3185	12740000.0	180.0
3186	12744000.0	204.0
3187	12748000.0	200.0
3188	12752000.0	201.0
3189	12756000.0	198.0
3190	12760000.0	186.0
3191	12764000.0	177.0
3192	12768000.0	179.0
3193	12772000.0	206.0
3194	12776000.0	188.0
3195	12780000.0	205.0
3196	12784000.0	180.0
3197	12788000.0	194.0
3198	12792000.0	209.0
3199	12796000.0	213.0
3200	12800000.0	213.0
3201	12804000.0	199.0
3202	12808000.0	175.0
3203	12812000.0	190.0
3204	12816000.0	180.0
3205	12820000.0	177.0
3206	12824000.0	201.0
3207	12828000.0	154.0
3208	12832000.0	182.0
3209	12836000.0	173.0
3210	12840000.0	176.0
3211	12844000.0	174.0
3212	12848000.0	176.0
3213	12852000.0	200.0
3214	12856000.0	188.0
3215	12860000.0	190.0
3216	12864000.0	180.0
3217	12868000.0	191.0
3218	12872000.0	174.0
3219	12876000.0	197.0
3220	12880000.0	204.0
3221	12884000.0	177.0
3222	12888000.0	170.0
3223	12892000.0	190.0
3224	12896000.0	199.0
3225	12900000.0	200.0
3226	12904000.0	214.0
3227	12908000.0	196.0
3228	12912000.0	181.0
3229	12916000.0	220.0
3230	12920000.0	195.0
3231	12924000.0	202.0
3232	12928000.0	170.0
3233	12932000.0	167.0
3234	12936000.0	201.0
3235	12940000.0	182.0
3236	12944000.0	183.0
3237	12948000.0	175.0
3238	12952000.0	188.0
3239	12956000.0	176.0
3240	12960000.0	186.0
3241	12964000.0	177.0
3242	12968000.0	187.0
3243	12972000.0	197.0
3244	12976000.0	168.0
3245	12980000.0	163.0
3246	12984000.0	188.0
3247	12988000.0	197.0
3248	12992000.0	176.0
3249	12996000.0	200.0
3250	13000000.0	203.0
3251	13004000.0	208.0
3252	13008000.0	170.0
3253	13012000.0	173.0
3254	13016000.0	189.0
3255	13020000.0	164.0
3256	13024000.0	190.0
3257	13028000.0	191.0
3258	13032000.0	174.0
3259	13036000.0	184.0
3260	13040000.0	181.0
3261	13044000.0	194.0
3262	13048000.0	188.0
3263	13052000.0	194.0
3264	13056000.0	188.0
3265	13060000.0	166.0
3266	13064000.0	188.0
3267	13068000.0	171.0
3268	13072000.0	180.0
3269	13076000.0	187.0
3270	13080000.0	170.0
3271	13084000.0	156.0
3272	13088000.0	185.0
3273	13092000.0	185.0
3274	13096000.0	179.0
3275	13100000.0	176.0
3276	13104000.0	176.0
3277	13108000.0	195.0
3278	13112000.0	179.0
3279	13116000.0	189.0
3280	13120000.0	181.0
3281	13124000.0	179.0
3282	13128000.0	194.0
3283	13132000.0	180.0
3284	13136000.0	176.0
3285	13140000.0	196.0
3286	13144000.0	204.0
3287	13148000.0	182.0
3288	13152000.0	196.0
3289	13156000.0	192.0
3290	13160000.0	173.0
3291	13164000.0	190.0
3292	13168000.0	178.0
3293	13172000.0	199.0
3294	13176000.0	178.0
3295	13180000.0	200.0
3296	13184000.0	191.0
3297	13188000.0	185.0
3298	13192000.0	166.0
3299	13196000.0	179.0
3300	13200000.0	196.0
3301	13204000.0	196.0
3302	13208000.0	188.0
3303	13212000.0	195.0
3304	13216000.0	169.0
3305	13220000.0	181.0
3306	13224000.0	185.0
3307	13228000.0	185.0
3308	13232000.0	223.0
3309	13236000.0	193.0
3310	13240000.0	192.0
3311	13244000.0	164.0
3312	13248000.0	175.0
3313	13252000.0	176.0
3314	13256000.0	174.0
3315	13260000.0	179.0
3316	13264000.0	195.0
3317	13268000.0	180.0
3318	13272000.0	189.0
3319	13276000.0	188.0
3320	13280000.0	175.0
3321	13284000.0	162.0
3322	13288000.0	179.0
3323	13292000.0	176.0
3324	13296000.0	203.0
3325	13300000.0	170.0
3326	13304000.0	181.0
3327	13308000.0	172.0
3328	13312000.0	168.0
3329	13316000.0	185.0
3330	13320000.0	192.0
3331	13324000.0	177.0
3332	13328000.0	198.0
3333	13332000.0	169.0
3334	13336000.0	177.0
3335	13340000.0	182.0
3336	13344000.0	179.0
3337	13348000.0	155.0
3338	13352000.0	202.0
3339	13356000.0	180.0
3340	13360000.0	168.0
3341	13364000.0	180.0
3342	13368000.0	182.0
3343	13372000.0	173.0
3344	13376000.0	182.0
3345	13380000.0	185.0
3346	13384000.0	206.0
3347	13388000.0	171.0
3348	13392000.0	185.0
3349	13396000.0	182.0
3350	13400000.0	182.0
3351	13404000.0	187.0
3352	13408000.0	175.0
3353	13412000.0	170.0
3354	13416000.0	184.0
3355	13420000.0	183.0
3356	13424000.0	159.0
3357	13428000.0	177.0
3358	13432000.0	164.0
3359	13436000.0	197.0
3360	13440000.0	174.0
3361	13444000.0	176.0
3362	13448000.0	157.0
3363	13452000.0	213.0
3364	13456000.0	192.0
3365	13460000.0	186.0
3366	13464000.0	168.0
3367	13468000.0	197.0
3368	13472000.0	189.0
3369	13476000.0	181.0
3370	13480000.0	170.0
3371	13484000.0	178.0
3372	13488000.0	203.0
3373	13492000.0	172.0
3374	13496000.0	178.0
3375	13500000.0	172.0
3376	13504000.0	166.0
3377	13508000.0	169.0
3378	13512000.0	189.0
3379	13516000.0	176.0
3380	13520000.0	175.0
3381	13524000.0	159.0
3382	13528000.0	160.0
3383	13532000.0	190.0
3384	13536000.0	200.0
3385	13540000.0	176.0
3386	13544000.0	181.0
3387	13548000.0	177.0
3388	13552000.0	181.0
3389	13556000.0	180.0
3390	13560000.0	177.0
3391	13564000.0	168.0
3392	13568000.0	158.0
3393	13572000.0	167.0
3394	13576000.0	186.0
3395	13580000.0	182.0
3396	13584000.0	174.0
3397	13588000.0	197.0
3398	13592000.0	165.0
3399	13596000.0	189.0
3400	13600000.0	179.0
3401	13604000.0	180.0
3402	13608000.0	186.0
3403	13612000.0	190.0
3404	13616000.0	179.0
3405	13620000.0	178.0
3406	13624000.0	175.0
3407	13628000.0	187.0
3408	13632000.0	187.0
3409	13636000.0	187.0
3410	13640000.0	182.0
3411	13644000.0	173.0
3412	13648000.0	206.0
3413	13652000.0	189.0
3414	13656000.0	174.0
3415	13660000.0	161.0
3416	13664000.0	148.0
3417	13668000.0	166.0
3418	13672000.0	175.0
3419	13676000.0	214.0
3420	13680000.0	182.0
3421	13684000.0	184.0
3422	13688000.0	172.0
3423	13692000.0	173.0
3424	13696000.0	178.0
3425	13700000.0	189.0
3426	13704000.0	165.0
3427	13708000.0	162.0
3428	13712000.0	176.0
3429	13716000.0	187.0
3430	13720000.0	162.0
3431	13724000.0	156.0
3432	13728000.0	171.0
3433	13732000.0	186.0
3434	13736000.0	167.0
3435	13740000.0	186.0
3436	13744000.0	211.0
3437	13748000.0	198.0
3438	13752000.0	172.0
3439	13756000.0	182.0
3440	13760000.0	160.0
3441	13764000.0	176.0
3442	13768000.0	148.0
3443	13772000.0	170.0
3444	13776000.0	178.0
3445	13780000.0	170.0
3446	13784000.0	191.0
3447	13788000.0	186.0
3448	13792000.0	197.0
3449	13796000.0	165.0
3450	13800000.0	155.0
3451	13804000.0	190.0
3452	13808000.0	175.0
3453	13812000.0	170.0
3454	13816000.0	163.0
3455	13820000.0	194.0
3456	13824000.0	163.0
3457	13828000.0	187.0
3458	13832000.0	160.0
3459	13836000.0	159.0
3460	13840000.0	172.0
3461	13844000.0	156.0
3462	13848000.0	173.0
3463	13852000.0	189.0
3464	13856000.0	208.0
3465	13860000.0	198.0
3466	13864000.0	175.0
3467	13868000.0	180.0
3468	13872000.0	188.0
3469	13876000.0	192.0
3470	13880000.0	181.0
3471	13884000.0	177.0
3472	13888000.0	166.0
3473	13892000.0	177.0
3474	13896000.0	177.0
3475	13900000.0	183.0
3476	13904000.0	199.0
3477	13908000.0	197.0
3478	13912000.0	180.0
3479	13916000.0	182.0
3480	13920000.0	172.0
3481	13924000.0	208.0
3482	13928000.0	168.0
3483	13932000.0	163.0
3484	13936000.0	161.0
3485	13940000.0	163.0
3486	13944000.0	165.0
3487	13948000.0	178.0
3488	13952000.0	166.0
3489	13956000.0	192.0
3490	13960000.0	202.0
3491	13964000.0	160.0
3492	13968000.0	173.0
3493	13972000.0	189.0
3494	13976000.0	202.0
3495	13980000.0	171.0
3496	13984000.0	205.0
3497	13988000.0	179.0
3498	13992000.0	142.0
3499	13996000.0	172.0
3500	14000000.0	183.0
3501	14004000.0	171.0
3502	14008000.0	151.0
3503	14012000.0	170.0
3504	14016000.0	162.0
3505	14020000.0	173.0
3506	14024000.0	175.0
3507	14028000.0	166.0
3508	14032000.0	171.0
3509	14036000.0	199.0
3510	14040000.0	185.0
3511	14044000.0	179.0
3512	14048000.0	170.0
3513	14052000.0	180.0
3514	14056000.0	171.0
3515	14060000.0	192.0
3516	14064000.0	188.0
3517	14068000.0	179.0
3518	14072000.0	162.0
3519	14076000.0	190.0
3520	14080000.0	184.0
3521	14084000.0	171.0
3522	14088000.0	160.0
3523	14092000.0	196.0
3524	14096000.0	177.0
3525	14100000.0	185.0
3526	14104000.0	168.0
3527	14108000.0	162.0
3528	14112000.0	167.0
3529	14116000.0	189.0
3530	14120000.0	187.0
3531	14124000.0	132.0
3532	14128000.0	160.0
3533	14132000.0	162.0
3534	14136000.0	187.0
3535	14140000.0	187.0
3536	14144000.0	180.0
3537	14148000.0	178.0
3538	14152000.0	171.0
3539	14156000.0	183.0
3540	14160000.0	189.0
3541	14164000.0	159.0
3542	14168000.0	186.0
3543	14172000.0	166.0
3544	14176000.0	173.0
3545	14180000.0	152.0
3546	14184000.0	170.0
3547	14188000.0	177.0
3548	14192000.0	177.0
3549	14196000.0	186.0
3550	14200000.0	165.0
3551	14204000.0	175.0
3552	14208000.0	167.0
3553	14212000.0	180.0
3554	14216000.0	167.0
3555	14220000.0	174.0
3556	14224000.0	179.0
3557	14228000.0	180.0
3558	14232000.0	153.0
3559	14236000.0	179.0
3560	14240000.0	168.0
3561	14244000.0	161.0
3562	14248000.0	161.0
3563	14252000.0	163.0
3564	14256000.0	192.0
3565	14260000.0	188.0
3566	14264000.0	170.0
3567	14268000.0	180.0
3568	14272000.0	161.0
3569	14276000.0	185.0
3570	14280000.0	171.0
3571	14284000.0	167.0
3572	14288000.0	154.0
3573	14292000.0	165.0
3574	14296000.0	191.0
3575	14300000.0	167.0
3576	14304000.0	171.0
3577	14308000.0	157.0
3578	14312000.0	149.0
3579	14316000.0	168.0
3580	14320000.0	169.0
3581	14324000.0	151.0
3582	14328000.0	148.0
3583	14332000.0	160.0
3584	14336000.0	165.0
3585	14340000.0	184.0
3586	14344000.0	190.0
3587	14348000.0	159.0
3588	14352000.0	167.0
3589	14356000.0	184.0
3590	14360000.0	177.0
3591	14364000.0	182.0
3592	14368000.0	175.0
3593	14372000.0	176.0
3594	14376000.0	174.0
3595	14380000.0	157.0
3596	14384000.0	187.0
3597	14388000.0	192.0
3598	14392000.0	151.0
3599	14396000.0	183.0
3600	14400000.0	191.0
3601	14404000.0	159.0
3602	14408000.0	152.0
3603	14412000.0	173.0
3604	14416000.0	175.0
3605	14420000.0	175.0
3606	14424000.0	163.0
3607	14428000.0	166.0
3608	14432000.0	165.0
3609	14436000.0	200.0
3610	14440000.0	170.0
3611	14444000.0	160.0
3612	14448000.0	201.0
3613	14452000.0	198.0
3614	14456000.0	166.0
3615	14460000.0	167.0
3616	14464000.0	187.0
3617	14468000.0	174.0
3618	14472000.0	162.0
3619	14476000.0	168.0
3620	14480000.0	177.0
3621	14484000.0	158.0
3622	14488000.0	187.0
3623	14492000.0	173.0
3624	14496000.0	193.0
3625	14500000.0	174.0
3626	14504000.0	161.0
3627	14508000.0	180.0
3628	14512000.0	173.0
3629	14516000.0	138.0
3630	14520000.0	161.0
3631	14524000.0	175.0
3632	14528000.0	154.0
3633	14532000.0	187.0
3634	14536000.0	173.0
3635	14540000.0	178.0
3636	14544000.0	171.0
3637	14548000.0	196.0
3638	14552000.0	176.0
3639	14556000.0	163.0
3640	14560000.0	120.0
3641	14564000.0	198.0
3642	14568000.0	171.0
3643	14572000.0	149.0
3644	14576000.0	154.0
3645	14580000.0	159.0
3646	14584000.0	169.0
3647	14588000.0	163.0
3648	14592000.0	165.0
3649	14596000.0	165.0
3650	14600000.0	189.0
3651	14604000.0	157.0
3652	14608000.0	167.0
3653	14612000.0	170.0
3654	14616000.0	188.0
3655	14620000.0	172.0
3656	14624000.0	179.0
3657	14628000.0	178.0
3658	14632000.0	183.0
3659	14636000.0	158.0
3660	14640000.0	167.0
3661	14644000.0	149.0
3662	14648000.0	168.0
3663	14652000.0	153.0
3664	14656000.0	155.0
3665	14660000.0	144.0
3666	14664000.0	168.0
3667	14668000.0	178.0
3668	14672000.0	193.0
3669	14676000.0	146.0
3670	14680000.0	182.0
3671	14684000.0	166.0
3672	14688000.0	176.0
3673	14692000.0	193.0
3674	14696000.0	182.0
3675	14700000.0	151.0
3676	14704000.0	181.0
3677	14708000.0	156.0
3678	14712000.0	162.0
3679	14716000.0	155.0
3680	14720000.0	152.0
3681	14724000.0	166.0
3682	14728000.0	177.0
3683	14732000.0	147.0
3684	14736000.0	157.0
3685	14740000.0	171.0
3686	14744000.0	172.0
3687	14748000.0	175.0
3688	14752000.0	183.0
3689	14756000.0	195.0
3690	14760000.0	194.0
3691	14764000.0	147.0
3692	14768000.0	164.0
3693	14772000.0	165.0
3694	14776000.0	156.0
3695	14780000.0	169.0
3696	14784000.0	142.0
3697	14788000.0	151.0
3698	14792000.0	183.0
3699	14796000.0	159.0
3700	14800000.0	168.0
3701	14804000.0	165.0
3702	14808000.0	158.0
3703	14812000.0	139.0
3704	14816000.0	167.0
3705	14820000.0	170.0
3706	14824000.0	171.0
3707	14828000.0	147.0
3708	14832000.0	163.0
3709	14836000.0	184.0
3710	14840000.0	177.0
3711	14844000.0	188.0
3712	14848000.0	176.0
3713	14852000.0	162.0
3714	14856000.0	158.0
3715	14860000.0	157.0
3716	14864000.0	165.0
3717	14868000.0	170.0
3718	14872000.0	150.0
3719	14876000.0	162.0
3720	14880000.0	165.0
3721	14884000.0	169.0
3722	14888000.0	149.0
3723	14892000.0	186.0
3724	14896000.0	155.0
3725	14900000.0	173.0
3726	14904000.0	168.0
3727	14908000.0	145.0
3728	14912000.0	181.0
3729	14916000.0	160.0
3730	14920000.0	152.0
3731	14924000.0	162.0
3732	14928000.0	161.0
3733	14932000.0	173.0
3734	14936000.0	166.0
3735	14940000.0	168.0
3736	14944000.0	176.0
3737	14948000.0	174.0
3738	14952000.0	149.0
3739	14956000.0	157.0
3740	14960000.0	150.0
3741	14964000.0	165.0
3742	14968000.0	188.0
3743	14972000.0	150.0
3744	14976000.0	163.0
3745	14980000.0	175.0
3746	14984000.0	155.0
3747	14988000.0	163.0
3748	14992000.0	156.0
3749	14996000.0	167.0
3750	15000000.0	178.0
3751	15004000.0	175.0
3752	15008000.0	156.0
3753	15012000.0	168.0
3754	15016000.0	182.0
3755	15020000.0	156.0
3756	15024000.0	142.0
3757	15028000.0	172.0
3758	15032000.0	153.0
3759	15036000.0	145.0
3760	15040000.0	177.0
3761	15044000.0	162.0
3762	15048000.0	162.0
3763	15052000.0	147.0
3764	15056000.0	189.0
3765	15060000.0	165.0
3766	15064000.0	162.0
3767	15068000.0	163.0
3768	15072000.0	152.0
3769	15076000.0	179.0
3770	15080000.0	163.0
3771	15084000.0	179.0
3772	15088000.0	159.0
3773	15092000.0	165.0
3774	15096000.0	167.0
3775	15100000.0	161.0
3776	15104000.0	175.0
3777	15108000.0	162.0
3778	15112000.0	161.0
3779	15116000.0	192.0
3780	15120000.0	163.0
3781	15124000.0	158.0
3782	15128000.0	147.0
3783	15132000.0	173.0
3784	15136000.0	175.0
3785	15140000.0	154.0
3786	15144000.0	158.0
3787	15148000.0	156.0
3788	15152000.0	160.0
3789	15156000.0	176.0
3790	15160000.0	169.0
3791	15164000.0	167.0
3792	15168000.0	183.0
3793	15172000.0	151.0
3794	15176000.0	162.0
3795	15180000.0	151.0
3796	15184000.0	167.0
3797	15188000.0	169.0
3798	15192000.0	172.0
3799	15196000.0	166.0
3800	15200000.0	166.0
3801	15204000.0	168.0
3802	15208000.0	169.0
3803	15212000.0	186.0
3804	15216000.0	162.0
3805	15220000.0	151.0
3806	15224000.0	152.0
3807	15228000.0	177.0
3808	15232000.0	162.0
3809	15236000.0	146.0
3810	15240000.0	173.0
3811	15244000.0	160.0
3812	15248000.0	143.0
3813	15252000.0	153.0
3814	15256000.0	156.0
3815	15260000.0	180.0
3816	15264000.0	163.0
3817	15268000.0	174.0
3818	15272000.0	168.0
3819	15276000.0	164.0
3820	15280000.0	180.0
3821	15284000.0	131.0
3822	15288000.0	178.0
3823	15292000.0	168.0
3824	15296000.0	146.0
3825	15300000.0	157.0
3826	15304000.0	164.0
3827	15308000.0	144.0
3828	15312000.0	154.0
3829	15316000.0	163.0
3830	15320000.0	160.0
3831	15324000.0	168.0
3832	15328000.0	145.0
3833	15332000.0	154.0
3834	15336000.0	153.0
3835	15340000.0	150.0
3836	15344000.0	156.0
3837	15348000.0	178.0
3838	15352000.0	164.0
3839	15356000.0	150.0
3840	15360000.0	147.0
3841	15364000.0	155.0
3842	15368000.0	169.0
3843	15372000.0	158.0
3844	15376000.0	167.0
3845	15380000.0	151.0
3846	15384000.0	150.0
3847	15388000.0	166.0
3848	15392000.0	189.0
3849	15396000.0	167.0
3850	15400000.0	163.0
3851	15404000.0	182.0
3852	15408000.0	173.0
3853	15412000.0	142.0
3854	15416000.0	166.0
3855	15420000.0	159.0
3856	15424000.0	145.0
3857	15428000.0	169.0
3858	15432000.0	136.0
3859	15436000.0	157.0
3860	15440000.0	159.0
3861	15444000.0	133.0
3862	15448000.0	175.0
3863	15452000.0	161.0
3864	15456000.0	161.0
3865	15460000.0	145.0
3866	15464000.0	176.0
3867	15468000.0	151.0
3868	15472000.0	150.0
3869	15476000.0	158.0
3870	15480000.0	148.0
3871	15484000.0	145.0
3872	15488000.0	156.0
3873	15492000.0	162.0
3874	15496000.0	166.0
3875	15500000.0	144.0
3876	15504000.0	182.0
3877	15508000.0	169.0
3878	15512000.0	167.0
3879	15516000.0	166.0
3880	15520000.0	155.0
3881	15524000.0	170.0
3882	15528000.0	159.0
3883	15532000.0	179.0
3884	15536000.0	167.0
3885	15540000.0	166.0
3886	15544000.0	156.0
3887	15548000.0	137.0
3888	15552000.0	170.0
3889	15556000.0	155.0
3890	15560000.0	156.0
3891	15564000.0	163.0
3892	15568000.0	181.0
3893	15572000.0	159.0
3894	15576000.0	168.0
3895	15580000.0	155.0
3896	15584000.0	163.0
3897	15588000.0	171.0
3898	15592000.0	142.0
3899	15596000.0	145.0
3900	15600000.0	167.0
3901	15604000.0	157.0
3902	15608000.0	176.0
3903	15612000.0	164.0
3904	15616000.0	150.0
3905	15620000.0	141.0
3906	15624000.0	155.0
3907	15628000.0	155.0
3908	15632000.0	161.0
3909	15636000.0	154.0
3910	15640000.0	147.0
3911	15644000.0	153.0
3912	15648000.0	179.0
3913	15652000.0	174.0
3914	15656000.0	146.0
3915	15660000.0	159.0
3916	15664000.0	149.0
3917	15668000.0	135.0
3918	15672000.0	148.0
3919	15676000.0	151.0
3920	15680000.0	165.0
3921	15684000.0	145.0
3922	15688000.0	153.0
3923	15692000.0	157.0
3924	15696000.0	153.0
3925	15700000.0	163.0
3926	15704000.0	136.0
3927	15708000.0	154.0
3928	15712000.0	161.0
3929	15716000.0	145.0
3930	15720000.0	139.0
3931	15724000.0	165.0
3932	15728000.0	168.0
3933	15732000.0	138.0
3934	15736000.0	164.0
3935	15740000.0	177.0
3936	15744000.0	172.0
3937	15748000.0	165.0
3938	15752000.0	122.0
3939	15756000.0	159.0
3940	15760000.0	154.0
3941	15764000.0	168.0
3942	15768000.0	174.0
3943	15772000.0	153.0
3944	15776000.0	161.0
3945	15780000.0	159.0
3946	15784000.0	124.0
3947	15788000.0	171.0
3948	15792000.0	131.0
3949	15796000.0	148.0
3950	15800000.0	155.0
3951	15804000.0	145.0
3952	15808000.0	159.0
3953	15812000.0	136.0
3954	15816000.0	172.0
3955	15820000.0	165.0
3956	15824000.0	147.0
3957	15828000.0	145.0
3958	15832000.0	151.0
3959	15836000.0	152.0
3960	15840000.0	132.0
3961	15844000.0	172.0
3962	15848000.0	164.0
3963	15852000.0	164.0
3964	15856000.0	146.0
3965	15860000.0	162.0
3966	15864000.0	149.0
3967	15868000.0	160.0
3968	15872000.0	168.0
3969	15876000.0	134.0
3970	15880000.0	165.0
3971	15884000.0	159.0
3972	15888000.0	171.0
3973	15892000.0	177.0
3974	15896000.0	176.0
3975	15900000.0	165.0
3976	15904000.0	139.0
3977	15908000.0	153.0
3978	15912000.0	154.0
3979	15916000.0	144.0
3980	15920000.0	146.0
3981	15924000.0	164.0
3982	15928000.0	147.0
3983	15932000.0	167.0
3984	15936000.0	152.0
3985	15940000.0	177.0
3986	15944000.0	122.0
3987	15948000.0	147.0
3988	15952000.0	164.0
3989	15956000.0	143.0
3990	15960000.0	158.0
3991	15964000.0	150.0
3992	15968000.0	150.0
3993	15972000.0	161.0
3994	15976000.0	168.0
3995	15980000.0	156.0
3996	15984000.0	154.0
3997	15988000.0	172.0
3998	15992000.0	146.0
3999	15996000.0	144.0
4000	16000000.0	149.0
4001	16004000.0	141.0
4002	16008000.0	179.0
4003	16012000.0	154.0
4004	16016000.0	142.0
4005	16020000.0	144.0
4006	16024000.0	155.0
4007	16028000.0	158.0
4008	16032000.0	154.0
4009	16036000.0	144.0
4010	16040000.0	158.0
4011	16044000.0	162.0
4012	16048000.0	151.0
4013	16052000.0	158.0
4014	16056000.0	153.0
4015	16060000.0	150.0
4016	16064000.0	175.0
4017	16068000.0	165.0
4018	16072000.0	161.0
4019	16076000.0	144.0
4020	16080000.0	144.0
4021	16084000.0	145.0
4022	16088000.0	139.0
4023	16092000.0	158.0
4024	16096000.0	180.0
4025	16100000.0	139.0
4026	16104000.0	162.0
4027	16108000.0	155.0
4028	16112000.0	149.0
4029	16116000.0	169.0
4030	16120000.0	152.0
4031	16124000.0	126.0
4032	16128000.0	172.0
4033	16132000.0	167.0
4034	16136000.0	175.0
4035	16140000.0	147.0
4036	16144000.0	166.0
4037	16148000.0	144.0
4038	16152000.0	134.0
4039	16156000.0	149.0
4040	16160000.0	160.0
4041	16164000.0	140.0
4042	16168000.0	144.0
4043	16172000.0	147.0
4044	16176000.0	161.0
4045	16180000.0	154.0
4046	16184000.0	166.0
4047	16188000.0	141.0
4048	16192000.0	137.0
4049	16196000.0	166.0
4050	16200000.0	162.0
4051	16204000.0	148.0
4052	16208000.0	151.0
4053	16212000.0	158.0
4054	16216000.0	135.0
4055	16220000.0	149.0
4056	16224000.0	150.0
4057	16228000.0	142.0
4058	16232000.0	172.0
4059	16236000.0	142.0
4060	16240000.0	172.0
4061	16244000.0	165.0
4062	16248000.0	167.0
4063	16252000.0	135.0
4064	16256000.0	134.0
4065	16260000.0	160.0
4066	16264000.0	162.0
4067	16268000.0	151.0
4068	16272000.0	156.0
4069	16276000.0	148.0
4070	16280000.0	184.0
4071	16284000.0	155.0
4072	16288000.0	134.0
4073	16292000.0	158.0
4074	16296000.0	178.0
4075	16300000.0	150.0
4076	16304000.0	149.0
4077	16308000.0	129.0
4078	16312000.0	163.0
4079	16316000.0	150.0
4080	16320000.0	154.0
4081	16324000.0	132.0
4082	16328000.0	152.0
4083	16332000.0	151.0
4084	16336000.0	160.0
4085	16340000.0	151.0
4086	16344000.0	139.0
4087	16348000.0	168.0
4088	16352000.0	135.0
4089	16356000.0	145.0
4090	16360000.0	152.0
4091	16364000.0	162.0
4092	16368000.0	141.0
4093	16372000.0	143.0
4094	16376000.0	177.0
4095	16380000.0	142.0
4096	16384000.0	166.0
4097	16388000.0	146.0
4098	16392000.0	156.0
4099	16396000.0	144.0
4100	16400000.0	133.0
4101	16404000.0	158.0
4102	16408000.0	156.0
4103	16412000.0	154.0
4104	16416000.0	159.0
4105	16420000.0	167.0
4106	16424000.0	167.0
4107	16428000.0	154.0
4108	16432000.0	145.0
4109	16436000.0	147.0
4110	16440000.0	156.0
4111	16444000.0	146.0
4112	16448000.0	138.0
4113	16452000.0	153.0
4114	16456000.0	152.0
4115	16460000.0	150.0
4116	16464000.0	159.0
4117	16468000.0	149.0
4118	16472000.0	141.0
4119	16476000.0	149.0
4120	16480000.0	164.0
4121	16484000.0	150.0
4122	16488000.0	159.0
4123	16492000.0	151.0
4124	16496000.0	159.0
4125	16500000.0	159.0
4126	16504000.0	151.0
4127	16508000.0	145.0
4128	16512000.0	166.0
4129	16516000.0	151.0
4130	16520000.0	153.0
4131	16524000.0	153.0
4132	16528000.0	149.0
4133	16532000.0	144.0
4134	16536000.0	145.0
4135	16540000.0	148.0
4136	16544000.0	167.0
4137	16548000.0	155.0
4138	16552000.0	148.0
4139	16556000.0	142.0
4140	16560000.0	167.0
4141	16564000.0	137.0
4142	16568000.0	149.0
4143	16572000.0	153.0
4144	16576000.0	135.0
4145	16580000.0	141.0
4146	16584000.0	162.0
4147	16588000.0	136.0
4148	16592000.0	158.0
4149	16596000.0	157.0
4150	16600000.0	157.0
4151	16604000.0	143.0
4152	16608000.0	164.0
4153	16612000.0	138.0
4154	16616000.0	164.0
4155	16620000.0	171.0
4156	16624000.0	135.0
4157	16628000.0	161.0
4158	16632000.0	163.0
4159	16636000.0	149.0
4160	16640000.0	145.0
4161	16644000.0	157.0
4162	16648000.0	161.0
4163	16652000.0	147.0
4164	16656000.0	153.0
4165	16660000.0	163.0
4166	16664000.0	164.0
4167	16668000.0	164.0
4168	16672000.0	152.0
4169	16676000.0	151.0
4170	16680000.0	136.0
4171	16684000.0	170.0
4172	16688000.0	147.0
4173	16692000.0	157.0
4174	16696000.0	152.0
4175	16700000.0	148.0
4176	16704000.0	148.0
4177	16708000.0	153.0
4178	16712000.0	151.0
4179	16716000.0	164.0
4180	16720000.0	149.0
4181	16724000.0	150.0
4182	16728000.0	136.0
4183	16732000.0	137.0
4184	16736000.0	164.0
4185	16740000.0	162.0
4186	16744000.0	142.0
4187	16748000.0	128.0
4188	16752000.0	149.0
4189	16756000.0	148.0
4190	16760000.0	157.0
4191	16764000.0	150.0
4192	16768000.0	146.0
4193	16772000.0	134.0
4194	16776000.0	142.0
4195	16780000.0	139.0
4196	16784000.0	167.0
4197	16788000.0	155.0
4198	16792000.0	155.0
4199	16796000.0	149.0
4200	16800000.0	160.0
4201	16804000.0	152.0
4202	16808000.0	147.0
4203	16812000.0	145.0
4204	16816000.0	123.0
4205	16820000.0	158.0
4206	16824000.0	165.0
4207	16828000.0	154.0
4208	16832000.0	142.0
4209	16836000.0	156.0
4210	16840000.0	138.0
4211	16844000.0	147.0
4212	16848000.0	130.0
4213	16852000.0	173.0
4214	16856000.0	169.0
4215	16860000.0	147.0
4216	16864000.0	145.0
4217	16868000.0	146.0
4218	16872000.0	142.0
4219	16876000.0	154.0
4220	16880000.0	150.0
4221	16884000.0	142.0
4222	16888000.0	172.0
4223	16892000.0	153.0
4224	16896000.0	159.0
4225	16900000.0	152.0
4226	16904000.0	170.0
4227	16908000.0	162.0
4228	16912000.0	153.0
4229	16916000.0	135.0
4230	16920000.0	155.0
4231	16924000.0	152.0
4232	16928000.0	147.0
4233	16932000.0	150.0
4234	16936000.0	166.0
4235	16940000.0	177.0
4236	16944000.0	148.0
4237	16948000.0	144.0
4238	16952000.0	160.0
4239	16956000.0	150.0
4240	16960000.0	153.0
4241	16964000.0	162.0
4242	16968000.0	149.0
4243	16972000.0	142.0
4244	16976000.0	144.0
4245	16980000.0	154.0
4246	16984000.0	136.0
4247	16988000.0	160.0
4248	16992000.0	128.0
4249	16996000.0	151.0
4250	17000000.0	140.0
4251	17004000.0	156.0
4252	17008000.0	154.0
4253	17012000.0	144.0
4254	17016000.0	141.0
4255	17020000.0	140.0
4256	17024000.0	152.0
4257	17028000.0	148.0
4258	17032000.0	160.0
4259	17036000.0	170.0
4260	17040000.0	144.0
4261	17044000.0	130.0
4262	17048000.0	144.0
4263	17052000.0	150.0
4264	17056000.0	127.0
4265	17060000.0	152.0
4266	17064000.0	131.0
4267	17068000.0	131.0
4268	17072000.0	164.0
4269	17076000.0	166.0
4270	17080000.0	153.0
4271	17084000.0	156.0
4272	17088000.0	142.0
4273	17092000.0	154.0
4274	17096000.0	169.0
4275	17100000.0	148.0
4276	17104000.0	159.0
4277	17108000.0	159.0
4278	17112000.0	121.0
4279	17116000.0	130.0
4280	17120000.0	143.0
4281	17124000.0	153.0
4282	17128000.0	144.0
4283	17132000.0	148.0
4284	17136000.0	139.0
4285	17140000.0	140.0
4286	17144000.0	146.0
4287	17148000.0	173.0
4288	17152000.0	139.0
4289	17156000.0	141.0
4290	17160000.0	148.0
4291	17164000.0	145.0
4292	17168000.0	143.0
4293	17172000.0	126.0
4294	17176000.0	133.0
4295	17180000.0	152.0
4296	17184000.0	147.0
4297	17188000.0	146.0
4298	17192000.0	158.0
4299	17196000.0	142.0
4300	17200000.0	136.0
4301	17204000.0	156.0
4302	17208000.0	164.0
4303	17212000.0	131.0
4304	17216000.0	139.0
4305	17220000.0	163.0
4306	17224000.0	145.0
4307	17228000.0	134.0
4308	17232000.0	156.0
4309	17236000.0	155.0
4310	17240000.0	149.0
4311	17244000.0	126.0
4312	17248000.0	167.0
4313	17252000.0	117.0
4314	17256000.0	133.0
4315	17260000.0	126.0
4316	17264000.0	133.0
4317	17268000.0	160.0
4318	17272000.0	153.0
4319	17276000.0	145.0
4320	17280000.0	162.0
4321	17284000.0	138.0
4322	17288000.0	138.0
4323	17292000.0	166.0
4324	17296000.0	138.0
4325	17300000.0	160.0
4326	17304000.0	140.0
4327	17308000.0	120.0
4328	17312000.0	134.0
4329	17316000.0	144.0
4330	17320000.0	153.0
4331	17324000.0	144.0
4332	17328000.0	148.0
4333	17332000.0	125.0
4334	17336000.0	149.0
4335	17340000.0	138.0
4336	17344000.0	142.0
4337	17348000.0	154.0
4338	17352000.0	171.0
4339	17356000.0	154.0
4340	17360000.0	160.0
4341	17364000.0	152.0
4342	17368000.0	152.0
4343	17372000.0	146.0
4344	17376000.0	122.0
4345	17380000.0	154.0
4346	17384000.0	149.0
4347	17388000.0	132.0
4348	17392000.0	141.0
4349	17396000.0	131.0
4350	17400000.0	148.0
4351	17404000.0	141.0
4352	17408000.0	140.0
4353	17412000.0	125.0
4354	17416000.0	149.0
4355	17420000.0	162.0
4356	17424000.0	148.0
4357	17428000.0	151.0
4358	17432000.0	148.0
4359	17436000.0	143.0
4360	17440000.0	151.0
4361	17444000.0	142.0
4362	17448000.0	137.0
4363	17452000.0	142.0
4364	17456000.0	145.0
4365	17460000.0	115.0
4366	17464000.0	146.0
4367	17468000.0	147.0
4368	17472000.0	145.0
4369	17476000.0	154.0
4370	17480000.0	149.0
4371	17484000.0	151.0
4372	17488000.0	141.0
4373	17492000.0	144.0
4374	17496000.0	153.0
4375	17500000.0	143.0
4376	17504000.0	151.0
4377	17508000.0	128.0
4378	17512000.0	150.0
4379	17516000.0	150.0
4380	17520000.0	150.0
4381	17524000.0	145.0
4382	17528000.0	134.0
4383	17532000.0	154.0
4384	17536000.0	132.0
4385	17540000.0	169.0
4386	17544000.0	141.0
4387	17548000.0	137.0
4388	17552000.0	132.0
4389	17556000.0	137.0
4390	17560000.0	143.0
4391	17564000.0	139.0
4392	17568000.0	153.0
4393	17572000.0	141.0
4394	17576000.0	132.0
4395	17580000.0	138.0
4396	17584000.0	141.0
4397	17588000.0	159.0
4398	17592000.0	132.0
4399	17596000.0	149.0
4400	17600000.0	134.0
4401	17604000.0	131.0
4402	17608000.0	144.0
4403	17612000.0	141.0
4404	17616000.0	152.0
4405	17620000.0	148.0
4406	17624000.0	152.0
4407	17628000.0	138.0
4408	17632000.0	138.0
4409	17636000.0	135.0
4410	17640000.0	145.0
4411	17644000.0	127.0
4412	17648000.0	141.0
4413	17652000.0	144.0
4414	17656000.0	150.0
4415	17660000.0	144.0
4416	17664000.0	171.0
4417	17668000.0	131.0
4418	17672000.0	145.0
4419	17676000.0	126.0
4420	17680000.0	142.0
4421	17684000.0	135.0
4422	17688000.0	162.0
4423	17692000.0	146.0
4424	17696000.0	133.0
4425	17700000.0	141.0
4426	17704000.0	144.0
4427	17708000.0	141.0
4428	17712000.0	135.0
4429	17716000.0	159.0
4430	17720000.0	166.0
4431	17724000.0	167.0
4432	17728000.0	146.0
4433	17732000.0	155.0
4434	17736000.0	134.0
4435	17740000.0	170.0
4436	17744000.0	139.0
4437	17748000.0	138.0
4438	17752000.0	125.0
4439	17756000.0	141.0
4440	17760000.0	131.0
4441	17764000.0	151.0
4442	17768000.0	130.0
4443	17772000.0	146.0
4444	17776000.0	141.0
4445	17780000.0	139.0
4446	17784000.0	117.0
4447	17788000.0	137.0
4448	17792000.0	139.0
4449	17796000.0	149.0
4450	17800000.0	132.0
4451	17804000.0	141.0
4452	17808000.0	105.0
4453	17812000.0	142.0
4454	17816000.0	144.0
4455	17820000.0	145.0
4456	17824000.0	141.0
4457	17828000.0	128.0
4458	17832000.0	158.0
4459	17836000.0	132.0
4460	17840000.0	162.0
4461	17844000.0	137.0
4462	17848000.0	120.0
4463	17852000.0	153.0
4464	17856000.0	134.0
4465	17860000.0	150.0
4466	17864000.0	150.0
4467	17868000.0	139.0
4468	17872000.0	145.0
4469	17876000.0	148.0
4470	17880000.0	119.0
4471	17884000.0	162.0
4472	17888000.0	145.0
4473	17892000.0	130.0
4474	17896000.0	137.0
4475	17900000.0	138.0
4476	17904000.0	138.0
4477	17908000.0	145.0
4478	17912000.0	145.0
4479	17916000.0	144.0
4480	17920000.0	142.0
4481	17924000.0	119.0
4482	17928000.0	146.0
4483	17932000.0	160.0
4484	17936000.0	129.0
4485	17940000.0	138.0
4486	17944000.0	138.0
4487	17948000.0	110.0
4488	17952000.0	145.0
4489	17956000.0	133.0
4490	17960000.0	163.0
4491	17964000.0	145.0
4492	17968000.0	133.0
4493	17972000.0	138.0
4494	17976000.0	116.0
4495	17980000.0	155.0
4496	17984000.0	139.0
4497	17988000.0	165.0
4498	17992000.0	146.0
4499	17996000.0	150.0
4500	18000000.0	128.0
4501	18004000.0	139.0
4502	18008000.0	130.0
4503	18012000.0	132.0
4504	18016000.0	122.0
4505	18020000.0	137.0
4506	18024000.0	162.0
4507	18028000.0	114.0
4508	18032000.0	133.0
4509	18036000.0	148.0
4510	18040000.0	140.0
4511	18044000.0	147.0
4512	18048000.0	156.0
4513	18052000.0	154.0
4514	18056000.0	116.0
4515	18060000.0	153.0
4516	18064000.0	141.0
4517	18068000.0	126.0
4518	18072000.0	137.0
4519	18076000.0	141.0
4520	18080000.0	143.0
4521	18084000.0	143.0
4522	18088000.0	140.0
4523	18092000.0	135.0
4524	18096000.0	157.0
4525	18100000.0	135.0
4526	18104000.0	130.0
4527	18108000.0	133.0
4528	18112000.0	135.0
4529	18116000.0	136.0
4530	18120000.0	144.0
4531	18124000.0	128.0
4532	18128000.0	184.0
4533	18132000.0	154.0
4534	18136000.0	127.0
4535	18140000.0	144.0
4536	18144000.0	129.0
4537	18148000.0	128.0
4538	18152000.0	152.0
4539	18156000.0	129.0
4540	18160000.0	139.0
4541	18164000.0	160.0
4542	18168000.0	130.0
4543	18172000.0	139.0
4544	18176000.0	127.0
4545	18180000.0	151.0
4546	18184000.0	155.0
4547	18188000.0	134.0
4548	18192000.0	141.0
4549	18196000.0	145.0
4550	18200000.0	106.0
4551	18204000.0	138.0
4552	18208000.0	133.0
4553	18212000.0	121.0
4554	18216000.0	164.0
4555	18220000.0	132.0
4556	18224000.0	125.0
4557	18228000.0	136.0
4558	18232000.0	156.0
4559	18236000.0	148.0
4560	18240000.0	127.0
4561	18244000.0	139.0
4562	18248000.0	143.0
4563	18252000.0	143.0
4564	18256000.0	130.0
4565	18260000.0	137.0
4566	18264000.0	134.0
4567	18268000.0	154.0
4568	18272000.0	129.0
4569	18276000.0	132.0
4570	18280000.0	138.0
4571	18284000.0	129.0
4572	18288000.0	130.0
4573	18292000.0	124.0
4574	18296000.0	121.0
4575	18300000.0	129.0
4576	18304000.0	147.0
4577	18308000.0	132.0
4578	18312000.0	136.0
4579	18316000.0	119.0
4580	18320000.0	136.0
4581	18324000.0	128.0
4582	18328000.0	150.0
4583	18332000.0	139.0
4584	18336000.0	134.0
4585	18340000.0	137.0
4586	18344000.0	127.0
4587	18348000.0	147.0
4588	18352000.0	163.0
4589	18356000.0	127.0
4590	18360000.0	113.0
4591	18364000.0	132.0
4592	18368000.0	129.0
4593	18372000.0	127.0
4594	18376000.0	137.0
4595	18380000.0	138.0
4596	18384000.0	144.0
4597	18388000.0	153.0
4598	18392000.0	112.0
4599	18396000.0	141.0
4600	18400000.0	131.0
4601	18404000.0	139.0
4602	18408000.0	154.0
4603	18412000.0	133.0
4604	18416000.0	125.0
4605	18420000.0	142.0
4606	18424000.0	131.0
4607	18428000.0	140.0
4608	18432000.0	123.0
4609	18436000.0	154.0
4610	18440000.0	157.0
4611	18444000.0	149.0
4612	18448000.0	149.0
4613	18452000.0	161.0
4614	18456000.0	131.0
4615	18460000.0	134.0
4616	18464000.0	134.0
4617	18468000.0	131.0
4618	18472000.0	156.0
4619	18476000.0	124.0
4620	18480000.0	139.0
4621	18484000.0	120.0
4622	18488000.0	120.0
4623	18492000.0	141.0
4624	18496000.0	142.0
4625	18500000.0	147.0
4626	18504000.0	141.0
4627	18508000.0	146.0
4628	18512000.0	145.0
4629	18516000.0	144.0
4630	18520000.0	131.0
4631	18524000.0	130.0
4632	18528000.0	132.0
4633	18532000.0	147.0
4634	18536000.0	132.0
4635	18540000.0	131.0
4636	18544000.0	130.0
4637	18548000.0	134.0
4638	18552000.0	137.0
4639	18556000.0	121.0
4640	18560000.0	160.0
4641	18564000.0	144.0
4642	18568000.0	151.0
4643	18572000.0	132.0
4644	18576000.0	119.0
4645	18580000.0	133.0
4646	18584000.0	118.0
4647	18588000.0	127.0
4648	18592000.0	155.0
4649	18596000.0	138.0
4650	18600000.0	136.0
4651	18604000.0	134.0
4652	18608000.0	134.0
4653	18612000.0	126.0
4654	18616000.0	138.0
4655	18620000.0	155.0
4656	18624000.0	138.0
4657	18628000.0	129.0
4658	18632000.0	138.0
4659	18636000.0	134.0
4660	18640000.0	131.0
4661	18644000.0	118.0
4662	18648000.0	127.0
4663	18652000.0	137.0
4664	18656000.0	114.0
4665	18660000.0	143.0
4666	18664000.0	144.0
4667	18668000.0	135.0
4668	18672000.0	141.0
4669	18676000.0	111.0
4670	18680000.0	144.0
4671	18684000.0	130.0
4672	18688000.0	136.0
4673	18692000.0	136.0
4674	18696000.0	123.0
4675	18700000.0	115.0
4676	18704000.0	139.0
4677	18708000.0	152.0
4678	18712000.0	138.0
4679	18716000.0	135.0
4680	18720000.0	130.0
4681	18724000.0	126.0
4682	18728000.0	138.0
4683	18732000.0	129.0
4684	18736000.0	130.0
4685	18740000.0	128.0
4686	18744000.0	116.0
4687	18748000.0	128.0
4688	18752000.0	139.0
4689	18756000.0	144.0
4690	18760000.0	151.0
4691	18764000.0	159.0
4692	18768000.0	140.0
4693	18772000.0	157.0
4694	18776000.0	142.0
4695	18780000.0	135.0
4696	18784000.0	126.0
4697	18788000.0	139.0
4698	18792000.0	143.0
4699	18796000.0	138.0
4700	18800000.0	141.0
4701	18804000.0	144.0
4702	18808000.0	144.0
4703	18812000.0	147.0
4704	18816000.0	137.0
4705	18820000.0	137.0
4706	18824000.0	132.0
4707	18828000.0	134.0
4708	18832000.0	134.0
4709	18836000.0	140.0
4710	18840000.0	132.0
4711	18844000.0	144.0
4712	18848000.0	135.0
4713	18852000.0	147.0
4714	18856000.0	139.0
4715	18860000.0	119.0
4716	18864000.0	126.0
4717	18868000.0	130.0
4718	18872000.0	132.0
4719	18876000.0	136.0
4720	18880000.0	140.0
4721	18884000.0	138.0
4722	18888000.0	142.0
4723	18892000.0	130.0
4724	18896000.0	145.0
4725	18900000.0	134.0
4726	18904000.0	137.0
4727	18908000.0	144.0
4728	18912000.0	142.0
4729	18916000.0	114.0
4730	18920000.0	147.0
4731	18924000.0	133.0
4732	18928000.0	130.0
4733	18932000.0	104.0
4734	18936000.0	139.0
4735	18940000.0	131.0
4736	18944000.0	123.0
4737	18948000.0	107.0
4738	18952000.0	137.0
4739	18956000.0	142.0
4740	18960000.0	137.0
4741	18964000.0	132.0
4742	18968000.0	138.0
4743	18972000.0	156.0
4744	18976000.0	145.0
4745	18980000.0	99.0
4746	18984000.0	111.0
4747	18988000.0	122.0
4748	18992000.0	135.0
4749	18996000.0	96.0
4750	19000000.0	117.0
4751	19004000.0	152.0
4752	19008000.0	122.0
4753	19012000.0	105.0
4754	19016000.0	133.0
4755	19020000.0	136.0
4756	19024000.0	125.0
4757	19028000.0	132.0
4758	19032000.0	145.0
4759	19036000.0	155.0
4760	19040000.0	131.0
4761	19044000.0	134.0
4762	19048000.0	146.0
4763	19052000.0	132.0
4764	19056000.0	131.0
4765	19060000.0	136.0
4766	19064000.0	132.0
4767	19068000.0	117.0
4768	19072000.0	124.0
4769	19076000.0	136.0
4770	19080000.0	122.0
4771	19084000.0	142.0
4772	19088000.0	133.0
4773	19092000.0	134.0
4774	19096000.0	161.0
4775	19100000.0	134.0
4776	19104000.0	128.0
4777	19108000.0	134.0
4778	19112000.0	145.0
4779	19116000.0	154.0
4780	19120000.0	119.0
4781	19124000.0	132.0
4782	19128000.0	117.0
4783	19132000.0	138.0
4784	19136000.0	128.0
4785	19140000.0	125.0
4786	19144000.0	127.0
4787	19148000.0	152.0
4788	19152000.0	140.0
4789	19156000.0	115.0
4790	19160000.0	138.0
4791	19164000.0	142.0
4792	19168000.0	121.0
4793	19172000.0	135.0
4794	19176000.0	119.0
4795	19180000.0	119.0
4796	19184000.0	135.0
4797	19188000.0	128.0
4798	19192000.0	130.0
4799	19196000.0	157.0
4800	19200000.0	121.0
4801	19204000.0	113.0
4802	19208000.0	134.0
4803	19212000.0	136.0
4804	19216000.0	128.0
4805	19220000.0	125.0
4806	19224000.0	123.0
4807	19228000.0	121.0
4808	19232000.0	126.0
4809	19236000.0	124.0
4810	19240000.0	146.0
4811	19244000.0	142.0
4812	19248000.0	130.0
4813	19252000.0	136.0
4814	19256000.0	123.0
4815	19260000.0	114.0
4816	19264000.0	115.0
4817	19268000.0	121.0
4818	19272000.0	139.0
4819	19276000.0	139.0
4820	19280000.0	137.0
4821	19284000.0	115.0
4822	19288000.0	132.0
4823	19292000.0	129.0
4824	19296000.0	155.0
4825	19300000.0	132.0
4826	19304000.0	132.0
4827	19308000.0	132.0
4828	19312000.0	118.0
4829	19316000.0	131.0
4830	19320000.0	141.0
4831	19324000.0	121.0
4832	19328000.0	143.0
4833	19332000.0	140.0
4834	19336000.0	115.0
4835	19340000.0	125.0
4836	19344000.0	129.0
4837	19348000.0	130.0
4838	19352000.0	138.0
4839	19356000.0	129.0
4840	19360000.0	119.0
4841	19364000.0	121.0
4842	19368000.0	124.0
4843	19372000.0	119.0
4844	19376000.0	130.0
4845	19380000.0	134.0
4846	19384000.0	122.0
4847	19388000.0	112.0
4848	19392000.0	130.0
4849	19396000.0	122.0
4850	19400000.0	129.0
4851	19404000.0	152.0
4852	19408000.0	126.0
4853	19412000.0	131.0
4854	19416000.0	129.0
4855	19420000.0	128.0
4856	19424000.0	129.0
4857	19428000.0	141.0
4858	19432000.0	123.0
4859	19436000.0	126.0
4860	19440000.0	113.0
4861	19444000.0	153.0
4862	19448000.0	127.0
4863	19452000.0	134.0
4864	19456000.0	120.0
4865	19460000.0	138.0
4866	19464000.0	147.0
4867	19468000.0	116.0
4868	19472000.0	146.0
4869	19476000.0	125.0
4870	19480000.0	130.0
4871	19484000.0	133.0
4872	19488000.0	121.0
4873	19492000.0	108.0
4874	19496000.0	126.0
4875	19500000.0	110.0
4876	19504000.0	127.0
4877	19508000.0	118.0
4878	19512000.0	132.0
4879	19516000.0	123.0
4880	19520000.0	132.0
4881	19524000.0	138.0
4882	19528000.0	115.0
4883	19532000.0	134.0
4884	19536000.0	129.0
4885	19540000.0	111.0
4886	19544000.0	115.0
4887	19548000.0	130.0
4888	19552000.0	102.0
4889	19556000.0	113.0
4890	19560000.0	139.0
4891	19564000.0	138.0
4892	19568000.0	112.0
4893	19572000.0	124.0
4894	19576000.0	118.0
4895	19580000.0	128.0
4896	19584000.0	122.0
4897	19588000.0	119.0
4898	19592000.0	112.0
4899	19596000.0	133.0
4900	19600000.0	142.0
4901	19604000.0	141.0
4902	19608000.0	101.0
4903	19612000.0	117.0
4904	19616000.0	127.0
4905	19620000.0	133.0
4906	19624000.0	111.0
4907	19628000.0	123.0
4908	19632000.0	115.0
4909	19636000.0	111.0
4910	19640000.0	128.0
4911	19644000.0	124.0
4912	19648000.0	111.0
4913	19652000.0	127.0
4914	19656000.0	113.0
4915	19660000.0	114.0
4916	19664000.0	146.0
4917	19668000.0	120.0
4918	19672000.0	146.0
4919	19676000.0	128.0
4920	19680000.0	123.0
4921	19684000.0	128.0
4922	19688000.0	116.0
4923	19692000.0	129.0
4924	19696000.0	114.0
4925	19700000.0	139.0
4926	19704000.0	121.0
4927	19708000.0	105.0
4928	19712000.0	115.0
4929	19716000.0	128.0
4930	19720000.0	107.0
4931	19724000.0	134.0
4932	19728000.0	122.0
4933	19732000.0	138.0
4934	19736000.0	135.0
4935	19740000.0	119.0
4936	19744000.0	132.0
4937	19748000.0	117.0
4938	19752000.0	131.0
4939	19756000.0	122.0
4940	19760000.0	122.0
4941	19764000.0	130.0
4942	19768000.0	114.0
4943	19772000.0	121.0
4944	19776000.0	148.0
4945	19780000.0	114.0
4946	19784000.0	127.0
4947	19788000.0	117.0
4948	19792000.0	112.0
4949	19796000.0	129.0
4950	19800000.0	109.0
4951	19804000.0	134.0
4952	19808000.0	137.0
4953	19812000.0	127.0
4954	19816000.0	140.0
4955	19820000.0	135.0
4956	19824000.0	132.0
4957	19828000.0	136.0
4958	19832000.0	124.0
4959	19836000.0	117.0
4960	19840000.0	129.0
4961	19844000.0	119.0
4962	19848000.0	113.0
4963	19852000.0	131.0
4964	19856000.0	128.0
4965	19860000.0	133.0
4966	19864000.0	124.0
4967	19868000.0	127.0
4968	19872000.0	124.0
4969	19876000.0	132.0
4970	19880000.0	127.0
4971	19884000.0	133.0
4972	19888000.0	140.0
4973	19892000.0	119.0
4974	19896000.0	138.0
4975	19900000.0	127.0
4976	19904000.0	144.0
4977	19908000.0	135.0
4978	19912000.0	125.0
4979	19916000.0	130.0
4980	19920000.0	124.0
4981	19924000.0	117.0
4982	19928000.0	99.0
4983	19932000.0	123.0
4984	19936000.0	123.0
4985	19940000.0	124.0
4986	19944000.0	113.0
4987	19948000.0	123.0
4988	19952000.0	141.0
4989	19956000.0	122.0
4990	19960000.0	118.0
4991	19964000.0	119.0
4992	19968000.0	116.0
4993	19972000.0	114.0
4994	19976000.0	126.0
4995	19980000.0	128.0
4996	19984000.0	104.0
4997	19988000.0	98.0
4998	19992000.0	116.0
4999	19996000.0	110.0
5000	20000000.0	124.0
5001	20004000.0	128.0
5002	20008000.0	120.0
5003	20012000.0	150.0
5004	20016000.0	113.0
5005	20020000.0	118.0
5006	20024000.0	128.0
5007	20028000.0	123.0
5008	20032000.0	108.0
5009	20036000.0	112.0
5010	20040000.0	141.0
5011	20044000.0	124.0
5012	20048000.0	119.0
5013	20052000.0	134.0
5014	20056000.0	137.0
5015	20060000.0	129.0
5016	20064000.0	136.0
5017	20068000.0	128.0
5018	20072000.0	104.0
5019	20076000.0	138.0
5020	20080000.0	119.0
5021	20084000.0	128.0
5022	20088000.0	117.0
5023	20092000.0	117.0
5024	20096000.0	114.0
5025	20100000.0	128.0
5026	20104000.0	110.0
5027	20108000.0	115.0
5028	20112000.0	126.0
5029	20116000.0	116.0
5030	20120000.0	116.0
5031	20124000.0	105.0
5032	20128000.0	112.0
5033	20132000.0	140.0
5034	20136000.0	119.0
5035	20140000.0	118.0
5036	20144000.0	141.0
5037	20148000.0	120.0
5038	20152000.0	118.0
5039	20156000.0	131.0
5040	20160000.0	117.0
5041	20164000.0	126.0
5042	20168000.0	132.0
5043	20172000.0	114.0
5044	20176000.0	112.0
5045	20180000.0	108.0
5046	20184000.0	131.0
5047	20188000.0	115.0
5048	20192000.0	111.0
5049	20196000.0	132.0
5050	20200000.0	128.0
5051	20204000.0	132.0
5052	20208000.0	126.0
5053	20212000.0	109.0
5054	20216000.0	114.0
5055	20220000.0	113.0
5056	20224000.0	125.0
5057	20228000.0	106.0
5058	20232000.0	120.0
5059	20236000.0	124.0
5060	20240000.0	108.0
5061	20244000.0	147.0
5062	20248000.0	132.0
5063	20252000.0	140.0
5064	20256000.0	144.0
5065	20260000.0	144.0
5066	20264000.0	141.0
5067	20268000.0	120.0
5068	20272000.0	124.0
5069	20276000.0	129.0
5070	20280000.0	100.0
5071	20284000.0	129.0
5072	20288000.0	128.0
5073	20292000.0	124.0
5074	20296000.0	123.0
5075	20300000.0	123.0
5076	20304000.0	119.0
5077	20308000.0	103.0
5078	20312000.0	111.0
5079	20316000.0	107.0
5080	20320000.0	140.0
5081	20324000.0	126.0
5082	20328000.0	116.0
5083	20332000.0	122.0
5084	20336000.0	124.0
5085	20340000.0	122.0
5086	20344000.0	126.0
5087	20348000.0	122.0
5088	20352000.0	107.0
5089	20356000.0	111.0
5090	20360000.0	114.0
5091	20364000.0	104.0
5092	20368000.0	115.0
5093	20372000.0	111.0
5094	20376000.0	128.0
5095	20380000.0	119.0
5096	20384000.0	115.0
5097	20388000.0	127.0
5098	20392000.0	110.0
5099	20396000.0	133.0
5100	20400000.0	128.0
5101	20404000.0	139.0
5102	20408000.0	126.0
5103	20412000.0	133.0
5104	20416000.0	115.0
5105	20420000.0	140.0
5106	20424000.0	126.0
5107	20428000.0	128.0
5108	20432000.0	113.0
5109	20436000.0	131.0
5110	20440000.0	116.0
5111	20444000.0	108.0
5112	20448000.0	110.0
5113	20452000.0	119.0
5114	20456000.0	124.0
5115	20460000.0	114.0
5116	20464000.0	133.0
5117	20468000.0	145.0
5118	20472000.0	133.0
5119	20476000.0	132.0
5120	20480000.0	133.0
5121	20484000.0	106.0
5122	20488000.0	115.0
5123	20492000.0	130.0
5124	20496000.0	112.0
5125	20500000.0	119.0
5126	20504000.0	112.0
5127	20508000.0	118.0
5128	20512000.0	105.0
5129	20516000.0	129.0
5130	20520000.0	117.0
5131	20524000.0	119.0
5132	20528000.0	129.0
5133	20532000.0	91.0
5134	20536000.0	128.0
5135	20540000.0	130.0
5136	20544000.0	108.0
5137	20548000.0	135.0
5138	20552000.0	131.0
5139	20556000.0	115.0
5140	20560000.0	121.0
5141	20564000.0	106.0
5142	20568000.0	145.0
5143	20572000.0	128.0
5144	20576000.0	128.0
5145	20580000.0	116.0
5146	20584000.0	127.0
5147	20588000.0	114.0
5148	20592000.0	141.0
5149	20596000.0	128.0
5150	20600000.0	122.0
5151	20604000.0	142.0
5152	20608000.0	127.0
5153	20612000.0	107.0
5154	20616000.0	120.0
5155	20620000.0	136.0
5156	20624000.0	113.0
5157	20628000.0	101.0
5158	20632000.0	114.0
5159	20636000.0	117.0
5160	20640000.0	130.0
5161	20644000.0	129.0
5162	20648000.0	127.0
5163	20652000.0	121.0
5164	20656000.0	121.0
5165	20660000.0	112.0
5166	20664000.0	134.0
5167	20668000.0	138.0
5168	20672000.0	129.0
5169	20676000.0	120.0
5170	20680000.0	131.0
5171	20684000.0	122.0
5172	20688000.0	119.0
5173	20692000.0	132.0
5174	20696000.0	118.0
5175	20700000.0	122.0
5176	20704000.0	110.0
5177	20708000.0	124.0
5178	20712000.0	110.0
5179	20716000.0	120.0
5180	20720000.0	111.0
5181	20724000.0	143.0
5182	20728000.0	113.0
5183	20732000.0	117.0
5184	20736000.0	126.0
5185	20740000.0	131.0
5186	20744000.0	127.0
5187	20748000.0	128.0
5188	20752000.0	115.0
5189	20756000.0	125.0
5190	20760000.0	125.0
5191	20764000.0	119.0
5192	20768000.0	110.0
5193	20772000.0	135.0
5194	20776000.0	128.0
5195	20780000.0	130.0
5196	20784000.0	121.0
5197	20788000.0	99.0
5198	20792000.0	107.0
5199	20796000.0	118.0
5200	20800000.0	120.0
5201	20804000.0	104.0
5202	20808000.0	138.0
5203	20812000.0	118.0
5204	20816000.0	121.0
5205	20820000.0	137.0
5206	20824000.0	108.0
5207	20828000.0	115.0
5208	20832000.0	125.0
5209	20836000.0	126.0
5210	20840000.0	104.0
5211	20844000.0	140.0
5212	20848000.0	123.0
5213	20852000.0	122.0
5214	20856000.0	141.0
5215	20860000.0	130.0
5216	20864000.0	104.0
5217	20868000.0	116.0
5218	20872000.0	121.0
5219	20876000.0	123.0
5220	20880000.0	119.0
5221	20884000.0	137.0
5222	20888000.0	119.0
5223	20892000.0	112.0
5224	20896000.0	120.0
5225	20900000.0	105.0
5226	20904000.0	100.0
5227	20908000.0	113.0
5228	20912000.0	116.0
5229	20916000.0	113.0
5230	20920000.0	111.0
5231	20924000.0	127.0
5232	20928000.0	111.0
5233	20932000.0	115.0
5234	20936000.0	136.0
5235	20940000.0	111.0
5236	20944000.0	111.0
5237	20948000.0	142.0
5238	20952000.0	138.0
5239	20956000.0	124.0
5240	20960000.0	115.0
5241	20964000.0	105.0
5242	20968000.0	112.0
5243	20972000.0	130.0
5244	20976000.0	115.0
5245	20980000.0	115.0
5246	20984000.0	113.0
5247	20988000.0	132.0
5248	20992000.0	94.0
5249	20996000.0	103.0
5250	21000000.0	139.0
5251	21004000.0	122.0
5252	21008000.0	131.0
5253	21012000.0	119.0
5254	21016000.0	125.0
5255	21020000.0	117.0
5256	21024000.0	118.0
5257	21028000.0	112.0
5258	21032000.0	110.0
5259	21036000.0	130.0
5260	21040000.0	128.0
5261	21044000.0	114.0
5262	21048000.0	135.0
5263	21052000.0	122.0
5264	21056000.0	114.0
5265	21060000.0	122.0
5266	21064000.0	125.0
5267	21068000.0	123.0
5268	21072000.0	131.0
5269	21076000.0	128.0
5270	21080000.0	106.0
5271	21084000.0	124.0
5272	21088000.0	129.0
5273	21092000.0	121.0
5274	21096000.0	121.0
5275	21100000.0	114.0
5276	21104000.0	119.0
5277	21108000.0	144.0
5278	21112000.0	127.0
5279	21116000.0	114.0
5280	21120000.0	123.0
5281	21124000.0	131.0
5282	21128000.0	124.0
5283	21132000.0	130.0
5284	21136000.0	112.0
5285	21140000.0	129.0
5286	21144000.0	120.0
5287	21148000.0	126.0
5288	21152000.0	139.0
5289	21156000.0	97.0
5290	21160000.0	113.0
5291	21164000.0	112.0
5292	21168000.0	106.0
5293	21172000.0	116.0
5294	21176000.0	144.0
5295	21180000.0	119.0
5296	21184000.0	109.0
5297	21188000.0	119.0
5298	21192000.0	112.0
5299	21196000.0	147.0
5300	21200000.0	114.0
5301	21204000.0	127.0
5302	21208000.0	105.0
5303	21212000.0	110.0
5304	21216000.0	104.0
5305	21220000.0	104.0
5306	21224000.0	104.0
5307	21228000.0	92.0
5308	21232000.0	117.0
5309	21236000.0	132.0
5310	21240000.0	121.0
5311	21244000.0	126.0
5312	21248000.0	101.0
5313	21252000.0	124.0
5314	21256000.0	127.0
5315	21260000.0	120.0
5316	21264000.0	113.0
5317	21268000.0	126.0
5318	21272000.0	119.0
5319	21276000.0	118.0
5320	21280000.0	107.0
5321	21284000.0	105.0
5322	21288000.0	100.0
5323	21292000.0	123.0
5324	21296000.0	107.0
5325	21300000.0	116.0
5326	21304000.0	111.0
5327	21308000.0	95.0
5328	21312000.0	124.0
5329	21316000.0	125.0
5330	21320000.0	114.0
5331	21324000.0	111.0
5332	21328000.0	116.0
5333	21332000.0	97.0
5334	21336000.0	106.0
5335	21340000.0	120.0
5336	21344000.0	113.0
5337	21348000.0	126.0
5338	21352000.0	140.0
5339	21356000.0	127.0
5340	21360000.0	111.0
5341	21364000.0	107.0
5342	21368000.0	112.0
5343	21372000.0	101.0
5344	21376000.0	128.0
5345	21380000.0	132.0
5346	21384000.0	97.0
5347	21388000.0	123.0
5348	21392000.0	120.0
5349	21396000.0	106.0
5350	21400000.0	120.0
5351	21404000.0	110.0
5352	21408000.0	115.0
5353	21412000.0	102.0
5354	21416000.0	117.0
5355	21420000.0	112.0
5356	21424000.0	91.0
5357	21428000.0	110.0
5358	21432000.0	121.0
5359	21436000.0	123.0
5360	21440000.0	115.0
5361	21444000.0	111.0
5362	21448000.0	148.0
5363	21452000.0	124.0
5364	21456000.0	112.0
5365	21460000.0	118.0
5366	21464000.0	133.0
5367	21468000.0	122.0
5368	21472000.0	121.0
5369	21476000.0	96.0
5370	21480000.0	111.0
5371	21484000.0	116.0
5372	21488000.0	120.0
5373	21492000.0	117.0
5374	21496000.0	107.0
5375	21500000.0	118.0
5376	21504000.0	117.0
5377	21508000.0	126.0
5378	21512000.0	120.0
5379	21516000.0	124.0
5380	21520000.0	111.0
5381	21524000.0	96.0
5382	21528000.0	118.0
5383	21532000.0	120.0
5384	21536000.0	141.0
5385	21540000.0	110.0
5386	21544000.0	131.0
5387	21548000.0	97.0
5388	21552000.0	128.0
5389	21556000.0	104.0
5390	21560000.0	127.0
5391	21564000.0	111.0
5392	21568000.0	122.0
5393	21572000.0	111.0
5394	21576000.0	103.0
5395	21580000.0	130.0
5396	21584000.0	105.0
5397	21588000.0	112.0
5398	21592000.0	144.0
5399	21596000.0	108.0
5400	21600000.0	96.0
5401	21604000.0	131.0
5402	21608000.0	118.0
5403	21612000.0	132.0
5404	21616000.0	117.0
5405	21620000.0	115.0
5406	21624000.0	106.0
5407	21628000.0	131.0
5408	21632000.0	129.0
5409	21636000.0	112.0
5410	21640000.0	112.0
5411	21644000.0	111.0
5412	21648000.0	126.0
5413	21652000.0	113.0
5414	21656000.0	124.0
5415	21660000.0	120.0
5416	21664000.0	98.0
5417	21668000.0	109.0
5418	21672000.0	115.0
5419	21676000.0	108.0
5420	21680000.0	105.0
5421	21684000.0	113.0
5422	21688000.0	105.0
5423	21692000.0	108.0
5424	21696000.0	110.0
5425	21700000.0	119.0
5426	21704000.0	114.0
5427	21708000.0	106.0
5428	21712000.0	104.0
5429	21716000.0	110.0
5430	21720000.0	116.0
5431	21724000.0	116.0
5432	21728000.0	110.0
5433	21732000.0	117.0
5434	21736000.0	118.0
5435	21740000.0	138.0
5436	21744000.0	113.0
5437	21748000.0	91.0
5438	21752000.0	114.0
5439	21756000.0	116.0
5440	21760000.0	104.0
5441	21764000.0	125.0
5442	21768000.0	102.0
5443	21772000.0	113.0
5444	21776000.0	98.0
5445	21780000.0	114.0
5446	21784000.0	126.0
5447	21788000.0	125.0
5448	21792000.0	115.0
5449	21796000.0	106.0
5450	21800000.0	112.0
5451	21804000.0	107.0
5452	21808000.0	116.0
5453	21812000.0	116.0
5454	21816000.0	109.0
5455	21820000.0	130.0
5456	21824000.0	121.0
5457	21828000.0	143.0
5458	21832000.0	112.0
5459	21836000.0	111.0
5460	21840000.0	116.0
5461	21844000.0	132.0
5462	21848000.0	107.0
5463	21852000.0	116.0
5464	21856000.0	102.0
5465	21860000.0	114.0
5466	21864000.0	133.0
5467	21868000.0	122.0
5468	21872000.0	121.0
5469	21876000.0	110.0
5470	21880000.0	120.0
5471	21884000.0	111.0
5472	21888000.0	116.0
5473	21892000.0	116.0
5474	21896000.0	123.0
5475	21900000.0	122.0
5476	21904000.0	123.0
5477	21908000.0	105.0
5478	21912000.0	112.0
5479	21916000.0	124.0
5480	21920000.0	111.0
5481	21924000.0	106.0
5482	21928000.0	120.0
5483	21932000.0	115.0
5484	21936000.0	134.0
5485	21940000.0	116.0
5486	21944000.0	99.0
5487	21948000.0	129.0
5488	21952000.0	121.0
5489	21956000.0	109.0
5490	21960000.0	125.0
5491	21964000.0	111.0
5492	21968000.0	101.0
5493	21972000.0	105.0
5494	21976000.0	115.0
5495	21980000.0	114.0
5496	21984000.0	103.0
5497	21988000.0	115.0
5498	21992000.0	130.0
5499	21996000.0	117.0
5500	22000000.0	106.0
5501	22004000.0	105.0
5502	22008000.0	95.0
5503	22012000.0	95.0
5504	22016000.0	134.0
5505	22020000.0	124.0
5506	22024000.0	137.0
5507	22028000.0	108.0
5508	22032000.0	119.0
5509	22036000.0	105.0
5510	22040000.0	100.0
5511	22044000.0	109.0
5512	22048000.0	108.0
5513	22052000.0	115.0
5514	22056000.0	86.0
5515	22060000.0	105.0
5516	22064000.0	122.0
5517	22068000.0	121.0
5518	22072000.0	132.0
5519	22076000.0	106.0
5520	22080000.0	102.0
5521	22084000.0	121.0
5522	22088000.0	113.0
5523	22092000.0	111.0
5524	22096000.0	116.0
5525	22100000.0	126.0
5526	22104000.0	108.0
5527	22108000.0	100.0
5528	22112000.0	103.0
5529	22116000.0	129.0
5530	22120000.0	119.0
5531	22124000.0	104.0
5532	22128000.0	113.0
5533	22132000.0	115.0
5534	22136000.0	124.0
5535	22140000.0	117.0
5536	22144000.0	108.0
5537	22148000.0	115.0
5538	22152000.0	118.0
5539	22156000.0	103.0
5540	22160000.0	115.0
5541	22164000.0	123.0
5542	22168000.0	127.0
5543	22172000.0	106.0
5544	22176000.0	115.0
5545	22180000.0	100.0
5546	22184000.0	114.0
5547	22188000.0	117.0
5548	22192000.0	111.0
5549	22196000.0	114.0
5550	22200000.0	118.0
5551	22204000.0	121.0
5552	22208000.0	121.0
5553	22212000.0	98.0
5554	22216000.0	99.0
5555	22220000.0	122.0
5556	22224000.0	109.0
5557	22228000.0	92.0
5558	22232000.0	114.0
5559	22236000.0	118.0
5560	22240000.0	99.0
5561	22244000.0	125.0
5562	22248000.0	129.0
5563	22252000.0	98.0
5564	22256000.0	99.0
5565	22260000.0	122.0
5566	22264000.0	127.0
5567	22268000.0	119.0
5568	22272000.0	95.0
5569	22276000.0	132.0
5570	22280000.0	137.0
5571	22284000.0	107.0
5572	22288000.0	106.0
5573	22292000.0	125.0
5574	22296000.0	103.0
5575	22300000.0	100.0
5576	22304000.0	123.0
5577	22308000.0	102.0
5578	22312000.0	105.0
5579	22316000.0	106.0
5580	22320000.0	112.0
5581	22324000.0	121.0
5582	22328000.0	123.0
5583	22332000.0	108.0
5584	22336000.0	108.0
5585	22340000.0	115.0
5586	22344000.0	114.0
5587	22348000.0	121.0
5588	22352000.0	104.0
5589	22356000.0	97.0
5590	22360000.0	110.0
5591	22364000.0	125.0
5592	22368000.0	123.0
5593	22372000.0	111.0
5594	22376000.0	106.0
5595	22380000.0	113.0
5596	22384000.0	118.0
5597	22388000.0	102.0
5598	22392000.0	118.0
5599	22396000.0	114.0
5600	22400000.0	121.0
5601	22404000.0	121.0
5602	22408000.0	98.0
5603	22412000.0	127.0
5604	22416000.0	106.0
5605	22420000.0	123.0
5606	22424000.0	117.0
5607	22428000.0	94.0
5608	22432000.0	122.0
5609	22436000.0	113.0
5610	22440000.0	122.0
5611	22444000.0	113.0
5612	22448000.0	129.0
5613	22452000.0	86.0
5614	22456000.0	102.0
5615	22460000.0	106.0
5616	22464000.0	102.0
5617	22468000.0	99.0
5618	22472000.0	102.0
5619	22476000.0	117.0
5620	22480000.0	114.0
5621	22484000.0	95.0
5622	22488000.0	129.0
5623	22492000.0	95.0
5624	22496000.0	116.0
5625	22500000.0	126.0
5626	22504000.0	104.0
5627	22508000.0	116.0
5628	22512000.0	103.0
5629	22516000.0	113.0
5630	22520000.0	106.0
5631	22524000.0	110.0
5632	22528000.0	114.0
5633	22532000.0	107.0
5634	22536000.0	121.0
5635	22540000.0	105.0
5636	22544000.0	84.0
5637	22548000.0	113.0
5638	22552000.0	111.0
5639	22556000.0	106.0
5640	22560000.0	108.0
5641	22564000.0	115.0
5642	22568000.0	106.0
5643	22572000.0	127.0
5644	22576000.0	115.0
5645	22580000.0	108.0
5646	22584000.0	98.0
5647	22588000.0	118.0
5648	22592000.0	98.0
5649	22596000.0	101.0
5650	22600000.0	101.0
5651	22604000.0	84.0
5652	22608000.0	102.0
5653	22612000.0	102.0
5654	22616000.0	115.0
5655	22620000.0	101.0
5656	22624000.0	106.0
5657	22628000.0	112.0
5658	22632000.0	96.0
5659	22636000.0	117.0
5660	22640000.0	115.0
5661	22644000.0	115.0
5662	22648000.0	104.0
5663	22652000.0	121.0
5664	22656000.0	122.0
5665	22660000.0	99.0
5666	22664000.0	92.0
5667	22668000.0	118.0
5668	22672000.0	123.0
5669	22676000.0	123.0
5670	22680000.0	99.0
5671	22684000.0	103.0
5672	22688000.0	101.0
5673	22692000.0	98.0
5674	22696000.0	95.0
5675	22700000.0	95.0
5676	22704000.0	109.0
5677	22708000.0	108.0
5678	22712000.0	118.0
5679	22716000.0	117.0
5680	22720000.0	109.0
5681	22724000.0	118.0
5682	22728000.0	105.0
5683	22732000.0	111.0
5684	22736000.0	116.0
5685	22740000.0	110.0
5686	22744000.0	101.0
5687	22748000.0	103.0
5688	22752000.0	112.0
5689	22756000.0	86.0
5690	22760000.0	108.0
5691	22764000.0	118.0
5692	22768000.0	117.0
5693	22772000.0	118.0
5694	22776000.0	97.0
5695	22780000.0	101.0
5696	22784000.0	108.0
5697	22788000.0	107.0
5698	22792000.0	122.0
5699	22796000.0	106.0
5700	22800000.0	109.0
5701	22804000.0	90.0
5702	22808000.0	111.0
5703	22812000.0	111.0
5704	22816000.0	96.0
5705	22820000.0	110.0
5706	22824000.0	119.0
5707	22828000.0	127.0
5708	22832000.0	110.0
5709	22836000.0	101.0
5710	22840000.0	112.0
5711	22844000.0	107.0
5712	22848000.0	111.0
5713	22852000.0	107.0
5714	22856000.0	110.0
5715	22860000.0	108.0
5716	22864000.0	115.0
5717	22868000.0	112.0
5718	22872000.0	107.0
5719	22876000.0	111.0
5720	22880000.0	98.0
5721	22884000.0	95.0
5722	22888000.0	103.0
5723	22892000.0	99.0
5724	22896000.0	106.0
5725	22900000.0	110.0
5726	22904000.0	129.0
5727	22908000.0	105.0
5728	22912000.0	83.0
5729	22916000.0	103.0
5730	22920000.0	112.0
5731	22924000.0	87.0
5732	22928000.0	114.0
5733	22932000.0	92.0
5734	22936000.0	123.0
5735	22940000.0	115.0
5736	22944000.0	99.0
5737	22948000.0	101.0
5738	22952000.0	104.0
5739	22956000.0	117.0
5740	22960000.0	105.0
5741	22964000.0	111.0
5742	22968000.0	101.0
5743	22972000.0	115.0
5744	22976000.0	101.0
5745	22980000.0	97.0
5746	22984000.0	110.0
5747	22988000.0	123.0
5748	22992000.0	91.0
5749	22996000.0	108.0
5750	23000000.0	103.0
5751	23004000.0	106.0
5752	23008000.0	113.0
5753	23012000.0	126.0
5754	23016000.0	99.0
5755	23020000.0	116.0
5756	23024000.0	99.0
5757	23028000.0	99.0
5758	23032000.0	104.0
5759	23036000.0	101.0
5760	23040000.0	118.0
5761	23044000.0	117.0
5762	23048000.0	108.0
5763	23052000.0	108.0
5764	23056000.0	128.0
5765	23060000.0	85.0
5766	23064000.0	111.0
5767	23068000.0	106.0
5768	23072000.0	109.0
5769	23076000.0	110.0
5770	23080000.0	115.0
5771	23084000.0	107.0
5772	23088000.0	98.0
5773	23092000.0	102.0
5774	23096000.0	94.0
5775	23100000.0	129.0
5776	23104000.0	86.0
5777	23108000.0	100.0
5778	23112000.0	132.0
5779	23116000.0	102.0
5780	23120000.0	92.0
5781	23124000.0	101.0
5782	23128000.0	104.0
5783	23132000.0	90.0
5784	23136000.0	106.0
5785	23140000.0	94.0
5786	23144000.0	102.0
5787	23148000.0	120.0
5788	23152000.0	117.0
5789	23156000.0	105.0
5790	23160000.0	100.0
5791	23164000.0	112.0
5792	23168000.0	118.0
5793	23172000.0	137.0
5794	23176000.0	117.0
5795	23180000.0	98.0
5796	23184000.0	97.0
5797	23188000.0	102.0
5798	23192000.0	90.0
5799	23196000.0	112.0
5800	23200000.0	121.0
5801	23204000.0	99.0
5802	23208000.0	104.0
5803	23212000.0	93.0
5804	23216000.0	104.0
5805	23220000.0	105.0
5806	23224000.0	97.0
5807	23228000.0	101.0
5808	23232000.0	105.0
5809	23236000.0	90.0
5810	23240000.0	119.0
5811	23244000.0	94.0
5812	23248000.0	126.0
5813	23252000.0	92.0
5814	23256000.0	98.0
5815	23260000.0	110.0
5816	23264000.0	90.0
5817	23268000.0	113.0
5818	23272000.0	101.0
5819	23276000.0	98.0
5820	23280000.0	100.0
5821	23284000.0	107.0
5822	23288000.0	126.0
5823	23292000.0	106.0
5824	23296000.0	105.0
5825	23300000.0	113.0
5826	23304000.0	92.0
5827	23308000.0	108.0
5828	23312000.0	106.0
5829	23316000.0	88.0
5830	23320000.0	114.0
5831	23324000.0	117.0
5832	23328000.0	106.0
5833	23332000.0	109.0
5834	23336000.0	110.0
5835	23340000.0	101.0
5836	23344000.0	88.0
5837	23348000.0	105.0
5838	23352000.0	124.0
5839	23356000.0	106.0
5840	23360000.0	117.0
5841	23364000.0	97.0
5842	23368000.0	115.0
5843	23372000.0	111.0
5844	23376000.0	106.0
5845	23380000.0	101.0
5846	23384000.0	102.0
5847	23388000.0	120.0
5848	23392000.0	112.0
5849	23396000.0	102.0
5850	23400000.0	100.0
5851	23404000.0	111.0
5852	23408000.0	114.0
5853	23412000.0	129.0
5854	23416000.0	91.0
5855	23420000.0	125.0
5856	23424000.0	104.0
5857	23428000.0	105.0
5858	23432000.0	97.0
5859	23436000.0	123.0
5860	23440000.0	109.0
5861	23444000.0	92.0
5862	23448000.0	94.0
5863	23452000.0	94.0
5864	23456000.0	100.0
5865	23460000.0	85.0
5866	23464000.0	116.0
5867	23468000.0	97.0
5868	23472000.0	110.0
5869	23476000.0	121.0
5870	23480000.0	86.0
5871	23484000.0	112.0
5872	23488000.0	118.0
5873	23492000.0	116.0
5874	23496000.0	95.0
5875	23500000.0	112.0
5876	23504000.0	93.0
5877	23508000.0	106.0
5878	23512000.0	105.0
5879	23516000.0	102.0
5880	23520000.0	100.0
5881	23524000.0	82.0
5882	23528000.0	97.0
5883	23532000.0	103.0
5884	23536000.0	96.0
5885	23540000.0	95.0
5886	23544000.0	111.0
5887	23548000.0	118.0
5888	23552000.0	88.0
5889	23556000.0	89.0
5890	23560000.0	121.0
5891	23564000.0	117.0
5892	23568000.0	88.0
5893	23572000.0	91.0
5894	23576000.0	87.0
5895	23580000.0	95.0
5896	23584000.0	124.0
5897	23588000.0	96.0
5898	23592000.0	97.0
5899	23596000.0	122.0
5900	23600000.0	107.0
5901	23604000.0	93.0
5902	23608000.0	111.0
5903	23612000.0	105.0
5904	23616000.0	100.0
5905	23620000.0	94.0
5906	23624000.0	109.0
5907	23628000.0	107.0
5908	23632000.0	105.0
5909	23636000.0	105.0
5910	23640000.0	104.0
5911	23644000.0	122.0
5912	23648000.0	117.0
5913	23652000.0	103.0
5914	23656000.0	93.0
5915	23660000.0	105.0
5916	23664000.0	102.0
5917	23668000.0	97.0
5918	23672000.0	111.0
5919	23676000.0	94.0
5920	23680000.0	100.0
5921	23684000.0	97.0
5922	23688000.0	87.0
5923	23692000.0	98.0
5924	23696000.0	105.0
5925	23700000.0	81.0
5926	23704000.0	88.0
5927	23708000.0	95.0
5928	23712000.0	103.0
5929	23716000.0	115.0
5930	23720000.0	110.0
5931	23724000.0	96.0
5932	23728000.0	100.0
5933	23732000.0	107.0
5934	23736000.0	102.0
5935	23740000.0	110.0
5936	23744000.0	101.0
5937	23748000.0	97.0
5938	23752000.0	85.0
5939	23756000.0	100.0
5940	23760000.0	100.0
5941	23764000.0	112.0
5942	23768000.0	102.0
5943	23772000.0	97.0
5944	23776000.0	97.0
5945	23780000.0	103.0
5946	23784000.0	88.0
5947	23788000.0	119.0
5948	23792000.0	103.0
5949	23796000.0	92.0
5950	23800000.0	101.0
5951	23804000.0	86.0
5952	23808000.0	111.0
5953	23812000.0	108.0
5954	23816000.0	133.0
5955	23820000.0	94.0
5956	23824000.0	108.0
5957	23828000.0	101.0
5958	23832000.0	100.0
5959	23836000.0	116.0
5960	23840000.0	102.0
5961	23844000.0	78.0
5962	23848000.0	88.0
5963	23852000.0	98.0
5964	23856000.0	98.0
5965	23860000.0	106.0
5966	23864000.0	94.0
5967	23868000.0	88.0
5968	23872000.0	80.0
5969	23876000.0	104.0
5970	23880000.0	87.0
5971	23884000.0	111.0
5972	23888000.0	98.0
5973	23892000.0	106.0
5974	23896000.0	112.0
5975	23900000.0	114.0
5976	23904000.0	102.0
5977	23908000.0	100.0
5978	23912000.0	100.0
5979	23916000.0	91.0
5980	23920000.0	96.0
5981	23924000.0	115.0
5982	23928000.0	104.0
5983	23932000.0	121.0
5984	23936000.0	113.0
5985	23940000.0	106.0
5986	23944000.0	98.0
5987	23948000.0	111.0
5988	23952000.0	107.0
5989	23956000.0	102.0
5990	23960000.0	91.0
5991	23964000.0	109.0
5992	23968000.0	98.0
5993	23972000.0	113.0
5994	23976000.0	94.0
5995	23980000.0	122.0
5996	23984000.0	107.0
5997	23988000.0	90.0
5998	23992000.0	100.0
5999	23996000.0	94.0
6000	24000000.0	102.0
6001	24004000.0	111.0
6002	24008000.0	100.0
6003	24012000.0	87.0
6004	24016000.0	84.0
6005	24020000.0	95.0
6006	24024000.0	118.0
6007	24028000.0	90.0
6008	24032000.0	108.0
6009	24036000.0	102.0
6010	24040000.0	94.0
6011	24044000.0	107.0
6012	24048000.0	111.0
6013	24052000.0	87.0
6014	24056000.0	115.0
6015	24060000.0	109.0
6016	24064000.0	103.0
6017	24068000.0	101.0
6018	24072000.0	98.0
6019	24076000.0	98.0
6020	24080000.0	94.0
6021	24084000.0	109.0
6022	24088000.0	108.0
6023	24092000.0	93.0
6024	24096000.0	109.0
6025	24100000.0	106.0
6026	24104000.0	99.0
6027	24108000.0	98.0
6028	24112000.0	121.0
6029	24116000.0	99.0
6030	24120000.0	104.0
6031	24124000.0	105.0
6032	24128000.0	111.0
6033	24132000.0	71.0
6034	24136000.0	106.0
6035	24140000.0	97.0
6036	24144000.0	103.0
6037	24148000.0	102.0
6038	24152000.0	101.0
6039	24156000.0	108.0
6040	24160000.0	94.0
6041	24164000.0	102.0
6042	24168000.0	113.0
6043	24172000.0	97.0
6044	24176000.0	94.0
6045	24180000.0	110.0
6046	24184000.0	112.0
6047	24188000.0	117.0
6048	24192000.0	91.0
6049	24196000.0	106.0
6050	24200000.0	96.0
6051	24204000.0	93.0
6052	24208000.0	89.0
6053	24212000.0	93.0
6054	24216000.0	103.0
6055	24220000.0	87.0
6056	24224000.0	110.0
6057	24228000.0	101.0
6058	24232000.0	102.0
6059	24236000.0	111.0
6060	24240000.0	106.0
6061	24244000.0	96.0
6062	24248000.0	97.0
6063	24252000.0	94.0
6064	24256000.0	110.0
6065	24260000.0	94.0
6066	24264000.0	108.0
6067	24268000.0	93.0
6068	24272000.0	85.0
6069	24276000.0	103.0
6070	24280000.0	104.0
6071	24284000.0	96.0
6072	24288000.0	103.0
6073	24292000.0	95.0
6074	24296000.0	93.0
6075	24300000.0	105.0
6076	24304000.0	87.0
6077	24308000.0	110.0
6078	24312000.0	83.0
6079	24316000.0	115.0
6080	24320000.0	109.0
6081	24324000.0	86.0
6082	24328000.0	91.0
6083	24332000.0	106.0
6084	24336000.0	101.0
6085	24340000.0	96.0
6086	24344000.0	109.0
6087	24348000.0	102.0
6088	24352000.0	103.0
6089	24356000.0	95.0
6090	24360000.0	81.0
6091	24364000.0	101.0
6092	24368000.0	113.0
6093	24372000.0	95.0
6094	24376000.0	101.0
6095	24380000.0	111.0
6096	24384000.0	95.0
6097	24388000.0	94.0
6098	24392000.0	103.0
6099	24396000.0	102.0
6100	24400000.0	118.0
6101	24404000.0	88.0
6102	24408000.0	97.0
6103	24412000.0	105.0
6104	24416000.0	106.0
6105	24420000.0	101.0
6106	24424000.0	96.0
6107	24428000.0	94.0
6108	24432000.0	92.0
6109	24436000.0	116.0
6110	24440000.0	106.0
6111	24444000.0	107.0
6112	24448000.0	104.0
6113	24452000.0	101.0
6114	24456000.0	93.0
6115	24460000.0	76.0
6116	24464000.0	89.0
6117	24468000.0	77.0
6118	24472000.0	91.0
6119	24476000.0	84.0
6120	24480000.0	93.0
6121	24484000.0	105.0
6122	24488000.0	97.0
6123	24492000.0	102.0
6124	24496000.0	78.0
6125	24500000.0	114.0
6126	24504000.0	88.0
6127	24508000.0	108.0
6128	24512000.0	103.0
6129	24516000.0	99.0
6130	24520000.0	117.0
6131	24524000.0	93.0
6132	24528000.0	91.0
6133	24532000.0	97.0
6134	24536000.0	105.0
6135	24540000.0	84.0
6136	24544000.0	119.0
6137	24548000.0	88.0
6138	24552000.0	89.0
6139	24556000.0	110.0
6140	24560000.0	96.0
6141	24564000.0	81.0
6142	24568000.0	89.0
6143	24572000.0	92.0
6144	24576000.0	100.0
6145	24580000.0	98.0
6146	24584000.0	116.0
6147	24588000.0	114.0
6148	24592000.0	105.0
6149	24596000.0	94.0
6150	24600000.0	95.0
6151	24604000.0	108.0
6152	24608000.0	101.0
6153	24612000.0	101.0
6154	24616000.0	112.0
6155	24620000.0	85.0
6156	24624000.0	89.0
6157	24628000.0	87.0
6158	24632000.0	79.0
6159	24636000.0	94.0
6160	24640000.0	97.0
6161	24644000.0	98.0
6162	24648000.0	99.0
6163	24652000.0	106.0
6164	24656000.0	101.0
6165	24660000.0	98.0
6166	24664000.0	95.0
6167	24668000.0	95.0
6168	24672000.0	105.0
6169	24676000.0	96.0
6170	24680000.0	103.0
6171	24684000.0	98.0
6172	24688000.0	102.0
6173	24692000.0	94.0
6174	24696000.0	89.0
6175	24700000.0	96.0
6176	24704000.0	94.0
6177	24708000.0	103.0
6178	24712000.0	97.0
6179	24716000.0	104.0
6180	24720000.0	100.0
6181	24724000.0	97.0
6182	24728000.0	97.0
6183	24732000.0	104.0
6184	24736000.0	107.0
6185	24740000.0	86.0
6186	24744000.0	104.0
6187	24748000.0	103.0
6188	24752000.0	102.0
6189	24756000.0	93.0
6190	24760000.0	83.0
6191	24764000.0	94.0
6192	24768000.0	95.0
6193	24772000.0	108.0
6194	24776000.0	97.0
6195	24780000.0	103.0
6196	24784000.0	113.0
6197	24788000.0	82.0
6198	24792000.0	122.0
6199	24796000.0	97.0
6200	24800000.0	123.0
6201	24804000.0	106.0
6202	24808000.0	93.0
6203	24812000.0	89.0
6204	24816000.0	95.0
6205	24820000.0	104.0
6206	24824000.0	85.0
6207	24828000.0	101.0
6208	24832000.0	101.0
6209	24836000.0	94.0
6210	24840000.0	103.0
6211	24844000.0	94.0
6212	24848000.0	71.0
6213	24852000.0	125.0
6214	24856000.0	99.0
6215	24860000.0	93.0
6216	24864000.0	98.0
6217	24868000.0	110.0
6218	24872000.0	104.0
6219	24876000.0	94.0
6220	24880000.0	78.0
6221	24884000.0	106.0
6222	24888000.0	90.0
6223	24892000.0	86.0
6224	24896000.0	96.0
6225	24900000.0	87.0
6226	24904000.0	104.0
6227	24908000.0	79.0
6228	24912000.0	87.0
6229	24916000.0	84.0
6230	24920000.0	102.0
6231	24924000.0	98.0
6232	24928000.0	88.0
6233	24932000.0	88.0
6234	24936000.0	109.0
6235	24940000.0	86.0
6236	24944000.0	111.0
6237	24948000.0	96.0
6238	24952000.0	98.0
6239	24956000.0	93.0
6240	24960000.0	93.0
6241	24964000.0	82.0
6242	24968000.0	93.0
6243	24972000.0	95.0
6244	24976000.0	94.0
6245	24980000.0	100.0
6246	24984000.0	93.0
6247	24988000.0	82.0
6248	24992000.0	99.0
6249	24996000.0	90.0
6250	25000000.0	108.0
6251	25004000.0	119.0
6252	25008000.0	88.0
6253	25012000.0	90.0
6254	25016000.0	105.0
6255	25020000.0	102.0
6256	25024000.0	120.0
6257	25028000.0	86.0
6258	25032000.0	106.0
6259	25036000.0	85.0
6260	25040000.0	88.0
6261	25044000.0	100.0
6262	25048000.0	88.0
6263	25052000.0	94.0
6264	25056000.0	106.0
6265	25060000.0	105.0
6266	25064000.0	80.0
6267	25068000.0	105.0
6268	25072000.0	104.0
6269	25076000.0	103.0
6270	25080000.0	105.0
6271	25084000.0	90.0
6272	25088000.0	102.0
6273	25092000.0	97.0
6274	25096000.0	101.0
6275	25100000.0	97.0
6276	25104000.0	98.0
6277	25108000.0	102.0
6278	25112000.0	106.0
6279	25116000.0	80.0
6280	25120000.0	96.0
6281	25124000.0	97.0
6282	25128000.0	91.0
6283	25132000.0	96.0
6284	25136000.0	83.0
6285	25140000.0	94.0
6286	25144000.0	90.0
6287	25148000.0	121.0
6288	25152000.0	94.0
6289	25156000.0	115.0
6290	25160000.0	99.0
6291	25164000.0	88.0
6292	25168000.0	108.0
6293	25172000.0	102.0
6294	25176000.0	108.0
6295	25180000.0	82.0
6296	25184000.0	98.0
6297	25188000.0	111.0
6298	25192000.0	96.0
6299	25196000.0	85.0
6300	25200000.0	97.0
6301	25204000.0	86.0
6302	25208000.0	92.0
6303	25212000.0	94.0
6304	25216000.0	89.0
6305	25220000.0	114.0
6306	25224000.0	76.0
6307	25228000.0	90.0
6308	25232000.0	82.0
6309	25236000.0	90.0
6310	25240000.0	95.0
6311	25244000.0	103.0
6312	25248000.0	105.0
6313	25252000.0	87.0
6314	25256000.0	85.0
6315	25260000.0	80.0
6316	25264000.0	90.0
6317	25268000.0	108.0
6318	25272000.0	97.0
6319	25276000.0	104.0
6320	25280000.0	101.0
6321	25284000.0	92.0
6322	25288000.0	100.0
6323	25292000.0	94.0
6324	25296000.0	73.0
6325	25300000.0	87.0
6326	25304000.0	89.0
6327	25308000.0	92.0
6328	25312000.0	93.0
6329	25316000.0	84.0
6330	25320000.0	108.0
6331	25324000.0	110.0
6332	25328000.0	89.0
6333	25332000.0	105.0
6334	25336000.0	108.0
6335	25340000.0	98.0
6336	25344000.0	102.0
6337	25348000.0	84.0
6338	25352000.0	91.0
6339	25356000.0	107.0
6340	25360000.0	91.0
6341	25364000.0	90.0
6342	25368000.0	88.0
6343	25372000.0	98.0
6344	25376000.0	83.0
6345	25380000.0	110.0
6346	25384000.0	100.0
6347	25388000.0	112.0
6348	25392000.0	99.0
6349	25396000.0	89.0
6350	25400000.0	99.0
6351	25404000.0	98.0
6352	25408000.0	93.0
6353	25412000.0	90.0
6354	25416000.0	94.0
6355	25420000.0	96.0
6356	25424000.0	114.0
6357	25428000.0	97.0
6358	25432000.0	84.0
6359	25436000.0	109.0
6360	25440000.0	109.0
6361	25444000.0	78.0
6362	25448000.0	93.0
6363	25452000.0	102.0
6364	25456000.0	89.0
6365	25460000.0	90.0
6366	25464000.0	116.0
6367	25468000.0	101.0
6368	25472000.0	106.0
6369	25476000.0	93.0
6370	25480000.0	88.0
6371	25484000.0	106.0
6372	25488000.0	96.0
6373	25492000.0	111.0
6374	25496000.0	89.0
6375	25500000.0	78.0
6376	25504000.0	93.0
6377	25508000.0	86.0
6378	25512000.0	87.0
6379	25516000.0	79.0
6380	25520000.0	97.0
6381	25524000.0	119.0
6382	25528000.0	101.0
6383	25532000.0	81.0
6384	25536000.0	99.0
6385	25540000.0	91.0
6386	25544000.0	95.0
6387	25548000.0	94.0
6388	25552000.0	91.0
6389	25556000.0	93.0
6390	25560000.0	95.0
6391	25564000.0	82.0
6392	25568000.0	86.0
6393	25572000.0	96.0
6394	25576000.0	83.0
6395	25580000.0	101.0
6396	25584000.0	96.0
6397	25588000.0	97.0
6398	25592000.0	95.0
6399	25596000.0	96.0
6400	25600000.0	97.0
6401	25604000.0	98.0
6402	25608000.0	97.0
6403	25612000.0	101.0
6404	25616000.0	94.0
6405	25620000.0	87.0
6406	25624000.0	117.0
6407	25628000.0	76.0
6408	25632000.0	91.0
6409	25636000.0	90.0
6410	25640000.0	101.0
6411	25644000.0	80.0
6412	25648000.0	93.0
6413	25652000.0	101.0
6414	25656000.0	79.0
6415	25660000.0	107.0
6416	25664000.0	89.0
6417	25668000.0	101.0
6418	25672000.0	87.0
6419	25676000.0	86.0
6420	25680000.0	94.0
6421	25684000.0	73.0
6422	25688000.0	92.0
6423	25692000.0	107.0
6424	25696000.0	87.0
6425	25700000.0	95.0
6426	25704000.0	89.0
6427	25708000.0	100.0
6428	25712000.0	87.0
6429	25716000.0	85.0
6430	25720000.0	80.0
6431	25724000.0	101.0
6432	25728000.0	95.0
6433	25732000.0	93.0
6434	25736000.0	91.0
6435	25740000.0	99.0
6436	25744000.0	86.0
6437	25748000.0	108.0
6438	25752000.0	109.0
6439	25756000.0	80.0
6440	25760000.0	105.0
6441	25764000.0	76.0
6442	25768000.0	92.0
6443	25772000.0	90.0
6444	25776000.0	108.0
6445	25780000.0	91.0
6446	25784000.0	81.0
6447	25788000.0	100.0
6448	25792000.0	96.0
6449	25796000.0	95.0
6450	25800000.0	80.0
6451	25804000.0	86.0
6452	25808000.0	93.0
6453	25812000.0	72.0
6454	25816000.0	99.0
6455	25820000.0	105.0
6456	25824000.0	69.0
6457	25828000.0	93.0
6458	25832000.0	88.0
6459	25836000.0	83.0
6460	25840000.0	83.0
6461	25844000.0	95.0
6462	25848000.0	94.0
6463	25852000.0	102.0
6464	25856000.0	110.0
6465	25860000.0	96.0
6466	25864000.0	77.0
6467	25868000.0	90.0
6468	25872000.0	85.0
6469	25876000.0	100.0
6470	25880000.0	109.0
6471	25884000.0	90.0
6472	25888000.0	98.0
6473	25892000.0	96.0
6474	25896000.0	86.0
6475	25900000.0	88.0
6476	25904000.0	96.0
6477	25908000.0	78.0
6478	25912000.0	95.0
6479	25916000.0	86.0
6480	25920000.0	88.0
6481	25924000.0	91.0
6482	25928000.0	83.0
6483	25932000.0	90.0
6484	25936000.0	96.0
6485	25940000.0	80.0
6486	25944000.0	85.0
6487	25948000.0	77.0
6488	25952000.0	97.0
6489	25956000.0	89.0
6490	25960000.0	80.0
6491	25964000.0	81.0
6492	25968000.0	109.0
6493	25972000.0	85.0
6494	25976000.0	89.0
6495	25980000.0	101.0
6496	25984000.0	82.0
6497	25988000.0	81.0
6498	25992000.0	85.0
6499	25996000.0	72.0
6500	26000000.0	85.0
6501	26004000.0	104.0
6502	26008000.0	99.0
6503	26012000.0	108.0
6504	26016000.0	98.0
6505	26020000.0	83.0
6506	26024000.0	83.0
6507	26028000.0	100.0
6508	26032000.0	90.0
6509	26036000.0	85.0
6510	26040000.0	83.0
6511	26044000.0	89.0
6512	26048000.0	78.0
6513	26052000.0	93.0
6514	26056000.0	88.0
6515	26060000.0	101.0
6516	26064000.0	78.0
6517	26068000.0	77.0
6518	26072000.0	77.0
6519	26076000.0	70.0
6520	26080000.0	91.0
6521	26084000.0	97.0
6522	26088000.0	84.0
6523	26092000.0	82.0
6524	26096000.0	90.0
6525	26100000.0	93.0
6526	26104000.0	79.0
6527	26108000.0	105.0
6528	26112000.0	86.0
6529	26116000.0	82.0
6530	26120000.0	92.0
6531	26124000.0	106.0
6532	26128000.0	80.0
6533	26132000.0	88.0
6534	26136000.0	85.0
6535	26140000.0	100.0
6536	26144000.0	92.0
6537	26148000.0	97.0
6538	26152000.0	92.0
6539	26156000.0	81.0
6540	26160000.0	81.0
6541	26164000.0	91.0
6542	26168000.0	83.0
6543	26172000.0	89.0
6544	26176000.0	103.0
6545	26180000.0	95.0
6546	26184000.0	97.0
6547	26188000.0	95.0
6548	26192000.0	93.0
6549	26196000.0	95.0
6550	26200000.0	84.0
6551	26204000.0	90.0
6552	26208000.0	70.0
6553	26212000.0	91.0
6554	26216000.0	86.0
6555	26220000.0	94.0
6556	26224000.0	112.0
6557	26228000.0	93.0
6558	26232000.0	92.0
6559	26236000.0	94.0
6560	26240000.0	86.0
6561	26244000.0	92.0
6562	26248000.0	84.0
6563	26252000.0	68.0
6564	26256000.0	97.0
6565	26260000.0	79.0
6566	26264000.0	89.0
6567	26268000.0	73.0
6568	26272000.0	89.0
6569	26276000.0	80.0
6570	26280000.0	88.0
6571	26284000.0	90.0
6572	26288000.0	71.0
6573	26292000.0	92.0
6574	26296000.0	88.0
6575	26300000.0	76.0
6576	26304000.0	105.0
6577	26308000.0	96.0
6578	26312000.0	94.0
6579	26316000.0	94.0
6580	26320000.0	97.0
6581	26324000.0	80.0
6582	26328000.0	79.0
6583	26332000.0	68.0
6584	26336000.0	96.0
6585	26340000.0	72.0
6586	26344000.0	96.0
6587	26348000.0	92.0
6588	26352000.0	77.0
6589	26356000.0	91.0
6590	26360000.0	89.0
6591	26364000.0	89.0
6592	26368000.0	86.0
6593	26372000.0	86.0
6594	26376000.0	86.0
6595	26380000.0	95.0
6596	26384000.0	90.0
6597	26388000.0	89.0
6598	26392000.0	100.0
6599	26396000.0	80.0
6600	26400000.0	82.0
6601	26404000.0	86.0
6602	26408000.0	97.0
6603	26412000.0	94.0
6604	26416000.0	91.0
6605	26420000.0	95.0
6606	26424000.0	99.0
6607	26428000.0	90.0
6608	26432000.0	86.0
6609	26436000.0	82.0
6610	26440000.0	72.0
6611	26444000.0	89.0
6612	26448000.0	86.0
6613	26452000.0	84.0
6614	26456000.0	97.0
6615	26460000.0	99.0
6616	26464000.0	86.0
6617	26468000.0	92.0
6618	26472000.0	86.0
6619	26476000.0	85.0
6620	26480000.0	91.0
6621	26484000.0	84.0
6622	26488000.0	92.0
6623	26492000.0	87.0
6624	26496000.0	110.0
6625	26500000.0	71.0
6626	26504000.0	96.0
6627	26508000.0	87.0
6628	26512000.0	87.0
6629	26516000.0	72.0
6630	26520000.0	88.0
6631	26524000.0	77.0
6632	26528000.0	87.0
6633	26532000.0	87.0
6634	26536000.0	70.0
6635	26540000.0	90.0
6636	26544000.0	88.0
6637	26548000.0	73.0
6638	26552000.0	71.0
6639	26556000.0	83.0
6640	26560000.0	100.0
6641	26564000.0	85.0
6642	26568000.0	93.0
6643	26572000.0	83.0
6644	26576000.0	86.0
6645	26580000.0	84.0
6646	26584000.0	72.0
6647	26588000.0	109.0
6648	26592000.0	97.0
6649	26596000.0	109.0
6650	26600000.0	106.0
6651	26604000.0	95.0
6652	26608000.0	87.0
6653	26612000.0	103.0
6654	26616000.0	76.0
6655	26620000.0	99.0
6656	26624000.0	101.0
6657	26628000.0	97.0
6658	26632000.0	88.0
6659	26636000.0	91.0
6660	26640000.0	62.0
6661	26644000.0	77.0
6662	26648000.0	110.0
6663	26652000.0	94.0
6664	26656000.0	103.0
6665	26660000.0	83.0
6666	26664000.0	102.0
6667	26668000.0	73.0
6668	26672000.0	90.0
6669	26676000.0	85.0
6670	26680000.0	110.0
6671	26684000.0	84.0
6672	26688000.0	71.0
6673	26692000.0	79.0
6674	26696000.0	87.0
6675	26700000.0	90.0
6676	26704000.0	91.0
6677	26708000.0	101.0
6678	26712000.0	81.0
6679	26716000.0	101.0
6680	26720000.0	108.0
6681	26724000.0	85.0
6682	26728000.0	74.0
6683	26732000.0	87.0
6684	26736000.0	84.0
6685	26740000.0	85.0
6686	26744000.0	74.0
6687	26748000.0	79.0
6688	26752000.0	87.0
6689	26756000.0	90.0
6690	26760000.0	85.0
6691	26764000.0	90.0
6692	26768000.0	85.0
6693	26772000.0	86.0
6694	26776000.0	72.0
6695	26780000.0	88.0
6696	26784000.0	99.0
6697	26788000.0	97.0
6698	26792000.0	92.0
6699	26796000.0	85.0
6700	26800000.0	87.0
6701	26804000.0	95.0
6702	26808000.0	79.0
6703	26812000.0	84.0
6704	26816000.0	89.0
6705	26820000.0	79.0
6706	26824000.0	100.0
6707	26828000.0	88.0
6708	26832000.0	100.0
6709	26836000.0	83.0
6710	26840000.0	102.0
6711	26844000.0	79.0
6712	26848000.0	85.0
6713	26852000.0	97.0
6714	26856000.0	87.0
6715	26860000.0	77.0
6716	26864000.0	97.0
6717	26868000.0	80.0
6718	26872000.0	88.0
6719	26876000.0	92.0
6720	26880000.0	79.0
6721	26884000.0	84.0
6722	26888000.0	79.0
6723	26892000.0	84.0
6724	26896000.0	89.0
6725	26900000.0	92.0
6726	26904000.0	80.0
6727	26908000.0	83.0
6728	26912000.0	85.0
6729	26916000.0	89.0
6730	26920000.0	103.0
6731	26924000.0	77.0
6732	26928000.0	98.0
6733	26932000.0	79.0
6734	26936000.0	84.0
6735	26940000.0	82.0
6736	26944000.0	82.0
6737	26948000.0	97.0
6738	26952000.0	94.0
6739	26956000.0	83.0
6740	26960000.0	81.0
6741	26964000.0	94.0
6742	26968000.0	90.0
6743	26972000.0	80.0
6744	26976000.0	90.0
6745	26980000.0	83.0
6746	26984000.0	96.0
6747	26988000.0	87.0
6748	26992000.0	89.0
6749	26996000.0	80.0
6750	27000000.0	90.0
6751	27004000.0	79.0
6752	27008000.0	92.0
6753	27012000.0	87.0
6754	27016000.0	71.0
6755	27020000.0	98.0
6756	27024000.0	95.0
6757	27028000.0	73.0
6758	27032000.0	105.0
6759	27036000.0	76.0
6760	27040000.0	83.0
6761	27044000.0	76.0
6762	27048000.0	90.0
6763	27052000.0	93.0
6764	27056000.0	79.0
6765	27060000.0	96.0
6766	27064000.0	68.0
6767	27068000.0	113.0
6768	27072000.0	68.0
6769	27076000.0	99.0
6770	27080000.0	89.0
6771	27084000.0	92.0
6772	27088000.0	91.0
6773	27092000.0	96.0
6774	27096000.0	94.0
6775	27100000.0	102.0
6776	27104000.0	93.0
6777	27108000.0	73.0
6778	27112000.0	95.0
6779	27116000.0	81.0
6780	27120000.0	74.0
6781	27124000.0	99.0
6782	27128000.0	84.0
6783	27132000.0	97.0
6784	27136000.0	98.0
6785	27140000.0	79.0
6786	27144000.0	92.0
6787	27148000.0	89.0
6788	27152000.0	79.0
6789	27156000.0	110.0
6790	27160000.0	89.0
6791	27164000.0	75.0
6792	27168000.0	77.0
6793	27172000.0	99.0
6794	27176000.0	82.0
6795	27180000.0	101.0
6796	27184000.0	88.0
6797	27188000.0	94.0
6798	27192000.0	75.0
6799	27196000.0	77.0
6800	27200000.0	90.0
6801	27204000.0	71.0
6802	27208000.0	85.0
6803	27212000.0	74.0
6804	27216000.0	80.0
6805	27220000.0	94.0
6806	27224000.0	86.0
6807	27228000.0	76.0
6808	27232000.0	86.0
6809	27236000.0	82.0
6810	27240000.0	70.0
6811	27244000.0	80.0
6812	27248000.0	75.0
6813	27252000.0	86.0
6814	27256000.0	92.0
6815	27260000.0	77.0
6816	27264000.0	88.0
6817	27268000.0	82.0
6818	27272000.0	90.0
6819	27276000.0	90.0
6820	27280000.0	91.0
6821	27284000.0	101.0
6822	27288000.0	105.0
6823	27292000.0	79.0
6824	27296000.0	93.0
6825	27300000.0	88.0
6826	27304000.0	75.0
6827	27308000.0	86.0
6828	27312000.0	82.0
6829	27316000.0	74.0
6830	27320000.0	71.0
6831	27324000.0	78.0
6832	27328000.0	83.0
6833	27332000.0	87.0
6834	27336000.0	96.0
6835	27340000.0	73.0
6836	27344000.0	89.0
6837	27348000.0	112.0
6838	27352000.0	84.0
6839	27356000.0	98.0
6840	27360000.0	97.0
6841	27364000.0	95.0
6842	27368000.0	92.0
6843	27372000.0	87.0
6844	27376000.0	85.0
6845	27380000.0	65.0
6846	27384000.0	82.0
6847	27388000.0	83.0
6848	27392000.0	79.0
6849	27396000.0	93.0
6850	27400000.0	96.0
6851	27404000.0	97.0
6852	27408000.0	87.0
6853	27412000.0	81.0
6854	27416000.0	86.0
6855	27420000.0	87.0
6856	27424000.0	88.0
6857	27428000.0	87.0
6858	27432000.0	97.0
6859	27436000.0	85.0
6860	27440000.0	93.0
6861	27444000.0	82.0
6862	27448000.0	78.0
6863	27452000.0	89.0
6864	27456000.0	71.0
6865	27460000.0	81.0
6866	27464000.0	86.0
6867	27468000.0	91.0
6868	27472000.0	80.0
6869	27476000.0	88.0
6870	27480000.0	88.0
6871	27484000.0	80.0
6872	27488000.0	91.0
6873	27492000.0	95.0
6874	27496000.0	88.0
6875	27500000.0	93.0
6876	27504000.0	78.0
6877	27508000.0	88.0
6878	27512000.0	55.0
6879	27516000.0	79.0
6880	27520000.0	77.0
6881	27524000.0	95.0
6882	27528000.0	106.0
6883	27532000.0	81.0
6884	27536000.0	97.0
6885	27540000.0	88.0
6886	27544000.0	89.0
6887	27548000.0	76.0
6888	27552000.0	96.0
6889	27556000.0	78.0
6890	27560000.0	90.0
6891	27564000.0	86.0
6892	27568000.0	95.0
6893	27572000.0	92.0
6894	27576000.0	98.0
6895	27580000.0	91.0
6896	27584000.0	80.0
6897	27588000.0	82.0
6898	27592000.0	92.0
6899	27596000.0	84.0
6900	27600000.0	87.0
6901	27604000.0	61.0
6902	27608000.0	87.0
6903	27612000.0	76.0
6904	27616000.0	87.0
6905	27620000.0	62.0
6906	27624000.0	67.0
6907	27628000.0	83.0
6908	27632000.0	85.0
6909	27636000.0	70.0
6910	27640000.0	86.0
6911	27644000.0	77.0
6912	27648000.0	93.0
6913	27652000.0	96.0
6914	27656000.0	86.0
6915	27660000.0	91.0
6916	27664000.0	77.0
6917	27668000.0	79.0
6918	27672000.0	95.0
6919	27676000.0	92.0
6920	27680000.0	77.0
6921	27684000.0	70.0
6922	27688000.0	70.0
6923	27692000.0	85.0
6924	27696000.0	99.0
6925	27700000.0	90.0
6926	27704000.0	94.0
6927	27708000.0	84.0
6928	27712000.0	96.0
6929	27716000.0	86.0
6930	27720000.0	76.0
6931	27724000.0	79.0
6932	27728000.0	83.0
6933	27732000.0	82.0
6934	27736000.0	98.0
6935	27740000.0	86.0
6936	27744000.0	78.0
6937	27748000.0	75.0
6938	27752000.0	90.0
6939	27756000.0	76.0
6940	27760000.0	79.0
6941	27764000.0	78.0
6942	27768000.0	90.0
6943	27772000.0	76.0
6944	27776000.0	88.0
6945	27780000.0	87.0
6946	27784000.0	74.0
6947	27788000.0	76.0
6948	27792000.0	80.0
6949	27796000.0	84.0
6950	27800000.0	82.0
6951	27804000.0	74.0
6952	27808000.0	89.0
6953	27812000.0	91.0
6954	27816000.0	107.0
6955	27820000.0	80.0
6956	27824000.0	80.0
6957	27828000.0	76.0
6958	27832000.0	90.0
6959	27836000.0	84.0
6960	27840000.0	80.0
6961	27844000.0	73.0
6962	27848000.0	81.0
6963	27852000.0	80.0
6964	27856000.0	86.0
6965	27860000.0	69.0
6966	27864000.0	93.0
6967	27868000.0	76.0
6968	27872000.0	79.0
6969	27876000.0	78.0
6970	27880000.0	72.0
6971	27884000.0	79.0
6972	27888000.0	80.0
6973	27892000.0	94.0
6974	27896000.0	67.0
6975	27900000.0	85.0
6976	27904000.0	92.0
6977	27908000.0	80.0
6978	27912000.0	89.0
6979	27916000.0	87.0
6980	27920000.0	105.0
6981	27924000.0	84.0
6982	27928000.0	88.0
6983	27932000.0	81.0
6984	27936000.0	80.0
6985	27940000.0	75.0
6986	27944000.0	67.0
6987	27948000.0	98.0
6988	27952000.0	98.0
6989	27956000.0	74.0
6990	27960000.0	81.0
6991	27964000.0	83.0
6992	27968000.0	64.0
6993	27972000.0	80.0
6994	27976000.0	93.0
6995	27980000.0	70.0
6996	27984000.0	95.0
6997	27988000.0	80.0
6998	27992000.0	88.0
6999	27996000.0	72.0
7000	28000000.0	77.0
7001	28004000.0	75.0
7002	28008000.0	82.0
7003	28012000.0	70.0
7004	28016000.0	94.0
7005	28020000.0	92.0
7006	28024000.0	88.0
7007	28028000.0	75.0
7008	28032000.0	73.0
7009	28036000.0	80.0
7010	28040000.0	71.0
7011	28044000.0	86.0
7012	28048000.0	91.0
7013	28052000.0	92.0
7014	28056000.0	83.0
7015	28060000.0	79.0
7016	28064000.0	77.0
7017	28068000.0	91.0
7018	28072000.0	80.0
7019	28076000.0	88.0
7020	28080000.0	67.0
7021	28084000.0	93.0
7022	28088000.0	90.0
7023	28092000.0	96.0
7024	28096000.0	86.0
7025	28100000.0	89.0
7026	28104000.0	80.0
7027	28108000.0	99.0
7028	28112000.0	99.0
7029	28116000.0	99.0
7030	28120000.0	81.0
7031	28124000.0	82.0
7032	28128000.0	96.0
7033	28132000.0	79.0
7034	28136000.0	87.0
7035	28140000.0	94.0
7036	28144000.0	76.0
7037	28148000.0	84.0
7038	28152000.0	79.0
7039	28156000.0	82.0
7040	28160000.0	91.0
7041	28164000.0	67.0
7042	28168000.0	87.0
7043	28172000.0	83.0
7044	28176000.0	92.0
7045	28180000.0	78.0
7046	28184000.0	70.0
7047	28188000.0	72.0
7048	28192000.0	88.0
7049	28196000.0	93.0
7050	28200000.0	69.0
7051	28204000.0	95.0
7052	28208000.0	78.0
7053	28212000.0	79.0
7054	28216000.0	105.0
7055	28220000.0	84.0
7056	28224000.0	83.0
7057	28228000.0	88.0
7058	28232000.0	86.0
7059	28236000.0	70.0
7060	28240000.0	88.0
7061	28244000.0	87.0
7062	28248000.0	86.0
7063	28252000.0	72.0
7064	28256000.0	84.0
7065	28260000.0	92.0
7066	28264000.0	80.0
7067	28268000.0	81.0
7068	28272000.0	79.0
7069	28276000.0	83.0
7070	28280000.0	89.0
7071	28284000.0	57.0
7072	28288000.0	74.0
7073	28292000.0	85.0
7074	28296000.0	86.0
7075	28300000.0	91.0
7076	28304000.0	77.0
7077	28308000.0	93.0
7078	28312000.0	84.0
7079	28316000.0	84.0
7080	28320000.0	94.0
7081	28324000.0	65.0
7082	28328000.0	73.0
7083	28332000.0	94.0
7084	28336000.0	68.0
7085	28340000.0	68.0
7086	28344000.0	81.0
7087	28348000.0	78.0
7088	28352000.0	83.0
7089	28356000.0	83.0
7090	28360000.0	82.0
7091	28364000.0	70.0
7092	28368000.0	70.0
7093	28372000.0	76.0
7094	28376000.0	98.0
7095	28380000.0	70.0
7096	28384000.0	81.0
7097	28388000.0	67.0
7098	28392000.0	75.0
7099	28396000.0	100.0
7100	28400000.0	92.0
7101	28404000.0	69.0
7102	28408000.0	83.0
7103	28412000.0	87.0
7104	28416000.0	84.0
7105	28420000.0	63.0
7106	28424000.0	88.0
7107	28428000.0	88.0
7108	28432000.0	70.0
7109	28436000.0	61.0
7110	28440000.0	75.0
7111	28444000.0	69.0
7112	28448000.0	89.0
7113	28452000.0	77.0
7114	28456000.0	77.0
7115	28460000.0	88.0
7116	28464000.0	112.0
7117	28468000.0	84.0
7118	28472000.0	82.0
7119	28476000.0	95.0
7120	28480000.0	81.0
7121	28484000.0	87.0
7122	28488000.0	84.0
7123	28492000.0	86.0
7124	28496000.0	71.0
7125	28500000.0	100.0
7126	28504000.0	91.0
7127	28508000.0	70.0
7128	28512000.0	99.0
7129	28516000.0	72.0
7130	28520000.0	77.0
7131	28524000.0	77.0
7132	28528000.0	76.0
7133	28532000.0	72.0
7134	28536000.0	85.0
7135	28540000.0	84.0
7136	28544000.0	58.0
7137	28548000.0	68.0
7138	28552000.0	78.0
7139	28556000.0	63.0
7140	28560000.0	75.0
7141	28564000.0	101.0
7142	28568000.0	70.0
7143	28572000.0	89.0
7144	28576000.0	91.0
7145	28580000.0	76.0
7146	28584000.0	83.0
7147	28588000.0	78.0
7148	28592000.0	74.0
7149	28596000.0	81.0
7150	28600000.0	80.0
7151	28604000.0	80.0
7152	28608000.0	87.0
7153	28612000.0	95.0
7154	28616000.0	74.0
7155	28620000.0	70.0
7156	28624000.0	79.0
7157	28628000.0	68.0
7158	28632000.0	78.0
7159	28636000.0	82.0
7160	28640000.0	78.0
7161	28644000.0	78.0
7162	28648000.0	81.0
7163	28652000.0	80.0
7164	28656000.0	68.0
7165	28660000.0	75.0
7166	28664000.0	94.0
7167	28668000.0	85.0
7168	28672000.0	68.0
7169	28676000.0	69.0
7170	28680000.0	82.0
7171	28684000.0	85.0
7172	28688000.0	108.0
7173	28692000.0	80.0
7174	28696000.0	86.0
7175	28700000.0	85.0
7176	28704000.0	104.0
7177	28708000.0	98.0
7178	28712000.0	91.0
7179	28716000.0	91.0
7180	28720000.0	71.0
7181	28724000.0	85.0
7182	28728000.0	93.0
7183	28732000.0	69.0
7184	28736000.0	68.0
7185	28740000.0	83.0
7186	28744000.0	88.0
7187	28748000.0	79.0
7188	28752000.0	79.0
7189	28756000.0	83.0
7190	28760000.0	81.0
7191	28764000.0	80.0
7192	28768000.0	70.0
7193	28772000.0	74.0
7194	28776000.0	96.0
7195	28780000.0	67.0
7196	28784000.0	64.0
7197	28788000.0	79.0
7198	28792000.0	101.0
7199	28796000.0	84.0
7200	28800000.0	67.0
7201	28804000.0	70.0
7202	28808000.0	86.0
7203	28812000.0	80.0
7204	28816000.0	92.0
7205	28820000.0	68.0
7206	28824000.0	82.0
7207	28828000.0	79.0
7208	28832000.0	65.0
7209	28836000.0	67.0
7210	28840000.0	74.0
7211	28844000.0	69.0
7212	28848000.0	71.0
7213	28852000.0	77.0
7214	28856000.0	79.0
7215	28860000.0	77.0
7216	28864000.0	100.0
7217	28868000.0	66.0
7218	28872000.0	80.0
7219	28876000.0	79.0
7220	28880000.0	89.0
7221	28884000.0	93.0
7222	28888000.0	81.0
7223	28892000.0	71.0
7224	28896000.0	81.0
7225	28900000.0	84.0
7226	28904000.0	75.0
7227	28908000.0	79.0
7228	28912000.0	78.0
7229	28916000.0	76.0
7230	28920000.0	83.0
7231	28924000.0	79.0
7232	28928000.0	82.0
7233	28932000.0	69.0
7234	28936000.0	72.0
7235	28940000.0	77.0
7236	28944000.0	88.0
7237	28948000.0	70.0
7238	28952000.0	63.0
7239	28956000.0	90.0
7240	28960000.0	70.0
7241	28964000.0	73.0
7242	28968000.0	82.0
7243	28972000.0	83.0
7244	28976000.0	85.0
7245	28980000.0	83.0
7246	28984000.0	64.0
7247	28988000.0	70.0
7248	28992000.0	74.0
7249	28996000.0	96.0
7250	29000000.0	88.0
7251	29004000.0	70.0
7252	29008000.0	65.0
7253	29012000.0	79.0
7254	29016000.0	81.0
7255	29020000.0	69.0
7256	29024000.0	93.0
7257	29028000.0	81.0
7258	29032000.0	79.0
7259	29036000.0	78.0
7260	29040000.0	85.0
7261	29044000.0	73.0
7262	29048000.0	74.0
7263	29052000.0	85.0
7264	29056000.0	78.0
7265	29060000.0	61.0
7266	29064000.0	78.0
7267	29068000.0	81.0
7268	29072000.0	67.0
7269	29076000.0	75.0
7270	29080000.0	88.0
7271	29084000.0	82.0
7272	29088000.0	78.0
7273	29092000.0	73.0
7274	29096000.0	79.0
7275	29100000.0	65.0
7276	29104000.0	74.0
7277	29108000.0	71.0
7278	29112000.0	85.0
7279	29116000.0	82.0
7280	29120000.0	85.0
7281	29124000.0	82.0
7282	29128000.0	68.0
7283	29132000.0	72.0
7284	29136000.0	81.0
7285	29140000.0	61.0
7286	29144000.0	71.0
7287	29148000.0	73.0
7288	29152000.0	91.0
7289	29156000.0	62.0
7290	29160000.0	82.0
7291	29164000.0	89.0
7292	29168000.0	88.0
7293	29172000.0	86.0
7294	29176000.0	72.0
7295	29180000.0	66.0
7296	29184000.0	89.0
7297	29188000.0	90.0
7298	29192000.0	69.0
7299	29196000.0	80.0
7300	29200000.0	87.0
7301	29204000.0	81.0
7302	29208000.0	75.0
7303	29212000.0	58.0
7304	29216000.0	73.0
7305	29220000.0	76.0
7306	29224000.0	68.0
7307	29228000.0	85.0
7308	29232000.0	87.0
7309	29236000.0	72.0
7310	29240000.0	73.0
7311	29244000.0	83.0
7312	29248000.0	80.0
7313	29252000.0	85.0
7314	29256000.0	84.0
7315	29260000.0	69.0
7316	29264000.0	82.0
7317	29268000.0	70.0
7318	29272000.0	80.0
7319	29276000.0	72.0
7320	29280000.0	71.0
7321	29284000.0	72.0
7322	29288000.0	77.0
7323	29292000.0	70.0
7324	29296000.0	81.0
7325	29300000.0	61.0
7326	29304000.0	77.0
7327	29308000.0	68.0
7328	29312000.0	79.0
7329	29316000.0	82.0
7330	29320000.0	87.0
7331	29324000.0	97.0
7332	29328000.0	76.0
7333	29332000.0	71.0
7334	29336000.0	75.0
7335	29340000.0	82.0
7336	29344000.0	79.0
7337	29348000.0	79.0
7338	29352000.0	92.0
7339	29356000.0	75.0
7340	29360000.0	79.0
7341	29364000.0	80.0
7342	29368000.0	72.0
7343	29372000.0	67.0
7344	29376000.0	90.0
7345	29380000.0	79.0
7346	29384000.0	73.0
7347	29388000.0	78.0
7348	29392000.0	69.0
7349	29396000.0	64.0
7350	29400000.0	79.0
7351	29404000.0	76.0
7352	29408000.0	83.0
7353	29412000.0	79.0
7354	29416000.0	70.0
7355	29420000.0	81.0
7356	29424000.0	66.0
7357	29428000.0	72.0
7358	29432000.0	79.0
7359	29436000.0	74.0
7360	29440000.0	79.0
7361	29444000.0	82.0
7362	29448000.0	72.0
7363	29452000.0	79.0
7364	29456000.0	78.0
7365	29460000.0	53.0
7366	29464000.0	77.0
7367	29468000.0	86.0
7368	29472000.0	79.0
7369	29476000.0	71.0
7370	29480000.0	71.0
7371	29484000.0	68.0
7372	29488000.0	84.0
7373	29492000.0	80.0
7374	29496000.0	73.0
7375	29500000.0	89.0
7376	29504000.0	85.0
7377	29508000.0	82.0
7378	29512000.0	77.0
7379	29516000.0	67.0
7380	29520000.0	87.0
7381	29524000.0	72.0
7382	29528000.0	74.0
7383	29532000.0	70.0
7384	29536000.0	74.0
7385	29540000.0	80.0
7386	29544000.0	63.0
7387	29548000.0	63.0
7388	29552000.0	93.0
7389	29556000.0	78.0
7390	29560000.0	69.0
7391	29564000.0	88.0
7392	29568000.0	82.0
7393	29572000.0	76.0
7394	29576000.0	91.0
7395	29580000.0	70.0
7396	29584000.0	79.0
7397	29588000.0	89.0
7398	29592000.0	84.0
7399	29596000.0	81.0
7400	29600000.0	82.0
7401	29604000.0	84.0
7402	29608000.0	75.0
7403	29612000.0	71.0
7404	29616000.0	54.0
7405	29620000.0	79.0
7406	29624000.0	78.0
7407	29628000.0	70.0
7408	29632000.0	73.0
7409	29636000.0	78.0
7410	29640000.0	82.0
7411	29644000.0	77.0
7412	29648000.0	81.0
7413	29652000.0	84.0
7414	29656000.0	73.0
7415	29660000.0	81.0
7416	29664000.0	88.0
7417	29668000.0	71.0
7418	29672000.0	93.0
7419	29676000.0	82.0
7420	29680000.0	78.0
7421	29684000.0	69.0
7422	29688000.0	88.0
7423	29692000.0	78.0
7424	29696000.0	70.0
7425	29700000.0	81.0
7426	29704000.0	85.0
7427	29708000.0	96.0
7428	29712000.0	88.0
7429	29716000.0	89.0
7430	29720000.0	67.0
7431	29724000.0	56.0
7432	29728000.0	72.0
7433	29732000.0	76.0
7434	29736000.0	72.0
7435	29740000.0	83.0
7436	29744000.0	77.0
7437	29748000.0	85.0
7438	29752000.0	74.0
7439	29756000.0	80.0
7440	29760000.0	75.0
7441	29764000.0	78.0
7442	29768000.0	78.0
7443	29772000.0	73.0
7444	29776000.0	73.0
7445	29780000.0	88.0
7446	29784000.0	93.0
7447	29788000.0	60.0
7448	29792000.0	86.0
7449	29796000.0	71.0
7450	29800000.0	72.0
7451	29804000.0	74.0
7452	29808000.0	80.0
7453	29812000.0	65.0
7454	29816000.0	73.0
7455	29820000.0	80.0
7456	29824000.0	73.0
7457	29828000.0	79.0
7458	29832000.0	73.0
7459	29836000.0	75.0
7460	29840000.0	70.0
7461	29844000.0	69.0
7462	29848000.0	83.0
7463	29852000.0	76.0
7464	29856000.0	76.0
7465	29860000.0	81.0
7466	29864000.0	78.0
7467	29868000.0	56.0
7468	29872000.0	74.0
7469	29876000.0	70.0
7470	29880000.0	79.0
7471	29884000.0	79.0
7472	29888000.0	85.0
7473	29892000.0	70.0
7474	29896000.0	78.0
7475	29900000.0	83.0
7476	29904000.0	74.0
7477	29908000.0	80.0
7478	29912000.0	82.0
7479	29916000.0	78.0
7480	29920000.0	89.0
7481	29924000.0	80.0
7482	29928000.0	69.0
7483	29932000.0	88.0
7484	29936000.0	66.0
7485	29940000.0	77.0
7486	29944000.0	75.0
7487	29948000.0	76.0
7488	29952000.0	79.0
7489	29956000.0	80.0
7490	29960000.0	66.0
7491	29964000.0	78.0
7492	29968000.0	63.0
7493	29972000.0	77.0
7494	29976000.0	92.0
7495	29980000.0	67.0
7496	29984000.0	71.0
7497	29988000.0	69.0
7498	29992000.0	65.0
7499	29996000.0	61.0
7500	30000000.0	74.0
7501	30004000.0	84.0
7502	30008000.0	74.0
7503	30012000.0	64.0
7504	30016000.0	75.0
7505	30020000.0	84.0
7506	30024000.0	66.0
7507	30028000.0	71.0
7508	30032000.0	83.0
7509	30036000.0	75.0
7510	30040000.0	69.0
7511	30044000.0	79.0
7512	30048000.0	78.0
7513	30052000.0	78.0
7514	30056000.0	69.0
7515	30060000.0	54.0
7516	30064000.0	94.0
7517	30068000.0	68.0
7518	30072000.0	80.0
7519	30076000.0	89.0
7520	30080000.0	65.0
7521	30084000.0	79.0
7522	30088000.0	75.0
7523	30092000.0	71.0
7524	30096000.0	65.0
7525	30100000.0	61.0
7526	30104000.0	73.0
7527	30108000.0	68.0
7528	30112000.0	78.0
7529	30116000.0	80.0
7530	30120000.0	73.0
7531	30124000.0	70.0
7532	30128000.0	63.0
7533	30132000.0	75.0
7534	30136000.0	75.0
7535	30140000.0	71.0
7536	30144000.0	85.0
7537	30148000.0	78.0
7538	30152000.0	82.0
7539	30156000.0	77.0
7540	30160000.0	79.0
7541	30164000.0	70.0
7542	30168000.0	76.0
7543	30172000.0	71.0
7544	30176000.0	74.0
7545	30180000.0	83.0
7546	30184000.0	68.0
7547	30188000.0	66.0
7548	30192000.0	69.0
7549	30196000.0	67.0
7550	30200000.0	77.0
7551	30204000.0	79.0
7552	30208000.0	88.0
7553	30212000.0	75.0
7554	30216000.0	59.0
7555	30220000.0	67.0
7556	30224000.0	80.0
7557	30228000.0	69.0
7558	30232000.0	73.0
7559	30236000.0	89.0
7560	30240000.0	66.0
7561	30244000.0	62.0
7562	30248000.0	75.0
7563	30252000.0	70.0
7564	30256000.0	75.0
7565	30260000.0	82.0
7566	30264000.0	79.0
7567	30268000.0	72.0
7568	30272000.0	70.0
7569	30276000.0	89.0
7570	30280000.0	71.0
7571	30284000.0	82.0
7572	30288000.0	64.0
7573	30292000.0	71.0
7574	30296000.0	62.0
7575	30300000.0	61.0
7576	30304000.0	77.0
7577	30308000.0	73.0
7578	30312000.0	68.0
7579	30316000.0	75.0
7580	30320000.0	69.0
7581	30324000.0	70.0
7582	30328000.0	80.0
7583	30332000.0	83.0
7584	30336000.0	56.0
7585	30340000.0	75.0
7586	30344000.0	73.0
7587	30348000.0	72.0
7588	30352000.0	65.0
7589	30356000.0	68.0
7590	30360000.0	84.0
7591	30364000.0	83.0
7592	30368000.0	55.0
7593	30372000.0	65.0
7594	30376000.0	73.0
7595	30380000.0	70.0
7596	30384000.0	83.0
7597	30388000.0	89.0
7598	30392000.0	69.0
7599	30396000.0	78.0
7600	30400000.0	76.0
7601	30404000.0	68.0
7602	30408000.0	63.0
7603	30412000.0	84.0
7604	30416000.0	75.0
7605	30420000.0	77.0
7606	30424000.0	75.0
7607	30428000.0	84.0
7608	30432000.0	75.0
7609	30436000.0	75.0
7610	30440000.0	76.0
7611	30444000.0	79.0
7612	30448000.0	69.0
7613	30452000.0	75.0
7614	30456000.0	70.0
7615	30460000.0	76.0
7616	30464000.0	66.0
7617	30468000.0	80.0
7618	30472000.0	71.0
7619	30476000.0	80.0
7620	30480000.0	62.0
7621	30484000.0	78.0
7622	30488000.0	67.0
7623	30492000.0	78.0
7624	30496000.0	69.0
7625	30500000.0	88.0
7626	30504000.0	71.0
7627	30508000.0	63.0
7628	30512000.0	76.0
7629	30516000.0	68.0
7630	30520000.0	78.0
7631	30524000.0	59.0
7632	30528000.0	63.0
7633	30532000.0	78.0
7634	30536000.0	61.0
7635	30540000.0	73.0
7636	30544000.0	89.0
7637	30548000.0	74.0
7638	30552000.0	67.0
7639	30556000.0	84.0
7640	30560000.0	87.0
7641	30564000.0	65.0
7642	30568000.0	68.0
7643	30572000.0	65.0
7644	30576000.0	57.0
7645	30580000.0	82.0
7646	30584000.0	69.0
7647	30588000.0	80.0
7648	30592000.0	72.0
7649	30596000.0	84.0
7650	30600000.0	80.0
7651	30604000.0	74.0
7652	30608000.0	88.0
7653	30612000.0	70.0
7654	30616000.0	64.0
7655	30620000.0	82.0
7656	30624000.0	77.0
7657	30628000.0	81.0
7658	30632000.0	75.0
7659	30636000.0	71.0
7660	30640000.0	59.0
7661	30644000.0	77.0
7662	30648000.0	72.0
7663	30652000.0	70.0
7664	30656000.0	79.0
7665	30660000.0	88.0
7666	30664000.0	65.0
7667	30668000.0	67.0
7668	30672000.0	68.0
7669	30676000.0	74.0
7670	30680000.0	72.0
7671	30684000.0	82.0
7672	30688000.0	66.0
7673	30692000.0	49.0
7674	30696000.0	75.0
7675	30700000.0	88.0
7676	30704000.0	75.0
7677	30708000.0	71.0
7678	30712000.0	61.0
7679	30716000.0	69.0
7680	30720000.0	77.0
7681	30724000.0	65.0
7682	30728000.0	70.0
7683	30732000.0	77.0
7684	30736000.0	73.0
7685	30740000.0	73.0
7686	30744000.0	66.0
7687	30748000.0	61.0
7688	30752000.0	79.0
7689	30756000.0	63.0
7690	30760000.0	49.0
7691	30764000.0	79.0
7692	30768000.0	72.0
7693	30772000.0	80.0
7694	30776000.0	76.0
7695	30780000.0	74.0
7696	30784000.0	75.0
7697	30788000.0	68.0
7698	30792000.0	76.0
7699	30796000.0	66.0
7700	30800000.0	67.0
7701	30804000.0	66.0
7702	30808000.0	63.0
7703	30812000.0	83.0
7704	30816000.0	78.0
7705	30820000.0	71.0
7706	30824000.0	62.0
7707	30828000.0	80.0
7708	30832000.0	70.0
7709	30836000.0	76.0
7710	30840000.0	68.0
7711	30844000.0	60.0
7712	30848000.0	63.0
7713	30852000.0	62.0
7714	30856000.0	75.0
7715	30860000.0	78.0
7716	30864000.0	68.0
7717	30868000.0	85.0
7718	30872000.0	59.0
7719	30876000.0	59.0
7720	30880000.0	78.0
7721	30884000.0	55.0
7722	30888000.0	75.0
7723	30892000.0	76.0
7724	30896000.0	59.0
7725	30900000.0	67.0
7726	30904000.0	68.0
7727	30908000.0	63.0
7728	30912000.0	63.0
7729	30916000.0	83.0
7730	30920000.0	82.0
7731	30924000.0	64.0
7732	30928000.0	75.0
7733	30932000.0	74.0
7734	30936000.0	69.0
7735	30940000.0	75.0
7736	30944000.0	60.0
7737	30948000.0	71.0
7738	30952000.0	68.0
7739	30956000.0	65.0
7740	30960000.0	59.0
7741	30964000.0	76.0
7742	30968000.0	56.0
7743	30972000.0	79.0
7744	30976000.0	76.0
7745	30980000.0	81.0
7746	30984000.0	83.0
7747	30988000.0	77.0
7748	30992000.0	75.0
7749	30996000.0	72.0
7750	31000000.0	80.0
7751	31004000.0	82.0
7752	31008000.0	75.0
7753	31012000.0	67.0
7754	31016000.0	67.0
7755	31020000.0	77.0
7756	31024000.0	78.0
7757	31028000.0	72.0
7758	31032000.0	74.0
7759	31036000.0	61.0
7760	31040000.0	71.0
7761	31044000.0	70.0
7762	31048000.0	89.0
7763	31052000.0	77.0
7764	31056000.0	76.0
7765	31060000.0	68.0
7766	31064000.0	55.0
7767	31068000.0	69.0
7768	31072000.0	66.0
7769	31076000.0	64.0
7770	31080000.0	75.0
7771	31084000.0	80.0
7772	31088000.0	68.0
7773	31092000.0	67.0
7774	31096000.0	72.0
7775	31100000.0	75.0
7776	31104000.0	78.0
7777	31108000.0	63.0
7778	31112000.0	68.0
7779	31116000.0	73.0
7780	31120000.0	79.0
7781	31124000.0	57.0
7782	31128000.0	75.0
7783	31132000.0	90.0
7784	31136000.0	66.0
7785	31140000.0	89.0
7786	31144000.0	70.0
7787	31148000.0	67.0
7788	31152000.0	67.0
7789	31156000.0	61.0
7790	31160000.0	66.0
7791	31164000.0	65.0
7792	31168000.0	59.0
7793	31172000.0	76.0
7794	31176000.0	72.0
7795	31180000.0	69.0
7796	31184000.0	67.0
7797	31188000.0	84.0
7798	31192000.0	69.0
7799	31196000.0	72.0
7800	31200000.0	68.0
7801	31204000.0	74.0
7802	31208000.0	80.0
7803	31212000.0	67.0
7804	31216000.0	71.0
7805	31220000.0	70.0
7806	31224000.0	59.0
7807	31228000.0	67.0
7808	31232000.0	70.0
7809	31236000.0	87.0
7810	31240000.0	70.0
7811	31244000.0	69.0
7812	31248000.0	58.0
7813	31252000.0	65.0
7814	31256000.0	64.0
7815	31260000.0	70.0
7816	31264000.0	69.0
7817	31268000.0	68.0
7818	31272000.0	62.0
7819	31276000.0	53.0
7820	31280000.0	61.0
7821	31284000.0	68.0
7822	31288000.0	74.0
7823	31292000.0	69.0
7824	31296000.0	73.0
7825	31300000.0	66.0
7826	31304000.0	72.0
7827	31308000.0	83.0
7828	31312000.0	70.0
7829	31316000.0	73.0
7830	31320000.0	70.0
7831	31324000.0	80.0
7832	31328000.0	70.0
7833	31332000.0	75.0
7834	31336000.0	75.0
7835	31340000.0	64.0
7836	31344000.0	68.0
7837	31348000.0	67.0
7838	31352000.0	59.0
7839	31356000.0	74.0
7840	31360000.0	71.0
7841	31364000.0	70.0
7842	31368000.0	55.0
7843	31372000.0	73.0
7844	31376000.0	65.0
7845	31380000.0	77.0
7846	31384000.0	67.0
7847	31388000.0	79.0
7848	31392000.0	64.0
7849	31396000.0	64.0
7850	31400000.0	75.0
7851	31404000.0	79.0
7852	31408000.0	67.0
7853	31412000.0	64.0
7854	31416000.0	75.0
7855	31420000.0	82.0
7856	31424000.0	56.0
7857	31428000.0	71.0
7858	31432000.0	65.0
7859	31436000.0	73.0
7860	31440000.0	61.0
7861	31444000.0	80.0
7862	31448000.0	69.0
7863	31452000.0	74.0
7864	31456000.0	60.0
7865	31460000.0	74.0
7866	31464000.0	65.0
7867	31468000.0	63.0
7868	31472000.0	69.0
7869	31476000.0	73.0
7870	31480000.0	60.0
7871	31484000.0	56.0
7872	31488000.0	69.0
7873	31492000.0	62.0
7874	31496000.0	65.0
7875	31500000.0	56.0
7876	31504000.0	73.0
7877	31508000.0	60.0
7878	31512000.0	76.0
7879	31516000.0	69.0
7880	31520000.0	62.0
7881	31524000.0	64.0
7882	31528000.0	68.0
7883	31532000.0	77.0
7884	31536000.0	73.0
7885	31540000.0	67.0
7886	31544000.0	69.0
7887	31548000.0	73.0
7888	31552000.0	71.0
7889	31556000.0	66.0
7890	31560000.0	59.0
7891	31564000.0	69.0
7892	31568000.0	70.0
7893	31572000.0	65.0
7894	31576000.0	61.0
7895	31580000.0	78.0
7896	31584000.0	73.0
7897	31588000.0	84.0
7898	31592000.0	70.0
7899	31596000.0	62.0
7900	31600000.0	64.0
7901	31604000.0	69.0
7902	31608000.0	66.0
7903	31612000.0	82.0
7904	31616000.0	71.0
7905	31620000.0	85.0
7906	31624000.0	66.0
7907	31628000.0	69.0
7908	31632000.0	73.0
7909	31636000.0	65.0
7910	31640000.0	56.0
7911	31644000.0	79.0
7912	31648000.0	72.0
7913	31652000.0	75.0
7914	31656000.0	70.0
7915	31660000.0	64.0
7916	31664000.0	72.0
7917	31668000.0	75.0
7918	31672000.0	59.0
7919	31676000.0	63.0
7920	31680000.0	87.0
7921	31684000.0	68.0
7922	31688000.0	67.0
7923	31692000.0	60.0
7924	31696000.0	72.0
7925	31700000.0	74.0
7926	31704000.0	74.0
7927	31708000.0	78.0
7928	31712000.0	66.0
7929	31716000.0	60.0
7930	31720000.0	75.0
7931	31724000.0	66.0
7932	31728000.0	57.0
7933	31732000.0	65.0
7934	31736000.0	86.0
7935	31740000.0	59.0
7936	31744000.0	69.0
7937	31748000.0	65.0
7938	31752000.0	62.0
7939	31756000.0	43.0
7940	31760000.0	68.0
7941	31764000.0	59.0
7942	31768000.0	75.0
7943	31772000.0	68.0
7944	31776000.0	63.0
7945	31780000.0	69.0
7946	31784000.0	80.0
7947	31788000.0	61.0
7948	31792000.0	54.0
7949	31796000.0	60.0
7950	31800000.0	82.0
7951	31804000.0	70.0
7952	31808000.0	85.0
7953	31812000.0	74.0
7954	31816000.0	57.0
7955	31820000.0	75.0
7956	31824000.0	76.0
7957	31828000.0	83.0
7958	31832000.0	61.0
7959	31836000.0	65.0
7960	31840000.0	70.0
7961	31844000.0	66.0
7962	31848000.0	75.0
7963	31852000.0	74.0
7964	31856000.0	51.0
7965	31860000.0	75.0
7966	31864000.0	54.0
7967	31868000.0	70.0
7968	31872000.0	67.0
7969	31876000.0	72.0
7970	31880000.0	77.0
7971	31884000.0	59.0
7972	31888000.0	55.0
7973	31892000.0	75.0
7974	31896000.0	75.0
7975	31900000.0	67.0
7976	31904000.0	73.0
7977	31908000.0	78.0
7978	31912000.0	49.0
7979	31916000.0	70.0
7980	31920000.0	58.0
7981	31924000.0	59.0
7982	31928000.0	57.0
7983	31932000.0	83.0
7984	31936000.0	70.0
7985	31940000.0	55.0
7986	31944000.0	74.0
7987	31948000.0	54.0
7988	31952000.0	53.0
7989	31956000.0	71.0
7990	31960000.0	59.0
7991	31964000.0	70.0
7992	31968000.0	59.0
7993	31972000.0	63.0
7994	31976000.0	74.0
7995	31980000.0	64.0
7996	31984000.0	56.0
7997	31988000.0	71.0
7998	31992000.0	56.0
7999	31996000.0	63.0
8000	32000000.0	68.0
8001	32004000.0	67.0
8002	32008000.0	83.0
8003	32012000.0	80.0
8004	32016000.0	79.0
8005	32020000.0	70.0
8006	32024000.0	63.0
8007	32028000.0	68.0
8008	32032000.0	70.0
8009	32036000.0	57.0
8010	32040000.0	75.0
8011	32044000.0	49.0
8012	32048000.0	66.0
8013	32052000.0	67.0
8014	32056000.0	59.0
8015	32060000.0	54.0
8016	32064000.0	75.0
8017	32068000.0	68.0
8018	32072000.0	77.0
8019	32076000.0	66.0
8020	32080000.0	56.0
8021	32084000.0	67.0
8022	32088000.0	70.0
8023	32092000.0	66.0
8024	32096000.0	57.0
8025	32100000.0	78.0
8026	32104000.0	57.0
8027	32108000.0	58.0
8028	32112000.0	85.0
8029	32116000.0	65.0
8030	32120000.0	64.0
8031	32124000.0	65.0
8032	32128000.0	69.0
8033	32132000.0	59.0
8034	32136000.0	70.0
8035	32140000.0	65.0
8036	32144000.0	76.0
8037	32148000.0	65.0
8038	32152000.0	87.0
8039	32156000.0	73.0
8040	32160000.0	66.0
8041	32164000.0	50.0
8042	32168000.0	64.0
8043	32172000.0	71.0
8044	32176000.0	78.0
8045	32180000.0	73.0
8046	32184000.0	64.0
8047	32188000.0	83.0
8048	32192000.0	78.0
8049	32196000.0	74.0
8050	32200000.0	62.0
8051	32204000.0	50.0
8052	32208000.0	80.0
8053	32212000.0	66.0
8054	32216000.0	63.0
8055	32220000.0	65.0
8056	32224000.0	55.0
8057	32228000.0	69.0
8058	32232000.0	65.0
8059	32236000.0	74.0
8060	32240000.0	62.0
8061	32244000.0	64.0
8062	32248000.0	64.0
8063	32252000.0	70.0
8064	32256000.0	67.0
8065	32260000.0	53.0
8066	32264000.0	55.0
8067	32268000.0	70.0
8068	32272000.0	57.0
8069	32276000.0	86.0
8070	32280000.0	55.0
8071	32284000.0	51.0
8072	32288000.0	58.0
8073	32292000.0	41.0
8074	32296000.0	61.0
8075	32300000.0	73.0
8076	32304000.0	79.0
8077	32308000.0	77.0
8078	32312000.0	73.0
8079	32316000.0	55.0
8080	32320000.0	58.0
8081	32324000.0	80.0
8082	32328000.0	61.0
8083	32332000.0	65.0
8084	32336000.0	81.0
8085	32340000.0	88.0
8086	32344000.0	59.0
8087	32348000.0	69.0
8088	32352000.0	64.0
8089	32356000.0	60.0
8090	32360000.0	64.0
8091	32364000.0	55.0
8092	32368000.0	55.0
8093	32372000.0	61.0
8094	32376000.0	72.0
8095	32380000.0	79.0
8096	32384000.0	66.0
8097	32388000.0	64.0
8098	32392000.0	60.0
8099	32396000.0	61.0
8100	32400000.0	69.0
8101	32404000.0	64.0
8102	32408000.0	73.0
8103	32412000.0	56.0
8104	32416000.0	64.0
8105	32420000.0	65.0
8106	32424000.0	67.0
8107	32428000.0	62.0
8108	32432000.0	76.0
8109	32436000.0	60.0
8110	32440000.0	54.0
8111	32444000.0	66.0
8112	32448000.0	59.0
8113	32452000.0	63.0
8114	32456000.0	59.0
8115	32460000.0	66.0
8116	32464000.0	68.0
8117	32468000.0	61.0
8118	32472000.0	60.0
8119	32476000.0	69.0
8120	32480000.0	72.0
8121	32484000.0	76.0
8122	32488000.0	61.0
8123	32492000.0	52.0
8124	32496000.0	69.0
8125	32500000.0	65.0
8126	32504000.0	60.0
8127	32508000.0	81.0
8128	32512000.0	70.0
8129	32516000.0	70.0
8130	32520000.0	68.0
8131	32524000.0	71.0
8132	32528000.0	75.0
8133	32532000.0	72.0
8134	32536000.0	65.0
8135	32540000.0	79.0
8136	32544000.0	56.0
8137	32548000.0	75.0
8138	32552000.0	81.0
8139	32556000.0	74.0
8140	32560000.0	69.0
8141	32564000.0	72.0
8142	32568000.0	75.0
8143	32572000.0	64.0
8144	32576000.0	69.0
8145	32580000.0	65.0
8146	32584000.0	70.0
8147	32588000.0	71.0
8148	32592000.0	60.0
8149	32596000.0	67.0
8150	32600000.0	73.0
8151	32604000.0	65.0
8152	32608000.0	52.0
8153	32612000.0	70.0
8154	32616000.0	73.0
8155	32620000.0	76.0
8156	32624000.0	76.0
8157	32628000.0	60.0
8158	32632000.0	65.0
8159	32636000.0	67.0
8160	32640000.0	72.0
8161	32644000.0	67.0
8162	32648000.0	62.0
8163	32652000.0	60.0
8164	32656000.0	72.0
8165	32660000.0	63.0
8166	32664000.0	67.0
8167	32668000.0	60.0
8168	32672000.0	49.0
8169	32676000.0	65.0
8170	32680000.0	60.0
8171	32684000.0	49.0
8172	32688000.0	78.0
8173	32692000.0	64.0
8174	32696000.0	79.0
8175	32700000.0	55.0
8176	32704000.0	64.0
8177	32708000.0	73.0
8178	32712000.0	69.0
8179	32716000.0	64.0
8180	32720000.0	85.0
8181	32724000.0	58.0
8182	32728000.0	79.0
8183	32732000.0	69.0
8184	32736000.0	87.0
8185	32740000.0	66.0
8186	32744000.0	50.0
8187	32748000.0	48.0
8188	32752000.0	65.0
8189	32756000.0	71.0
8190	32760000.0	78.0
8191	32764000.0	65.0
8192	32768000.0	56.0
8193	32772000.0	67.0
8194	32776000.0	71.0
8195	32780000.0	74.0
8196	32784000.0	69.0
8197	32788000.0	74.0
8198	32792000.0	63.0
8199	32796000.0	62.0
8200	32800000.0	55.0
8201	32804000.0	67.0
8202	32808000.0	66.0
8203	32812000.0	77.0
8204	32816000.0	74.0
8205	32820000.0	57.0
8206	32824000.0	58.0
8207	32828000.0	61.0
8208	32832000.0	67.0
8209	32836000.0	66.0
8210	32840000.0	35.0
8211	32844000.0	62.0
8212	32848000.0	63.0
8213	32852000.0	71.0
8214	32856000.0	74.0
8215	32860000.0	69.0
8216	32864000.0	55.0
8217	32868000.0	79.0
8218	32872000.0	66.0
8219	32876000.0	75.0
8220	32880000.0	57.0
8221	32884000.0	63.0
8222	32888000.0	83.0
8223	32892000.0	68.0
8224	32896000.0	61.0
8225	32900000.0	67.0
8226	32904000.0	65.0
8227	32908000.0	64.0
8228	32912000.0	54.0
8229	32916000.0	64.0
8230	32920000.0	68.0
8231	32924000.0	68.0
8232	32928000.0	61.0
8233	32932000.0	64.0
8234	32936000.0	74.0
8235	32940000.0	64.0
8236	32944000.0	65.0
8237	32948000.0	55.0
8238	32952000.0	60.0
8239	32956000.0	83.0
8240	32960000.0	57.0
8241	32964000.0	79.0
8242	32968000.0	72.0
8243	32972000.0	56.0
8244	32976000.0	64.0
8245	32980000.0	58.0
8246	32984000.0	64.0
8247	32988000.0	69.0
8248	32992000.0	77.0
8249	32996000.0	65.0
8250	33000000.0	78.0
8251	33004000.0	63.0
8252	33008000.0	67.0
8253	33012000.0	58.0
8254	33016000.0	67.0
8255	33020000.0	72.0
8256	33024000.0	64.0
8257	33028000.0	54.0
8258	33032000.0	82.0
8259	33036000.0	63.0
8260	33040000.0	67.0
8261	33044000.0	53.0
8262	33048000.0	76.0
8263	33052000.0	53.0
8264	33056000.0	62.0
8265	33060000.0	57.0
8266	33064000.0	63.0
8267	33068000.0	63.0
8268	33072000.0	58.0
8269	33076000.0	54.0
8270	33080000.0	58.0
8271	33084000.0	64.0
8272	33088000.0	53.0
8273	33092000.0	70.0
8274	33096000.0	68.0
8275	33100000.0	71.0
8276	33104000.0	72.0
8277	33108000.0	61.0
8278	33112000.0	57.0
8279	33116000.0	72.0
8280	33120000.0	65.0
8281	33124000.0	65.0
8282	33128000.0	72.0
8283	33132000.0	48.0
8284	33136000.0	50.0
8285	33140000.0	60.0
8286	33144000.0	62.0
8287	33148000.0	66.0
8288	33152000.0	59.0
8289	33156000.0	63.0
8290	33160000.0	60.0
8291	33164000.0	60.0
8292	33168000.0	82.0
8293	33172000.0	70.0
8294	33176000.0	69.0
8295	33180000.0	63.0
8296	33184000.0	68.0
8297	33188000.0	67.0
8298	33192000.0	59.0
8299	33196000.0	49.0
8300	33200000.0	57.0
8301	33204000.0	60.0
8302	33208000.0	74.0
8303	33212000.0	54.0
8304	33216000.0	46.0
8305	33220000.0	71.0
8306	33224000.0	56.0
8307	33228000.0	76.0
8308	33232000.0	75.0
8309	33236000.0	78.0
8310	33240000.0	58.0
8311	33244000.0	65.0
8312	33248000.0	56.0
8313	33252000.0	55.0
8314	33256000.0	52.0
8315	33260000.0	72.0
8316	33264000.0	58.0
8317	33268000.0	62.0
8318	33272000.0	47.0
8319	33276000.0	57.0
8320	33280000.0	57.0
8321	33284000.0	67.0
8322	33288000.0	51.0
8323	33292000.0	65.0
8324	33296000.0	57.0
8325	33300000.0	57.0
8326	33304000.0	57.0
8327	33308000.0	68.0
8328	33312000.0	54.0
8329	33316000.0	63.0
8330	33320000.0	52.0
8331	33324000.0	64.0
8332	33328000.0	53.0
8333	33332000.0	60.0
8334	33336000.0	45.0
8335	33340000.0	61.0
8336	33344000.0	62.0
8337	33348000.0	66.0
8338	33352000.0	63.0
8339	33356000.0	58.0
8340	33360000.0	52.0
8341	33364000.0	73.0
8342	33368000.0	56.0
8343	33372000.0	60.0
8344	33376000.0	49.0
8345	33380000.0	60.0
8346	33384000.0	59.0
8347	33388000.0	63.0
8348	33392000.0	57.0
8349	33396000.0	63.0
8350	33400000.0	54.0
8351	33404000.0	61.0
8352	33408000.0	75.0
8353	33412000.0	54.0
8354	33416000.0	64.0
8355	33420000.0	66.0
8356	33424000.0	57.0
8357	33428000.0	62.0
8358	33432000.0	67.0
8359	33436000.0	58.0
8360	33440000.0	63.0
8361	33444000.0	59.0
8362	33448000.0	92.0
8363	33452000.0	48.0
8364	33456000.0	60.0
8365	33460000.0	65.0
8366	33464000.0	77.0
8367	33468000.0	68.0
8368	33472000.0	47.0
8369	33476000.0	69.0
8370	33480000.0	64.0
8371	33484000.0	56.0
8372	33488000.0	50.0
8373	33492000.0	57.0
8374	33496000.0	66.0
8375	33500000.0	54.0
8376	33504000.0	72.0
8377	33508000.0	61.0
8378	33512000.0	59.0
8379	33516000.0	59.0
8380	33520000.0	70.0
8381	33524000.0	60.0
8382	33528000.0	62.0
8383	33532000.0	67.0
8384	33536000.0	58.0
8385	33540000.0	55.0
8386	33544000.0	51.0
8387	33548000.0	61.0
8388	33552000.0	60.0
8389	33556000.0	60.0
8390	33560000.0	72.0
8391	33564000.0	70.0
8392	33568000.0	67.0
8393	33572000.0	69.0
8394	33576000.0	65.0
8395	33580000.0	59.0
8396	33584000.0	75.0
8397	33588000.0	68.0
8398	33592000.0	54.0
8399	33596000.0	57.0
8400	33600000.0	78.0
8401	33604000.0	60.0
8402	33608000.0	72.0
8403	33612000.0	56.0
8404	33616000.0	65.0
8405	33620000.0	74.0
8406	33624000.0	73.0
8407	33628000.0	68.0
8408	33632000.0	47.0
8409	33636000.0	71.0
8410	33640000.0	50.0
8411	33644000.0	56.0
8412	33648000.0	58.0
8413	33652000.0	58.0
8414	33656000.0	53.0
8415	33660000.0	55.0
8416	33664000.0	70.0
8417	33668000.0	49.0
8418	33672000.0	48.0
8419	33676000.0	62.0
8420	33680000.0	56.0
8421	33684000.0	79.0
8422	33688000.0	60.0
8423	33692000.0	69.0
8424	33696000.0	68.0
8425	33700000.0	54.0
8426	33704000.0	74.0
8427	33708000.0	64.0
8428	33712000.0	54.0
8429	33716000.0	55.0
8430	33720000.0	57.0
8431	33724000.0	69.0
8432	33728000.0	58.0
8433	33732000.0	54.0
8434	33736000.0	52.0
8435	33740000.0	69.0
8436	33744000.0	61.0
8437	33748000.0	51.0
8438	33752000.0	59.0
8439	33756000.0	50.0
8440	33760000.0	83.0
8441	33764000.0	57.0
8442	33768000.0	69.0
8443	33772000.0	88.0
8444	33776000.0	55.0
8445	33780000.0	56.0
8446	33784000.0	74.0
8447	33788000.0	68.0
8448	33792000.0	64.0
8449	33796000.0	44.0
8450	33800000.0	76.0
8451	33804000.0	65.0
8452	33808000.0	64.0
8453	33812000.0	68.0
8454	33816000.0	55.0
8455	33820000.0	57.0
8456	33824000.0	55.0
8457	33828000.0	76.0
8458	33832000.0	50.0
8459	33836000.0	67.0
8460	33840000.0	56.0
8461	33844000.0	65.0
8462	33848000.0	53.0
8463	33852000.0	67.0
8464	33856000.0	49.0
8465	33860000.0	60.0
8466	33864000.0	67.0
8467	33868000.0	65.0
8468	33872000.0	41.0
8469	33876000.0	55.0
8470	33880000.0	68.0
8471	33884000.0	64.0
8472	33888000.0	62.0
8473	33892000.0	69.0
8474	33896000.0	72.0
8475	33900000.0	54.0
8476	33904000.0	49.0
8477	33908000.0	68.0
8478	33912000.0	55.0
8479	33916000.0	57.0
8480	33920000.0	52.0
8481	33924000.0	67.0
8482	33928000.0	69.0
8483	33932000.0	62.0
8484	33936000.0	66.0
8485	33940000.0	47.0
8486	33944000.0	65.0
8487	33948000.0	62.0
8488	33952000.0	74.0
8489	33956000.0	55.0
8490	33960000.0	64.0
8491	33964000.0	72.0
8492	33968000.0	46.0
8493	33972000.0	59.0
8494	33976000.0	51.0
8495	33980000.0	60.0
8496	33984000.0	51.0
8497	33988000.0	65.0
8498	33992000.0	65.0
8499	33996000.0	52.0
8500	34000000.0	48.0
8501	34004000.0	50.0
8502	34008000.0	53.0
8503	34012000.0	72.0
8504	34016000.0	57.0
8505	34020000.0	62.0
8506	34024000.0	67.0
8507	34028000.0	56.0
8508	34032000.0	68.0
8509	34036000.0	72.0
8510	34040000.0	48.0
8511	34044000.0	64.0
8512	34048000.0	67.0
8513	34052000.0	55.0
8514	34056000.0	52.0
8515	34060000.0	56.0
8516	34064000.0	71.0
8517	34068000.0	69.0
8518	34072000.0	62.0
8519	34076000.0	54.0
8520	34080000.0	55.0
8521	34084000.0	63.0
8522	34088000.0	67.0
8523	34092000.0	58.0
8524	34096000.0	63.0
8525	34100000.0	59.0
8526	34104000.0	63.0
8527	34108000.0	52.0
8528	34112000.0	70.0
8529	34116000.0	72.0
8530	34120000.0	70.0
8531	34124000.0	58.0
8532	34128000.0	47.0
8533	34132000.0	62.0
8534	34136000.0	62.0
8535	34140000.0	55.0
8536	34144000.0	64.0
8537	34148000.0	61.0
8538	34152000.0	54.0
8539	34156000.0	68.0
8540	34160000.0	68.0
8541	34164000.0	59.0
8542	34168000.0	59.0
8543	34172000.0	61.0
8544	34176000.0	68.0
8545	34180000.0	59.0
8546	34184000.0	64.0
8547	34188000.0	73.0
8548	34192000.0	60.0
8549	34196000.0	66.0
8550	34200000.0	69.0
8551	34204000.0	65.0
8552	34208000.0	56.0
8553	34212000.0	64.0
8554	34216000.0	62.0
8555	34220000.0	59.0
8556	34224000.0	59.0
8557	34228000.0	61.0
8558	34232000.0	56.0
8559	34236000.0	57.0
8560	34240000.0	54.0
8561	34244000.0	49.0
8562	34248000.0	76.0
8563	34252000.0	57.0
8564	34256000.0	62.0
8565	34260000.0	59.0
8566	34264000.0	77.0
8567	34268000.0	68.0
8568	34272000.0	50.0
8569	34276000.0	49.0
8570	34280000.0	73.0
8571	34284000.0	62.0
8572	34288000.0	66.0
8573	34292000.0	56.0
8574	34296000.0	60.0
8575	34300000.0	50.0
8576	34304000.0	63.0
8577	34308000.0	53.0
8578	34312000.0	56.0
8579	34316000.0	74.0
8580	34320000.0	57.0
8581	34324000.0	62.0
8582	34328000.0	57.0
8583	34332000.0	60.0
8584	34336000.0	64.0
8585	34340000.0	63.0
8586	34344000.0	65.0
8587	34348000.0	72.0
8588	34352000.0	72.0
8589	34356000.0	76.0
8590	34360000.0	52.0
8591	34364000.0	69.0
8592	34368000.0	62.0
8593	34372000.0	65.0
8594	34376000.0	60.0
8595	34380000.0	65.0
8596	34384000.0	75.0
8597	34388000.0	52.0
8598	34392000.0	64.0
8599	34396000.0	63.0
8600	34400000.0	66.0
8601	34404000.0	71.0
8602	34408000.0	56.0
8603	34412000.0	49.0
8604	34416000.0	65.0
8605	34420000.0	49.0
8606	34424000.0	66.0
8607	34428000.0	48.0
8608	34432000.0	65.0
8609	34436000.0	64.0
8610	34440000.0	57.0
8611	34444000.0	57.0
8612	34448000.0	77.0
8613	34452000.0	57.0
8614	34456000.0	60.0
8615	34460000.0	51.0
8616	34464000.0	55.0
8617	34468000.0	59.0
8618	34472000.0	59.0
8619	34476000.0	64.0
8620	34480000.0	51.0
8621	34484000.0	59.0
8622	34488000.0	63.0
8623	34492000.0	69.0
8624	34496000.0	53.0
8625	34500000.0	59.0
8626	34504000.0	43.0
8627	34508000.0	54.0
8628	34512000.0	68.0
8629	34516000.0	55.0
8630	34520000.0	70.0
8631	34524000.0	57.0
8632	34528000.0	56.0
8633	34532000.0	52.0
8634	34536000.0	74.0
8635	34540000.0	58.0
8636	34544000.0	57.0
8637	34548000.0	62.0
8638	34552000.0	66.0
8639	34556000.0	46.0
8640	34560000.0	61.0
8641	34564000.0	60.0
8642	34568000.0	66.0
8643	34572000.0	53.0
8644	34576000.0	57.0
8645	34580000.0	69.0
8646	34584000.0	57.0
8647	34588000.0	63.0
8648	34592000.0	68.0
8649	34596000.0	58.0
8650	34600000.0	53.0
8651	34604000.0	56.0
8652	34608000.0	59.0
8653	34612000.0	54.0
8654	34616000.0	64.0
8655	34620000.0	56.0
8656	34624000.0	76.0
8657	34628000.0	61.0
8658	34632000.0	71.0
8659	34636000.0	62.0
8660	34640000.0	55.0
8661	34644000.0	61.0
8662	34648000.0	55.0
8663	34652000.0	52.0
8664	34656000.0	58.0
8665	34660000.0	64.0
8666	34664000.0	63.0
8667	34668000.0	48.0
8668	34672000.0	70.0
8669	34676000.0	55.0
8670	34680000.0	55.0
8671	34684000.0	57.0
8672	34688000.0	45.0
8673	34692000.0	42.0
8674	34696000.0	53.0
8675	34700000.0	63.0
8676	34704000.0	51.0
8677	34708000.0	55.0
8678	34712000.0	62.0
8679	34716000.0	62.0
8680	34720000.0	55.0
8681	34724000.0	42.0
8682	34728000.0	54.0
8683	34732000.0	55.0
8684	34736000.0	63.0
8685	34740000.0	53.0
8686	34744000.0	72.0
8687	34748000.0	61.0
8688	34752000.0	39.0
8689	34756000.0	64.0
8690	34760000.0	70.0
8691	34764000.0	77.0
8692	34768000.0	58.0
8693	34772000.0	66.0
8694	34776000.0	54.0
8695	34780000.0	60.0
8696	34784000.0	58.0
8697	34788000.0	68.0
8698	34792000.0	65.0
8699	34796000.0	50.0
8700	34800000.0	65.0
8701	34804000.0	65.0
8702	34808000.0	60.0
8703	34812000.0	51.0
8704	34816000.0	41.0
8705	34820000.0	63.0
8706	34824000.0	60.0
8707	34828000.0	62.0
8708	34832000.0	65.0
8709	34836000.0	67.0
8710	34840000.0	49.0
8711	34844000.0	51.0
8712	34848000.0	58.0
8713	34852000.0	64.0
8714	34856000.0	53.0
8715	34860000.0	61.0
8716	34864000.0	53.0
8717	34868000.0	61.0
8718	34872000.0	63.0
8719	34876000.0	59.0
8720	34880000.0	52.0
8721	34884000.0	61.0
8722	34888000.0	59.0
8723	34892000.0	58.0
8724	34896000.0	61.0
8725	34900000.0	63.0
8726	34904000.0	55.0
8727	34908000.0	56.0
8728	34912000.0	61.0
8729	34916000.0	57.0
8730	34920000.0	76.0
8731	34924000.0	51.0
8732	34928000.0	82.0
8733	34932000.0	53.0
8734	34936000.0	50.0
8735	34940000.0	60.0
8736	34944000.0	79.0
8737	34948000.0	67.0
8738	34952000.0	53.0
8739	34956000.0	49.0
8740	34960000.0	58.0
8741	34964000.0	66.0
8742	34968000.0	57.0
8743	34972000.0	41.0
8744	34976000.0	59.0
8745	34980000.0	61.0
8746	34984000.0	52.0
8747	34988000.0	51.0
8748	34992000.0	78.0
8749	34996000.0	47.0
8750	35000000.0	50.0
8751	35004000.0	51.0
8752	35008000.0	60.0
8753	35012000.0	72.0
8754	35016000.0	61.0
8755	35020000.0	68.0
8756	35024000.0	62.0
8757	35028000.0	62.0
8758	35032000.0	61.0
8759	35036000.0	66.0
8760	35040000.0	59.0
8761	35044000.0	54.0
8762	35048000.0	47.0
8763	35052000.0	58.0
8764	35056000.0	71.0
8765	35060000.0	64.0
8766	35064000.0	67.0
8767	35068000.0	51.0
8768	35072000.0	51.0
8769	35076000.0	55.0
8770	35080000.0	53.0
8771	35084000.0	53.0
8772	35088000.0	58.0
8773	35092000.0	54.0
8774	35096000.0	44.0
8775	35100000.0	70.0
8776	35104000.0	49.0
8777	35108000.0	61.0
8778	35112000.0	67.0
8779	35116000.0	66.0
8780	35120000.0	57.0
8781	35124000.0	63.0
8782	35128000.0	68.0
8783	35132000.0	63.0
8784	35136000.0	52.0
8785	35140000.0	64.0
8786	35144000.0	71.0
8787	35148000.0	59.0
8788	35152000.0	53.0
8789	35156000.0	59.0
8790	35160000.0	66.0
8791	35164000.0	60.0
8792	35168000.0	69.0
8793	35172000.0	49.0
8794	35176000.0	58.0
8795	35180000.0	58.0
8796	35184000.0	48.0
8797	35188000.0	69.0
8798	35192000.0	59.0
8799	35196000.0	71.0
8800	35200000.0	64.0
8801	35204000.0	53.0
8802	35208000.0	57.0
8803	35212000.0	59.0
8804	35216000.0	66.0
8805	35220000.0	57.0
8806	35224000.0	53.0
8807	35228000.0	47.0
8808	35232000.0	64.0
8809	35236000.0	54.0
8810	35240000.0	52.0
8811	35244000.0	53.0
8812	35248000.0	62.0
8813	35252000.0	67.0
8814	35256000.0	65.0
8815	35260000.0	47.0
8816	35264000.0	54.0
8817	35268000.0	56.0
8818	35272000.0	60.0
8819	35276000.0	50.0
8820	35280000.0	55.0
8821	35284000.0	70.0
8822	35288000.0	64.0
8823	35292000.0	61.0
8824	35296000.0	61.0
8825	35300000.0	51.0
8826	35304000.0	54.0
8827	35308000.0	41.0
8828	35312000.0	55.0
8829	35316000.0	60.0
8830	35320000.0	45.0
8831	35324000.0	47.0
8832	35328000.0	62.0
8833	35332000.0	60.0
8834	35336000.0	42.0
8835	35340000.0	62.0
8836	35344000.0	62.0
8837	35348000.0	56.0
8838	35352000.0	48.0
8839	35356000.0	59.0
8840	35360000.0	61.0
8841	35364000.0	53.0
8842	35368000.0	55.0
8843	35372000.0	47.0
8844	35376000.0	52.0
8845	35380000.0	59.0
8846	35384000.0	58.0
8847	35388000.0	40.0
8848	35392000.0	52.0
8849	35396000.0	60.0
8850	35400000.0	55.0
8851	35404000.0	51.0
8852	35408000.0	58.0
8853	35412000.0	54.0
8854	35416000.0	44.0
8855	35420000.0	64.0
8856	35424000.0	59.0
8857	35428000.0	64.0
8858	35432000.0	64.0
8859	35436000.0	61.0
8860	35440000.0	58.0
8861	35444000.0	45.0
8862	35448000.0	61.0
8863	35452000.0	67.0
8864	35456000.0	62.0
8865	35460000.0	52.0
8866	35464000.0	60.0
8867	35468000.0	45.0
8868	35472000.0	66.0
8869	35476000.0	66.0
8870	35480000.0	64.0
8871	35484000.0	51.0
8872	35488000.0	73.0
8873	35492000.0	63.0
8874	35496000.0	69.0
8875	35500000.0	55.0
8876	35504000.0	65.0
8877	35508000.0	63.0
8878	35512000.0	75.0
8879	35516000.0	53.0
8880	35520000.0	59.0
8881	35524000.0	68.0
8882	35528000.0	55.0
8883	35532000.0	63.0
8884	35536000.0	71.0
8885	35540000.0	69.0
8886	35544000.0	47.0
8887	35548000.0	45.0
8888	35552000.0	63.0
8889	35556000.0	63.0
8890	35560000.0	54.0
8891	35564000.0	61.0
8892	35568000.0	66.0
8893	35572000.0	58.0
8894	35576000.0	54.0
8895	35580000.0	71.0
8896	35584000.0	49.0
8897	35588000.0	71.0
8898	35592000.0	60.0
8899	35596000.0	52.0
8900	35600000.0	62.0
8901	35604000.0	57.0
8902	35608000.0	47.0
8903	35612000.0	66.0
8904	35616000.0	51.0
8905	35620000.0	57.0
8906	35624000.0	67.0
8907	35628000.0	56.0
8908	35632000.0	54.0
8909	35636000.0	55.0
8910	35640000.0	56.0
8911	35644000.0	53.0
8912	35648000.0	50.0
8913	35652000.0	44.0
8914	35656000.0	47.0
8915	35660000.0	51.0
8916	35664000.0	65.0
8917	35668000.0	53.0
8918	35672000.0	51.0
8919	35676000.0	71.0
8920	35680000.0	61.0
8921	35684000.0	71.0
8922	35688000.0	59.0
8923	35692000.0	58.0
8924	35696000.0	64.0
8925	35700000.0	64.0
8926	35704000.0	58.0
8927	35708000.0	61.0
8928	35712000.0	51.0
8929	35716000.0	53.0
8930	35720000.0	53.0
8931	35724000.0	41.0
8932	35728000.0	48.0
8933	35732000.0	48.0
8934	35736000.0	65.0
8935	35740000.0	61.0
8936	35744000.0	70.0
8937	35748000.0	62.0
8938	35752000.0	44.0
8939	35756000.0	57.0
8940	35760000.0	46.0
8941	35764000.0	46.0
8942	35768000.0	68.0
8943	35772000.0	47.0
8944	35776000.0	59.0
8945	35780000.0	59.0
8946	35784000.0	62.0
8947	35788000.0	58.0
8948	35792000.0	55.0
8949	35796000.0	48.0
8950	35800000.0	49.0
8951	35804000.0	65.0
8952	35808000.0	51.0
8953	35812000.0	57.0
8954	35816000.0	61.0
8955	35820000.0	55.0
8956	35824000.0	73.0
8957	35828000.0	69.0
8958	35832000.0	37.0
8959	35836000.0	53.0
8960	35840000.0	60.0
8961	35844000.0	54.0
8962	35848000.0	58.0
8963	35852000.0	61.0
8964	35856000.0	54.0
8965	35860000.0	69.0
8966	35864000.0	43.0
8967	35868000.0	56.0
8968	35872000.0	53.0
8969	35876000.0	61.0
8970	35880000.0	51.0
8971	35884000.0	55.0
8972	35888000.0	58.0
8973	35892000.0	47.0
8974	35896000.0	56.0
8975	35900000.0	55.0
8976	35904000.0	56.0
8977	35908000.0	49.0
8978	35912000.0	59.0
8979	35916000.0	57.0
8980	35920000.0	55.0
8981	35924000.0	39.0
8982	35928000.0	49.0
8983	35932000.0	49.0
8984	35936000.0	56.0
8985	35940000.0	69.0
8986	35944000.0	57.0
8987	35948000.0	55.0
8988	35952000.0	54.0
8989	35956000.0	50.0
8990	35960000.0	55.0
8991	35964000.0	60.0
8992	35968000.0	45.0
8993	35972000.0	57.0
8994	35976000.0	55.0
8995	35980000.0	61.0
8996	35984000.0	42.0
8997	35988000.0	41.0
8998	35992000.0	61.0
8999	35996000.0	83.0
9000	36000000.0	51.0
9001	36004000.0	46.0
9002	36008000.0	54.0
9003	36012000.0	49.0
9004	36016000.0	51.0
9005	36020000.0	63.0
9006	36024000.0	56.0
9007	36028000.0	53.0
9008	36032000.0	49.0
9009	36036000.0	65.0
9010	36040000.0	53.0
9011	36044000.0	59.0
9012	36048000.0	56.0
9013	36052000.0	62.0
9014	36056000.0	47.0
9015	36060000.0	57.0
9016	36064000.0	55.0
9017	36068000.0	59.0
9018	36072000.0	44.0
9019	36076000.0	69.0
9020	36080000.0	66.0
9021	36084000.0	50.0
9022	36088000.0	57.0
9023	36092000.0	61.0
9024	36096000.0	58.0
9025	36100000.0	48.0
9026	36104000.0	56.0
9027	36108000.0	55.0
9028	36112000.0	53.0
9029	36116000.0	42.0
9030	36120000.0	74.0
9031	36124000.0	75.0
9032	36128000.0	58.0
9033	36132000.0	52.0
9034	36136000.0	53.0
9035	36140000.0	52.0
9036	36144000.0	55.0
9037	36148000.0	59.0
9038	36152000.0	65.0
9039	36156000.0	47.0
9040	36160000.0	60.0
9041	36164000.0	59.0
9042	36168000.0	68.0
9043	36172000.0	56.0
9044	36176000.0	55.0
9045	36180000.0	59.0
9046	36184000.0	57.0
9047	36188000.0	33.0
9048	36192000.0	48.0
9049	36196000.0	63.0
9050	36200000.0	47.0
9051	36204000.0	46.0
9052	36208000.0	60.0
9053	36212000.0	58.0
9054	36216000.0	53.0
9055	36220000.0	66.0
9056	36224000.0	47.0
9057	36228000.0	73.0
9058	36232000.0	49.0
9059	36236000.0	56.0
9060	36240000.0	60.0
9061	36244000.0	63.0
9062	36248000.0	55.0
9063	36252000.0	44.0
9064	36256000.0	54.0
9065	36260000.0	57.0
9066	36264000.0	53.0
9067	36268000.0	55.0
9068	36272000.0	59.0
9069	36276000.0	61.0
9070	36280000.0	51.0
9071	36284000.0	70.0
9072	36288000.0	44.0
9073	36292000.0	57.0
9074	36296000.0	66.0
9075	36300000.0	55.0
9076	36304000.0	44.0
9077	36308000.0	61.0
9078	36312000.0	53.0
9079	36316000.0	47.0
9080	36320000.0	51.0
9081	36324000.0	52.0
9082	36328000.0	51.0
9083	36332000.0	50.0
9084	36336000.0	68.0
9085	36340000.0	62.0
9086	36344000.0	46.0
9087	36348000.0	43.0
9088	36352000.0	40.0
9089	36356000.0	57.0
9090	36360000.0	58.0
9091	36364000.0	52.0
9092	36368000.0	49.0
9093	36372000.0	55.0
9094	36376000.0	50.0
9095	36380000.0	49.0
9096	36384000.0	47.0
9097	36388000.0	49.0
9098	36392000.0	47.0
9099	36396000.0	49.0
9100	36400000.0	57.0
9101	36404000.0	58.0
9102	36408000.0	51.0
9103	36412000.0	46.0
9104	36416000.0	51.0
9105	36420000.0	52.0
9106	36424000.0	57.0
9107	36428000.0	50.0
9108	36432000.0	53.0
9109	36436000.0	45.0
9110	36440000.0	48.0
9111	36444000.0	41.0
9112	36448000.0	52.0
9113	36452000.0	57.0
9114	36456000.0	55.0
9115	36460000.0	57.0
9116	36464000.0	50.0
9117	36468000.0	60.0
9118	36472000.0	49.0
9119	36476000.0	39.0
9120	36480000.0	53.0
9121	36484000.0	60.0
9122	36488000.0	66.0
9123	36492000.0	48.0
9124	36496000.0	67.0
9125	36500000.0	51.0
9126	36504000.0	45.0
9127	36508000.0	49.0
9128	36512000.0	33.0
9129	36516000.0	54.0
9130	36520000.0	71.0
9131	36524000.0	51.0
9132	36528000.0	58.0
9133	36532000.0	54.0
9134	36536000.0	64.0
9135	36540000.0	72.0
9136	36544000.0	41.0
9137	36548000.0	59.0
9138	36552000.0	48.0
9139	36556000.0	50.0
9140	36560000.0	60.0
9141	36564000.0	61.0
9142	36568000.0	61.0
9143	36572000.0	53.0
9144	36576000.0	39.0
9145	36580000.0	51.0
9146	36584000.0	56.0
9147	36588000.0	64.0
9148	36592000.0	51.0
9149	36596000.0	63.0
9150	36600000.0	57.0
9151	36604000.0	47.0
9152	36608000.0	55.0
9153	36612000.0	55.0
9154	36616000.0	38.0
9155	36620000.0	65.0
9156	36624000.0	60.0
9157	36628000.0	51.0
9158	36632000.0	58.0
9159	36636000.0	51.0
9160	36640000.0	47.0
9161	36644000.0	53.0
9162	36648000.0	46.0
9163	36652000.0	52.0
9164	36656000.0	57.0
9165	36660000.0	45.0
9166	36664000.0	45.0
9167	36668000.0	61.0
9168	36672000.0	57.0
9169	36676000.0	48.0
9170	36680000.0	46.0
9171	36684000.0	57.0
9172	36688000.0	58.0
9173	36692000.0	54.0
9174	36696000.0	51.0
9175	36700000.0	63.0
9176	36704000.0	50.0
9177	36708000.0	58.0
9178	36712000.0	50.0
9179	36716000.0	48.0
9180	36720000.0	62.0
9181	36724000.0	50.0
9182	36728000.0	52.0
9183	36732000.0	44.0
9184	36736000.0	51.0
9185	36740000.0	56.0
9186	36744000.0	55.0
9187	36748000.0	59.0
9188	36752000.0	41.0
9189	36756000.0	61.0
9190	36760000.0	49.0
9191	36764000.0	51.0
9192	36768000.0	45.0
9193	36772000.0	62.0
9194	36776000.0	64.0
9195	36780000.0	46.0
9196	36784000.0	55.0
9197	36788000.0	58.0
9198	36792000.0	53.0
9199	36796000.0	66.0
9200	36800000.0	45.0
9201	36804000.0	57.0
9202	36808000.0	50.0
9203	36812000.0	59.0
9204	36816000.0	46.0
9205	36820000.0	49.0
9206	36824000.0	65.0
9207	36828000.0	44.0
9208	36832000.0	59.0
9209	36836000.0	49.0
9210	36840000.0	49.0
9211	36844000.0	53.0
9212	36848000.0	69.0
9213	36852000.0	64.0
9214	36856000.0	48.0
9215	36860000.0	44.0
9216	36864000.0	54.0
9217	36868000.0	47.0
9218	36872000.0	48.0
9219	36876000.0	59.0
9220	36880000.0	40.0
9221	36884000.0	44.0
9222	36888000.0	50.0
9223	36892000.0	68.0
9224	36896000.0	54.0
9225	36900000.0	46.0
9226	36904000.0	45.0
9227	36908000.0	54.0
9228	36912000.0	53.0
9229	36916000.0	61.0
9230	36920000.0	64.0
9231	36924000.0	56.0
9232	36928000.0	50.0
9233	36932000.0	40.0
9234	36936000.0	59.0
9235	36940000.0	54.0
9236	36944000.0	61.0
9237	36948000.0	59.0
9238	36952000.0	55.0
9239	36956000.0	65.0
9240	36960000.0	53.0
9241	36964000.0	50.0
9242	36968000.0	36.0
9243	36972000.0	54.0
9244	36976000.0	44.0
9245	36980000.0	53.0
9246	36984000.0	58.0
9247	36988000.0	63.0
9248	36992000.0	57.0
9249	36996000.0	48.0
9250	37000000.0	43.0
9251	37004000.0	42.0
9252	37008000.0	57.0
9253	37012000.0	55.0
9254	37016000.0	43.0
9255	37020000.0	49.0
9256	37024000.0	51.0
9257	37028000.0	49.0
9258	37032000.0	41.0
9259	37036000.0	58.0
9260	37040000.0	47.0
9261	37044000.0	55.0
9262	37048000.0	65.0
9263	37052000.0	50.0
9264	37056000.0	48.0
9265	37060000.0	60.0
9266	37064000.0	60.0
9267	37068000.0	64.0
9268	37072000.0	41.0
9269	37076000.0	44.0
9270	37080000.0	42.0
9271	37084000.0	56.0
9272	37088000.0	53.0
9273	37092000.0	56.0
9274	37096000.0	46.0
9275	37100000.0	40.0
9276	37104000.0	46.0
9277	37108000.0	49.0
9278	37112000.0	45.0
9279	37116000.0	47.0
9280	37120000.0	52.0
9281	37124000.0	48.0
9282	37128000.0	62.0
9283	37132000.0	39.0
9284	37136000.0	46.0
9285	37140000.0	55.0
9286	37144000.0	49.0
9287	37148000.0	38.0
9288	37152000.0	37.0
9289	37156000.0	53.0
9290	37160000.0	46.0
9291	37164000.0	48.0
9292	37168000.0	42.0
9293	37172000.0	50.0
9294	37176000.0	61.0
9295	37180000.0	56.0
9296	37184000.0	39.0
9297	37188000.0	59.0
9298	37192000.0	51.0
9299	37196000.0	63.0
9300	37200000.0	48.0
9301	37204000.0	37.0
9302	37208000.0	53.0
9303	37212000.0	53.0
9304	37216000.0	49.0
9305	37220000.0	38.0
9306	37224000.0	49.0
9307	37228000.0	61.0
9308	37232000.0	48.0
9309	37236000.0	50.0
9310	37240000.0	46.0
9311	37244000.0	42.0
9312	37248000.0	64.0
9313	37252000.0	52.0
9314	37256000.0	62.0
9315	37260000.0	57.0
9316	37264000.0	52.0
9317	37268000.0	61.0
9318	37272000.0	52.0
9319	37276000.0	57.0
9320	37280000.0	50.0
9321	37284000.0	53.0
9322	37288000.0	49.0
9323	37292000.0	63.0
9324	37296000.0	44.0
9325	37300000.0	56.0
9326	37304000.0	55.0
9327	37308000.0	46.0
9328	37312000.0	53.0
9329	37316000.0	46.0
9330	37320000.0	41.0
9331	37324000.0	52.0
9332	37328000.0	54.0
9333	37332000.0	55.0
9334	37336000.0	37.0
9335	37340000.0	41.0
9336	37344000.0	51.0
9337	37348000.0	65.0
9338	37352000.0	72.0
9339	37356000.0	40.0
9340	37360000.0	42.0
9341	37364000.0	46.0
9342	37368000.0	56.0
9343	37372000.0	42.0
9344	37376000.0	54.0
9345	37380000.0	46.0
9346	37384000.0	56.0
9347	37388000.0	46.0
9348	37392000.0	56.0
9349	37396000.0	53.0
9350	37400000.0	52.0
9351	37404000.0	45.0
9352	37408000.0	47.0
9353	37412000.0	63.0
9354	37416000.0	53.0
9355	37420000.0	46.0
9356	37424000.0	53.0
9357	37428000.0	50.0
9358	37432000.0	61.0
9359	37436000.0	54.0
9360	37440000.0	39.0
9361	37444000.0	54.0
9362	37448000.0	45.0
9363	37452000.0	57.0
9364	37456000.0	60.0
9365	37460000.0	40.0
9366	37464000.0	66.0
9367	37468000.0	62.0
9368	37472000.0	49.0
9369	37476000.0	38.0
9370	37480000.0	50.0
9371	37484000.0	53.0
9372	37488000.0	45.0
9373	37492000.0	50.0
9374	37496000.0	50.0
9375	37500000.0	62.0
9376	37504000.0	51.0
9377	37508000.0	46.0
9378	37512000.0	50.0
9379	37516000.0	51.0
9380	37520000.0	49.0
9381	37524000.0	47.0
9382	37528000.0	55.0
9383	37532000.0	60.0
9384	37536000.0	48.0
9385	37540000.0	40.0
9386	37544000.0	55.0
9387	37548000.0	59.0
9388	37552000.0	53.0
9389	37556000.0	45.0
9390	37560000.0	57.0
9391	37564000.0	43.0
9392	37568000.0	55.0
9393	37572000.0	40.0
9394	37576000.0	60.0
9395	37580000.0	53.0
9396	37584000.0	55.0
9397	37588000.0	58.0
9398	37592000.0	50.0
9399	37596000.0	55.0
9400	37600000.0	43.0
9401	37604000.0	58.0
9402	37608000.0	54.0
9403	37612000.0	55.0
9404	37616000.0	46.0
9405	37620000.0	49.0
9406	37624000.0	50.0
9407	37628000.0	61.0
9408	37632000.0	49.0
9409	37636000.0	53.0
9410	37640000.0	44.0
9411	37644000.0	50.0
9412	37648000.0	41.0
9413	37652000.0	57.0
9414	37656000.0	53.0
9415	37660000.0	41.0
9416	37664000.0	50.0
9417	37668000.0	54.0
9418	37672000.0	57.0
9419	37676000.0	44.0
9420	37680000.0	65.0
9421	37684000.0	52.0
9422	37688000.0	30.0
9423	37692000.0	49.0
9424	37696000.0	51.0
9425	37700000.0	62.0
9426	37704000.0	47.0
9427	37708000.0	48.0
9428	37712000.0	49.0
9429	37716000.0	55.0
9430	37720000.0	56.0
9431	37724000.0	45.0
9432	37728000.0	48.0
9433	37732000.0	66.0
9434	37736000.0	54.0
9435	37740000.0	48.0
9436	37744000.0	38.0
9437	37748000.0	43.0
9438	37752000.0	75.0
9439	37756000.0	63.0
9440	37760000.0	51.0
9441	37764000.0	56.0
9442	37768000.0	49.0
9443	37772000.0	49.0
9444	37776000.0	48.0
9445	37780000.0	48.0
9446	37784000.0	55.0
9447	37788000.0	45.0
9448	37792000.0	49.0
9449	37796000.0	50.0
9450	37800000.0	56.0
9451	37804000.0	41.0
9452	37808000.0	55.0
9453	37812000.0	52.0
9454	37816000.0	42.0
9455	37820000.0	48.0
9456	37824000.0	53.0
9457	37828000.0	56.0
9458	37832000.0	61.0
9459	37836000.0	54.0
9460	37840000.0	60.0
9461	37844000.0	45.0
9462	37848000.0	54.0
9463	37852000.0	42.0
9464	37856000.0	44.0
9465	37860000.0	54.0
9466	37864000.0	48.0
9467	37868000.0	52.0
9468	37872000.0	48.0
9469	37876000.0	46.0
9470	37880000.0	49.0
9471	37884000.0	51.0
9472	37888000.0	61.0
9473	37892000.0	50.0
9474	37896000.0	50.0
9475	37900000.0	47.0
9476	37904000.0	58.0
9477	37908000.0	45.0
9478	37912000.0	41.0
9479	37916000.0	43.0
9480	37920000.0	45.0
9481	37924000.0	48.0
9482	37928000.0	41.0
9483	37932000.0	46.0
9484	37936000.0	56.0
9485	37940000.0	40.0
9486	37944000.0	46.0
9487	37948000.0	55.0
9488	37952000.0	32.0
9489	37956000.0	44.0
9490	37960000.0	43.0
9491	37964000.0	51.0
9492	37968000.0	50.0
9493	37972000.0	39.0
9494	37976000.0	49.0
9495	37980000.0	59.0
9496	37984000.0	45.0
9497	37988000.0	56.0
9498	37992000.0	52.0
9499	37996000.0	44.0
9500	38000000.0	50.0
9501	38004000.0	48.0
9502	38008000.0	66.0
9503	38012000.0	40.0
9504	38016000.0	37.0
9505	38020000.0	37.0
9506	38024000.0	37.0
9507	38028000.0	49.0
9508	38032000.0	54.0
9509	38036000.0	50.0
9510	38040000.0	52.0
9511	38044000.0	65.0
9512	38048000.0	54.0
9513	38052000.0	57.0
9514	38056000.0	60.0
9515	38060000.0	45.0
9516	38064000.0	53.0
9517	38068000.0	43.0
9518	38072000.0	69.0
9519	38076000.0	50.0
9520	38080000.0	54.0
9521	38084000.0	46.0
9522	38088000.0	55.0
9523	38092000.0	43.0
9524	38096000.0	52.0
9525	38100000.0	52.0
9526	38104000.0	43.0
9527	38108000.0	58.0
9528	38112000.0	38.0
9529	38116000.0	49.0
9530	38120000.0	55.0
9531	38124000.0	42.0
9532	38128000.0	56.0
9533	38132000.0	51.0
9534	38136000.0	46.0
9535	38140000.0	54.0
9536	38144000.0	49.0
9537	38148000.0	54.0
9538	38152000.0	39.0
9539	38156000.0	38.0
9540	38160000.0	46.0
9541	38164000.0	46.0
9542	38168000.0	46.0
9543	38172000.0	43.0
9544	38176000.0	43.0
9545	38180000.0	50.0
9546	38184000.0	50.0
9547	38188000.0	60.0
9548	38192000.0	54.0
9549	38196000.0	51.0
9550	38200000.0	41.0
9551	38204000.0	64.0
9552	38208000.0	46.0
9553	38212000.0	70.0
9554	38216000.0	41.0
9555	38220000.0	54.0
9556	38224000.0	44.0
9557	38228000.0	55.0
9558	38232000.0	60.0
9559	38236000.0	51.0
9560	38240000.0	54.0
9561	38244000.0	44.0
9562	38248000.0	48.0
9563	38252000.0	43.0
9564	38256000.0	43.0
9565	38260000.0	45.0
9566	38264000.0	47.0
9567	38268000.0	58.0
9568	38272000.0	51.0
9569	38276000.0	55.0
9570	38280000.0	44.0
9571	38284000.0	59.0
9572	38288000.0	46.0
9573	38292000.0	49.0
9574	38296000.0	37.0
9575	38300000.0	46.0
9576	38304000.0	52.0
9577	38308000.0	57.0
9578	38312000.0	49.0
9579	38316000.0	49.0
9580	38320000.0	64.0
9581	38324000.0	49.0
9582	38328000.0	63.0
9583	38332000.0	56.0
9584	38336000.0	50.0
9585	38340000.0	52.0
9586	38344000.0	47.0
9587	38348000.0	55.0
9588	38352000.0	49.0
9589	38356000.0	50.0
9590	38360000.0	39.0
9591	38364000.0	45.0
9592	38368000.0	60.0
9593	38372000.0	49.0
9594	38376000.0	51.0
9595	38380000.0	49.0
9596	38384000.0	51.0
9597	38388000.0	47.0
9598	38392000.0	40.0
9599	38396000.0	57.0
9600	38400000.0	40.0
9601	38404000.0	52.0
9602	38408000.0	46.0
9603	38412000.0	40.0
9604	38416000.0	57.0
9605	38420000.0	48.0
9606	38424000.0	53.0
9607	38428000.0	40.0
9608	38432000.0	39.0
9609	38436000.0	41.0
9610	38440000.0	54.0
9611	38444000.0	53.0
9612	38448000.0	48.0
9613	38452000.0	52.0
9614	38456000.0	57.0
9615	38460000.0	50.0
9616	38464000.0	41.0
9617	38468000.0	53.0
9618	38472000.0	46.0
9619	38476000.0	44.0
9620	38480000.0	45.0
9621	38484000.0	57.0
9622	38488000.0	40.0
9623	38492000.0	47.0
9624	38496000.0	36.0
9625	38500000.0	51.0
9626	38504000.0	51.0
9627	38508000.0	48.0
9628	38512000.0	41.0
9629	38516000.0	44.0
9630	38520000.0	63.0
9631	38524000.0	49.0
9632	38528000.0	63.0
9633	38532000.0	51.0
9634	38536000.0	57.0
9635	38540000.0	60.0
9636	38544000.0	45.0
9637	38548000.0	31.0
9638	38552000.0	50.0
9639	38556000.0	58.0
9640	38560000.0	47.0
9641	38564000.0	40.0
9642	38568000.0	45.0
9643	38572000.0	51.0
9644	38576000.0	58.0
9645	38580000.0	54.0
9646	38584000.0	51.0
9647	38588000.0	47.0
9648	38592000.0	39.0
9649	38596000.0	46.0
9650	38600000.0	48.0
9651	38604000.0	56.0
9652	38608000.0	49.0
9653	38612000.0	51.0
9654	38616000.0	54.0
9655	38620000.0	43.0
9656	38624000.0	62.0
9657	38628000.0	42.0
9658	38632000.0	49.0
9659	38636000.0	54.0
9660	38640000.0	58.0
9661	38644000.0	47.0
9662	38648000.0	51.0
9663	38652000.0	63.0
9664	38656000.0	40.0
9665	38660000.0	62.0
9666	38664000.0	38.0
9667	38668000.0	45.0
9668	38672000.0	44.0
9669	38676000.0	42.0
9670	38680000.0	39.0
9671	38684000.0	51.0
9672	38688000.0	51.0
9673	38692000.0	51.0
9674	38696000.0	51.0
9675	38700000.0	46.0
9676	38704000.0	45.0
9677	38708000.0	44.0
9678	38712000.0	49.0
9679	38716000.0	53.0
9680	38720000.0	59.0
9681	38724000.0	47.0
9682	38728000.0	43.0
9683	38732000.0	49.0
9684	38736000.0	48.0
9685	38740000.0	48.0
9686	38744000.0	50.0
9687	38748000.0	56.0
9688	38752000.0	47.0
9689	38756000.0	47.0
9690	38760000.0	43.0
9691	38764000.0	49.0
9692	38768000.0	46.0
9693	38772000.0	43.0
9694	38776000.0	40.0
9695	38780000.0	35.0
9696	38784000.0	36.0
9697	38788000.0	56.0
9698	38792000.0	46.0
9699	38796000.0	45.0
9700	38800000.0	49.0
9701	38804000.0	36.0
9702	38808000.0	49.0
9703	38812000.0	46.0
9704	38816000.0	26.0
9705	38820000.0	39.0
9706	38824000.0	52.0
9707	38828000.0	49.0
9708	38832000.0	50.0
9709	38836000.0	56.0
9710	38840000.0	42.0
9711	38844000.0	58.0
9712	38848000.0	51.0
9713	38852000.0	34.0
9714	38856000.0	40.0
9715	38860000.0	45.0
9716	38864000.0	43.0
9717	38868000.0	43.0
9718	38872000.0	56.0
9719	38876000.0	50.0
9720	38880000.0	51.0
9721	38884000.0	41.0
9722	38888000.0	60.0
9723	38892000.0	44.0
9724	38896000.0	61.0
9725	38900000.0	55.0
9726	38904000.0	54.0
9727	38908000.0	54.0
9728	38912000.0	46.0
9729	38916000.0	56.0
9730	38920000.0	69.0
9731	38924000.0	51.0
9732	38928000.0	55.0
9733	38932000.0	48.0
9734	38936000.0	47.0
9735	38940000.0	44.0
9736	38944000.0	55.0
9737	38948000.0	51.0
9738	38952000.0	49.0
9739	38956000.0	35.0
9740	38960000.0	55.0
9741	38964000.0	43.0
9742	38968000.0	44.0
9743	38972000.0	44.0
9744	38976000.0	45.0
9745	38980000.0	47.0
9746	38984000.0	39.0
9747	38988000.0	43.0
9748	38992000.0	49.0
9749	38996000.0	47.0
9750	39000000.0	51.0
9751	39004000.0	44.0
9752	39008000.0	52.0
9753	39012000.0	49.0
9754	39016000.0	49.0
9755	39020000.0	56.0
9756	39024000.0	44.0
9757	39028000.0	53.0
9758	39032000.0	54.0
9759	39036000.0	50.0
9760	39040000.0	45.0
9761	39044000.0	49.0
9762	39048000.0	54.0
9763	39052000.0	52.0
9764	39056000.0	53.0
9765	39060000.0	49.0
9766	39064000.0	39.0
9767	39068000.0	47.0
9768	39072000.0	53.0
9769	39076000.0	44.0
9770	39080000.0	51.0
9771	39084000.0	37.0
9772	39088000.0	53.0
9773	39092000.0	51.0
9774	39096000.0	56.0
9775	39100000.0	54.0
9776	39104000.0	49.0
9777	39108000.0	53.0
9778	39112000.0	37.0
9779	39116000.0	47.0
9780	39120000.0	42.0
9781	39124000.0	56.0
9782	39128000.0	51.0
9783	39132000.0	36.0
9784	39136000.0	36.0
9785	39140000.0	45.0
9786	39144000.0	51.0
9787	39148000.0	41.0
9788	39152000.0	51.0
9789	39156000.0	50.0
9790	39160000.0	53.0
9791	39164000.0	50.0
9792	39168000.0	40.0
9793	39172000.0	48.0
9794	39176000.0	39.0
9795	39180000.0	46.0
9796	39184000.0	40.0
9797	39188000.0	49.0
9798	39192000.0	50.0
9799	39196000.0	45.0
9800	39200000.0	53.0
9801	39204000.0	48.0
9802	39208000.0	51.0
9803	39212000.0	50.0
9804	39216000.0	46.0
9805	39220000.0	52.0
9806	39224000.0	47.0
9807	39228000.0	46.0
9808	39232000.0	58.0
9809	39236000.0	46.0
9810	39240000.0	55.0
9811	39244000.0	44.0
9812	39248000.0	53.0
9813	39252000.0	47.0
9814	39256000.0	49.0
9815	39260000.0	55.0
9816	39264000.0	53.0
9817	39268000.0	33.0
9818	39272000.0	46.0
9819	39276000.0	61.0
9820	39280000.0	38.0
9821	39284000.0	36.0
9822	39288000.0	35.0
9823	39292000.0	49.0
9824	39296000.0	39.0
9825	39300000.0	59.0
9826	39304000.0	43.0
9827	39308000.0	29.0
9828	39312000.0	59.0
9829	39316000.0	68.0
9830	39320000.0	42.0
9831	39324000.0	50.0
9832	39328000.0	39.0
9833	39332000.0	46.0
9834	39336000.0	39.0
9835	39340000.0	49.0
9836	39344000.0	47.0
9837	39348000.0	44.0
9838	39352000.0	63.0
9839	39356000.0	39.0
9840	39360000.0	48.0
9841	39364000.0	44.0
9842	39368000.0	51.0
9843	39372000.0	55.0
9844	39376000.0	42.0
9845	39380000.0	51.0
9846	39384000.0	46.0
9847	39388000.0	43.0
9848	39392000.0	42.0
9849	39396000.0	61.0
9850	39400000.0	48.0
9851	39404000.0	46.0
9852	39408000.0	57.0
9853	39412000.0	45.0
9854	39416000.0	36.0
9855	39420000.0	46.0
9856	39424000.0	43.0
9857	39428000.0	49.0
9858	39432000.0	36.0
9859	39436000.0	63.0
9860	39440000.0	32.0
9861	39444000.0	56.0
9862	39448000.0	46.0
9863	39452000.0	42.0
9864	39456000.0	66.0
9865	39460000.0	48.0
9866	39464000.0	55.0
9867	39468000.0	46.0
9868	39472000.0	49.0
9869	39476000.0	40.0
9870	39480000.0	53.0
9871	39484000.0	43.0
9872	39488000.0	51.0
9873	39492000.0	40.0
9874	39496000.0	51.0
9875	39500000.0	50.0
9876	39504000.0	43.0
9877	39508000.0	36.0
9878	39512000.0	50.0
9879	39516000.0	47.0
9880	39520000.0	43.0
9881	39524000.0	46.0
9882	39528000.0	44.0
9883	39532000.0	52.0
9884	39536000.0	51.0
9885	39540000.0	52.0
9886	39544000.0	48.0
9887	39548000.0	48.0
9888	39552000.0	45.0
9889	39556000.0	42.0
9890	39560000.0	59.0
9891	39564000.0	43.0
9892	39568000.0	48.0
9893	39572000.0	37.0
9894	39576000.0	49.0
9895	39580000.0	56.0
9896	39584000.0	44.0
9897	39588000.0	41.0
9898	39592000.0	53.0
9899	39596000.0	39.0
9900	39600000.0	52.0
9901	39604000.0	36.0
9902	39608000.0	37.0
9903	39612000.0	45.0
9904	39616000.0	35.0
9905	39620000.0	50.0
9906	39624000.0	44.0
9907	39628000.0	41.0
9908	39632000.0	51.0
9909	39636000.0	46.0
9910	39640000.0	53.0
9911	39644000.0	44.0
9912	39648000.0	50.0
9913	39652000.0	47.0
9914	39656000.0	47.0
9915	39660000.0	41.0
9916	39664000.0	45.0
9917	39668000.0	52.0
9918	39672000.0	45.0
9919	39676000.0	39.0
9920	39680000.0	56.0
9921	39684000.0	48.0
9922	39688000.0	43.0
9923	39692000.0	54.0
9924	39696000.0	44.0
9925	39700000.0	41.0
9926	39704000.0	50.0
9927	39708000.0	49.0
9928	39712000.0	54.0
9929	39716000.0	44.0
9930	39720000.0	51.0
9931	39724000.0	41.0
9932	39728000.0	48.0
9933	39732000.0	44.0
9934	39736000.0	49.0
9935	39740000.0	43.0
9936	39744000.0	50.0
9937	39748000.0	41.0
9938	39752000.0	50.0
9939	39756000.0	49.0
9940	39760000.0	55.0
9941	39764000.0	45.0
9942	39768000.0	46.0
9943	39772000.0	47.0
9944	39776000.0	44.0
9945	39780000.0	40.0
9946	39784000.0	43.0
9947	39788000.0	39.0
9948	39792000.0	37.0
9949	39796000.0	65.0
9950	39800000.0	55.0
9951	39804000.0	47.0
9952	39808000.0	44.0
9953	39812000.0	44.0
9954	39816000.0	44.0
9955	39820000.0	39.0
9956	39824000.0	45.0
9957	39828000.0	41.0
9958	39832000.0	39.0
9959	39836000.0	50.0
9960	39840000.0	50.0
9961	39844000.0	37.0
9962	39848000.0	46.0
9963	39852000.0	54.0
9964	39856000.0	48.0
9965	39860000.0	44.0
9966	39864000.0	46.0
9967	39868000.0	47.0
9968	39872000.0	55.0
9969	39876000.0	48.0
9970	39880000.0	54.0
9971	39884000.0	54.0
9972	39888000.0	40.0
9973	39892000.0	49.0
9974	39896000.0	47.0
9975	39900000.0	39.0
9976	39904000.0	49.0
9977	39908000.0	48.0
9978	39912000.0	37.0
9979	39916000.0	46.0
9980	39920000.0	47.0
9981	39924000.0	61.0
9982	39928000.0	45.0
9983	39932000.0	39.0
9984	39936000.0	50.0
9985	39940000.0	38.0
9986	39944000.0	42.0
9987	39948000.0	42.0
9988	39952000.0	46.0
9989	39956000.0	48.0
9990	39960000.0	50.0
9991	39964000.0	41.0
9992	39968000.0	58.0
9993	39972000.0	45.0
9994	39976000.0	29.0
9995	39980000.0	46.0
9996	39984000.0	48.0
9997	39988000.0	42.0
9998	39992000.0	44.0
9999	39996000.0	37.0
10000	40000000.0	54.0
10001	40004000.0	34.0
10002	40008000.0	44.0
10003	40012000.0	41.0
10004	40016000.0	52.0
10005	40020000.0	42.0
10006	40024000.0	51.0
10007	40028000.0	45.0
10008	40032000.0	36.0
10009	40036000.0	43.0
10010	40040000.0	40.0
10011	40044000.0	48.0
10012	40048000.0	40.0
10013	40052000.0	30.0
10014	40056000.0	40.0
10015	40060000.0	29.0
10016	40064000.0	50.0
10017	40068000.0	40.0
10018	40072000.0	44.0
10019	40076000.0	58.0
10020	40080000.0	41.0
10021	40084000.0	49.0
10022	40088000.0	38.0
10023	40092000.0	41.0
10024	40096000.0	52.0
10025	40100000.0	51.0
10026	40104000.0	45.0
10027	40108000.0	47.0
10028	40112000.0	44.0
10029	40116000.0	40.0
10030	40120000.0	42.0
10031	40124000.0	54.0
10032	40128000.0	56.0
10033	40132000.0	47.0
10034	40136000.0	46.0
10035	40140000.0	59.0
10036	40144000.0	37.0
10037	40148000.0	45.0
10038	40152000.0	42.0
10039	40156000.0	58.0
10040	40160000.0	54.0
10041	40164000.0	34.0
10042	40168000.0	46.0
10043	40172000.0	33.0
10044	40176000.0	38.0
10045	40180000.0	44.0
10046	40184000.0	45.0
10047	40188000.0	56.0
10048	40192000.0	51.0
10049	40196000.0	48.0
10050	40200000.0	44.0
10051	40204000.0	45.0
10052	40208000.0	49.0
10053	40212000.0	36.0
10054	40216000.0	59.0
10055	40220000.0	49.0
10056	40224000.0	61.0
10057	40228000.0	39.0
10058	40232000.0	42.0
10059	40236000.0	37.0
10060	40240000.0	46.0
10061	40244000.0	40.0
10062	40248000.0	46.0
10063	40252000.0	56.0
10064	40256000.0	43.0
10065	40260000.0	43.0
10066	40264000.0	51.0
10067	40268000.0	42.0
10068	40272000.0	44.0
10069	40276000.0	57.0
10070	40280000.0	48.0
10071	40284000.0	45.0
10072	40288000.0	35.0
10073	40292000.0	42.0
10074	40296000.0	65.0
10075	40300000.0	42.0
10076	40304000.0	46.0
10077	40308000.0	47.0
10078	40312000.0	53.0
10079	40316000.0	44.0
10080	40320000.0	44.0
10081	40324000.0	46.0
10082	40328000.0	43.0
10083	40332000.0	50.0
10084	40336000.0	46.0
10085	40340000.0	39.0
10086	40344000.0	53.0
10087	40348000.0	56.0
10088	40352000.0	51.0
10089	40356000.0	34.0
10090	40360000.0	57.0
10091	40364000.0	44.0
10092	40368000.0	46.0
10093	40372000.0	39.0
10094	40376000.0	57.0
10095	40380000.0	31.0
10096	40384000.0	49.0
10097	40388000.0	48.0
10098	40392000.0	47.0
10099	40396000.0	48.0
10100	40400000.0	29.0
10101	40404000.0	39.0
10102	40408000.0	38.0
10103	40412000.0	42.0
10104	40416000.0	30.0
10105	40420000.0	43.0
10106	40424000.0	54.0
10107	40428000.0	38.0
10108	40432000.0	50.0
10109	40436000.0	42.0
10110	40440000.0	50.0
10111	40444000.0	41.0
10112	40448000.0	38.0
10113	40452000.0	46.0
10114	40456000.0	48.0
10115	40460000.0	41.0
10116	40464000.0	50.0
10117	40468000.0	36.0
10118	40472000.0	54.0
10119	40476000.0	38.0
10120	40480000.0	41.0
10121	40484000.0	47.0
10122	40488000.0	43.0
10123	40492000.0	49.0
10124	40496000.0	60.0
10125	40500000.0	54.0
10126	40504000.0	52.0
10127	40508000.0	47.0
10128	40512000.0	35.0
10129	40516000.0	35.0
10130	40520000.0	41.0
10131	40524000.0	40.0
10132	40528000.0	53.0
10133	40532000.0	67.0
10134	40536000.0	53.0
10135	40540000.0	40.0
10136	40544000.0	51.0
10137	40548000.0	54.0
10138	40552000.0	50.0
10139	40556000.0	55.0
10140	40560000.0	49.0
10141	40564000.0	52.0
10142	40568000.0	33.0
10143	40572000.0	60.0
10144	40576000.0	28.0
10145	40580000.0	55.0
10146	40584000.0	46.0
10147	40588000.0	45.0
10148	40592000.0	47.0
10149	40596000.0	45.0
10150	40600000.0	44.0
10151	40604000.0	51.0
10152	40608000.0	44.0
10153	40612000.0	47.0
10154	40616000.0	46.0
10155	40620000.0	45.0
10156	40624000.0	45.0
10157	40628000.0	43.0
10158	40632000.0	48.0
10159	40636000.0	36.0
10160	40640000.0	54.0
10161	40644000.0	43.0
10162	40648000.0	45.0
10163	40652000.0	50.0
10164	40656000.0	35.0
10165	40660000.0	37.0
10166	40664000.0	66.0
10167	40668000.0	50.0
10168	40672000.0	46.0
10169	40676000.0	48.0
10170	40680000.0	58.0
10171	40684000.0	46.0
10172	40688000.0	36.0
10173	40692000.0	43.0
10174	40696000.0	42.0
10175	40700000.0	44.0
10176	40704000.0	47.0
10177	40708000.0	58.0
10178	40712000.0	39.0
10179	40716000.0	37.0
10180	40720000.0	31.0
10181	40724000.0	48.0
10182	40728000.0	27.0
10183	40732000.0	44.0
10184	40736000.0	43.0
10185	40740000.0	50.0
10186	40744000.0	46.0
10187	40748000.0	44.0
10188	40752000.0	32.0
10189	40756000.0	42.0
10190	40760000.0	45.0
10191	40764000.0	53.0
10192	40768000.0	53.0
10193	40772000.0	41.0
10194	40776000.0	38.0
10195	40780000.0	47.0
10196	40784000.0	48.0
10197	40788000.0	27.0
10198	40792000.0	37.0
10199	40796000.0	36.0
10200	40800000.0	48.0
10201	40804000.0	46.0
10202	40808000.0	51.0
10203	40812000.0	60.0
10204	40816000.0	41.0
10205	40820000.0	47.0
10206	40824000.0	46.0
10207	40828000.0	45.0
10208	40832000.0	59.0
10209	40836000.0	50.0
10210	40840000.0	43.0
10211	40844000.0	53.0
10212	40848000.0	45.0
10213	40852000.0	41.0
10214	40856000.0	39.0
10215	40860000.0	38.0
10216	40864000.0	50.0
10217	40868000.0	35.0
10218	40872000.0	50.0
10219	40876000.0	47.0
10220	40880000.0	37.0
10221	40884000.0	35.0
10222	40888000.0	50.0
10223	40892000.0	43.0
10224	40896000.0	48.0
10225	40900000.0	37.0
10226	40904000.0	42.0
10227	40908000.0	49.0
10228	40912000.0	36.0
10229	40916000.0	52.0
10230	40920000.0	44.0
10231	40924000.0	62.0
10232	40928000.0	55.0
10233	40932000.0	50.0
10234	40936000.0	49.0
10235	40940000.0	45.0
10236	40944000.0	55.0
10237	40948000.0	34.0
10238	40952000.0	50.0
10239	40956000.0	35.0
10240	40960000.0	35.0
10241	40964000.0	52.0
10242	40968000.0	45.0
10243	40972000.0	49.0
10244	40976000.0	38.0
10245	40980000.0	49.0
10246	40984000.0	41.0
10247	40988000.0	44.0
10248	40992000.0	41.0
10249	40996000.0	33.0
10250	41000000.0	46.0
10251	41004000.0	40.0
10252	41008000.0	43.0
10253	41012000.0	48.0
10254	41016000.0	49.0
10255	41020000.0	50.0
10256	41024000.0	52.0
10257	41028000.0	41.0
10258	41032000.0	39.0
10259	41036000.0	52.0
10260	41040000.0	42.0
10261	41044000.0	57.0
10262	41048000.0	50.0
10263	41052000.0	48.0
10264	41056000.0	53.0
10265	41060000.0	41.0
10266	41064000.0	37.0
10267	41068000.0	46.0
10268	41072000.0	47.0
10269	41076000.0	40.0
10270	41080000.0	43.0
10271	41084000.0	49.0
10272	41088000.0	51.0
10273	41092000.0	43.0
10274	41096000.0	49.0
10275	41100000.0	42.0
10276	41104000.0	39.0
10277	41108000.0	45.0
10278	41112000.0	37.0
10279	41116000.0	41.0
10280	41120000.0	49.0
10281	41124000.0	41.0
10282	41128000.0	50.0
10283	41132000.0	47.0
10284	41136000.0	48.0
10285	41140000.0	39.0
10286	41144000.0	46.0
10287	41148000.0	30.0
10288	41152000.0	41.0
10289	41156000.0	41.0
10290	41160000.0	44.0
10291	41164000.0	44.0
10292	41168000.0	46.0
10293	41172000.0	37.0
10294	41176000.0	41.0
10295	41180000.0	47.0
10296	41184000.0	35.0
10297	41188000.0	37.0
10298	41192000.0	45.0
10299	41196000.0	53.0
10300	41200000.0	51.0
10301	41204000.0	49.0
10302	41208000.0	55.0
10303	41212000.0	48.0
10304	41216000.0	53.0
10305	41220000.0	50.0
10306	41224000.0	44.0
10307	41228000.0	40.0
10308	41232000.0	43.0
10309	41236000.0	47.0
10310	41240000.0	47.0
10311	41244000.0	51.0
10312	41248000.0	44.0
10313	41252000.0	33.0
10314	41256000.0	44.0
10315	41260000.0	43.0
10316	41264000.0	47.0
10317	41268000.0	37.0
10318	41272000.0	51.0
10319	41276000.0	44.0
10320	41280000.0	45.0
10321	41284000.0	48.0
10322	41288000.0	44.0
10323	41292000.0	58.0
10324	41296000.0	33.0
10325	41300000.0	46.0
10326	41304000.0	41.0
10327	41308000.0	34.0
10328	41312000.0	38.0
10329	41316000.0	43.0
10330	41320000.0	42.0
10331	41324000.0	44.0
10332	41328000.0	44.0
10333	41332000.0	45.0
10334	41336000.0	30.0
10335	41340000.0	42.0
10336	41344000.0	44.0
10337	41348000.0	39.0
10338	41352000.0	33.0
10339	41356000.0	40.0
10340	41360000.0	32.0
10341	41364000.0	38.0
10342	41368000.0	40.0
10343	41372000.0	53.0
10344	41376000.0	33.0
10345	41380000.0	39.0
10346	41384000.0	55.0
10347	41388000.0	48.0
10348	41392000.0	48.0
10349	41396000.0	43.0
10350	41400000.0	47.0
10351	41404000.0	40.0
10352	41408000.0	48.0
10353	41412000.0	47.0
10354	41416000.0	49.0
10355	41420000.0	61.0
10356	41424000.0	42.0
10357	41428000.0	34.0
10358	41432000.0	45.0
10359	41436000.0	45.0
10360	41440000.0	31.0
10361	41444000.0	45.0
10362	41448000.0	36.0
10363	41452000.0	41.0
10364	41456000.0	42.0
10365	41460000.0	43.0
10366	41464000.0	42.0
10367	41468000.0	39.0
10368	41472000.0	45.0
10369	41476000.0	39.0
10370	41480000.0	45.0
10371	41484000.0	42.0
10372	41488000.0	40.0
10373	41492000.0	44.0
10374	41496000.0	41.0
10375	41500000.0	42.0
10376	41504000.0	58.0
10377	41508000.0	49.0
10378	41512000.0	43.0
10379	41516000.0	50.0
10380	41520000.0	35.0
10381	41524000.0	40.0
10382	41528000.0	43.0
10383	41532000.0	41.0
10384	41536000.0	50.0
10385	41540000.0	34.0
10386	41544000.0	36.0
10387	41548000.0	40.0
10388	41552000.0	45.0
10389	41556000.0	44.0
10390	41560000.0	51.0
10391	41564000.0	40.0
10392	41568000.0	44.0
10393	41572000.0	43.0
10394	41576000.0	42.0
10395	41580000.0	42.0
10396	41584000.0	48.0
10397	41588000.0	46.0
10398	41592000.0	32.0
10399	41596000.0	45.0
10400	41600000.0	41.0
10401	41604000.0	33.0
10402	41608000.0	50.0
10403	41612000.0	30.0
10404	41616000.0	39.0
10405	41620000.0	34.0
10406	41624000.0	44.0
10407	41628000.0	40.0
10408	41632000.0	53.0
10409	41636000.0	42.0
10410	41640000.0	47.0
10411	41644000.0	42.0
10412	41648000.0	47.0
10413	41652000.0	42.0
10414	41656000.0	36.0
10415	41660000.0	38.0
10416	41664000.0	37.0
10417	41668000.0	35.0
10418	41672000.0	49.0
10419	41676000.0	52.0
10420	41680000.0	46.0
10421	41684000.0	53.0
10422	41688000.0	41.0
10423	41692000.0	46.0
10424	41696000.0	33.0
10425	41700000.0	41.0
10426	41704000.0	32.0
10427	41708000.0	45.0
10428	41712000.0	43.0
10429	41716000.0	39.0
10430	41720000.0	30.0
10431	41724000.0	36.0
10432	41728000.0	55.0
10433	41732000.0	47.0
10434	41736000.0	33.0
10435	41740000.0	40.0
10436	41744000.0	42.0
10437	41748000.0	38.0
10438	41752000.0	44.0
10439	41756000.0	49.0
10440	41760000.0	35.0
10441	41764000.0	43.0
10442	41768000.0	36.0
10443	41772000.0	40.0
10444	41776000.0	42.0
10445	41780000.0	48.0
10446	41784000.0	40.0
10447	41788000.0	53.0
10448	41792000.0	35.0
10449	41796000.0	54.0
10450	41800000.0	42.0
10451	41804000.0	53.0
10452	41808000.0	38.0
10453	41812000.0	42.0
10454	41816000.0	36.0
10455	41820000.0	57.0
10456	41824000.0	50.0
10457	41828000.0	50.0
10458	41832000.0	31.0
10459	41836000.0	36.0
10460	41840000.0	36.0
10461	41844000.0	44.0
10462	41848000.0	41.0
10463	41852000.0	48.0
10464	41856000.0	39.0
10465	41860000.0	46.0
10466	41864000.0	46.0
10467	41868000.0	50.0
10468	41872000.0	36.0
10469	41876000.0	48.0
10470	41880000.0	45.0
10471	41884000.0	52.0
10472	41888000.0	44.0
10473	41892000.0	38.0
10474	41896000.0	42.0
10475	41900000.0	39.0
10476	41904000.0	39.0
10477	41908000.0	28.0
10478	41912000.0	43.0
10479	41916000.0	44.0
10480	41920000.0	45.0
10481	41924000.0	50.0
10482	41928000.0	48.0
10483	41932000.0	37.0
10484	41936000.0	44.0
10485	41940000.0	42.0
10486	41944000.0	38.0
10487	41948000.0	38.0
10488	41952000.0	38.0
10489	41956000.0	38.0
10490	41960000.0	43.0
10491	41964000.0	38.0
10492	41968000.0	50.0
10493	41972000.0	52.0
10494	41976000.0	38.0
10495	41980000.0	43.0
10496	41984000.0	37.0
10497	41988000.0	38.0
10498	41992000.0	43.0
10499	41996000.0	40.0
10500	42000000.0	41.0
10501	42004000.0	40.0
10502	42008000.0	43.0
10503	42012000.0	35.0
10504	42016000.0	25.0
10505	42020000.0	37.0
10506	42024000.0	42.0
10507	42028000.0	52.0
10508	42032000.0	51.0
10509	42036000.0	39.0
10510	42040000.0	36.0
10511	42044000.0	46.0
10512	42048000.0	31.0
10513	42052000.0	32.0
10514	42056000.0	36.0
10515	42060000.0	42.0
10516	42064000.0	46.0
10517	42068000.0	47.0
10518	42072000.0	37.0
10519	42076000.0	46.0
10520	42080000.0	45.0
10521	42084000.0	38.0
10522	42088000.0	44.0
10523	42092000.0	52.0
10524	42096000.0	44.0
10525	42100000.0	35.0
10526	42104000.0	50.0
10527	42108000.0	45.0
10528	42112000.0	33.0
10529	42116000.0	44.0
10530	42120000.0	40.0
10531	42124000.0	42.0
10532	42128000.0	45.0
10533	42132000.0	43.0
10534	42136000.0	37.0
10535	42140000.0	46.0
10536	42144000.0	45.0
10537	42148000.0	33.0
10538	42152000.0	37.0
10539	42156000.0	53.0
10540	42160000.0	50.0
10541	42164000.0	48.0
10542	42168000.0	60.0
10543	42172000.0	48.0
10544	42176000.0	36.0
10545	42180000.0	47.0
10546	42184000.0	39.0
10547	42188000.0	54.0
10548	42192000.0	42.0
10549	42196000.0	45.0
10550	42200000.0	38.0
10551	42204000.0	38.0
10552	42208000.0	39.0
10553	42212000.0	34.0
10554	42216000.0	42.0
10555	42220000.0	38.0
10556	42224000.0	36.0
10557	42228000.0	37.0
10558	42232000.0	40.0
10559	42236000.0	30.0
10560	42240000.0	40.0
10561	42244000.0	41.0
10562	42248000.0	46.0
10563	42252000.0	41.0
10564	42256000.0	47.0
10565	42260000.0	39.0
10566	42264000.0	35.0
10567	42268000.0	48.0
10568	42272000.0	48.0
10569	42276000.0	36.0
10570	42280000.0	35.0
10571	42284000.0	34.0
10572	42288000.0	38.0
10573	42292000.0	54.0
10574	42296000.0	52.0
10575	42300000.0	33.0
10576	42304000.0	34.0
10577	42308000.0	41.0
10578	42312000.0	55.0
10579	42316000.0	42.0
10580	42320000.0	53.0
10581	42324000.0	45.0
10582	42328000.0	50.0
10583	42332000.0	36.0
10584	42336000.0	31.0
10585	42340000.0	38.0
10586	42344000.0	36.0
10587	42348000.0	31.0
10588	42352000.0	36.0
10589	42356000.0	46.0
10590	42360000.0	41.0
10591	42364000.0	34.0
10592	42368000.0	46.0
10593	42372000.0	46.0
10594	42376000.0	47.0
10595	42380000.0	42.0
10596	42384000.0	47.0
10597	42388000.0	47.0
10598	42392000.0	43.0
10599	42396000.0	46.0
10600	42400000.0	48.0
10601	42404000.0	46.0
10602	42408000.0	32.0
10603	42412000.0	39.0
10604	42416000.0	45.0
10605	42420000.0	40.0
10606	42424000.0	30.0
10607	42428000.0	33.0
10608	42432000.0	29.0
10609	42436000.0	35.0
10610	42440000.0	34.0
10611	42444000.0	42.0
10612	42448000.0	36.0
10613	42452000.0	47.0
10614	42456000.0	33.0
10615	42460000.0	34.0
10616	42464000.0	46.0
10617	42468000.0	46.0
10618	42472000.0	42.0
10619	42476000.0	40.0
10620	42480000.0	37.0
10621	42484000.0	39.0
10622	42488000.0	40.0
10623	42492000.0	48.0
10624	42496000.0	47.0
10625	42500000.0	32.0
10626	42504000.0	46.0
10627	42508000.0	38.0
10628	42512000.0	43.0
10629	42516000.0	36.0
10630	42520000.0	46.0
10631	42524000.0	36.0
10632	42528000.0	34.0
10633	42532000.0	44.0
10634	42536000.0	36.0
10635	42540000.0	38.0
10636	42544000.0	39.0
10637	42548000.0	36.0
10638	42552000.0	43.0
10639	42556000.0	37.0
10640	42560000.0	46.0
10641	42564000.0	46.0
10642	42568000.0	34.0
10643	42572000.0	41.0
10644	42576000.0	35.0
10645	42580000.0	41.0
10646	42584000.0	40.0
10647	42588000.0	45.0
10648	42592000.0	45.0
10649	42596000.0	42.0
10650	42600000.0	37.0
10651	42604000.0	43.0
10652	42608000.0	43.0
10653	42612000.0	36.0
10654	42616000.0	48.0
10655	42620000.0	43.0
10656	42624000.0	42.0
10657	42628000.0	36.0
10658	42632000.0	34.0
10659	42636000.0	48.0
10660	42640000.0	41.0
10661	42644000.0	47.0
10662	42648000.0	46.0
10663	42652000.0	44.0
10664	42656000.0	35.0
10665	42660000.0	38.0
10666	42664000.0	51.0
10667	42668000.0	38.0
10668	42672000.0	46.0
10669	42676000.0	30.0
10670	42680000.0	37.0
10671	42684000.0	41.0
10672	42688000.0	35.0
10673	42692000.0	45.0
10674	42696000.0	58.0
10675	42700000.0	59.0
10676	42704000.0	38.0
10677	42708000.0	46.0
10678	42712000.0	46.0
10679	42716000.0	39.0
10680	42720000.0	42.0
10681	42724000.0	41.0
10682	42728000.0	36.0
10683	42732000.0	37.0
10684	42736000.0	41.0
10685	42740000.0	43.0
10686	42744000.0	36.0
10687	42748000.0	47.0
10688	42752000.0	33.0
10689	42756000.0	46.0
10690	42760000.0	38.0
10691	42764000.0	32.0
10692	42768000.0	33.0
10693	42772000.0	43.0
10694	42776000.0	40.0
10695	42780000.0	42.0
10696	42784000.0	47.0
10697	42788000.0	46.0
10698	42792000.0	43.0
10699	42796000.0	43.0
10700	42800000.0	41.0
10701	42804000.0	43.0
10702	42808000.0	48.0
10703	42812000.0	38.0
10704	42816000.0	36.0
10705	42820000.0	55.0
10706	42824000.0	37.0
10707	42828000.0	30.0
10708	42832000.0	41.0
10709	42836000.0	41.0
10710	42840000.0	46.0
10711	42844000.0	33.0
10712	42848000.0	44.0
10713	42852000.0	30.0
10714	42856000.0	36.0
10715	42860000.0	39.0
10716	42864000.0	30.0
10717	42868000.0	39.0
10718	42872000.0	37.0
10719	42876000.0	35.0
10720	42880000.0	43.0
10721	42884000.0	48.0
10722	42888000.0	42.0
10723	42892000.0	43.0
10724	42896000.0	31.0
10725	42900000.0	42.0
10726	42904000.0	40.0
10727	42908000.0	35.0
10728	42912000.0	33.0
10729	42916000.0	27.0
10730	42920000.0	40.0
10731	42924000.0	35.0
10732	42928000.0	38.0
10733	42932000.0	41.0
10734	42936000.0	46.0
10735	42940000.0	34.0
10736	42944000.0	36.0
10737	42948000.0	40.0
10738	42952000.0	37.0
10739	42956000.0	46.0
10740	42960000.0	56.0
10741	42964000.0	50.0
10742	42968000.0	41.0
10743	42972000.0	47.0
10744	42976000.0	35.0
10745	42980000.0	32.0
10746	42984000.0	50.0
10747	42988000.0	33.0
10748	42992000.0	46.0
10749	42996000.0	37.0
10750	43000000.0	38.0
10751	43004000.0	46.0
10752	43008000.0	41.0
10753	43012000.0	42.0
10754	43016000.0	32.0
10755	43020000.0	54.0
10756	43024000.0	48.0
10757	43028000.0	36.0
10758	43032000.0	42.0
10759	43036000.0	47.0
10760	43040000.0	50.0
10761	43044000.0	37.0
10762	43048000.0	43.0
10763	43052000.0	46.0
10764	43056000.0	35.0
10765	43060000.0	41.0
10766	43064000.0	35.0
10767	43068000.0	44.0
10768	43072000.0	48.0
10769	43076000.0	43.0
10770	43080000.0	48.0
10771	43084000.0	41.0
10772	43088000.0	37.0
10773	43092000.0	38.0
10774	43096000.0	37.0
10775	43100000.0	40.0
10776	43104000.0	56.0
10777	43108000.0	48.0
10778	43112000.0	55.0
10779	43116000.0	42.0
10780	43120000.0	43.0
10781	43124000.0	42.0
10782	43128000.0	42.0
10783	43132000.0	38.0
10784	43136000.0	37.0
10785	43140000.0	30.0
10786	43144000.0	34.0
10787	43148000.0	49.0
10788	43152000.0	38.0
10789	43156000.0	38.0
10790	43160000.0	47.0
10791	43164000.0	40.0
10792	43168000.0	40.0
10793	43172000.0	37.0
10794	43176000.0	42.0
10795	43180000.0	34.0
10796	43184000.0	39.0
10797	43188000.0	58.0
10798	43192000.0	37.0
10799	43196000.0	45.0
10800	43200000.0	27.0
10801	43204000.0	31.0
10802	43208000.0	38.0
10803	43212000.0	33.0
10804	43216000.0	29.0
10805	43220000.0	42.0
10806	43224000.0	32.0
10807	43228000.0	35.0
10808	43232000.0	42.0
10809	43236000.0	37.0
10810	43240000.0	50.0
10811	43244000.0	30.0
10812	43248000.0	36.0
10813	43252000.0	38.0
10814	43256000.0	40.0
10815	43260000.0	36.0
10816	43264000.0	46.0
10817	43268000.0	46.0
10818	43272000.0	34.0
10819	43276000.0	35.0
10820	43280000.0	40.0
10821	43284000.0	44.0
10822	43288000.0	43.0
10823	43292000.0	40.0
10824	43296000.0	41.0
10825	43300000.0	34.0
10826	43304000.0	39.0
10827	43308000.0	42.0
10828	43312000.0	48.0
10829	43316000.0	52.0
10830	43320000.0	37.0
10831	43324000.0	42.0
10832	43328000.0	51.0
10833	43332000.0	47.0
10834	43336000.0	28.0
10835	43340000.0	31.0
10836	43344000.0	38.0
10837	43348000.0	37.0
10838	43352000.0	37.0
10839	43356000.0	28.0
10840	43360000.0	38.0
10841	43364000.0	26.0
10842	43368000.0	45.0
10843	43372000.0	40.0
10844	43376000.0	31.0
10845	43380000.0	38.0
10846	43384000.0	49.0
10847	43388000.0	28.0
10848	43392000.0	39.0
10849	43396000.0	29.0
10850	43400000.0	44.0
10851	43404000.0	37.0
10852	43408000.0	36.0
10853	43412000.0	43.0
10854	43416000.0	44.0
10855	43420000.0	36.0
10856	43424000.0	45.0
10857	43428000.0	45.0
10858	43432000.0	33.0
10859	43436000.0	35.0
10860	43440000.0	37.0
10861	43444000.0	32.0
10862	43448000.0	31.0
10863	43452000.0	34.0
10864	43456000.0	43.0
10865	43460000.0	44.0
10866	43464000.0	39.0
10867	43468000.0	34.0
10868	43472000.0	35.0
10869	43476000.0	42.0
10870	43480000.0	40.0
10871	43484000.0	44.0
10872	43488000.0	42.0
10873	43492000.0	42.0
10874	43496000.0	34.0
10875	43500000.0	39.0
10876	43504000.0	45.0
10877	43508000.0	44.0
10878	43512000.0	38.0
10879	43516000.0	40.0
10880	43520000.0	52.0
10881	43524000.0	31.0
10882	43528000.0	36.0
10883	43532000.0	33.0
10884	43536000.0	53.0
10885	43540000.0	28.0
10886	43544000.0	40.0
10887	43548000.0	29.0
10888	43552000.0	41.0
10889	43556000.0	36.0
10890	43560000.0	37.0
10891	43564000.0	49.0
10892	43568000.0	43.0
10893	43572000.0	40.0
10894	43576000.0	37.0
10895	43580000.0	32.0
10896	43584000.0	38.0
10897	43588000.0	36.0
10898	43592000.0	28.0
10899	43596000.0	48.0
10900	43600000.0	24.0
10901	43604000.0	43.0
10902	43608000.0	29.0
10903	43612000.0	33.0
10904	43616000.0	39.0
10905	43620000.0	35.0
10906	43624000.0	30.0
10907	43628000.0	35.0
10908	43632000.0	37.0
10909	43636000.0	36.0
10910	43640000.0	38.0
10911	43644000.0	33.0
10912	43648000.0	38.0
10913	43652000.0	43.0
10914	43656000.0	40.0
10915	43660000.0	46.0
10916	43664000.0	41.0
10917	43668000.0	38.0
10918	43672000.0	42.0
10919	43676000.0	49.0
10920	43680000.0	49.0
10921	43684000.0	35.0
10922	43688000.0	36.0
10923	43692000.0	44.0
10924	43696000.0	36.0
10925	43700000.0	47.0
10926	43704000.0	36.0
10927	43708000.0	42.0
10928	43712000.0	42.0
10929	43716000.0	41.0
10930	43720000.0	38.0
10931	43724000.0	37.0
10932	43728000.0	35.0
10933	43732000.0	40.0
10934	43736000.0	29.0
10935	43740000.0	42.0
10936	43744000.0	40.0
10937	43748000.0	33.0
10938	43752000.0	41.0
10939	43756000.0	39.0
10940	43760000.0	39.0
10941	43764000.0	39.0
10942	43768000.0	38.0
10943	43772000.0	37.0
10944	43776000.0	48.0
10945	43780000.0	43.0
10946	43784000.0	48.0
10947	43788000.0	30.0
10948	43792000.0	39.0
10949	43796000.0	38.0
10950	43800000.0	40.0
10951	43804000.0	37.0
10952	43808000.0	47.0
10953	43812000.0	33.0
10954	43816000.0	39.0
10955	43820000.0	33.0
10956	43824000.0	33.0
10957	43828000.0	56.0
10958	43832000.0	33.0
10959	43836000.0	38.0
10960	43840000.0	35.0
10961	43844000.0	42.0
10962	43848000.0	40.0
10963	43852000.0	39.0
10964	43856000.0	39.0
10965	43860000.0	26.0
10966	43864000.0	38.0
10967	43868000.0	29.0
10968	43872000.0	33.0
10969	43876000.0	35.0
10970	43880000.0	42.0
10971	43884000.0	42.0
10972	43888000.0	41.0
10973	43892000.0	34.0
10974	43896000.0	27.0
10975	43900000.0	36.0
10976	43904000.0	32.0
10977	43908000.0	32.0
10978	43912000.0	41.0
10979	43916000.0	36.0
10980	43920000.0	40.0
10981	43924000.0	31.0
10982	43928000.0	43.0
10983	43932000.0	52.0
10984	43936000.0	44.0
10985	43940000.0	51.0
10986	43944000.0	28.0
10987	43948000.0	44.0
10988	43952000.0	36.0
10989	43956000.0	34.0
10990	43960000.0	37.0
10991	43964000.0	49.0
10992	43968000.0	43.0
10993	43972000.0	30.0
10994	43976000.0	44.0
10995	43980000.0	32.0
10996	43984000.0	42.0
10997	43988000.0	34.0
10998	43992000.0	36.0
10999	43996000.0	31.0
11000	44000000.0	36.0
11001	44004000.0	39.0
11002	44008000.0	42.0
11003	44012000.0	25.0
11004	44016000.0	37.0
11005	44020000.0	41.0
11006	44024000.0	35.0
11007	44028000.0	46.0
11008	44032000.0	48.0
11009	44036000.0	36.0
11010	44040000.0	44.0
11011	44044000.0	43.0
11012	44048000.0	41.0
11013	44052000.0	40.0
11014	44056000.0	41.0
11015	44060000.0	34.0
11016	44064000.0	46.0
11017	44068000.0	46.0
11018	44072000.0	45.0
11019	44076000.0	34.0
11020	44080000.0	46.0
11021	44084000.0	47.0
11022	44088000.0	38.0
11023	44092000.0	32.0
11024	44096000.0	39.0
11025	44100000.0	40.0
11026	44104000.0	39.0
11027	44108000.0	34.0
11028	44112000.0	45.0
11029	44116000.0	33.0
11030	44120000.0	30.0
11031	44124000.0	33.0
11032	44128000.0	28.0
11033	44132000.0	33.0
11034	44136000.0	31.0
11035	44140000.0	36.0
11036	44144000.0	37.0
11037	44148000.0	46.0
11038	44152000.0	34.0
11039	44156000.0	42.0
11040	44160000.0	32.0
11041	44164000.0	36.0
11042	44168000.0	39.0
11043	44172000.0	38.0
11044	44176000.0	36.0
11045	44180000.0	40.0
11046	44184000.0	37.0
11047	44188000.0	39.0
11048	44192000.0	35.0
11049	44196000.0	48.0
11050	44200000.0	39.0
11051	44204000.0	42.0
11052	44208000.0	33.0
11053	44212000.0	35.0
11054	44216000.0	40.0
11055	44220000.0	42.0
11056	44224000.0	31.0
11057	44228000.0	29.0
11058	44232000.0	29.0
11059	44236000.0	27.0
11060	44240000.0	43.0
11061	44244000.0	31.0
11062	44248000.0	28.0
11063	44252000.0	42.0
11064	44256000.0	44.0
11065	44260000.0	46.0
11066	44264000.0	31.0
11067	44268000.0	40.0
11068	44272000.0	44.0
11069	44276000.0	45.0
11070	44280000.0	41.0
11071	44284000.0	40.0
11072	44288000.0	39.0
11073	44292000.0	44.0
11074	44296000.0	31.0
11075	44300000.0	31.0
11076	44304000.0	42.0
11077	44308000.0	39.0
11078	44312000.0	50.0
11079	44316000.0	35.0
11080	44320000.0	40.0
11081	44324000.0	38.0
11082	44328000.0	25.0
11083	44332000.0	40.0
11084	44336000.0	41.0
11085	44340000.0	40.0
11086	44344000.0	43.0
11087	44348000.0	47.0
11088	44352000.0	35.0
11089	44356000.0	31.0
11090	44360000.0	49.0
11091	44364000.0	30.0
11092	44368000.0	36.0
11093	44372000.0	46.0
11094	44376000.0	37.0
11095	44380000.0	33.0
11096	44384000.0	32.0
11097	44388000.0	31.0
11098	44392000.0	30.0
11099	44396000.0	41.0
11100	44400000.0	41.0
11101	44404000.0	43.0
11102	44408000.0	48.0
11103	44412000.0	37.0
11104	44416000.0	45.0
11105	44420000.0	37.0
11106	44424000.0	57.0
11107	44428000.0	33.0
11108	44432000.0	40.0
11109	44436000.0	33.0
11110	44440000.0	41.0
11111	44444000.0	35.0
11112	44448000.0	30.0
11113	44452000.0	41.0
11114	44456000.0	47.0
11115	44460000.0	33.0
11116	44464000.0	40.0
11117	44468000.0	29.0
11118	44472000.0	37.0
11119	44476000.0	38.0
11120	44480000.0	36.0
11121	44484000.0	34.0
11122	44488000.0	47.0
11123	44492000.0	40.0
11124	44496000.0	40.0
11125	44500000.0	48.0
11126	44504000.0	55.0
11127	44508000.0	42.0
11128	44512000.0	34.0
11129	44516000.0	36.0
11130	44520000.0	37.0
11131	44524000.0	28.0
11132	44528000.0	36.0
11133	44532000.0	37.0
11134	44536000.0	38.0
11135	44540000.0	31.0
11136	44544000.0	49.0
11137	44548000.0	42.0
11138	44552000.0	45.0
11139	44556000.0	28.0
11140	44560000.0	41.0
11141	44564000.0	39.0
11142	44568000.0	38.0
11143	44572000.0	36.0
11144	44576000.0	40.0
11145	44580000.0	35.0
11146	44584000.0	34.0
11147	44588000.0	37.0
11148	44592000.0	38.0
11149	44596000.0	47.0
11150	44600000.0	28.0
11151	44604000.0	34.0
11152	44608000.0	38.0
11153	44612000.0	41.0
11154	44616000.0	44.0
11155	44620000.0	44.0
11156	44624000.0	33.0
11157	44628000.0	41.0
11158	44632000.0	41.0
11159	44636000.0	34.0
11160	44640000.0	36.0
11161	44644000.0	34.0
11162	44648000.0	34.0
11163	44652000.0	38.0
11164	44656000.0	40.0
11165	44660000.0	35.0
11166	44664000.0	29.0
11167	44668000.0	49.0
11168	44672000.0	44.0
11169	44676000.0	39.0
11170	44680000.0	39.0
11171	44684000.0	48.0
11172	44688000.0	35.0
11173	44692000.0	31.0
11174	44696000.0	46.0
11175	44700000.0	37.0
11176	44704000.0	31.0
11177	44708000.0	41.0
11178	44712000.0	42.0
11179	44716000.0	31.0
11180	44720000.0	46.0
11181	44724000.0	52.0
11182	44728000.0	35.0
11183	44732000.0	31.0
11184	44736000.0	39.0
11185	44740000.0	42.0
11186	44744000.0	38.0
11187	44748000.0	36.0
11188	44752000.0	36.0
11189	44756000.0	28.0
11190	44760000.0	30.0
11191	44764000.0	30.0
11192	44768000.0	27.0
11193	44772000.0	43.0
11194	44776000.0	36.0
11195	44780000.0	41.0
11196	44784000.0	43.0
11197	44788000.0	34.0
11198	44792000.0	35.0
11199	44796000.0	34.0
11200	44800000.0	38.0
11201	44804000.0	32.0
11202	44808000.0	35.0
11203	44812000.0	36.0
11204	44816000.0	35.0
11205	44820000.0	33.0
11206	44824000.0	45.0
11207	44828000.0	29.0
11208	44832000.0	29.0
11209	44836000.0	23.0
11210	44840000.0	45.0
11211	44844000.0	30.0
11212	44848000.0	47.0
11213	44852000.0	35.0
11214	44856000.0	38.0
11215	44860000.0	30.0
11216	44864000.0	36.0
11217	44868000.0	41.0
11218	44872000.0	35.0
11219	44876000.0	43.0
11220	44880000.0	26.0
11221	44884000.0	42.0
11222	44888000.0	36.0
11223	44892000.0	40.0
11224	44896000.0	27.0
11225	44900000.0	39.0
11226	44904000.0	38.0
11227	44908000.0	35.0
11228	44912000.0	32.0
11229	44916000.0	41.0
11230	44920000.0	35.0
11231	44924000.0	36.0
11232	44928000.0	34.0
11233	44932000.0	37.0
11234	44936000.0	44.0
11235	44940000.0	32.0
11236	44944000.0	45.0
11237	44948000.0	38.0
11238	44952000.0	36.0
11239	44956000.0	25.0
11240	44960000.0	37.0
11241	44964000.0	37.0
11242	44968000.0	37.0
11243	44972000.0	29.0
11244	44976000.0	44.0
11245	44980000.0	43.0
11246	44984000.0	30.0
11247	44988000.0	25.0
11248	44992000.0	36.0
11249	44996000.0	24.0
11250	45000000.0	44.0
11251	45004000.0	30.0
11252	45008000.0	21.0
11253	45012000.0	43.0
11254	45016000.0	46.0
11255	45020000.0	33.0
11256	45024000.0	34.0
11257	45028000.0	31.0
11258	45032000.0	41.0
11259	45036000.0	34.0
11260	45040000.0	28.0
11261	45044000.0	37.0
11262	45048000.0	35.0
11263	45052000.0	40.0
11264	45056000.0	35.0
11265	45060000.0	37.0
11266	45064000.0	26.0
11267	45068000.0	36.0
11268	45072000.0	31.0
11269	45076000.0	36.0
11270	45080000.0	40.0
11271	45084000.0	41.0
11272	45088000.0	30.0
11273	45092000.0	33.0
11274	45096000.0	33.0
11275	45100000.0	31.0
11276	45104000.0	21.0
11277	45108000.0	39.0
11278	45112000.0	45.0
11279	45116000.0	38.0
11280	45120000.0	36.0
11281	45124000.0	29.0
11282	45128000.0	44.0
11283	45132000.0	36.0
11284	45136000.0	46.0
11285	45140000.0	48.0
11286	45144000.0	33.0
11287	45148000.0	26.0
11288	45152000.0	39.0
11289	45156000.0	36.0
11290	45160000.0	32.0
11291	45164000.0	37.0
11292	45168000.0	35.0
11293	45172000.0	31.0
11294	45176000.0	41.0
11295	45180000.0	38.0
11296	45184000.0	37.0
11297	45188000.0	38.0
11298	45192000.0	34.0
11299	45196000.0	28.0
11300	45200000.0	40.0
11301	45204000.0	33.0
11302	45208000.0	40.0
11303	45212000.0	37.0
11304	45216000.0	31.0
11305	45220000.0	44.0
11306	45224000.0	37.0
11307	45228000.0	36.0
11308	45232000.0	40.0
11309	45236000.0	26.0
11310	45240000.0	44.0
11311	45244000.0	48.0
11312	45248000.0	22.0
11313	45252000.0	40.0
11314	45256000.0	39.0
11315	45260000.0	37.0
11316	45264000.0	36.0
11317	45268000.0	36.0
11318	45272000.0	44.0
11319	45276000.0	39.0
11320	45280000.0	38.0
11321	45284000.0	31.0
11322	45288000.0	33.0
11323	45292000.0	39.0
11324	45296000.0	29.0
11325	45300000.0	38.0
11326	45304000.0	36.0
11327	45308000.0	49.0
11328	45312000.0	34.0
11329	45316000.0	39.0
11330	45320000.0	35.0
11331	45324000.0	31.0
11332	45328000.0	40.0
11333	45332000.0	38.0
11334	45336000.0	28.0
11335	45340000.0	41.0
11336	45344000.0	33.0
11337	45348000.0	35.0
11338	45352000.0	43.0
11339	45356000.0	34.0
11340	45360000.0	42.0
11341	45364000.0	36.0
11342	45368000.0	42.0
11343	45372000.0	41.0
11344	45376000.0	31.0
11345	45380000.0	45.0
11346	45384000.0	34.0
11347	45388000.0	41.0
11348	45392000.0	31.0
11349	45396000.0	36.0
11350	45400000.0	31.0
11351	45404000.0	28.0
11352	45408000.0	36.0
11353	45412000.0	37.0
11354	45416000.0	29.0
11355	45420000.0	42.0
11356	45424000.0	42.0
11357	45428000.0	33.0
11358	45432000.0	40.0
11359	45436000.0	46.0
11360	45440000.0	31.0
11361	45444000.0	32.0
11362	45448000.0	36.0
11363	45452000.0	36.0
11364	45456000.0	31.0
11365	45460000.0	29.0
11366	45464000.0	36.0
11367	45468000.0	35.0
11368	45472000.0	53.0
11369	45476000.0	33.0
11370	45480000.0	43.0
11371	45484000.0	41.0
11372	45488000.0	32.0
11373	45492000.0	44.0
11374	45496000.0	37.0
11375	45500000.0	44.0
11376	45504000.0	35.0
11377	45508000.0	39.0
11378	45512000.0	46.0
11379	45516000.0	38.0
11380	45520000.0	34.0
11381	45524000.0	38.0
11382	45528000.0	37.0
11383	45532000.0	30.0
11384	45536000.0	32.0
11385	45540000.0	41.0
11386	45544000.0	38.0
11387	45548000.0	26.0
11388	45552000.0	30.0
11389	45556000.0	47.0
11390	45560000.0	38.0
11391	45564000.0	34.0
11392	45568000.0	33.0
11393	45572000.0	37.0
11394	45576000.0	37.0
11395	45580000.0	33.0
11396	45584000.0	40.0
11397	45588000.0	34.0
11398	45592000.0	32.0
11399	45596000.0	40.0
11400	45600000.0	36.0
11401	45604000.0	37.0
11402	45608000.0	32.0
11403	45612000.0	31.0
11404	45616000.0	34.0
11405	45620000.0	25.0
11406	45624000.0	30.0
11407	45628000.0	31.0
11408	45632000.0	36.0
11409	45636000.0	40.0
11410	45640000.0	35.0
11411	45644000.0	32.0
11412	45648000.0	31.0
11413	45652000.0	34.0
11414	45656000.0	35.0
11415	45660000.0	31.0
11416	45664000.0	30.0
11417	45668000.0	38.0
11418	45672000.0	31.0
11419	45676000.0	35.0
11420	45680000.0	46.0
11421	45684000.0	35.0
11422	45688000.0	32.0
11423	45692000.0	33.0
11424	45696000.0	47.0
11425	45700000.0	35.0
11426	45704000.0	32.0
11427	45708000.0	29.0
11428	45712000.0	37.0
11429	45716000.0	29.0
11430	45720000.0	45.0
11431	45724000.0	38.0
11432	45728000.0	32.0
11433	45732000.0	37.0
11434	45736000.0	37.0
11435	45740000.0	31.0
11436	45744000.0	31.0
11437	45748000.0	31.0
11438	45752000.0	32.0
11439	45756000.0	40.0
11440	45760000.0	35.0
11441	45764000.0	35.0
11442	45768000.0	48.0
11443	45772000.0	23.0
11444	45776000.0	38.0
11445	45780000.0	34.0
11446	45784000.0	44.0
11447	45788000.0	36.0
11448	45792000.0	38.0
11449	45796000.0	43.0
11450	45800000.0	28.0
11451	45804000.0	24.0
11452	45808000.0	37.0
11453	45812000.0	33.0
11454	45816000.0	31.0
11455	45820000.0	37.0
11456	45824000.0	37.0
11457	45828000.0	45.0
11458	45832000.0	31.0
11459	45836000.0	28.0
11460	45840000.0	40.0
11461	45844000.0	29.0
11462	45848000.0	31.0
11463	45852000.0	32.0
11464	45856000.0	37.0
11465	45860000.0	36.0
11466	45864000.0	26.0
11467	45868000.0	37.0
11468	45872000.0	33.0
11469	45876000.0	37.0
11470	45880000.0	31.0
11471	45884000.0	31.0
11472	45888000.0	39.0
11473	45892000.0	34.0
11474	45896000.0	36.0
11475	45900000.0	36.0
11476	45904000.0	38.0
11477	45908000.0	36.0
11478	45912000.0	24.0
11479	45916000.0	38.0
11480	45920000.0	35.0
11481	45924000.0	35.0
11482	45928000.0	30.0
11483	45932000.0	28.0
11484	45936000.0	37.0
11485	45940000.0	28.0
11486	45944000.0	34.0
11487	45948000.0	35.0
11488	45952000.0	31.0
11489	45956000.0	32.0
11490	45960000.0	33.0
11491	45964000.0	36.0
11492	45968000.0	39.0
11493	45972000.0	32.0
11494	45976000.0	25.0
11495	45980000.0	30.0
11496	45984000.0	36.0
11497	45988000.0	35.0
11498	45992000.0	27.0
11499	45996000.0	37.0
11500	46000000.0	33.0
11501	46004000.0	37.0
11502	46008000.0	37.0
11503	46012000.0	42.0
11504	46016000.0	29.0
11505	46020000.0	39.0
11506	46024000.0	36.0
11507	46028000.0	30.0
11508	46032000.0	33.0
11509	46036000.0	28.0
11510	46040000.0	39.0
11511	46044000.0	30.0
11512	46048000.0	34.0
11513	46052000.0	26.0
11514	46056000.0	35.0
11515	46060000.0	39.0
11516	46064000.0	38.0
11517	46068000.0	28.0
11518	46072000.0	32.0
11519	46076000.0	36.0
11520	46080000.0	30.0
11521	46084000.0	39.0
11522	46088000.0	39.0
11523	46092000.0	42.0
11524	46096000.0	36.0
11525	46100000.0	37.0
11526	46104000.0	34.0
11527	46108000.0	32.0
11528	46112000.0	24.0
11529	46116000.0	30.0
11530	46120000.0	31.0
11531	46124000.0	34.0
11532	46128000.0	41.0
11533	46132000.0	36.0
11534	46136000.0	37.0
11535	46140000.0	23.0
11536	46144000.0	33.0
11537	46148000.0	31.0
11538	46152000.0	38.0
11539	46156000.0	34.0
11540	46160000.0	43.0
11541	46164000.0	39.0
11542	46168000.0	40.0
11543	46172000.0	42.0
11544	46176000.0	34.0
11545	46180000.0	38.0
11546	46184000.0	30.0
11547	46188000.0	24.0
11548	46192000.0	36.0
11549	46196000.0	29.0
11550	46200000.0	33.0
11551	46204000.0	25.0
11552	46208000.0	28.0
11553	46212000.0	35.0
11554	46216000.0	28.0
11555	46220000.0	24.0
11556	46224000.0	34.0
11557	46228000.0	37.0
11558	46232000.0	48.0
11559	46236000.0	33.0
11560	46240000.0	38.0
11561	46244000.0	34.0
11562	46248000.0	31.0
11563	46252000.0	29.0
11564	46256000.0	33.0
11565	46260000.0	32.0
11566	46264000.0	29.0
11567	46268000.0	33.0
11568	46272000.0	40.0
11569	46276000.0	35.0
11570	46280000.0	36.0
11571	46284000.0	36.0
11572	46288000.0	34.0
11573	46292000.0	37.0
11574	46296000.0	35.0
11575	46300000.0	41.0
11576	46304000.0	36.0
11577	46308000.0	32.0
11578	46312000.0	35.0
11579	46316000.0	26.0
11580	46320000.0	31.0
11581	46324000.0	45.0
11582	46328000.0	38.0
11583	46332000.0	29.0
11584	46336000.0	37.0
11585	46340000.0	41.0
11586	46344000.0	38.0
11587	46348000.0	43.0
11588	46352000.0	31.0
11589	46356000.0	39.0
11590	46360000.0	49.0
11591	46364000.0	34.0
11592	46368000.0	33.0
11593	46372000.0	30.0
11594	46376000.0	19.0
11595	46380000.0	29.0
11596	46384000.0	27.0
11597	46388000.0	32.0
11598	46392000.0	38.0
11599	46396000.0	24.0
11600	46400000.0	29.0
11601	46404000.0	36.0
11602	46408000.0	35.0
11603	46412000.0	33.0
11604	46416000.0	52.0
11605	46420000.0	33.0
11606	46424000.0	41.0
11607	46428000.0	42.0
11608	46432000.0	28.0
11609	46436000.0	31.0
11610	46440000.0	36.0
11611	46444000.0	24.0
11612	46448000.0	30.0
11613	46452000.0	35.0
11614	46456000.0	33.0
11615	46460000.0	35.0
11616	46464000.0	30.0
11617	46468000.0	31.0
11618	46472000.0	37.0
11619	46476000.0	30.0
11620	46480000.0	29.0
11621	46484000.0	34.0
11622	46488000.0	45.0
11623	46492000.0	31.0
11624	46496000.0	34.0
11625	46500000.0	28.0
11626	46504000.0	28.0
11627	46508000.0	25.0
11628	46512000.0	29.0
11629	46516000.0	38.0
11630	46520000.0	23.0
11631	46524000.0	43.0
11632	46528000.0	33.0
11633	46532000.0	36.0
11634	46536000.0	29.0
11635	46540000.0	32.0
11636	46544000.0	35.0
11637	46548000.0	40.0
11638	46552000.0	28.0
11639	46556000.0	29.0
11640	46560000.0	31.0
11641	46564000.0	38.0
11642	46568000.0	40.0
11643	46572000.0	36.0
11644	46576000.0	33.0
11645	46580000.0	30.0
11646	46584000.0	30.0
11647	46588000.0	31.0
11648	46592000.0	40.0
11649	46596000.0	29.0
11650	46600000.0	31.0
11651	46604000.0	35.0
11652	46608000.0	30.0
11653	46612000.0	35.0
11654	46616000.0	38.0
11655	46620000.0	29.0
11656	46624000.0	34.0
11657	46628000.0	28.0
11658	46632000.0	41.0
11659	46636000.0	32.0
11660	46640000.0	40.0
11661	46644000.0	36.0
11662	46648000.0	31.0
11663	46652000.0	22.0
11664	46656000.0	35.0
11665	46660000.0	37.0
11666	46664000.0	20.0
11667	46668000.0	31.0
11668	46672000.0	32.0
11669	46676000.0	39.0
11670	46680000.0	26.0
11671	46684000.0	44.0
11672	46688000.0	35.0
11673	46692000.0	35.0
11674	46696000.0	43.0
11675	46700000.0	34.0
11676	46704000.0	28.0
11677	46708000.0	28.0
11678	46712000.0	39.0
11679	46716000.0	33.0
11680	46720000.0	32.0
11681	46724000.0	29.0
11682	46728000.0	35.0
11683	46732000.0	32.0
11684	46736000.0	49.0
11685	46740000.0	37.0
11686	46744000.0	26.0
11687	46748000.0	29.0
11688	46752000.0	28.0
11689	46756000.0	26.0
11690	46760000.0	35.0
11691	46764000.0	44.0
11692	46768000.0	41.0
11693	46772000.0	29.0
11694	46776000.0	37.0
11695	46780000.0	29.0
11696	46784000.0	34.0
11697	46788000.0	40.0
11698	46792000.0	32.0
11699	46796000.0	44.0
11700	46800000.0	38.0
11701	46804000.0	31.0
11702	46808000.0	35.0
11703	46812000.0	32.0
11704	46816000.0	28.0
11705	46820000.0	33.0
11706	46824000.0	33.0
11707	46828000.0	33.0
11708	46832000.0	39.0
11709	46836000.0	31.0
11710	46840000.0	23.0
11711	46844000.0	43.0
11712	46848000.0	32.0
11713	46852000.0	31.0
11714	46856000.0	44.0
11715	46860000.0	42.0
11716	46864000.0	31.0
11717	46868000.0	39.0
11718	46872000.0	28.0
11719	46876000.0	38.0
11720	46880000.0	32.0
11721	46884000.0	34.0
11722	46888000.0	38.0
11723	46892000.0	29.0
11724	46896000.0	34.0
11725	46900000.0	36.0
11726	46904000.0	30.0
11727	46908000.0	30.0
11728	46912000.0	40.0
11729	46916000.0	22.0
11730	46920000.0	25.0
11731	46924000.0	34.0
11732	46928000.0	43.0
11733	46932000.0	26.0
11734	46936000.0	47.0
11735	46940000.0	38.0
11736	46944000.0	35.0
11737	46948000.0	37.0
11738	46952000.0	34.0
11739	46956000.0	26.0
11740	46960000.0	36.0
11741	46964000.0	30.0
11742	46968000.0	30.0
11743	46972000.0	30.0
11744	46976000.0	37.0
11745	46980000.0	34.0
11746	46984000.0	37.0
11747	46988000.0	34.0
11748	46992000.0	30.0
11749	46996000.0	29.0
11750	47000000.0	30.0
11751	47004000.0	46.0
11752	47008000.0	38.0
11753	47012000.0	38.0
11754	47016000.0	37.0
11755	47020000.0	27.0
11756	47024000.0	46.0
11757	47028000.0	33.0
11758	47032000.0	26.0
11759	47036000.0	23.0
11760	47040000.0	41.0
11761	47044000.0	42.0
11762	47048000.0	42.0
11763	47052000.0	34.0
11764	47056000.0	37.0
11765	47060000.0	37.0
11766	47064000.0	32.0
11767	47068000.0	48.0
11768	47072000.0	37.0
11769	47076000.0	29.0
11770	47080000.0	21.0
11771	47084000.0	31.0
11772	47088000.0	34.0
11773	47092000.0	33.0
11774	47096000.0	30.0
11775	47100000.0	40.0
11776	47104000.0	47.0
11777	47108000.0	25.0
11778	47112000.0	34.0
11779	47116000.0	27.0
11780	47120000.0	34.0
11781	47124000.0	37.0
11782	47128000.0	40.0
11783	47132000.0	36.0
11784	47136000.0	18.0
11785	47140000.0	37.0
11786	47144000.0	36.0
11787	47148000.0	36.0
11788	47152000.0	25.0
11789	47156000.0	32.0
11790	47160000.0	28.0
11791	47164000.0	32.0
11792	47168000.0	33.0
11793	47172000.0	27.0
11794	47176000.0	28.0
11795	47180000.0	18.0
11796	47184000.0	35.0
11797	47188000.0	32.0
11798	47192000.0	18.0
11799	47196000.0	34.0
11800	47200000.0	30.0
11801	47204000.0	30.0
11802	47208000.0	29.0
11803	47212000.0	29.0
11804	47216000.0	30.0
11805	47220000.0	31.0
11806	47224000.0	37.0
11807	47228000.0	38.0
11808	47232000.0	36.0
11809	47236000.0	30.0
11810	47240000.0	37.0
11811	47244000.0	35.0
11812	47248000.0	26.0
11813	47252000.0	27.0
11814	47256000.0	33.0
11815	47260000.0	22.0
11816	47264000.0	30.0
11817	47268000.0	32.0
11818	47272000.0	30.0
11819	47276000.0	33.0
11820	47280000.0	23.0
11821	47284000.0	32.0
11822	47288000.0	25.0
11823	47292000.0	24.0
11824	47296000.0	27.0
11825	47300000.0	33.0
11826	47304000.0	29.0
11827	47308000.0	26.0
11828	47312000.0	36.0
11829	47316000.0	33.0
11830	47320000.0	39.0
11831	47324000.0	34.0
11832	47328000.0	36.0
11833	47332000.0	37.0
11834	47336000.0	30.0
11835	47340000.0	23.0
11836	47344000.0	28.0
11837	47348000.0	39.0
11838	47352000.0	33.0
11839	47356000.0	33.0
11840	47360000.0	34.0
11841	47364000.0	26.0
11842	47368000.0	39.0
11843	47372000.0	42.0
11844	47376000.0	27.0
11845	47380000.0	35.0
11846	47384000.0	20.0
11847	47388000.0	52.0
11848	47392000.0	36.0
11849	47396000.0	37.0
11850	47400000.0	31.0
11851	47404000.0	26.0
11852	47408000.0	29.0
11853	47412000.0	31.0
11854	47416000.0	32.0
11855	47420000.0	33.0
11856	47424000.0	29.0
11857	47428000.0	41.0
11858	47432000.0	34.0
11859	47436000.0	36.0
11860	47440000.0	26.0
11861	47444000.0	35.0
11862	47448000.0	30.0
11863	47452000.0	37.0
11864	47456000.0	33.0
11865	47460000.0	27.0
11866	47464000.0	27.0
11867	47468000.0	32.0
11868	47472000.0	34.0
11869	47476000.0	25.0
11870	47480000.0	29.0
11871	47484000.0	46.0
11872	47488000.0	23.0
11873	47492000.0	27.0
11874	47496000.0	38.0
11875	47500000.0	29.0
11876	47504000.0	35.0
11877	47508000.0	41.0
11878	47512000.0	33.0
11879	47516000.0	38.0
11880	47520000.0	26.0
11881	47524000.0	29.0
11882	47528000.0	29.0
11883	47532000.0	37.0
11884	47536000.0	40.0
11885	47540000.0	26.0
11886	47544000.0	32.0
11887	47548000.0	33.0
11888	47552000.0	40.0
11889	47556000.0	34.0
11890	47560000.0	30.0
11891	47564000.0	44.0
11892	47568000.0	35.0
11893	47572000.0	34.0
11894	47576000.0	38.0
11895	47580000.0	30.0
11896	47584000.0	34.0
11897	47588000.0	25.0
11898	47592000.0	30.0
11899	47596000.0	29.0
11900	47600000.0	24.0
11901	47604000.0	31.0
11902	47608000.0	46.0
11903	47612000.0	47.0
11904	47616000.0	32.0
11905	47620000.0	27.0
11906	47624000.0	34.0
11907	47628000.0	28.0
11908	47632000.0	43.0
11909	47636000.0	24.0
11910	47640000.0	32.0
11911	47644000.0	35.0
11912	47648000.0	32.0
11913	47652000.0	34.0
11914	47656000.0	32.0
11915	47660000.0	39.0
11916	47664000.0	35.0
11917	47668000.0	46.0
11918	47672000.0	25.0
11919	47676000.0	35.0
11920	47680000.0	49.0
11921	47684000.0	38.0
11922	47688000.0	27.0
11923	47692000.0	27.0
11924	47696000.0	29.0
11925	47700000.0	24.0
11926	47704000.0	30.0
11927	47708000.0	36.0
11928	47712000.0	32.0
11929	47716000.0	43.0
11930	47720000.0	30.0
11931	47724000.0	41.0
11932	47728000.0	28.0
11933	47732000.0	30.0
11934	47736000.0	35.0
11935	47740000.0	32.0
11936	47744000.0	34.0
11937	47748000.0	31.0
11938	47752000.0	42.0
11939	47756000.0	27.0
11940	47760000.0	26.0
11941	47764000.0	26.0
11942	47768000.0	36.0
11943	47772000.0	34.0
11944	47776000.0	23.0
11945	47780000.0	31.0
11946	47784000.0	32.0
11947	47788000.0	34.0
11948	47792000.0	33.0
11949	47796000.0	41.0
11950	47800000.0	32.0
11951	47804000.0	38.0
11952	47808000.0	26.0
11953	47812000.0	38.0
11954	47816000.0	38.0
11955	47820000.0	39.0
11956	47824000.0	32.0
11957	47828000.0	22.0
11958	47832000.0	20.0
11959	47836000.0	28.0
11960	47840000.0	40.0
11961	47844000.0	36.0
11962	47848000.0	33.0
11963	47852000.0	22.0
11964	47856000.0	26.0
11965	47860000.0	38.0
11966	47864000.0	33.0
11967	47868000.0	28.0
11968	47872000.0	34.0
11969	47876000.0	27.0
11970	47880000.0	46.0
11971	47884000.0	27.0
11972	47888000.0	30.0
11973	47892000.0	31.0
11974	47896000.0	40.0
11975	47900000.0	25.0
11976	47904000.0	28.0
11977	47908000.0	28.0
11978	47912000.0	32.0
11979	47916000.0	37.0
11980	47920000.0	37.0
11981	47924000.0	30.0
11982	47928000.0	30.0
11983	47932000.0	33.0
11984	47936000.0	31.0
11985	47940000.0	23.0
11986	47944000.0	27.0
11987	47948000.0	43.0
11988	47952000.0	33.0
11989	47956000.0	41.0
11990	47960000.0	23.0
11991	47964000.0	33.0
11992	47968000.0	30.0
11993	47972000.0	37.0
11994	47976000.0	22.0
11995	47980000.0	42.0
11996	47984000.0	25.0
11997	47988000.0	31.0
11998	47992000.0	25.0
11999	47996000.0	34.0
12000	48000000.0	26.0
12001	48004000.0	37.0
12002	48008000.0	32.0
12003	48012000.0	32.0
12004	48016000.0	36.0
12005	48020000.0	31.0
12006	48024000.0	29.0
12007	48028000.0	24.0
12008	48032000.0	30.0
12009	48036000.0	35.0
12010	48040000.0	27.0
12011	48044000.0	27.0
12012	48048000.0	32.0
12013	48052000.0	36.0
12014	48056000.0	34.0
12015	48060000.0	37.0
12016	48064000.0	38.0
12017	48068000.0	27.0
12018	48072000.0	20.0
12019	48076000.0	19.0
12020	48080000.0	27.0
12021	48084000.0	31.0
12022	48088000.0	32.0
12023	48092000.0	29.0
12024	48096000.0	40.0
12025	48100000.0	27.0
12026	48104000.0	19.0
12027	48108000.0	38.0
12028	48112000.0	30.0
12029	48116000.0	25.0
12030	48120000.0	34.0
12031	48124000.0	26.0
12032	48128000.0	27.0
12033	48132000.0	39.0
12034	48136000.0	36.0
12035	48140000.0	35.0
12036	48144000.0	37.0
12037	48148000.0	23.0
12038	48152000.0	23.0
12039	48156000.0	32.0
12040	48160000.0	34.0
12041	48164000.0	38.0
12042	48168000.0	36.0
12043	48172000.0	20.0
12044	48176000.0	32.0
12045	48180000.0	28.0
12046	48184000.0	26.0
12047	48188000.0	33.0
12048	48192000.0	30.0
12049	48196000.0	37.0
12050	48200000.0	33.0
12051	48204000.0	33.0
12052	48208000.0	32.0
12053	48212000.0	23.0
12054	48216000.0	44.0
12055	48220000.0	27.0
12056	48224000.0	21.0
12057	48228000.0	30.0
12058	48232000.0	28.0
12059	48236000.0	33.0
12060	48240000.0	30.0
12061	48244000.0	30.0
12062	48248000.0	31.0
12063	48252000.0	34.0
12064	48256000.0	29.0
12065	48260000.0	36.0
12066	48264000.0	38.0
12067	48268000.0	34.0
12068	48272000.0	34.0
12069	48276000.0	35.0
12070	48280000.0	33.0
12071	48284000.0	31.0
12072	48288000.0	35.0
12073	48292000.0	25.0
12074	48296000.0	34.0
12075	48300000.0	31.0
12076	48304000.0	25.0
12077	48308000.0	25.0
12078	48312000.0	27.0
12079	48316000.0	34.0
12080	48320000.0	37.0
12081	48324000.0	38.0
12082	48328000.0	35.0
12083	48332000.0	27.0
12084	48336000.0	44.0
12085	48340000.0	38.0
12086	48344000.0	36.0
12087	48348000.0	31.0
12088	48352000.0	33.0
12089	48356000.0	26.0
12090	48360000.0	32.0
12091	48364000.0	28.0
12092	48368000.0	33.0
12093	48372000.0	37.0
12094	48376000.0	32.0
12095	48380000.0	24.0
12096	48384000.0	35.0
12097	48388000.0	32.0
12098	48392000.0	24.0
12099	48396000.0	28.0
12100	48400000.0	35.0
12101	48404000.0	30.0
12102	48408000.0	35.0
12103	48412000.0	34.0
12104	48416000.0	27.0
12105	48420000.0	35.0
12106	48424000.0	25.0
12107	48428000.0	33.0
12108	48432000.0	32.0
12109	48436000.0	26.0
12110	48440000.0	37.0
12111	48444000.0	32.0
12112	48448000.0	24.0
12113	48452000.0	26.0
12114	48456000.0	29.0
12115	48460000.0	35.0
12116	48464000.0	30.0
12117	48468000.0	26.0
12118	48472000.0	49.0
12119	48476000.0	33.0
12120	48480000.0	27.0
12121	48484000.0	32.0
12122	48488000.0	28.0
12123	48492000.0	26.0
12124	48496000.0	28.0
12125	48500000.0	26.0
12126	48504000.0	37.0
12127	48508000.0	23.0
12128	48512000.0	33.0
12129	48516000.0	28.0
12130	48520000.0	31.0
12131	48524000.0	35.0
12132	48528000.0	24.0
12133	48532000.0	33.0
12134	48536000.0	32.0
12135	48540000.0	32.0
12136	48544000.0	30.0
12137	48548000.0	33.0
12138	48552000.0	25.0
12139	48556000.0	25.0
12140	48560000.0	32.0
12141	48564000.0	34.0
12142	48568000.0	30.0
12143	48572000.0	36.0
12144	48576000.0	29.0
12145	48580000.0	26.0
12146	48584000.0	27.0
12147	48588000.0	35.0
12148	48592000.0	20.0
12149	48596000.0	30.0
12150	48600000.0	42.0
12151	48604000.0	29.0
12152	48608000.0	23.0
12153	48612000.0	32.0
12154	48616000.0	29.0
12155	48620000.0	24.0
12156	48624000.0	35.0
12157	48628000.0	30.0
12158	48632000.0	28.0
12159	48636000.0	42.0
12160	48640000.0	42.0
12161	48644000.0	29.0
12162	48648000.0	43.0
12163	48652000.0	26.0
12164	48656000.0	34.0
12165	48660000.0	36.0
12166	48664000.0	30.0
12167	48668000.0	36.0
12168	48672000.0	34.0
12169	48676000.0	28.0
12170	48680000.0	28.0
12171	48684000.0	35.0
12172	48688000.0	35.0
12173	48692000.0	36.0
12174	48696000.0	33.0
12175	48700000.0	34.0
12176	48704000.0	27.0
12177	48708000.0	31.0
12178	48712000.0	35.0
12179	48716000.0	47.0
12180	48720000.0	31.0
12181	48724000.0	36.0
12182	48728000.0	22.0
12183	48732000.0	31.0
12184	48736000.0	32.0
12185	48740000.0	30.0
12186	48744000.0	30.0
12187	48748000.0	29.0
12188	48752000.0	28.0
12189	48756000.0	30.0
12190	48760000.0	35.0
12191	48764000.0	25.0
12192	48768000.0	32.0
12193	48772000.0	28.0
12194	48776000.0	23.0
12195	48780000.0	36.0
12196	48784000.0	28.0
12197	48788000.0	32.0
12198	48792000.0	32.0
12199	48796000.0	31.0
12200	48800000.0	25.0
12201	48804000.0	29.0
12202	48808000.0	33.0
12203	48812000.0	39.0
12204	48816000.0	30.0
12205	48820000.0	23.0
12206	48824000.0	27.0
12207	48828000.0	24.0
12208	48832000.0	27.0
12209	48836000.0	39.0
12210	48840000.0	23.0
12211	48844000.0	33.0
12212	48848000.0	32.0
12213	48852000.0	26.0
12214	48856000.0	27.0
12215	48860000.0	28.0
12216	48864000.0	26.0
12217	48868000.0	29.0
12218	48872000.0	30.0
12219	48876000.0	27.0
12220	48880000.0	25.0
12221	48884000.0	31.0
12222	48888000.0	28.0
12223	48892000.0	42.0
12224	48896000.0	23.0
12225	48900000.0	32.0
12226	48904000.0	39.0
12227	48908000.0	33.0
12228	48912000.0	22.0
12229	48916000.0	25.0
12230	48920000.0	25.0
12231	48924000.0	24.0
12232	48928000.0	34.0
12233	48932000.0	30.0
12234	48936000.0	25.0
12235	48940000.0	29.0
12236	48944000.0	27.0
12237	48948000.0	24.0
12238	48952000.0	24.0
12239	48956000.0	21.0
12240	48960000.0	23.0
12241	48964000.0	30.0
12242	48968000.0	19.0
12243	48972000.0	24.0
12244	48976000.0	20.0
12245	48980000.0	34.0
12246	48984000.0	33.0
12247	48988000.0	28.0
12248	48992000.0	47.0
12249	48996000.0	25.0
12250	49000000.0	28.0
12251	49004000.0	28.0
12252	49008000.0	32.0
12253	49012000.0	26.0
12254	49016000.0	32.0
12255	49020000.0	30.0
12256	49024000.0	31.0
12257	49028000.0	34.0
12258	49032000.0	29.0
12259	49036000.0	23.0
12260	49040000.0	33.0
12261	49044000.0	36.0
12262	49048000.0	40.0
12263	49052000.0	28.0
12264	49056000.0	29.0
12265	49060000.0	36.0
12266	49064000.0	34.0
12267	49068000.0	39.0
12268	49072000.0	27.0
12269	49076000.0	36.0
12270	49080000.0	25.0
12271	49084000.0	35.0
12272	49088000.0	32.0
12273	49092000.0	32.0
12274	49096000.0	30.0
12275	49100000.0	34.0
12276	49104000.0	41.0
12277	49108000.0	30.0
12278	49112000.0	31.0
12279	49116000.0	47.0
12280	49120000.0	38.0
12281	49124000.0	34.0
12282	49128000.0	26.0
12283	49132000.0	21.0
12284	49136000.0	30.0
12285	49140000.0	33.0
12286	49144000.0	34.0
12287	49148000.0	34.0
12288	49152000.0	36.0
12289	49156000.0	32.0
12290	49160000.0	32.0
12291	49164000.0	35.0
12292	49168000.0	30.0
12293	49172000.0	31.0
12294	49176000.0	33.0
12295	49180000.0	31.0
12296	49184000.0	25.0
12297	49188000.0	29.0
12298	49192000.0	31.0
12299	49196000.0	26.0
12300	49200000.0	30.0
12301	49204000.0	22.0
12302	49208000.0	37.0
12303	49212000.0	36.0
12304	49216000.0	26.0
12305	49220000.0	33.0
12306	49224000.0	29.0
12307	49228000.0	32.0
12308	49232000.0	39.0
12309	49236000.0	28.0
12310	49240000.0	27.0
12311	49244000.0	30.0
12312	49248000.0	33.0
12313	49252000.0	29.0
12314	49256000.0	30.0
12315	49260000.0	23.0
12316	49264000.0	26.0
12317	49268000.0	26.0
12318	49272000.0	29.0
12319	49276000.0	24.0
12320	49280000.0	29.0
12321	49284000.0	25.0
12322	49288000.0	35.0
12323	49292000.0	21.0
12324	49296000.0	34.0
12325	49300000.0	32.0
12326	49304000.0	22.0
12327	49308000.0	32.0
12328	49312000.0	27.0
12329	49316000.0	31.0
12330	49320000.0	30.0
12331	49324000.0	28.0
12332	49328000.0	27.0
12333	49332000.0	34.0
12334	49336000.0	36.0
12335	49340000.0	49.0
12336	49344000.0	23.0
12337	49348000.0	41.0
12338	49352000.0	29.0
12339	49356000.0	32.0
12340	49360000.0	24.0
12341	49364000.0	25.0
12342	49368000.0	48.0
12343	49372000.0	35.0
12344	49376000.0	30.0
12345	49380000.0	34.0
12346	49384000.0	36.0
12347	49388000.0	32.0
12348	49392000.0	22.0
12349	49396000.0	41.0
12350	49400000.0	30.0
12351	49404000.0	28.0
12352	49408000.0	29.0
12353	49412000.0	31.0
12354	49416000.0	26.0
12355	49420000.0	37.0
12356	49424000.0	39.0
12357	49428000.0	32.0
12358	49432000.0	25.0
12359	49436000.0	40.0
12360	49440000.0	22.0
12361	49444000.0	28.0
12362	49448000.0	34.0
12363	49452000.0	31.0
12364	49456000.0	34.0
12365	49460000.0	24.0
12366	49464000.0	37.0
12367	49468000.0	21.0
12368	49472000.0	22.0
12369	49476000.0	34.0
12370	49480000.0	36.0
12371	49484000.0	26.0
12372	49488000.0	25.0
12373	49492000.0	35.0
12374	49496000.0	19.0
12375	49500000.0	44.0
12376	49504000.0	32.0
12377	49508000.0	35.0
12378	49512000.0	28.0
12379	49516000.0	24.0
12380	49520000.0	36.0
12381	49524000.0	32.0
12382	49528000.0	25.0
12383	49532000.0	41.0
12384	49536000.0	38.0
12385	49540000.0	33.0
12386	49544000.0	35.0
12387	49548000.0	21.0
12388	49552000.0	33.0
12389	49556000.0	32.0
12390	49560000.0	32.0
12391	49564000.0	27.0
12392	49568000.0	28.0
12393	49572000.0	37.0
12394	49576000.0	25.0
12395	49580000.0	18.0
12396	49584000.0	29.0
12397	49588000.0	21.0
12398	49592000.0	25.0
12399	49596000.0	28.0
12400	49600000.0	35.0
12401	49604000.0	32.0
12402	49608000.0	30.0
12403	49612000.0	25.0
12404	49616000.0	39.0
12405	49620000.0	38.0
12406	49624000.0	29.0
12407	49628000.0	22.0
12408	49632000.0	24.0
12409	49636000.0	32.0
12410	49640000.0	21.0
12411	49644000.0	17.0
12412	49648000.0	23.0
12413	49652000.0	25.0
12414	49656000.0	34.0
12415	49660000.0	23.0
12416	49664000.0	24.0
12417	49668000.0	26.0
12418	49672000.0	30.0
12419	49676000.0	19.0
12420	49680000.0	38.0
12421	49684000.0	33.0
12422	49688000.0	30.0
12423	49692000.0	24.0
12424	49696000.0	30.0
12425	49700000.0	30.0
12426	49704000.0	31.0
12427	49708000.0	29.0
12428	49712000.0	22.0
12429	49716000.0	24.0
12430	49720000.0	23.0
12431	49724000.0	28.0
12432	49728000.0	27.0
12433	49732000.0	28.0
12434	49736000.0	28.0
12435	49740000.0	26.0
12436	49744000.0	26.0
12437	49748000.0	30.0
12438	49752000.0	35.0
12439	49756000.0	26.0
12440	49760000.0	27.0
12441	49764000.0	23.0
12442	49768000.0	33.0
12443	49772000.0	33.0
12444	49776000.0	28.0
12445	49780000.0	27.0
12446	49784000.0	25.0
12447	49788000.0	25.0
12448	49792000.0	21.0
12449	49796000.0	30.0
12450	49800000.0	22.0
12451	49804000.0	37.0
12452	49808000.0	24.0
12453	49812000.0	24.0
12454	49816000.0	27.0
12455	49820000.0	33.0
12456	49824000.0	28.0
12457	49828000.0	30.0
12458	49832000.0	30.0
12459	49836000.0	34.0
12460	49840000.0	29.0
12461	49844000.0	39.0
12462	49848000.0	29.0
12463	49852000.0	28.0
12464	49856000.0	17.0
12465	49860000.0	30.0
12466	49864000.0	22.0
12467	49868000.0	30.0
12468	49872000.0	18.0
12469	49876000.0	25.0
12470	49880000.0	33.0
12471	49884000.0	20.0
12472	49888000.0	29.0
12473	49892000.0	29.0
12474	49896000.0	32.0
12475	49900000.0	26.0
12476	49904000.0	26.0
12477	49908000.0	38.0
12478	49912000.0	31.0
12479	49916000.0	18.0
12480	49920000.0	29.0
12481	49924000.0	31.0
12482	49928000.0	30.0
12483	49932000.0	27.0
12484	49936000.0	29.0
12485	49940000.0	31.0
12486	49944000.0	26.0
12487	49948000.0	36.0
12488	49952000.0	32.0
12489	49956000.0	37.0
12490	49960000.0	44.0
12491	49964000.0	23.0
12492	49968000.0	26.0
12493	49972000.0	29.0
12494	49976000.0	24.0
12495	49980000.0	30.0
12496	49984000.0	24.0
12497	49988000.0	20.0
12498	49992000.0	31.0
12499	49996000.0	29.0
12500	50000000.0	36.0
12501	50004000.0	25.0
12502	50008000.0	26.0
12503	50012000.0	33.0
12504	50016000.0	27.0
12505	50020000.0	28.0
12506	50024000.0	32.0
12507	50028000.0	30.0
12508	50032000.0	21.0
12509	50036000.0	27.0
12510	50040000.0	11.0
12511	50044000.0	27.0
12512	50048000.0	25.0
12513	50052000.0	40.0
12514	50056000.0	30.0
12515	50060000.0	25.0
12516	50064000.0	32.0
12517	50068000.0	34.0
12518	50072000.0	24.0
12519	50076000.0	28.0
12520	50080000.0	24.0
12521	50084000.0	32.0
12522	50088000.0	33.0
12523	50092000.0	30.0
12524	50096000.0	35.0
12525	50100000.0	24.0
12526	50104000.0	35.0
12527	50108000.0	22.0
12528	50112000.0	32.0
12529	50116000.0	31.0
12530	50120000.0	16.0
12531	50124000.0	25.0
12532	50128000.0	23.0
12533	50132000.0	26.0
12534	50136000.0	24.0
12535	50140000.0	25.0
12536	50144000.0	26.0
12537	50148000.0	28.0
12538	50152000.0	30.0
12539	50156000.0	33.0
12540	50160000.0	25.0
12541	50164000.0	33.0
12542	50168000.0	32.0
12543	50172000.0	26.0
12544	50176000.0	33.0
12545	50180000.0	21.0
12546	50184000.0	38.0
12547	50188000.0	34.0
12548	50192000.0	35.0
12549	50196000.0	33.0
12550	50200000.0	28.0
12551	50204000.0	22.0
12552	50208000.0	34.0
12553	50212000.0	28.0
12554	50216000.0	39.0
12555	50220000.0	26.0
12556	50224000.0	24.0
12557	50228000.0	34.0
12558	50232000.0	18.0
12559	50236000.0	29.0
12560	50240000.0	27.0
12561	50244000.0	24.0
12562	50248000.0	30.0
12563	50252000.0	32.0
12564	50256000.0	30.0
12565	50260000.0	27.0
12566	50264000.0	32.0
12567	50268000.0	28.0
12568	50272000.0	35.0
12569	50276000.0	28.0
12570	50280000.0	28.0
12571	50284000.0	39.0
12572	50288000.0	32.0
12573	50292000.0	27.0
12574	50296000.0	31.0
12575	50300000.0	30.0
12576	50304000.0	29.0
12577	50308000.0	21.0
12578	50312000.0	30.0
12579	50316000.0	29.0
12580	50320000.0	25.0
12581	50324000.0	29.0
12582	50328000.0	13.0
12583	50332000.0	27.0
12584	50336000.0	39.0
12585	50340000.0	21.0
12586	50344000.0	28.0
12587	50348000.0	28.0
12588	50352000.0	36.0
12589	50356000.0	21.0
12590	50360000.0	28.0
12591	50364000.0	31.0
12592	50368000.0	22.0
12593	50372000.0	21.0
12594	50376000.0	30.0
12595	50380000.0	33.0
12596	50384000.0	24.0
12597	50388000.0	24.0
12598	50392000.0	30.0
12599	50396000.0	32.0
12600	50400000.0	30.0
12601	50404000.0	23.0
12602	50408000.0	32.0
12603	50412000.0	28.0
12604	50416000.0	27.0
12605	50420000.0	30.0
12606	50424000.0	28.0
12607	50428000.0	27.0
12608	50432000.0	31.0
12609	50436000.0	34.0
12610	50440000.0	38.0
12611	50444000.0	29.0
12612	50448000.0	37.0
12613	50452000.0	28.0
12614	50456000.0	34.0
12615	50460000.0	35.0
12616	50464000.0	39.0
12617	50468000.0	40.0
12618	50472000.0	28.0
12619	50476000.0	35.0
12620	50480000.0	29.0
12621	50484000.0	27.0
12622	50488000.0	21.0
12623	50492000.0	39.0
12624	50496000.0	30.0
12625	50500000.0	30.0
12626	50504000.0	39.0
12627	50508000.0	32.0
12628	50512000.0	35.0
12629	50516000.0	28.0
12630	50520000.0	31.0
12631	50524000.0	26.0
12632	50528000.0	25.0
12633	50532000.0	25.0
12634	50536000.0	32.0
12635	50540000.0	33.0
12636	50544000.0	35.0
12637	50548000.0	31.0
12638	50552000.0	25.0
12639	50556000.0	32.0
12640	50560000.0	25.0
12641	50564000.0	23.0
12642	50568000.0	31.0
12643	50572000.0	23.0
12644	50576000.0	20.0
12645	50580000.0	32.0
12646	50584000.0	31.0
12647	50588000.0	29.0
12648	50592000.0	26.0
12649	50596000.0	31.0
12650	50600000.0	25.0
12651	50604000.0	24.0
12652	50608000.0	24.0
12653	50612000.0	24.0
12654	50616000.0	30.0
12655	50620000.0	29.0
12656	50624000.0	27.0
12657	50628000.0	19.0
12658	50632000.0	28.0
12659	50636000.0	36.0
12660	50640000.0	36.0
12661	50644000.0	20.0
12662	50648000.0	23.0
12663	50652000.0	17.0
12664	50656000.0	35.0
12665	50660000.0	26.0
12666	50664000.0	35.0
12667	50668000.0	23.0
12668	50672000.0	28.0
12669	50676000.0	30.0
12670	50680000.0	28.0
12671	50684000.0	29.0
12672	50688000.0	24.0
12673	50692000.0	30.0
12674	50696000.0	30.0
12675	50700000.0	38.0
12676	50704000.0	24.0
12677	50708000.0	33.0
12678	50712000.0	19.0
12679	50716000.0	29.0
12680	50720000.0	28.0
12681	50724000.0	28.0
12682	50728000.0	20.0
12683	50732000.0	33.0
12684	50736000.0	31.0
12685	50740000.0	30.0
12686	50744000.0	41.0
12687	50748000.0	30.0
12688	50752000.0	37.0
12689	50756000.0	31.0
12690	50760000.0	17.0
12691	50764000.0	36.0
12692	50768000.0	27.0
12693	50772000.0	30.0
12694	50776000.0	37.0
12695	50780000.0	27.0
12696	50784000.0	31.0
12697	50788000.0	25.0
12698	50792000.0	24.0
12699	50796000.0	34.0
12700	50800000.0	36.0
12701	50804000.0	31.0
12702	50808000.0	24.0
12703	50812000.0	31.0
12704	50816000.0	32.0
12705	50820000.0	34.0
12706	50824000.0	25.0
12707	50828000.0	26.0
12708	50832000.0	18.0
12709	50836000.0	32.0
12710	50840000.0	34.0
12711	50844000.0	30.0
12712	50848000.0	35.0
12713	50852000.0	37.0
12714	50856000.0	26.0
12715	50860000.0	26.0
12716	50864000.0	24.0
12717	50868000.0	24.0
12718	50872000.0	25.0
12719	50876000.0	27.0
12720	50880000.0	28.0
12721	50884000.0	38.0
12722	50888000.0	25.0
12723	50892000.0	23.0
12724	50896000.0	28.0
12725	50900000.0	27.0
12726	50904000.0	21.0
12727	50908000.0	27.0
12728	50912000.0	21.0
12729	50916000.0	35.0
12730	50920000.0	27.0
12731	50924000.0	23.0
12732	50928000.0	29.0
12733	50932000.0	37.0
12734	50936000.0	22.0
12735	50940000.0	29.0
12736	50944000.0	31.0
12737	50948000.0	31.0
12738	50952000.0	34.0
12739	50956000.0	21.0
12740	50960000.0	29.0
12741	50964000.0	26.0
12742	50968000.0	33.0
12743	50972000.0	23.0
12744	50976000.0	33.0
12745	50980000.0	24.0
12746	50984000.0	28.0
12747	50988000.0	22.0
12748	50992000.0	26.0
12749	50996000.0	29.0
12750	51000000.0	30.0
12751	51004000.0	35.0
12752	51008000.0	31.0
12753	51012000.0	23.0
12754	51016000.0	32.0
12755	51020000.0	28.0
12756	51024000.0	32.0
12757	51028000.0	21.0
12758	51032000.0	17.0
12759	51036000.0	34.0
12760	51040000.0	24.0
12761	51044000.0	30.0
12762	51048000.0	24.0
12763	51052000.0	25.0
12764	51056000.0	21.0
12765	51060000.0	27.0
12766	51064000.0	25.0
12767	51068000.0	26.0
12768	51072000.0	36.0
12769	51076000.0	26.0
12770	51080000.0	22.0
12771	51084000.0	28.0
12772	51088000.0	21.0
12773	51092000.0	37.0
12774	51096000.0	31.0
12775	51100000.0	15.0
12776	51104000.0	17.0
12777	51108000.0	28.0
12778	51112000.0	20.0
12779	51116000.0	20.0
12780	51120000.0	19.0
12781	51124000.0	27.0
12782	51128000.0	27.0
12783	51132000.0	25.0
12784	51136000.0	40.0
12785	51140000.0	25.0
12786	51144000.0	27.0
12787	51148000.0	26.0
12788	51152000.0	28.0
12789	51156000.0	32.0
12790	51160000.0	27.0
12791	51164000.0	24.0
12792	51168000.0	31.0
12793	51172000.0	23.0
12794	51176000.0	25.0
12795	51180000.0	14.0
12796	51184000.0	34.0
12797	51188000.0	34.0
12798	51192000.0	33.0
12799	51196000.0	26.0
12800	51200000.0	31.0
12801	51204000.0	26.0
12802	51208000.0	35.0
12803	51212000.0	31.0
12804	51216000.0	24.0
12805	51220000.0	26.0
12806	51224000.0	20.0
12807	51228000.0	32.0
12808	51232000.0	37.0
12809	51236000.0	29.0
12810	51240000.0	22.0
12811	51244000.0	30.0
12812	51248000.0	27.0
12813	51252000.0	32.0
12814	51256000.0	37.0
12815	51260000.0	36.0
12816	51264000.0	27.0
12817	51268000.0	32.0
12818	51272000.0	34.0
12819	51276000.0	25.0
12820	51280000.0	21.0
12821	51284000.0	29.0
12822	51288000.0	30.0
12823	51292000.0	24.0
12824	51296000.0	24.0
12825	51300000.0	28.0
12826	51304000.0	27.0
12827	51308000.0	20.0
12828	51312000.0	24.0
12829	51316000.0	30.0
12830	51320000.0	31.0
12831	51324000.0	15.0
12832	51328000.0	36.0
12833	51332000.0	26.0
12834	51336000.0	26.0
12835	51340000.0	29.0
12836	51344000.0	25.0
12837	51348000.0	19.0
12838	51352000.0	34.0
12839	51356000.0	25.0
12840	51360000.0	31.0
12841	51364000.0	30.0
12842	51368000.0	38.0
12843	51372000.0	24.0
12844	51376000.0	30.0
12845	51380000.0	27.0
12846	51384000.0	24.0
12847	51388000.0	33.0
12848	51392000.0	23.0
12849	51396000.0	26.0
12850	51400000.0	31.0
12851	51404000.0	26.0
12852	51408000.0	27.0
12853	51412000.0	30.0
12854	51416000.0	26.0
12855	51420000.0	32.0
12856	51424000.0	29.0
12857	51428000.0	27.0
12858	51432000.0	34.0
12859	51436000.0	30.0
12860	51440000.0	22.0
12861	51444000.0	17.0
12862	51448000.0	39.0
12863	51452000.0	22.0
12864	51456000.0	28.0
12865	51460000.0	26.0
12866	51464000.0	23.0
12867	51468000.0	28.0
12868	51472000.0	31.0
12869	51476000.0	24.0
12870	51480000.0	24.0
12871	51484000.0	17.0
12872	51488000.0	30.0
12873	51492000.0	28.0
12874	51496000.0	26.0
12875	51500000.0	30.0
12876	51504000.0	15.0
12877	51508000.0	29.0
12878	51512000.0	28.0
12879	51516000.0	37.0
12880	51520000.0	35.0
12881	51524000.0	29.0
12882	51528000.0	18.0
12883	51532000.0	28.0
12884	51536000.0	25.0
12885	51540000.0	24.0
12886	51544000.0	35.0
12887	51548000.0	21.0
12888	51552000.0	27.0
12889	51556000.0	24.0
12890	51560000.0	25.0
12891	51564000.0	31.0
12892	51568000.0	25.0
12893	51572000.0	22.0
12894	51576000.0	22.0
12895	51580000.0	27.0
12896	51584000.0	39.0
12897	51588000.0	19.0
12898	51592000.0	22.0
12899	51596000.0	28.0
12900	51600000.0	30.0
12901	51604000.0	24.0
12902	51608000.0	20.0
12903	51612000.0	32.0
12904	51616000.0	34.0
12905	51620000.0	30.0
12906	51624000.0	32.0
12907	51628000.0	28.0
12908	51632000.0	30.0
12909	51636000.0	21.0
12910	51640000.0	31.0
12911	51644000.0	31.0
12912	51648000.0	14.0
12913	51652000.0	23.0
12914	51656000.0	24.0
12915	51660000.0	34.0
12916	51664000.0	29.0
12917	51668000.0	20.0
12918	51672000.0	29.0
12919	51676000.0	29.0
12920	51680000.0	25.0
12921	51684000.0	29.0
12922	51688000.0	38.0
12923	51692000.0	20.0
12924	51696000.0	27.0
12925	51700000.0	29.0
12926	51704000.0	19.0
12927	51708000.0	38.0
12928	51712000.0	26.0
12929	51716000.0	23.0
12930	51720000.0	29.0
12931	51724000.0	29.0
12932	51728000.0	35.0
12933	51732000.0	21.0
12934	51736000.0	17.0
12935	51740000.0	25.0
12936	51744000.0	31.0
12937	51748000.0	35.0
12938	51752000.0	36.0
12939	51756000.0	31.0
12940	51760000.0	31.0
12941	51764000.0	27.0
12942	51768000.0	19.0
12943	51772000.0	24.0
12944	51776000.0	18.0
12945	51780000.0	26.0
12946	51784000.0	17.0
12947	51788000.0	21.0
12948	51792000.0	43.0
12949	51796000.0	24.0
12950	51800000.0	26.0
12951	51804000.0	15.0
12952	51808000.0	26.0
12953	51812000.0	30.0
12954	51816000.0	31.0
12955	51820000.0	27.0
12956	51824000.0	21.0
12957	51828000.0	29.0
12958	51832000.0	25.0
12959	51836000.0	26.0
12960	51840000.0	19.0
12961	51844000.0	20.0
12962	51848000.0	28.0
12963	51852000.0	26.0
12964	51856000.0	36.0
12965	51860000.0	22.0
12966	51864000.0	25.0
12967	51868000.0	23.0
12968	51872000.0	27.0
12969	51876000.0	23.0
12970	51880000.0	21.0
12971	51884000.0	26.0
12972	51888000.0	28.0
12973	51892000.0	41.0
12974	51896000.0	28.0
12975	51900000.0	21.0
12976	51904000.0	37.0
12977	51908000.0	27.0
12978	51912000.0	21.0
12979	51916000.0	18.0
12980	51920000.0	26.0
12981	51924000.0	29.0
12982	51928000.0	29.0
12983	51932000.0	29.0
12984	51936000.0	22.0
12985	51940000.0	29.0
12986	51944000.0	24.0
12987	51948000.0	21.0
12988	51952000.0	33.0
12989	51956000.0	18.0
12990	51960000.0	17.0
12991	51964000.0	19.0
12992	51968000.0	22.0
12993	51972000.0	21.0
12994	51976000.0	20.0
12995	51980000.0	35.0
12996	51984000.0	38.0
12997	51988000.0	26.0
12998	51992000.0	36.0
12999	51996000.0	33.0
13000	52000000.0	23.0
13001	52004000.0	32.0
13002	52008000.0	24.0
13003	52012000.0	36.0
13004	52016000.0	23.0
13005	52020000.0	21.0
13006	52024000.0	32.0
13007	52028000.0	24.0
13008	52032000.0	27.0
13009	52036000.0	21.0
13010	52040000.0	29.0
13011	52044000.0	39.0
13012	52048000.0	30.0
13013	52052000.0	25.0
13014	52056000.0	15.0
13015	52060000.0	18.0
13016	52064000.0	28.0
13017	52068000.0	28.0
13018	52072000.0	27.0
13019	52076000.0	29.0
13020	52080000.0	20.0
13021	52084000.0	30.0
13022	52088000.0	26.0
13023	52092000.0	30.0
13024	52096000.0	30.0
13025	52100000.0	30.0
13026	52104000.0	26.0
13027	52108000.0	32.0
13028	52112000.0	33.0
13029	52116000.0	25.0
13030	52120000.0	33.0
13031	52124000.0	36.0
13032	52128000.0	29.0
13033	52132000.0	24.0
13034	52136000.0	27.0
13035	52140000.0	32.0
13036	52144000.0	29.0
13037	52148000.0	37.0
13038	52152000.0	24.0
13039	52156000.0	23.0
13040	52160000.0	24.0
13041	52164000.0	32.0
13042	52168000.0	24.0
13043	52172000.0	23.0
13044	52176000.0	33.0
13045	52180000.0	19.0
13046	52184000.0	20.0
13047	52188000.0	34.0
13048	52192000.0	33.0
13049	52196000.0	33.0
13050	52200000.0	27.0
13051	52204000.0	30.0
13052	52208000.0	30.0
13053	52212000.0	28.0
13054	52216000.0	27.0
13055	52220000.0	30.0
13056	52224000.0	32.0
13057	52228000.0	28.0
13058	52232000.0	17.0
13059	52236000.0	26.0
13060	52240000.0	35.0
13061	52244000.0	34.0
13062	52248000.0	25.0
13063	52252000.0	22.0
13064	52256000.0	26.0
13065	52260000.0	21.0
13066	52264000.0	23.0
13067	52268000.0	25.0
13068	52272000.0	22.0
13069	52276000.0	27.0
13070	52280000.0	24.0
13071	52284000.0	25.0
13072	52288000.0	29.0
13073	52292000.0	24.0
13074	52296000.0	28.0
13075	52300000.0	33.0
13076	52304000.0	31.0
13077	52308000.0	31.0
13078	52312000.0	24.0
13079	52316000.0	27.0
13080	52320000.0	28.0
13081	52324000.0	29.0
13082	52328000.0	24.0
13083	52332000.0	26.0
13084	52336000.0	43.0
13085	52340000.0	23.0
13086	52344000.0	27.0
13087	52348000.0	23.0
13088	52352000.0	32.0
13089	52356000.0	30.0
13090	52360000.0	31.0
13091	52364000.0	28.0
13092	52368000.0	28.0
13093	52372000.0	28.0
13094	52376000.0	23.0
13095	52380000.0	32.0
13096	52384000.0	17.0
13097	52388000.0	25.0
13098	52392000.0	21.0
13099	52396000.0	34.0
13100	52400000.0	32.0
13101	52404000.0	27.0
13102	52408000.0	27.0
13103	52412000.0	33.0
13104	52416000.0	29.0
13105	52420000.0	20.0
13106	52424000.0	26.0
13107	52428000.0	27.0
13108	52432000.0	27.0
13109	52436000.0	28.0
13110	52440000.0	34.0
13111	52444000.0	22.0
13112	52448000.0	31.0
13113	52452000.0	17.0
13114	52456000.0	32.0
13115	52460000.0	27.0
13116	52464000.0	20.0
13117	52468000.0	28.0
13118	52472000.0	27.0
13119	52476000.0	38.0
13120	52480000.0	21.0
13121	52484000.0	22.0
13122	52488000.0	27.0
13123	52492000.0	28.0
13124	52496000.0	25.0
13125	52500000.0	24.0
13126	52504000.0	34.0
13127	52508000.0	26.0
13128	52512000.0	28.0
13129	52516000.0	32.0
13130	52520000.0	32.0
13131	52524000.0	34.0
13132	52528000.0	25.0
13133	52532000.0	30.0
13134	52536000.0	28.0
13135	52540000.0	24.0
13136	52544000.0	27.0
13137	52548000.0	33.0
13138	52552000.0	34.0
13139	52556000.0	26.0
13140	52560000.0	19.0
13141	52564000.0	20.0
13142	52568000.0	26.0
13143	52572000.0	28.0
13144	52576000.0	27.0
13145	52580000.0	20.0
13146	52584000.0	16.0
13147	52588000.0	26.0
13148	52592000.0	25.0
13149	52596000.0	26.0
13150	52600000.0	30.0
13151	52604000.0	28.0
13152	52608000.0	34.0
13153	52612000.0	23.0
13154	52616000.0	32.0
13155	52620000.0	18.0
13156	52624000.0	28.0
13157	52628000.0	27.0
13158	52632000.0	28.0
13159	52636000.0	22.0
13160	52640000.0	31.0
13161	52644000.0	22.0
13162	52648000.0	23.0
13163	52652000.0	26.0
13164	52656000.0	32.0
13165	52660000.0	26.0
13166	52664000.0	32.0
13167	52668000.0	20.0
13168	52672000.0	25.0
13169	52676000.0	24.0
13170	52680000.0	36.0
13171	52684000.0	19.0
13172	52688000.0	21.0
13173	52692000.0	29.0
13174	52696000.0	16.0
13175	52700000.0	29.0
13176	52704000.0	29.0
13177	52708000.0	28.0
13178	52712000.0	28.0
13179	52716000.0	27.0
13180	52720000.0	19.0
13181	52724000.0	25.0
13182	52728000.0	26.0
13183	52732000.0	25.0
13184	52736000.0	33.0
13185	52740000.0	25.0
13186	52744000.0	27.0
13187	52748000.0	26.0
13188	52752000.0	26.0
13189	52756000.0	32.0
13190	52760000.0	33.0
13191	52764000.0	29.0
13192	52768000.0	18.0
13193	52772000.0	24.0
13194	52776000.0	30.0
13195	52780000.0	22.0
13196	52784000.0	24.0
13197	52788000.0	37.0
13198	52792000.0	33.0
13199	52796000.0	28.0
13200	52800000.0	18.0
13201	52804000.0	23.0
13202	52808000.0	30.0
13203	52812000.0	20.0
13204	52816000.0	28.0
13205	52820000.0	30.0
13206	52824000.0	32.0
13207	52828000.0	36.0
13208	52832000.0	29.0
13209	52836000.0	34.0
13210	52840000.0	25.0
13211	52844000.0	21.0
13212	52848000.0	31.0
13213	52852000.0	27.0
13214	52856000.0	22.0
13215	52860000.0	28.0
13216	52864000.0	28.0
13217	52868000.0	27.0
13218	52872000.0	25.0
13219	52876000.0	23.0
13220	52880000.0	21.0
13221	52884000.0	32.0
13222	52888000.0	20.0
13223	52892000.0	26.0
13224	52896000.0	25.0
13225	52900000.0	29.0
13226	52904000.0	23.0
13227	52908000.0	24.0
13228	52912000.0	25.0
13229	52916000.0	32.0
13230	52920000.0	25.0
13231	52924000.0	22.0
13232	52928000.0	30.0
13233	52932000.0	17.0
13234	52936000.0	28.0
13235	52940000.0	22.0
13236	52944000.0	24.0
13237	52948000.0	29.0
13238	52952000.0	26.0
13239	52956000.0	22.0
13240	52960000.0	27.0
13241	52964000.0	27.0
13242	52968000.0	30.0
13243	52972000.0	20.0
13244	52976000.0	19.0
13245	52980000.0	15.0
13246	52984000.0	23.0
13247	52988000.0	33.0
13248	52992000.0	30.0
13249	52996000.0	36.0
13250	53000000.0	30.0
13251	53004000.0	21.0
13252	53008000.0	24.0
13253	53012000.0	35.0
13254	53016000.0	24.0
13255	53020000.0	16.0
13256	53024000.0	28.0
13257	53028000.0	26.0
13258	53032000.0	22.0
13259	53036000.0	29.0
13260	53040000.0	29.0
13261	53044000.0	28.0
13262	53048000.0	24.0
13263	53052000.0	19.0
13264	53056000.0	35.0
13265	53060000.0	28.0
13266	53064000.0	25.0
13267	53068000.0	17.0
13268	53072000.0	33.0
13269	53076000.0	20.0
13270	53080000.0	28.0
13271	53084000.0	24.0
13272	53088000.0	22.0
13273	53092000.0	24.0
13274	53096000.0	20.0
13275	53100000.0	29.0
13276	53104000.0	29.0
13277	53108000.0	24.0
13278	53112000.0	28.0
13279	53116000.0	19.0
13280	53120000.0	31.0
13281	53124000.0	19.0
13282	53128000.0	26.0
13283	53132000.0	26.0
13284	53136000.0	26.0
13285	53140000.0	29.0
13286	53144000.0	29.0
13287	53148000.0	24.0
13288	53152000.0	22.0
13289	53156000.0	31.0
13290	53160000.0	33.0
13291	53164000.0	26.0
13292	53168000.0	22.0
13293	53172000.0	23.0
13294	53176000.0	27.0
13295	53180000.0	21.0
13296	53184000.0	18.0
13297	53188000.0	24.0
13298	53192000.0	24.0
13299	53196000.0	27.0
13300	53200000.0	24.0
13301	53204000.0	28.0
13302	53208000.0	36.0
13303	53212000.0	24.0
13304	53216000.0	15.0
13305	53220000.0	27.0
13306	53224000.0	27.0
13307	53228000.0	27.0
13308	53232000.0	24.0
13309	53236000.0	28.0
13310	53240000.0	29.0
13311	53244000.0	28.0
13312	53248000.0	19.0
13313	53252000.0	35.0
13314	53256000.0	30.0
13315	53260000.0	22.0
13316	53264000.0	21.0
13317	53268000.0	19.0
13318	53272000.0	34.0
13319	53276000.0	26.0
13320	53280000.0	27.0
13321	53284000.0	15.0
13322	53288000.0	28.0
13323	53292000.0	23.0
13324	53296000.0	33.0
13325	53300000.0	31.0
13326	53304000.0	17.0
13327	53308000.0	33.0
13328	53312000.0	29.0
13329	53316000.0	39.0
13330	53320000.0	29.0
13331	53324000.0	14.0
13332	53328000.0	22.0
13333	53332000.0	22.0
13334	53336000.0	16.0
13335	53340000.0	19.0
13336	53344000.0	25.0
13337	53348000.0	26.0
13338	53352000.0	24.0
13339	53356000.0	22.0
13340	53360000.0	24.0
13341	53364000.0	23.0
13342	53368000.0	24.0
13343	53372000.0	25.0
13344	53376000.0	14.0
13345	53380000.0	26.0
13346	53384000.0	28.0
13347	53388000.0	24.0
13348	53392000.0	29.0
13349	53396000.0	39.0
13350	53400000.0	30.0
13351	53404000.0	26.0
13352	53408000.0	22.0
13353	53412000.0	26.0
13354	53416000.0	29.0
13355	53420000.0	22.0
13356	53424000.0	26.0
13357	53428000.0	31.0
13358	53432000.0	16.0
13359	53436000.0	29.0
13360	53440000.0	20.0
13361	53444000.0	24.0
13362	53448000.0	17.0
13363	53452000.0	22.0
13364	53456000.0	29.0
13365	53460000.0	29.0
13366	53464000.0	28.0
13367	53468000.0	25.0
13368	53472000.0	25.0
13369	53476000.0	32.0
13370	53480000.0	28.0
13371	53484000.0	23.0
13372	53488000.0	30.0
13373	53492000.0	25.0
13374	53496000.0	25.0
13375	53500000.0	20.0
13376	53504000.0	23.0
13377	53508000.0	28.0
13378	53512000.0	25.0
13379	53516000.0	30.0
13380	53520000.0	19.0
13381	53524000.0	26.0
13382	53528000.0	26.0
13383	53532000.0	22.0
13384	53536000.0	22.0
13385	53540000.0	19.0
13386	53544000.0	25.0
13387	53548000.0	28.0
13388	53552000.0	14.0
13389	53556000.0	26.0
13390	53560000.0	25.0
13391	53564000.0	21.0
13392	53568000.0	30.0
13393	53572000.0	35.0
13394	53576000.0	17.0
13395	53580000.0	29.0
13396	53584000.0	24.0
13397	53588000.0	19.0
13398	53592000.0	17.0
13399	53596000.0	18.0
13400	53600000.0	19.0
13401	53604000.0	31.0
13402	53608000.0	15.0
13403	53612000.0	25.0
13404	53616000.0	25.0
13405	53620000.0	32.0
13406	53624000.0	28.0
13407	53628000.0	27.0
13408	53632000.0	22.0
13409	53636000.0	21.0
13410	53640000.0	34.0
13411	53644000.0	29.0
13412	53648000.0	24.0
13413	53652000.0	24.0
13414	53656000.0	28.0
13415	53660000.0	31.0
13416	53664000.0	19.0
13417	53668000.0	25.0
13418	53672000.0	23.0
13419	53676000.0	21.0
13420	53680000.0	19.0
13421	53684000.0	22.0
13422	53688000.0	21.0
13423	53692000.0	21.0
13424	53696000.0	36.0
13425	53700000.0	26.0
13426	53704000.0	16.0
13427	53708000.0	23.0
13428	53712000.0	41.0
13429	53716000.0	27.0
13430	53720000.0	22.0
13431	53724000.0	25.0
13432	53728000.0	30.0
13433	53732000.0	21.0
13434	53736000.0	30.0
13435	53740000.0	16.0
13436	53744000.0	27.0
13437	53748000.0	30.0
13438	53752000.0	22.0
13439	53756000.0	18.0
13440	53760000.0	27.0
13441	53764000.0	28.0
13442	53768000.0	28.0
13443	53772000.0	23.0
13444	53776000.0	30.0
13445	53780000.0	24.0
13446	53784000.0	28.0
13447	53788000.0	23.0
13448	53792000.0	22.0
13449	53796000.0	23.0
13450	53800000.0	25.0
13451	53804000.0	27.0
13452	53808000.0	23.0
13453	53812000.0	25.0
13454	53816000.0	26.0
13455	53820000.0	24.0
13456	53824000.0	26.0
13457	53828000.0	22.0
13458	53832000.0	30.0
13459	53836000.0	27.0
13460	53840000.0	20.0
13461	53844000.0	32.0
13462	53848000.0	29.0
13463	53852000.0	28.0
13464	53856000.0	31.0
13465	53860000.0	30.0
13466	53864000.0	24.0
13467	53868000.0	28.0
13468	53872000.0	30.0
13469	53876000.0	31.0
13470	53880000.0	24.0
13471	53884000.0	18.0
13472	53888000.0	30.0
13473	53892000.0	32.0
13474	53896000.0	20.0
13475	53900000.0	29.0
13476	53904000.0	29.0
13477	53908000.0	23.0
13478	53912000.0	23.0
13479	53916000.0	21.0
13480	53920000.0	27.0
13481	53924000.0	18.0
13482	53928000.0	33.0
13483	53932000.0	29.0
13484	53936000.0	27.0
13485	53940000.0	17.0
13486	53944000.0	20.0
13487	53948000.0	22.0
13488	53952000.0	24.0
13489	53956000.0	18.0
13490	53960000.0	31.0
13491	53964000.0	23.0
13492	53968000.0	21.0
13493	53972000.0	29.0
13494	53976000.0	22.0
13495	53980000.0	36.0
13496	53984000.0	23.0
13497	53988000.0	24.0
13498	53992000.0	25.0
13499	53996000.0	30.0
13500	54000000.0	23.0
13501	54004000.0	26.0
13502	54008000.0	18.0
13503	54012000.0	26.0
13504	54016000.0	21.0
13505	54020000.0	25.0
13506	54024000.0	21.0
13507	54028000.0	24.0
13508	54032000.0	25.0
13509	54036000.0	34.0
13510	54040000.0	23.0
13511	54044000.0	22.0
13512	54048000.0	24.0
13513	54052000.0	26.0
13514	54056000.0	25.0
13515	54060000.0	14.0
13516	54064000.0	19.0
13517	54068000.0	30.0
13518	54072000.0	26.0
13519	54076000.0	31.0
13520	54080000.0	20.0
13521	54084000.0	25.0
13522	54088000.0	25.0
13523	54092000.0	19.0
13524	54096000.0	21.0
13525	54100000.0	19.0
13526	54104000.0	29.0
13527	54108000.0	18.0
13528	54112000.0	20.0
13529	54116000.0	29.0
13530	54120000.0	35.0
13531	54124000.0	32.0
13532	54128000.0	18.0
13533	54132000.0	26.0
13534	54136000.0	23.0
13535	54140000.0	28.0
13536	54144000.0	22.0
13537	54148000.0	23.0
13538	54152000.0	18.0
13539	54156000.0	30.0
13540	54160000.0	33.0
13541	54164000.0	23.0
13542	54168000.0	20.0
13543	54172000.0	17.0
13544	54176000.0	23.0
13545	54180000.0	18.0
13546	54184000.0	23.0
13547	54188000.0	23.0
13548	54192000.0	19.0
13549	54196000.0	31.0
13550	54200000.0	26.0
13551	54204000.0	20.0
13552	54208000.0	21.0
13553	54212000.0	28.0
13554	54216000.0	23.0
13555	54220000.0	13.0
13556	54224000.0	28.0
13557	54228000.0	26.0
13558	54232000.0	21.0
13559	54236000.0	29.0
13560	54240000.0	22.0
13561	54244000.0	29.0
13562	54248000.0	22.0
13563	54252000.0	29.0
13564	54256000.0	19.0
13565	54260000.0	25.0
13566	54264000.0	21.0
13567	54268000.0	26.0
13568	54272000.0	24.0
13569	54276000.0	22.0
13570	54280000.0	32.0
13571	54284000.0	23.0
13572	54288000.0	17.0
13573	54292000.0	25.0
13574	54296000.0	11.0
13575	54300000.0	24.0
13576	54304000.0	22.0
13577	54308000.0	25.0
13578	54312000.0	21.0
13579	54316000.0	18.0
13580	54320000.0	13.0
13581	54324000.0	17.0
13582	54328000.0	24.0
13583	54332000.0	26.0
13584	54336000.0	30.0
13585	54340000.0	34.0
13586	54344000.0	32.0
13587	54348000.0	28.0
13588	54352000.0	25.0
13589	54356000.0	22.0
13590	54360000.0	28.0
13591	54364000.0	30.0
13592	54368000.0	26.0
13593	54372000.0	21.0
13594	54376000.0	17.0
13595	54380000.0	22.0
13596	54384000.0	23.0
13597	54388000.0	37.0
13598	54392000.0	28.0
13599	54396000.0	23.0
13600	54400000.0	24.0
13601	54404000.0	30.0
13602	54408000.0	26.0
13603	54412000.0	20.0
13604	54416000.0	14.0
13605	54420000.0	16.0
13606	54424000.0	26.0
13607	54428000.0	20.0
13608	54432000.0	19.0
13609	54436000.0	29.0
13610	54440000.0	21.0
13611	54444000.0	27.0
13612	54448000.0	23.0
13613	54452000.0	26.0
13614	54456000.0	13.0
13615	54460000.0	17.0
13616	54464000.0	20.0
13617	54468000.0	24.0
13618	54472000.0	30.0
13619	54476000.0	15.0
13620	54480000.0	32.0
13621	54484000.0	22.0
13622	54488000.0	29.0
13623	54492000.0	22.0
13624	54496000.0	16.0
13625	54500000.0	20.0
13626	54504000.0	20.0
13627	54508000.0	27.0
13628	54512000.0	25.0
13629	54516000.0	27.0
13630	54520000.0	18.0
13631	54524000.0	24.0
13632	54528000.0	23.0
13633	54532000.0	30.0
13634	54536000.0	30.0
13635	54540000.0	29.0
13636	54544000.0	20.0
13637	54548000.0	31.0
13638	54552000.0	23.0
13639	54556000.0	26.0
13640	54560000.0	19.0
13641	54564000.0	26.0
13642	54568000.0	24.0
13643	54572000.0	39.0
13644	54576000.0	18.0
13645	54580000.0	25.0
13646	54584000.0	15.0
13647	54588000.0	19.0
13648	54592000.0	23.0
13649	54596000.0	22.0
13650	54600000.0	20.0
13651	54604000.0	37.0
13652	54608000.0	17.0
13653	54612000.0	21.0
13654	54616000.0	24.0
13655	54620000.0	26.0
13656	54624000.0	22.0
13657	54628000.0	23.0
13658	54632000.0	28.0
13659	54636000.0	20.0
13660	54640000.0	21.0
13661	54644000.0	23.0
13662	54648000.0	21.0
13663	54652000.0	30.0
13664	54656000.0	25.0
13665	54660000.0	31.0
13666	54664000.0	28.0
13667	54668000.0	21.0
13668	54672000.0	26.0
13669	54676000.0	20.0
13670	54680000.0	22.0
13671	54684000.0	27.0
13672	54688000.0	24.0
13673	54692000.0	25.0
13674	54696000.0	29.0
13675	54700000.0	19.0
13676	54704000.0	22.0
13677	54708000.0	24.0
13678	54712000.0	17.0
13679	54716000.0	27.0
13680	54720000.0	26.0
13681	54724000.0	28.0
13682	54728000.0	29.0
13683	54732000.0	24.0
13684	54736000.0	23.0
13685	54740000.0	25.0
13686	54744000.0	23.0
13687	54748000.0	25.0
13688	54752000.0	23.0
13689	54756000.0	26.0
13690	54760000.0	21.0
13691	54764000.0	20.0
13692	54768000.0	30.0
13693	54772000.0	26.0
13694	54776000.0	20.0
13695	54780000.0	32.0
13696	54784000.0	26.0
13697	54788000.0	24.0
13698	54792000.0	18.0
13699	54796000.0	23.0
13700	54800000.0	22.0
13701	54804000.0	17.0
13702	54808000.0	21.0
13703	54812000.0	25.0
13704	54816000.0	26.0
13705	54820000.0	25.0
13706	54824000.0	23.0
13707	54828000.0	25.0
13708	54832000.0	24.0
13709	54836000.0	17.0
13710	54840000.0	17.0
13711	54844000.0	22.0
13712	54848000.0	25.0
13713	54852000.0	24.0
13714	54856000.0	23.0
13715	54860000.0	29.0
13716	54864000.0	27.0
13717	54868000.0	22.0
13718	54872000.0	23.0
13719	54876000.0	24.0
13720	54880000.0	24.0
13721	54884000.0	27.0
13722	54888000.0	22.0
13723	54892000.0	26.0
13724	54896000.0	23.0
13725	54900000.0	22.0
13726	54904000.0	33.0
13727	54908000.0	24.0
13728	54912000.0	27.0
13729	54916000.0	20.0
13730	54920000.0	22.0
13731	54924000.0	30.0
13732	54928000.0	19.0
13733	54932000.0	20.0
13734	54936000.0	31.0
13735	54940000.0	30.0
13736	54944000.0	25.0
13737	54948000.0	28.0
13738	54952000.0	29.0
13739	54956000.0	21.0
13740	54960000.0	18.0
13741	54964000.0	20.0
13742	54968000.0	24.0
13743	54972000.0	24.0
13744	54976000.0	22.0
13745	54980000.0	30.0
13746	54984000.0	29.0
13747	54988000.0	20.0
13748	54992000.0	23.0
13749	54996000.0	28.0
13750	55000000.0	25.0
13751	55004000.0	27.0
13752	55008000.0	26.0
13753	55012000.0	22.0
13754	55016000.0	22.0
13755	55020000.0	27.0
13756	55024000.0	19.0
13757	55028000.0	17.0
13758	55032000.0	24.0
13759	55036000.0	21.0
13760	55040000.0	18.0
13761	55044000.0	29.0
13762	55048000.0	22.0
13763	55052000.0	22.0
13764	55056000.0	19.0
13765	55060000.0	23.0
13766	55064000.0	30.0
13767	55068000.0	30.0
13768	55072000.0	19.0
13769	55076000.0	23.0
13770	55080000.0	23.0
13771	55084000.0	19.0
13772	55088000.0	22.0
13773	55092000.0	24.0
13774	55096000.0	22.0
13775	55100000.0	23.0
13776	55104000.0	15.0
13777	55108000.0	19.0
13778	55112000.0	20.0
13779	55116000.0	25.0
13780	55120000.0	22.0
13781	55124000.0	22.0
13782	55128000.0	26.0
13783	55132000.0	23.0
13784	55136000.0	24.0
13785	55140000.0	17.0
13786	55144000.0	26.0
13787	55148000.0	19.0
13788	55152000.0	15.0
13789	55156000.0	12.0
13790	55160000.0	22.0
13791	55164000.0	19.0
13792	55168000.0	21.0
13793	55172000.0	24.0
13794	55176000.0	22.0
13795	55180000.0	28.0
13796	55184000.0	20.0
13797	55188000.0	24.0
13798	55192000.0	29.0
13799	55196000.0	25.0
13800	55200000.0	25.0
13801	55204000.0	20.0
13802	55208000.0	23.0
13803	55212000.0	28.0
13804	55216000.0	20.0
13805	55220000.0	17.0
13806	55224000.0	22.0
13807	55228000.0	21.0
13808	55232000.0	26.0
13809	55236000.0	22.0
13810	55240000.0	22.0
13811	55244000.0	29.0
13812	55248000.0	31.0
13813	55252000.0	29.0
13814	55256000.0	23.0
13815	55260000.0	21.0
13816	55264000.0	17.0
13817	55268000.0	19.0
13818	55272000.0	26.0
13819	55276000.0	16.0
13820	55280000.0	19.0
13821	55284000.0	23.0
13822	55288000.0	30.0
13823	55292000.0	35.0
13824	55296000.0	19.0
13825	55300000.0	22.0
13826	55304000.0	19.0
13827	55308000.0	24.0
13828	55312000.0	27.0
13829	55316000.0	22.0
13830	55320000.0	19.0
13831	55324000.0	15.0
13832	55328000.0	21.0
13833	55332000.0	20.0
13834	55336000.0	17.0
13835	55340000.0	21.0
13836	55344000.0	11.0
13837	55348000.0	33.0
13838	55352000.0	19.0
13839	55356000.0	19.0
13840	55360000.0	20.0
13841	55364000.0	17.0
13842	55368000.0	28.0
13843	55372000.0	16.0
13844	55376000.0	26.0
13845	55380000.0	19.0
13846	55384000.0	24.0
13847	55388000.0	27.0
13848	55392000.0	22.0
13849	55396000.0	25.0
13850	55400000.0	17.0
13851	55404000.0	24.0
13852	55408000.0	14.0
13853	55412000.0	23.0
13854	55416000.0	36.0
13855	55420000.0	25.0
13856	55424000.0	28.0
13857	55428000.0	19.0
13858	55432000.0	28.0
13859	55436000.0	25.0
13860	55440000.0	18.0
13861	55444000.0	32.0
13862	55448000.0	28.0
13863	55452000.0	29.0
13864	55456000.0	23.0
13865	55460000.0	24.0
13866	55464000.0	24.0
13867	55468000.0	27.0
13868	55472000.0	28.0
13869	55476000.0	28.0
13870	55480000.0	26.0
13871	55484000.0	20.0
13872	55488000.0	24.0
13873	55492000.0	24.0
13874	55496000.0	28.0
13875	55500000.0	22.0
13876	55504000.0	28.0
13877	55508000.0	23.0
13878	55512000.0	25.0
13879	55516000.0	23.0
13880	55520000.0	31.0
13881	55524000.0	31.0
13882	55528000.0	21.0
13883	55532000.0	33.0
13884	55536000.0	28.0
13885	55540000.0	26.0
13886	55544000.0	16.0
13887	55548000.0	26.0
13888	55552000.0	20.0
13889	55556000.0	19.0
13890	55560000.0	24.0
13891	55564000.0	19.0
13892	55568000.0	26.0
13893	55572000.0	15.0
13894	55576000.0	25.0
13895	55580000.0	18.0
13896	55584000.0	19.0
13897	55588000.0	25.0
13898	55592000.0	17.0
13899	55596000.0	22.0
13900	55600000.0	22.0
13901	55604000.0	17.0
13902	55608000.0	24.0
13903	55612000.0	24.0
13904	55616000.0	18.0
13905	55620000.0	14.0
13906	55624000.0	17.0
13907	55628000.0	19.0
13908	55632000.0	24.0
13909	55636000.0	19.0
13910	55640000.0	13.0
13911	55644000.0	15.0
13912	55648000.0	17.0
13913	55652000.0	26.0
13914	55656000.0	23.0
13915	55660000.0	23.0
13916	55664000.0	17.0
13917	55668000.0	24.0
13918	55672000.0	23.0
13919	55676000.0	27.0
13920	55680000.0	31.0
13921	55684000.0	28.0
13922	55688000.0	19.0
13923	55692000.0	22.0
13924	55696000.0	22.0
13925	55700000.0	25.0
13926	55704000.0	23.0
13927	55708000.0	21.0
13928	55712000.0	20.0
13929	55716000.0	21.0
13930	55720000.0	19.0
13931	55724000.0	13.0
13932	55728000.0	14.0
13933	55732000.0	24.0
13934	55736000.0	25.0
13935	55740000.0	23.0
13936	55744000.0	30.0
13937	55748000.0	21.0
13938	55752000.0	22.0
13939	55756000.0	26.0
13940	55760000.0	24.0
13941	55764000.0	22.0
13942	55768000.0	29.0
13943	55772000.0	20.0
13944	55776000.0	28.0
13945	55780000.0	18.0
13946	55784000.0	27.0
13947	55788000.0	20.0
13948	55792000.0	29.0
13949	55796000.0	26.0
13950	55800000.0	20.0
13951	55804000.0	25.0
13952	55808000.0	23.0
13953	55812000.0	27.0
13954	55816000.0	24.0
13955	55820000.0	25.0
13956	55824000.0	15.0
13957	55828000.0	25.0
13958	55832000.0	21.0
13959	55836000.0	27.0
13960	55840000.0	21.0
13961	55844000.0	19.0
13962	55848000.0	21.0
13963	55852000.0	24.0
13964	55856000.0	18.0
13965	55860000.0	25.0
13966	55864000.0	14.0
13967	55868000.0	20.0
13968	55872000.0	19.0
13969	55876000.0	23.0
13970	55880000.0	29.0
13971	55884000.0	21.0
13972	55888000.0	16.0
13973	55892000.0	27.0
13974	55896000.0	23.0
13975	55900000.0	28.0
13976	55904000.0	20.0
13977	55908000.0	20.0
13978	55912000.0	24.0
13979	55916000.0	18.0
13980	55920000.0	17.0
13981	55924000.0	24.0
13982	55928000.0	17.0
13983	55932000.0	18.0
13984	55936000.0	23.0
13985	55940000.0	22.0
13986	55944000.0	22.0
13987	55948000.0	21.0
13988	55952000.0	24.0
13989	55956000.0	23.0
13990	55960000.0	20.0
13991	55964000.0	21.0
13992	55968000.0	30.0
13993	55972000.0	24.0
13994	55976000.0	29.0
13995	55980000.0	21.0
13996	55984000.0	22.0
13997	55988000.0	17.0
13998	55992000.0	28.0
13999	55996000.0	25.0
14000	56000000.0	24.0
14001	56004000.0	31.0
14002	56008000.0	25.0
14003	56012000.0	19.0
14004	56016000.0	28.0
14005	56020000.0	26.0
14006	56024000.0	27.0
14007	56028000.0	29.0
14008	56032000.0	28.0
14009	56036000.0	17.0
14010	56040000.0	17.0
14011	56044000.0	28.0
14012	56048000.0	20.0
14013	56052000.0	27.0
14014	56056000.0	18.0
14015	56060000.0	26.0
14016	56064000.0	25.0
14017	56068000.0	23.0
14018	56072000.0	22.0
14019	56076000.0	26.0
14020	56080000.0	15.0
14021	56084000.0	27.0
14022	56088000.0	18.0
14023	56092000.0	19.0
14024	56096000.0	22.0
14025	56100000.0	17.0
14026	56104000.0	22.0
14027	56108000.0	32.0
14028	56112000.0	29.0
14029	56116000.0	22.0
14030	56120000.0	15.0
14031	56124000.0	20.0
14032	56128000.0	28.0
14033	56132000.0	25.0
14034	56136000.0	17.0
14035	56140000.0	31.0
14036	56144000.0	25.0
14037	56148000.0	18.0
14038	56152000.0	17.0
14039	56156000.0	19.0
14040	56160000.0	20.0
14041	56164000.0	18.0
14042	56168000.0	26.0
14043	56172000.0	25.0
14044	56176000.0	21.0
14045	56180000.0	33.0
14046	56184000.0	19.0
14047	56188000.0	28.0
14048	56192000.0	11.0
14049	56196000.0	17.0
14050	56200000.0	23.0
14051	56204000.0	16.0
14052	56208000.0	24.0
14053	56212000.0	25.0
14054	56216000.0	36.0
14055	56220000.0	21.0
14056	56224000.0	14.0
14057	56228000.0	20.0
14058	56232000.0	30.0
14059	56236000.0	14.0
14060	56240000.0	20.0
14061	56244000.0	20.0
14062	56248000.0	25.0
14063	56252000.0	21.0
14064	56256000.0	23.0
14065	56260000.0	23.0
14066	56264000.0	29.0
14067	56268000.0	22.0
14068	56272000.0	27.0
14069	56276000.0	26.0
14070	56280000.0	29.0
14071	56284000.0	17.0
14072	56288000.0	18.0
14073	56292000.0	19.0
14074	56296000.0	20.0
14075	56300000.0	18.0
14076	56304000.0	28.0
14077	56308000.0	21.0
14078	56312000.0	22.0
14079	56316000.0	19.0
14080	56320000.0	17.0
14081	56324000.0	16.0
14082	56328000.0	14.0
14083	56332000.0	19.0
14084	56336000.0	26.0
14085	56340000.0	22.0
14086	56344000.0	18.0
14087	56348000.0	14.0
14088	56352000.0	33.0
14089	56356000.0	26.0
14090	56360000.0	30.0
14091	56364000.0	22.0
14092	56368000.0	22.0
14093	56372000.0	24.0
14094	56376000.0	31.0
14095	56380000.0	38.0
14096	56384000.0	29.0
14097	56388000.0	20.0
14098	56392000.0	22.0
14099	56396000.0	19.0
14100	56400000.0	22.0
14101	56404000.0	23.0
14102	56408000.0	29.0
14103	56412000.0	24.0
14104	56416000.0	21.0
14105	56420000.0	22.0
14106	56424000.0	13.0
14107	56428000.0	26.0
14108	56432000.0	19.0
14109	56436000.0	25.0
14110	56440000.0	24.0
14111	56444000.0	20.0
14112	56448000.0	14.0
14113	56452000.0	28.0
14114	56456000.0	20.0
14115	56460000.0	22.0
14116	56464000.0	21.0
14117	56468000.0	17.0
14118	56472000.0	17.0
14119	56476000.0	23.0
14120	56480000.0	21.0
14121	56484000.0	31.0
14122	56488000.0	23.0
14123	56492000.0	22.0
14124	56496000.0	15.0
14125	56500000.0	19.0
14126	56504000.0	17.0
14127	56508000.0	17.0
14128	56512000.0	19.0
14129	56516000.0	23.0
14130	56520000.0	23.0
14131	56524000.0	17.0
14132	56528000.0	25.0
14133	56532000.0	20.0
14134	56536000.0	18.0
14135	56540000.0	22.0
14136	56544000.0	21.0
14137	56548000.0	24.0
14138	56552000.0	24.0
14139	56556000.0	26.0
14140	56560000.0	22.0
14141	56564000.0	20.0
14142	56568000.0	26.0
14143	56572000.0	33.0
14144	56576000.0	22.0
14145	56580000.0	21.0
14146	56584000.0	23.0
14147	56588000.0	36.0
14148	56592000.0	26.0
14149	56596000.0	18.0
14150	56600000.0	27.0
14151	56604000.0	24.0
14152	56608000.0	15.0
14153	56612000.0	24.0
14154	56616000.0	23.0
14155	56620000.0	21.0
14156	56624000.0	25.0
14157	56628000.0	26.0
14158	56632000.0	24.0
14159	56636000.0	23.0
14160	56640000.0	26.0
14161	56644000.0	19.0
14162	56648000.0	21.0
14163	56652000.0	23.0
14164	56656000.0	24.0
14165	56660000.0	22.0
14166	56664000.0	27.0
14167	56668000.0	17.0
14168	56672000.0	27.0
14169	56676000.0	21.0
14170	56680000.0	22.0
14171	56684000.0	18.0
14172	56688000.0	20.0
14173	56692000.0	22.0
14174	56696000.0	17.0
14175	56700000.0	20.0
14176	56704000.0	24.0
14177	56708000.0	20.0
14178	56712000.0	18.0
14179	56716000.0	27.0
14180	56720000.0	23.0
14181	56724000.0	29.0
14182	56728000.0	16.0
14183	56732000.0	16.0
14184	56736000.0	25.0
14185	56740000.0	22.0
14186	56744000.0	23.0
14187	56748000.0	31.0
14188	56752000.0	14.0
14189	56756000.0	25.0
14190	56760000.0	29.0
14191	56764000.0	35.0
14192	56768000.0	21.0
14193	56772000.0	20.0
14194	56776000.0	27.0
14195	56780000.0	29.0
14196	56784000.0	19.0
14197	56788000.0	21.0
14198	56792000.0	22.0
14199	56796000.0	20.0
14200	56800000.0	27.0
14201	56804000.0	25.0
14202	56808000.0	27.0
14203	56812000.0	23.0
14204	56816000.0	19.0
14205	56820000.0	25.0
14206	56824000.0	11.0
14207	56828000.0	18.0
14208	56832000.0	21.0
14209	56836000.0	29.0
14210	56840000.0	27.0
14211	56844000.0	30.0
14212	56848000.0	25.0
14213	56852000.0	18.0
14214	56856000.0	20.0
14215	56860000.0	23.0
14216	56864000.0	29.0
14217	56868000.0	20.0
14218	56872000.0	30.0
14219	56876000.0	15.0
14220	56880000.0	23.0
14221	56884000.0	15.0
14222	56888000.0	22.0
14223	56892000.0	27.0
14224	56896000.0	22.0
14225	56900000.0	20.0
14226	56904000.0	18.0
14227	56908000.0	29.0
14228	56912000.0	10.0
14229	56916000.0	21.0
14230	56920000.0	21.0
14231	56924000.0	15.0
14232	56928000.0	15.0
14233	56932000.0	24.0
14234	56936000.0	29.0
14235	56940000.0	19.0
14236	56944000.0	22.0
14237	56948000.0	21.0
14238	56952000.0	20.0
14239	56956000.0	21.0
14240	56960000.0	14.0
14241	56964000.0	27.0
14242	56968000.0	24.0
14243	56972000.0	23.0
14244	56976000.0	24.0
14245	56980000.0	21.0
14246	56984000.0	19.0
14247	56988000.0	24.0
14248	56992000.0	28.0
14249	56996000.0	12.0
14250	57000000.0	25.0
14251	57004000.0	18.0
14252	57008000.0	20.0
14253	57012000.0	21.0
14254	57016000.0	25.0
14255	57020000.0	22.0
14256	57024000.0	28.0
14257	57028000.0	19.0
14258	57032000.0	22.0
14259	57036000.0	23.0
14260	57040000.0	26.0
14261	57044000.0	24.0
14262	57048000.0	10.0
14263	57052000.0	21.0
14264	57056000.0	24.0
14265	57060000.0	29.0
14266	57064000.0	28.0
14267	57068000.0	22.0
14268	57072000.0	14.0
14269	57076000.0	25.0
14270	57080000.0	27.0
14271	57084000.0	21.0
14272	57088000.0	24.0
14273	57092000.0	10.0
14274	57096000.0	20.0
14275	57100000.0	25.0
14276	57104000.0	18.0
14277	57108000.0	23.0
14278	57112000.0	25.0
14279	57116000.0	16.0
14280	57120000.0	21.0
14281	57124000.0	27.0
14282	57128000.0	20.0
14283	57132000.0	21.0
14284	57136000.0	14.0
14285	57140000.0	31.0
14286	57144000.0	32.0
14287	57148000.0	23.0
14288	57152000.0	23.0
14289	57156000.0	25.0
14290	57160000.0	15.0
14291	57164000.0	20.0
14292	57168000.0	19.0
14293	57172000.0	22.0
14294	57176000.0	28.0
14295	57180000.0	26.0
14296	57184000.0	14.0
14297	57188000.0	19.0
14298	57192000.0	26.0
14299	57196000.0	13.0
14300	57200000.0	16.0
14301	57204000.0	18.0
14302	57208000.0	22.0
14303	57212000.0	27.0
14304	57216000.0	25.0
14305	57220000.0	18.0
14306	57224000.0	15.0
14307	57228000.0	22.0
14308	57232000.0	23.0
14309	57236000.0	23.0
14310	57240000.0	19.0
14311	57244000.0	25.0
14312	57248000.0	19.0
14313	57252000.0	22.0
14314	57256000.0	20.0
14315	57260000.0	23.0
14316	57264000.0	22.0
14317	57268000.0	19.0
14318	57272000.0	22.0
14319	57276000.0	29.0
14320	57280000.0	26.0
14321	57284000.0	20.0
14322	57288000.0	16.0
14323	57292000.0	21.0
14324	57296000.0	21.0
14325	57300000.0	19.0
14326	57304000.0	18.0
14327	57308000.0	22.0
14328	57312000.0	18.0
14329	57316000.0	20.0
14330	57320000.0	15.0
14331	57324000.0	28.0
14332	57328000.0	23.0
14333	57332000.0	23.0
14334	57336000.0	22.0
14335	57340000.0	15.0
14336	57344000.0	26.0
14337	57348000.0	25.0
14338	57352000.0	35.0
14339	57356000.0	22.0
14340	57360000.0	15.0
14341	57364000.0	26.0
14342	57368000.0	17.0
14343	57372000.0	22.0
14344	57376000.0	22.0
14345	57380000.0	17.0
14346	57384000.0	26.0
14347	57388000.0	29.0
14348	57392000.0	20.0
14349	57396000.0	14.0
14350	57400000.0	24.0
14351	57404000.0	16.0
14352	57408000.0	21.0
14353	57412000.0	18.0
14354	57416000.0	13.0
14355	57420000.0	27.0
14356	57424000.0	21.0
14357	57428000.0	26.0
14358	57432000.0	22.0
14359	57436000.0	23.0
14360	57440000.0	13.0
14361	57444000.0	23.0
14362	57448000.0	17.0
14363	57452000.0	17.0
14364	57456000.0	20.0
14365	57460000.0	18.0
14366	57464000.0	19.0
14367	57468000.0	18.0
14368	57472000.0	22.0
14369	57476000.0	18.0
14370	57480000.0	19.0
14371	57484000.0	28.0
14372	57488000.0	30.0
14373	57492000.0	24.0
14374	57496000.0	26.0
14375	57500000.0	18.0
14376	57504000.0	22.0
14377	57508000.0	29.0
14378	57512000.0	19.0
14379	57516000.0	16.0
14380	57520000.0	26.0
14381	57524000.0	17.0
14382	57528000.0	26.0
14383	57532000.0	20.0
14384	57536000.0	24.0
14385	57540000.0	18.0
14386	57544000.0	17.0
14387	57548000.0	22.0
14388	57552000.0	13.0
14389	57556000.0	13.0
14390	57560000.0	18.0
14391	57564000.0	13.0
14392	57568000.0	18.0
14393	57572000.0	28.0
14394	57576000.0	24.0
14395	57580000.0	17.0
14396	57584000.0	15.0
14397	57588000.0	21.0
14398	57592000.0	14.0
14399	57596000.0	16.0
14400	57600000.0	15.0
14401	57604000.0	24.0
14402	57608000.0	24.0
14403	57612000.0	15.0
14404	57616000.0	19.0
14405	57620000.0	22.0
14406	57624000.0	27.0
14407	57628000.0	28.0
14408	57632000.0	17.0
14409	57636000.0	21.0
14410	57640000.0	15.0
14411	57644000.0	19.0
14412	57648000.0	13.0
14413	57652000.0	23.0
14414	57656000.0	20.0
14415	57660000.0	22.0
14416	57664000.0	20.0
14417	57668000.0	23.0
14418	57672000.0	19.0
14419	57676000.0	16.0
14420	57680000.0	16.0
14421	57684000.0	18.0
14422	57688000.0	14.0
14423	57692000.0	24.0
14424	57696000.0	24.0
14425	57700000.0	24.0
14426	57704000.0	14.0
14427	57708000.0	19.0
14428	57712000.0	21.0
14429	57716000.0	21.0
14430	57720000.0	24.0
14431	57724000.0	24.0
14432	57728000.0	17.0
14433	57732000.0	30.0
14434	57736000.0	21.0
14435	57740000.0	25.0
14436	57744000.0	25.0
14437	57748000.0	22.0
14438	57752000.0	28.0
14439	57756000.0	18.0
14440	57760000.0	31.0
14441	57764000.0	20.0
14442	57768000.0	18.0
14443	57772000.0	25.0
14444	57776000.0	22.0
14445	57780000.0	25.0
14446	57784000.0	13.0
14447	57788000.0	30.0
14448	57792000.0	14.0
14449	57796000.0	15.0
14450	57800000.0	21.0
14451	57804000.0	23.0
14452	57808000.0	28.0
14453	57812000.0	14.0
14454	57816000.0	22.0
14455	57820000.0	19.0
14456	57824000.0	22.0
14457	57828000.0	26.0
14458	57832000.0	23.0
14459	57836000.0	25.0
14460	57840000.0	15.0
14461	57844000.0	23.0
14462	57848000.0	27.0
14463	57852000.0	15.0
14464	57856000.0	27.0
14465	57860000.0	25.0
14466	57864000.0	17.0
14467	57868000.0	13.0
14468	57872000.0	19.0
14469	57876000.0	26.0
14470	57880000.0	24.0
14471	57884000.0	19.0
14472	57888000.0	22.0
14473	57892000.0	14.0
14474	57896000.0	24.0
14475	57900000.0	25.0
14476	57904000.0	22.0
14477	57908000.0	22.0
14478	57912000.0	25.0
14479	57916000.0	26.0
14480	57920000.0	16.0
14481	57924000.0	22.0
14482	57928000.0	17.0
14483	57932000.0	21.0
14484	57936000.0	17.0
14485	57940000.0	16.0
14486	57944000.0	24.0
14487	57948000.0	16.0
14488	57952000.0	20.0
14489	57956000.0	24.0
14490	57960000.0	24.0
14491	57964000.0	23.0
14492	57968000.0	12.0
14493	57972000.0	14.0
14494	57976000.0	15.0
14495	57980000.0	22.0
14496	57984000.0	18.0
14497	57988000.0	21.0
14498	57992000.0	17.0
14499	57996000.0	25.0
14500	58000000.0	16.0
14501	58004000.0	19.0
14502	58008000.0	23.0
14503	58012000.0	28.0
14504	58016000.0	21.0
14505	58020000.0	19.0
14506	58024000.0	18.0
14507	58028000.0	18.0
14508	58032000.0	20.0
14509	58036000.0	19.0
14510	58040000.0	22.0
14511	58044000.0	16.0
14512	58048000.0	25.0
14513	58052000.0	19.0
14514	58056000.0	25.0
14515	58060000.0	18.0
14516	58064000.0	25.0
14517	58068000.0	26.0
14518	58072000.0	27.0
14519	58076000.0	18.0
14520	58080000.0	16.0
14521	58084000.0	30.0
14522	58088000.0	9.0
14523	58092000.0	12.0
14524	58096000.0	18.0
14525	58100000.0	18.0
14526	58104000.0	21.0
14527	58108000.0	21.0
14528	58112000.0	21.0
14529	58116000.0	19.0
14530	58120000.0	15.0
14531	58124000.0	28.0
14532	58128000.0	20.0
14533	58132000.0	17.0
14534	58136000.0	19.0
14535	58140000.0	22.0
14536	58144000.0	27.0
14537	58148000.0	16.0
14538	58152000.0	17.0
14539	58156000.0	31.0
14540	58160000.0	21.0
14541	58164000.0	25.0
14542	58168000.0	20.0
14543	58172000.0	21.0
14544	58176000.0	23.0
14545	58180000.0	22.0
14546	58184000.0	22.0
14547	58188000.0	18.0
14548	58192000.0	31.0
14549	58196000.0	14.0
14550	58200000.0	15.0
14551	58204000.0	24.0
14552	58208000.0	13.0
14553	58212000.0	20.0
14554	58216000.0	21.0
14555	58220000.0	15.0
14556	58224000.0	19.0
14557	58228000.0	23.0
14558	58232000.0	23.0
14559	58236000.0	28.0
14560	58240000.0	24.0
14561	58244000.0	16.0
14562	58248000.0	19.0
14563	58252000.0	19.0
14564	58256000.0	21.0
14565	58260000.0	21.0
14566	58264000.0	16.0
14567	58268000.0	20.0
14568	58272000.0	19.0
14569	58276000.0	31.0
14570	58280000.0	24.0
14571	58284000.0	20.0
14572	58288000.0	20.0
14573	58292000.0	20.0
14574	58296000.0	22.0
14575	58300000.0	16.0
14576	58304000.0	21.0
14577	58308000.0	16.0
14578	58312000.0	27.0
14579	58316000.0	24.0
14580	58320000.0	13.0
14581	58324000.0	19.0
14582	58328000.0	17.0
14583	58332000.0	22.0
14584	58336000.0	15.0
14585	58340000.0	29.0
14586	58344000.0	19.0
14587	58348000.0	17.0
14588	58352000.0	21.0
14589	58356000.0	16.0
14590	58360000.0	19.0
14591	58364000.0	20.0
14592	58368000.0	28.0
14593	58372000.0	22.0
14594	58376000.0	28.0
14595	58380000.0	18.0
14596	58384000.0	27.0
14597	58388000.0	25.0
14598	58392000.0	23.0
14599	58396000.0	28.0
14600	58400000.0	17.0
14601	58404000.0	19.0
14602	58408000.0	17.0
14603	58412000.0	30.0
14604	58416000.0	23.0
14605	58420000.0	19.0
14606	58424000.0	13.0
14607	58428000.0	20.0
14608	58432000.0	15.0
14609	58436000.0	26.0
14610	58440000.0	13.0
14611	58444000.0	19.0
14612	58448000.0	22.0
14613	58452000.0	33.0
14614	58456000.0	21.0
14615	58460000.0	26.0
14616	58464000.0	16.0
14617	58468000.0	16.0
14618	58472000.0	17.0
14619	58476000.0	16.0
14620	58480000.0	24.0
14621	58484000.0	17.0
14622	58488000.0	21.0
14623	58492000.0	16.0
14624	58496000.0	26.0
14625	58500000.0	19.0
14626	58504000.0	21.0
14627	58508000.0	24.0
14628	58512000.0	24.0
14629	58516000.0	19.0
14630	58520000.0	20.0
14631	58524000.0	28.0
14632	58528000.0	22.0
14633	58532000.0	26.0
14634	58536000.0	22.0
14635	58540000.0	21.0
14636	58544000.0	17.0
14637	58548000.0	14.0
14638	58552000.0	26.0
14639	58556000.0	15.0
14640	58560000.0	16.0
14641	58564000.0	18.0
14642	58568000.0	33.0
14643	58572000.0	17.0
14644	58576000.0	8.0
14645	58580000.0	26.0
14646	58584000.0	20.0
14647	58588000.0	20.0
14648	58592000.0	21.0
14649	58596000.0	24.0
14650	58600000.0	23.0
14651	58604000.0	17.0
14652	58608000.0	21.0
14653	58612000.0	19.0
14654	58616000.0	16.0
14655	58620000.0	16.0
14656	58624000.0	33.0
14657	58628000.0	14.0
14658	58632000.0	19.0
14659	58636000.0	22.0
14660	58640000.0	30.0
14661	58644000.0	13.0
14662	58648000.0	17.0
14663	58652000.0	22.0
14664	58656000.0	19.0
14665	58660000.0	20.0
14666	58664000.0	24.0
14667	58668000.0	12.0
14668	58672000.0	21.0
14669	58676000.0	16.0
14670	58680000.0	27.0
14671	58684000.0	27.0
14672	58688000.0	19.0
14673	58692000.0	18.0
14674	58696000.0	18.0
14675	58700000.0	25.0
14676	58704000.0	25.0
14677	58708000.0	17.0
14678	58712000.0	23.0
14679	58716000.0	21.0
14680	58720000.0	20.0
14681	58724000.0	26.0
14682	58728000.0	20.0
14683	58732000.0	18.0
14684	58736000.0	27.0
14685	58740000.0	16.0
14686	58744000.0	18.0
14687	58748000.0	19.0
14688	58752000.0	26.0
14689	58756000.0	20.0
14690	58760000.0	16.0
14691	58764000.0	28.0
14692	58768000.0	19.0
14693	58772000.0	18.0
14694	58776000.0	13.0
14695	58780000.0	21.0
14696	58784000.0	27.0
14697	58788000.0	19.0
14698	58792000.0	19.0
14699	58796000.0	21.0
14700	58800000.0	18.0
14701	58804000.0	20.0
14702	58808000.0	28.0
14703	58812000.0	23.0
14704	58816000.0	25.0
14705	58820000.0	23.0
14706	58824000.0	15.0
14707	58828000.0	14.0
14708	58832000.0	16.0
14709	58836000.0	18.0
14710	58840000.0	23.0
14711	58844000.0	20.0
14712	58848000.0	19.0
14713	58852000.0	16.0
14714	58856000.0	25.0
14715	58860000.0	15.0
14716	58864000.0	18.0
14717	58868000.0	17.0
14718	58872000.0	18.0
14719	58876000.0	13.0
14720	58880000.0	14.0
14721	58884000.0	22.0
14722	58888000.0	12.0
14723	58892000.0	27.0
14724	58896000.0	17.0
14725	58900000.0	19.0
14726	58904000.0	19.0
14727	58908000.0	19.0
14728	58912000.0	29.0
14729	58916000.0	13.0
14730	58920000.0	19.0
14731	58924000.0	24.0
14732	58928000.0	18.0
14733	58932000.0	17.0
14734	58936000.0	25.0
14735	58940000.0	19.0
14736	58944000.0	24.0
14737	58948000.0	18.0
14738	58952000.0	21.0
14739	58956000.0	20.0
14740	58960000.0	21.0
14741	58964000.0	18.0
14742	58968000.0	29.0
14743	58972000.0	18.0
14744	58976000.0	23.0
14745	58980000.0	14.0
14746	58984000.0	19.0
14747	58988000.0	20.0
14748	58992000.0	15.0
14749	58996000.0	14.0
14750	59000000.0	19.0
14751	59004000.0	15.0
14752	59008000.0	18.0
14753	59012000.0	19.0
14754	59016000.0	18.0
14755	59020000.0	20.0
14756	59024000.0	21.0
14757	59028000.0	18.0
14758	59032000.0	13.0
14759	59036000.0	15.0
14760	59040000.0	16.0
14761	59044000.0	23.0
14762	59048000.0	21.0
14763	59052000.0	19.0
14764	59056000.0	14.0
14765	59060000.0	17.0
14766	59064000.0	14.0
14767	59068000.0	18.0
14768	59072000.0	13.0
14769	59076000.0	17.0
14770	59080000.0	21.0
14771	59084000.0	22.0
14772	59088000.0	15.0
14773	59092000.0	23.0
14774	59096000.0	16.0
14775	59100000.0	21.0
14776	59104000.0	22.0
14777	59108000.0	18.0
14778	59112000.0	13.0
14779	59116000.0	15.0
14780	59120000.0	24.0
14781	59124000.0	14.0
14782	59128000.0	19.0
14783	59132000.0	16.0
14784	59136000.0	22.0
14785	59140000.0	18.0
14786	59144000.0	11.0
14787	59148000.0	29.0
14788	59152000.0	23.0
14789	59156000.0	19.0
14790	59160000.0	17.0
14791	59164000.0	22.0
14792	59168000.0	23.0
14793	59172000.0	24.0
14794	59176000.0	15.0
14795	59180000.0	15.0
14796	59184000.0	17.0
14797	59188000.0	13.0
14798	59192000.0	23.0
14799	59196000.0	24.0
14800	59200000.0	19.0
14801	59204000.0	15.0
14802	59208000.0	16.0
14803	59212000.0	21.0
14804	59216000.0	15.0
14805	59220000.0	21.0
14806	59224000.0	23.0
14807	59228000.0	13.0
14808	59232000.0	23.0
14809	59236000.0	19.0
14810	59240000.0	22.0
14811	59244000.0	20.0
14812	59248000.0	16.0
14813	59252000.0	10.0
14814	59256000.0	15.0
14815	59260000.0	16.0
14816	59264000.0	16.0
14817	59268000.0	28.0
14818	59272000.0	15.0
14819	59276000.0	20.0
14820	59280000.0	24.0
14821	59284000.0	17.0
14822	59288000.0	19.0
14823	59292000.0	26.0
14824	59296000.0	23.0
14825	59300000.0	17.0
14826	59304000.0	17.0
14827	59308000.0	18.0
14828	59312000.0	23.0
14829	59316000.0	19.0
14830	59320000.0	24.0
14831	59324000.0	22.0
14832	59328000.0	20.0
14833	59332000.0	28.0
14834	59336000.0	17.0
14835	59340000.0	30.0
14836	59344000.0	23.0
14837	59348000.0	20.0
14838	59352000.0	17.0
14839	59356000.0	15.0
14840	59360000.0	26.0
14841	59364000.0	15.0
14842	59368000.0	22.0
14843	59372000.0	14.0
14844	59376000.0	16.0
14845	59380000.0	17.0
14846	59384000.0	19.0
14847	59388000.0	18.0
14848	59392000.0	19.0
14849	59396000.0	16.0
14850	59400000.0	15.0
14851	59404000.0	23.0
14852	59408000.0	27.0
14853	59412000.0	24.0
14854	59416000.0	22.0
14855	59420000.0	19.0
14856	59424000.0	16.0
14857	59428000.0	27.0
14858	59432000.0	13.0
14859	59436000.0	13.0
14860	59440000.0	17.0
14861	59444000.0	17.0
14862	59448000.0	17.0
14863	59452000.0	19.0
14864	59456000.0	22.0
14865	59460000.0	20.0
14866	59464000.0	27.0
14867	59468000.0	22.0
14868	59472000.0	17.0
14869	59476000.0	16.0
14870	59480000.0	26.0
14871	59484000.0	13.0
14872	59488000.0	22.0
14873	59492000.0	21.0
14874	59496000.0	20.0
14875	59500000.0	17.0
14876	59504000.0	20.0
14877	59508000.0	21.0
14878	59512000.0	16.0
14879	59516000.0	18.0
14880	59520000.0	18.0
14881	59524000.0	17.0
14882	59528000.0	16.0
14883	59532000.0	21.0
14884	59536000.0	13.0
14885	59540000.0	16.0
14886	59544000.0	25.0
14887	59548000.0	24.0
14888	59552000.0	29.0
14889	59556000.0	18.0
14890	59560000.0	26.0
14891	59564000.0	19.0
14892	59568000.0	19.0
14893	59572000.0	12.0
14894	59576000.0	21.0
14895	59580000.0	14.0
14896	59584000.0	21.0
14897	59588000.0	23.0
14898	59592000.0	17.0
14899	59596000.0	21.0
14900	59600000.0	25.0
14901	59604000.0	16.0
14902	59608000.0	28.0
14903	59612000.0	27.0
14904	59616000.0	23.0
14905	59620000.0	23.0
14906	59624000.0	18.0
14907	59628000.0	22.0
14908	59632000.0	18.0
14909	59636000.0	21.0
14910	59640000.0	19.0
14911	59644000.0	23.0
14912	59648000.0	17.0
14913	59652000.0	22.0
14914	59656000.0	15.0
14915	59660000.0	13.0
14916	59664000.0	27.0
14917	59668000.0	21.0
14918	59672000.0	11.0
14919	59676000.0	18.0
14920	59680000.0	26.0
14921	59684000.0	25.0
14922	59688000.0	26.0
14923	59692000.0	20.0
14924	59696000.0	17.0
14925	59700000.0	21.0
14926	59704000.0	16.0
14927	59708000.0	15.0
14928	59712000.0	27.0
14929	59716000.0	20.0
14930	59720000.0	16.0
14931	59724000.0	18.0
14932	59728000.0	16.0
14933	59732000.0	23.0
14934	59736000.0	24.0
14935	59740000.0	17.0
14936	59744000.0	20.0
14937	59748000.0	23.0
14938	59752000.0	11.0
14939	59756000.0	17.0
14940	59760000.0	20.0
14941	59764000.0	18.0
14942	59768000.0	21.0
14943	59772000.0	19.0
14944	59776000.0	21.0
14945	59780000.0	14.0
14946	59784000.0	31.0
14947	59788000.0	26.0
14948	59792000.0	25.0
14949	59796000.0	16.0
14950	59800000.0	19.0
14951	59804000.0	13.0
14952	59808000.0	18.0
14953	59812000.0	11.0
14954	59816000.0	18.0
14955	59820000.0	17.0
14956	59824000.0	23.0
14957	59828000.0	19.0
14958	59832000.0	16.0
14959	59836000.0	15.0
14960	59840000.0	25.0
14961	59844000.0	15.0
14962	59848000.0	22.0
14963	59852000.0	21.0
14964	59856000.0	20.0
14965	59860000.0	14.0
14966	59864000.0	17.0
14967	59868000.0	13.0
14968	59872000.0	25.0
14969	59876000.0	17.0
14970	59880000.0	17.0
14971	59884000.0	23.0
14972	59888000.0	14.0
14973	59892000.0	18.0
14974	59896000.0	17.0
14975	59900000.0	19.0
14976	59904000.0	13.0
14977	59908000.0	22.0
14978	59912000.0	17.0
14979	59916000.0	23.0
14980	59920000.0	19.0
14981	59924000.0	23.0
14982	59928000.0	20.0
14983	59932000.0	27.0
14984	59936000.0	18.0
14985	59940000.0	30.0
14986	59944000.0	13.0
14987	59948000.0	22.0
14988	59952000.0	19.0
14989	59956000.0	21.0
14990	59960000.0	17.0
14991	59964000.0	17.0
14992	59968000.0	25.0
14993	59972000.0	20.0
14994	59976000.0	22.0
14995	59980000.0	16.0
14996	59984000.0	18.0
14997	59988000.0	29.0
14998	59992000.0	20.0
14999	59996000.0	16.0
15000	60000000.0	16.0
15001	60004000.0	22.0
15002	60008000.0	21.0
15003	60012000.0	21.0
15004	60016000.0	19.0
15005	60020000.0	13.0
15006	60024000.0	18.0
15007	60028000.0	16.0
15008	60032000.0	22.0
15009	60036000.0	25.0
15010	60040000.0	21.0
15011	60044000.0	24.0
15012	60048000.0	22.0
15013	60052000.0	17.0
15014	60056000.0	19.0
15015	60060000.0	24.0
15016	60064000.0	11.0
15017	60068000.0	19.0
15018	60072000.0	28.0
15019	60076000.0	17.0
15020	60080000.0	31.0
15021	60084000.0	18.0
15022	60088000.0	18.0
15023	60092000.0	14.0
15024	60096000.0	21.0
15025	60100000.0	16.0
15026	60104000.0	21.0
15027	60108000.0	23.0
15028	60112000.0	21.0
15029	60116000.0	19.0
15030	60120000.0	14.0
15031	60124000.0	17.0
15032	60128000.0	22.0
15033	60132000.0	25.0
15034	60136000.0	16.0
15035	60140000.0	14.0
15036	60144000.0	22.0
15037	60148000.0	18.0
15038	60152000.0	22.0
15039	60156000.0	23.0
15040	60160000.0	19.0
15041	60164000.0	20.0
15042	60168000.0	24.0
15043	60172000.0	18.0
15044	60176000.0	20.0
15045	60180000.0	25.0
15046	60184000.0	14.0
15047	60188000.0	19.0
15048	60192000.0	24.0
15049	60196000.0	14.0
15050	60200000.0	14.0
15051	60204000.0	22.0
15052	60208000.0	22.0
15053	60212000.0	17.0
15054	60216000.0	16.0
15055	60220000.0	25.0
15056	60224000.0	20.0
15057	60228000.0	23.0
15058	60232000.0	24.0
15059	60236000.0	18.0
15060	60240000.0	16.0
15061	60244000.0	19.0
15062	60248000.0	18.0
15063	60252000.0	27.0
15064	60256000.0	23.0
15065	60260000.0	12.0
15066	60264000.0	24.0
15067	60268000.0	17.0
15068	60272000.0	8.0
15069	60276000.0	21.0
15070	60280000.0	18.0
15071	60284000.0	16.0
15072	60288000.0	22.0
15073	60292000.0	16.0
15074	60296000.0	15.0
15075	60300000.0	20.0
15076	60304000.0	23.0
15077	60308000.0	12.0
15078	60312000.0	20.0
15079	60316000.0	14.0
15080	60320000.0	18.0
15081	60324000.0	20.0
15082	60328000.0	22.0
15083	60332000.0	14.0
15084	60336000.0	16.0
15085	60340000.0	15.0
15086	60344000.0	18.0
15087	60348000.0	22.0
15088	60352000.0	15.0
15089	60356000.0	13.0
15090	60360000.0	13.0
15091	60364000.0	20.0
15092	60368000.0	25.0
15093	60372000.0	16.0
15094	60376000.0	20.0
15095	60380000.0	28.0
15096	60384000.0	13.0
15097	60388000.0	21.0
15098	60392000.0	21.0
15099	60396000.0	24.0
15100	60400000.0	16.0
15101	60404000.0	21.0
15102	60408000.0	14.0
15103	60412000.0	19.0
15104	60416000.0	23.0
15105	60420000.0	21.0
15106	60424000.0	22.0
15107	60428000.0	15.0
15108	60432000.0	16.0
15109	60436000.0	14.0
15110	60440000.0	13.0
15111	60444000.0	27.0
15112	60448000.0	14.0
15113	60452000.0	14.0
15114	60456000.0	22.0
15115	60460000.0	22.0
15116	60464000.0	20.0
15117	60468000.0	20.0
15118	60472000.0	17.0
15119	60476000.0	16.0
15120	60480000.0	14.0
15121	60484000.0	19.0
15122	60488000.0	21.0
15123	60492000.0	20.0
15124	60496000.0	10.0
15125	60500000.0	17.0
15126	60504000.0	19.0
15127	60508000.0	12.0
15128	60512000.0	15.0
15129	60516000.0	21.0
15130	60520000.0	21.0
15131	60524000.0	18.0
15132	60528000.0	24.0
15133	60532000.0	19.0
15134	60536000.0	16.0
15135	60540000.0	19.0
15136	60544000.0	22.0
15137	60548000.0	15.0
15138	60552000.0	13.0
15139	60556000.0	16.0
15140	60560000.0	21.0
15141	60564000.0	19.0
15142	60568000.0	16.0
15143	60572000.0	16.0
15144	60576000.0	12.0
15145	60580000.0	16.0
15146	60584000.0	17.0
15147	60588000.0	9.0
15148	60592000.0	15.0
15149	60596000.0	15.0
15150	60600000.0	22.0
15151	60604000.0	17.0
15152	60608000.0	13.0
15153	60612000.0	17.0
15154	60616000.0	27.0
15155	60620000.0	21.0
15156	60624000.0	27.0
15157	60628000.0	20.0
15158	60632000.0	23.0
15159	60636000.0	17.0
15160	60640000.0	15.0
15161	60644000.0	15.0
15162	60648000.0	14.0
15163	60652000.0	25.0
15164	60656000.0	23.0
15165	60660000.0	21.0
15166	60664000.0	22.0
15167	60668000.0	15.0
15168	60672000.0	18.0
15169	60676000.0	18.0
15170	60680000.0	12.0
15171	60684000.0	14.0
15172	60688000.0	20.0
15173	60692000.0	13.0
15174	60696000.0	15.0
15175	60700000.0	10.0
15176	60704000.0	26.0
15177	60708000.0	16.0
15178	60712000.0	18.0
15179	60716000.0	12.0
15180	60720000.0	16.0
15181	60724000.0	16.0
15182	60728000.0	20.0
15183	60732000.0	25.0
15184	60736000.0	13.0
15185	60740000.0	22.0
15186	60744000.0	17.0
15187	60748000.0	21.0
15188	60752000.0	26.0
15189	60756000.0	30.0
15190	60760000.0	19.0
15191	60764000.0	16.0
15192	60768000.0	14.0
15193	60772000.0	18.0
15194	60776000.0	12.0
15195	60780000.0	12.0
15196	60784000.0	25.0
15197	60788000.0	24.0
15198	60792000.0	16.0
15199	60796000.0	15.0
15200	60800000.0	15.0
15201	60804000.0	9.0
15202	60808000.0	13.0
15203	60812000.0	18.0
15204	60816000.0	20.0
15205	60820000.0	22.0
15206	60824000.0	12.0
15207	60828000.0	23.0
15208	60832000.0	20.0
15209	60836000.0	20.0
15210	60840000.0	20.0
15211	60844000.0	19.0
15212	60848000.0	14.0
15213	60852000.0	15.0
15214	60856000.0	11.0
15215	60860000.0	24.0
15216	60864000.0	18.0
15217	60868000.0	22.0
15218	60872000.0	21.0
15219	60876000.0	15.0
15220	60880000.0	23.0
15221	60884000.0	22.0
15222	60888000.0	20.0
15223	60892000.0	20.0
15224	60896000.0	22.0
15225	60900000.0	16.0
15226	60904000.0	20.0
15227	60908000.0	9.0
15228	60912000.0	22.0
15229	60916000.0	19.0
15230	60920000.0	29.0
15231	60924000.0	20.0
15232	60928000.0	16.0
15233	60932000.0	18.0
15234	60936000.0	19.0
15235	60940000.0	15.0
15236	60944000.0	15.0
15237	60948000.0	19.0
15238	60952000.0	21.0
15239	60956000.0	8.0
15240	60960000.0	13.0
15241	60964000.0	23.0
15242	60968000.0	11.0
15243	60972000.0	19.0
15244	60976000.0	21.0
15245	60980000.0	20.0
15246	60984000.0	18.0
15247	60988000.0	20.0
15248	60992000.0	19.0
15249	60996000.0	13.0
15250	61000000.0	25.0
15251	61004000.0	26.0
15252	61008000.0	9.0
15253	61012000.0	14.0
15254	61016000.0	21.0
15255	61020000.0	18.0
15256	61024000.0	16.0
15257	61028000.0	13.0
15258	61032000.0	17.0
15259	61036000.0	22.0
15260	61040000.0	14.0
15261	61044000.0	18.0
15262	61048000.0	17.0
15263	61052000.0	16.0
15264	61056000.0	22.0
15265	61060000.0	20.0
15266	61064000.0	11.0
15267	61068000.0	19.0
15268	61072000.0	23.0
15269	61076000.0	18.0
15270	61080000.0	17.0
15271	61084000.0	14.0
15272	61088000.0	16.0
15273	61092000.0	17.0
15274	61096000.0	20.0
15275	61100000.0	15.0
15276	61104000.0	28.0
15277	61108000.0	27.0
15278	61112000.0	19.0
15279	61116000.0	15.0
15280	61120000.0	16.0
15281	61124000.0	23.0
15282	61128000.0	20.0
15283	61132000.0	9.0
15284	61136000.0	28.0
15285	61140000.0	17.0
15286	61144000.0	20.0
15287	61148000.0	18.0
15288	61152000.0	13.0
15289	61156000.0	17.0
15290	61160000.0	26.0
15291	61164000.0	26.0
15292	61168000.0	17.0
15293	61172000.0	22.0
15294	61176000.0	22.0
15295	61180000.0	13.0
15296	61184000.0	18.0
15297	61188000.0	11.0
15298	61192000.0	23.0
15299	61196000.0	19.0
15300	61200000.0	20.0
15301	61204000.0	17.0
15302	61208000.0	24.0
15303	61212000.0	23.0
15304	61216000.0	18.0
15305	61220000.0	17.0
15306	61224000.0	9.0
15307	61228000.0	14.0
15308	61232000.0	23.0
15309	61236000.0	18.0
15310	61240000.0	13.0
15311	61244000.0	15.0
15312	61248000.0	20.0
15313	61252000.0	19.0
15314	61256000.0	16.0
15315	61260000.0	16.0
15316	61264000.0	27.0
15317	61268000.0	15.0
15318	61272000.0	16.0
15319	61276000.0	20.0
15320	61280000.0	15.0
15321	61284000.0	26.0
15322	61288000.0	15.0
15323	61292000.0	23.0
15324	61296000.0	17.0
15325	61300000.0	24.0
15326	61304000.0	15.0
15327	61308000.0	19.0
15328	61312000.0	14.0
15329	61316000.0	19.0
15330	61320000.0	19.0
15331	61324000.0	16.0
15332	61328000.0	18.0
15333	61332000.0	15.0
15334	61336000.0	24.0
15335	61340000.0	17.0
15336	61344000.0	16.0
15337	61348000.0	17.0
15338	61352000.0	16.0
15339	61356000.0	12.0
15340	61360000.0	22.0
15341	61364000.0	18.0
15342	61368000.0	16.0
15343	61372000.0	12.0
15344	61376000.0	22.0
15345	61380000.0	21.0
15346	61384000.0	17.0
15347	61388000.0	20.0
15348	61392000.0	14.0
15349	61396000.0	19.0
15350	61400000.0	16.0
15351	61404000.0	23.0
15352	61408000.0	17.0
15353	61412000.0	18.0
15354	61416000.0	20.0
15355	61420000.0	19.0
15356	61424000.0	14.0
15357	61428000.0	12.0
15358	61432000.0	19.0
15359	61436000.0	20.0
15360	61440000.0	14.0
15361	61444000.0	20.0
15362	61448000.0	19.0
15363	61452000.0	14.0
15364	61456000.0	14.0
15365	61460000.0	20.0
15366	61464000.0	18.0
15367	61468000.0	19.0
15368	61472000.0	12.0
15369	61476000.0	19.0
15370	61480000.0	20.0
15371	61484000.0	16.0
15372	61488000.0	20.0
15373	61492000.0	29.0
15374	61496000.0	22.0
15375	61500000.0	19.0
15376	61504000.0	19.0
15377	61508000.0	16.0
15378	61512000.0	17.0
15379	61516000.0	13.0
15380	61520000.0	26.0
15381	61524000.0	19.0
15382	61528000.0	18.0
15383	61532000.0	13.0
15384	61536000.0	17.0
15385	61540000.0	22.0
15386	61544000.0	15.0
15387	61548000.0	15.0
15388	61552000.0	22.0
15389	61556000.0	15.0
15390	61560000.0	19.0
15391	61564000.0	15.0
15392	61568000.0	17.0
15393	61572000.0	18.0
15394	61576000.0	16.0
15395	61580000.0	18.0
15396	61584000.0	18.0
15397	61588000.0	20.0
15398	61592000.0	15.0
15399	61596000.0	13.0
15400	61600000.0	22.0
15401	61604000.0	17.0
15402	61608000.0	15.0
15403	61612000.0	10.0
15404	61616000.0	17.0
15405	61620000.0	17.0
15406	61624000.0	16.0
15407	61628000.0	13.0
15408	61632000.0	29.0
15409	61636000.0	20.0
15410	61640000.0	13.0
15411	61644000.0	16.0
15412	61648000.0	22.0
15413	61652000.0	14.0
15414	61656000.0	27.0
15415	61660000.0	24.0
15416	61664000.0	13.0
15417	61668000.0	14.0
15418	61672000.0	24.0
15419	61676000.0	16.0
15420	61680000.0	15.0
15421	61684000.0	18.0
15422	61688000.0	21.0
15423	61692000.0	21.0
15424	61696000.0	15.0
15425	61700000.0	19.0
15426	61704000.0	14.0
15427	61708000.0	20.0
15428	61712000.0	15.0
15429	61716000.0	9.0
15430	61720000.0	17.0
15431	61724000.0	16.0
15432	61728000.0	13.0
15433	61732000.0	16.0
15434	61736000.0	15.0
15435	61740000.0	11.0
15436	61744000.0	14.0
15437	61748000.0	12.0
15438	61752000.0	16.0
15439	61756000.0	26.0
15440	61760000.0	25.0
15441	61764000.0	12.0
15442	61768000.0	22.0
15443	61772000.0	16.0
15444	61776000.0	17.0
15445	61780000.0	26.0
15446	61784000.0	15.0
15447	61788000.0	19.0
15448	61792000.0	14.0
15449	61796000.0	12.0
15450	61800000.0	10.0
15451	61804000.0	15.0
15452	61808000.0	22.0
15453	61812000.0	17.0
15454	61816000.0	17.0
15455	61820000.0	23.0
15456	61824000.0	14.0
15457	61828000.0	23.0
15458	61832000.0	16.0
15459	61836000.0	23.0
15460	61840000.0	13.0
15461	61844000.0	22.0
15462	61848000.0	12.0
15463	61852000.0	18.0
15464	61856000.0	20.0
15465	61860000.0	12.0
15466	61864000.0	17.0
15467	61868000.0	14.0
15468	61872000.0	18.0
15469	61876000.0	19.0
15470	61880000.0	21.0
15471	61884000.0	19.0
15472	61888000.0	18.0
15473	61892000.0	33.0
15474	61896000.0	19.0
15475	61900000.0	13.0
15476	61904000.0	20.0
15477	61908000.0	12.0
15478	61912000.0	21.0
15479	61916000.0	11.0
15480	61920000.0	25.0
15481	61924000.0	14.0
15482	61928000.0	17.0
15483	61932000.0	18.0
15484	61936000.0	21.0
15485	61940000.0	14.0
15486	61944000.0	15.0
15487	61948000.0	25.0
15488	61952000.0	15.0
15489	61956000.0	20.0
15490	61960000.0	8.0
15491	61964000.0	25.0
15492	61968000.0	15.0
15493	61972000.0	26.0
15494	61976000.0	12.0
15495	61980000.0	20.0
15496	61984000.0	27.0
15497	61988000.0	23.0
15498	61992000.0	13.0
15499	61996000.0	21.0
15500	62000000.0	11.0
15501	62004000.0	18.0
15502	62008000.0	19.0
15503	62012000.0	19.0
15504	62016000.0	13.0
15505	62020000.0	18.0
15506	62024000.0	20.0
15507	62028000.0	14.0
15508	62032000.0	13.0
15509	62036000.0	12.0
15510	62040000.0	11.0
15511	62044000.0	12.0
15512	62048000.0	17.0
15513	62052000.0	18.0
15514	62056000.0	18.0
15515	62060000.0	17.0
15516	62064000.0	16.0
15517	62068000.0	21.0
15518	62072000.0	18.0
15519	62076000.0	12.0
15520	62080000.0	19.0
15521	62084000.0	19.0
15522	62088000.0	16.0
15523	62092000.0	11.0
15524	62096000.0	23.0
15525	62100000.0	19.0
15526	62104000.0	15.0
15527	62108000.0	9.0
15528	62112000.0	15.0
15529	62116000.0	9.0
15530	62120000.0	19.0
15531	62124000.0	20.0
15532	62128000.0	18.0
15533	62132000.0	17.0
15534	62136000.0	27.0
15535	62140000.0	15.0
15536	62144000.0	29.0
15537	62148000.0	22.0
15538	62152000.0	21.0
15539	62156000.0	18.0
15540	62160000.0	18.0
15541	62164000.0	12.0
15542	62168000.0	13.0
15543	62172000.0	15.0
15544	62176000.0	13.0
15545	62180000.0	18.0
15546	62184000.0	17.0
15547	62188000.0	17.0
15548	62192000.0	17.0
15549	62196000.0	18.0
15550	62200000.0	11.0
15551	62204000.0	18.0
15552	62208000.0	19.0
15553	62212000.0	18.0
15554	62216000.0	19.0
15555	62220000.0	25.0
15556	62224000.0	15.0
15557	62228000.0	15.0
15558	62232000.0	14.0
15559	62236000.0	11.0
15560	62240000.0	23.0
15561	62244000.0	22.0
15562	62248000.0	26.0
15563	62252000.0	20.0
15564	62256000.0	11.0
15565	62260000.0	19.0
15566	62264000.0	18.0
15567	62268000.0	20.0
15568	62272000.0	15.0
15569	62276000.0	15.0
15570	62280000.0	17.0
15571	62284000.0	19.0
15572	62288000.0	17.0
15573	62292000.0	16.0
15574	62296000.0	24.0
15575	62300000.0	19.0
15576	62304000.0	27.0
15577	62308000.0	23.0
15578	62312000.0	11.0
15579	62316000.0	19.0
15580	62320000.0	18.0
15581	62324000.0	19.0
15582	62328000.0	16.0
15583	62332000.0	11.0
15584	62336000.0	10.0
15585	62340000.0	23.0
15586	62344000.0	17.0
15587	62348000.0	18.0
15588	62352000.0	20.0
15589	62356000.0	24.0
15590	62360000.0	23.0
15591	62364000.0	18.0
15592	62368000.0	20.0
15593	62372000.0	17.0
15594	62376000.0	19.0
15595	62380000.0	16.0
15596	62384000.0	25.0
15597	62388000.0	23.0
15598	62392000.0	21.0
15599	62396000.0	17.0
15600	62400000.0	17.0
15601	62404000.0	18.0
15602	62408000.0	12.0
15603	62412000.0	17.0
15604	62416000.0	21.0
15605	62420000.0	18.0
15606	62424000.0	13.0
15607	62428000.0	8.0
15608	62432000.0	25.0
15609	62436000.0	11.0
15610	62440000.0	14.0
15611	62444000.0	20.0
15612	62448000.0	14.0
15613	62452000.0	12.0
15614	62456000.0	10.0
15615	62460000.0	17.0
15616	62464000.0	24.0
15617	62468000.0	10.0
15618	62472000.0	17.0
15619	62476000.0	23.0
15620	62480000.0	30.0
15621	62484000.0	24.0
15622	62488000.0	19.0
15623	62492000.0	20.0
15624	62496000.0	12.0
15625	62500000.0	16.0
15626	62504000.0	14.0
15627	62508000.0	17.0
15628	62512000.0	13.0
15629	62516000.0	20.0
15630	62520000.0	19.0
15631	62524000.0	26.0
15632	62528000.0	17.0
15633	62532000.0	14.0
15634	62536000.0	17.0
15635	62540000.0	20.0
15636	62544000.0	23.0
15637	62548000.0	21.0
15638	62552000.0	13.0
15639	62556000.0	18.0
15640	62560000.0	18.0
15641	62564000.0	23.0
15642	62568000.0	13.0
15643	62572000.0	23.0
15644	62576000.0	15.0
15645	62580000.0	15.0
15646	62584000.0	10.0
15647	62588000.0	22.0
15648	62592000.0	19.0
15649	62596000.0	15.0
15650	62600000.0	25.0
15651	62604000.0	19.0
15652	62608000.0	12.0
15653	62612000.0	15.0
15654	62616000.0	15.0
15655	62620000.0	17.0
15656	62624000.0	18.0
15657	62628000.0	13.0
15658	62632000.0	20.0
15659	62636000.0	14.0
15660	62640000.0	21.0
15661	62644000.0	15.0
15662	62648000.0	16.0
15663	62652000.0	7.0
15664	62656000.0	19.0
15665	62660000.0	15.0
15666	62664000.0	9.0
15667	62668000.0	19.0
15668	62672000.0	16.0
15669	62676000.0	15.0
15670	62680000.0	24.0
15671	62684000.0	19.0
15672	62688000.0	12.0
15673	62692000.0	19.0
15674	62696000.0	19.0
15675	62700000.0	25.0
15676	62704000.0	14.0
15677	62708000.0	8.0
15678	62712000.0	17.0
15679	62716000.0	15.0
15680	62720000.0	12.0
15681	62724000.0	26.0
15682	62728000.0	20.0
15683	62732000.0	21.0
15684	62736000.0	27.0
15685	62740000.0	9.0
15686	62744000.0	22.0
15687	62748000.0	13.0
15688	62752000.0	14.0
15689	62756000.0	15.0
15690	62760000.0	19.0
15691	62764000.0	16.0
15692	62768000.0	23.0
15693	62772000.0	18.0
15694	62776000.0	17.0
15695	62780000.0	17.0
15696	62784000.0	16.0
15697	62788000.0	17.0
15698	62792000.0	16.0
15699	62796000.0	18.0
15700	62800000.0	20.0
15701	62804000.0	13.0
15702	62808000.0	11.0
15703	62812000.0	14.0
15704	62816000.0	16.0
15705	62820000.0	17.0
15706	62824000.0	14.0
15707	62828000.0	20.0
15708	62832000.0	13.0
15709	62836000.0	14.0
15710	62840000.0	18.0
15711	62844000.0	19.0
15712	62848000.0	12.0
15713	62852000.0	14.0
15714	62856000.0	15.0
15715	62860000.0	15.0
15716	62864000.0	18.0
15717	62868000.0	12.0
15718	62872000.0	13.0
15719	62876000.0	12.0
15720	62880000.0	23.0
15721	62884000.0	20.0
15722	62888000.0	19.0
15723	62892000.0	19.0
15724	62896000.0	20.0
15725	62900000.0	22.0
15726	62904000.0	19.0
15727	62908000.0	15.0
15728	62912000.0	17.0
15729	62916000.0	13.0
15730	62920000.0	17.0
15731	62924000.0	10.0
15732	62928000.0	19.0
15733	62932000.0	12.0
15734	62936000.0	10.0
15735	62940000.0	20.0
15736	62944000.0	17.0
15737	62948000.0	20.0
15738	62952000.0	15.0
15739	62956000.0	20.0
15740	62960000.0	25.0
15741	62964000.0	13.0
15742	62968000.0	20.0
15743	62972000.0	13.0
15744	62976000.0	24.0
15745	62980000.0	19.0
15746	62984000.0	15.0
15747	62988000.0	15.0
15748	62992000.0	14.0
15749	62996000.0	12.0
15750	63000000.0	11.0
15751	63004000.0	25.0
15752	63008000.0	11.0
15753	63012000.0	16.0
15754	63016000.0	22.0
15755	63020000.0	16.0
15756	63024000.0	17.0
15757	63028000.0	12.0
15758	63032000.0	21.0
15759	63036000.0	17.0
15760	63040000.0	18.0
15761	63044000.0	23.0
15762	63048000.0	18.0
15763	63052000.0	17.0
15764	63056000.0	18.0
15765	63060000.0	19.0
15766	63064000.0	24.0
15767	63068000.0	12.0
15768	63072000.0	11.0
15769	63076000.0	22.0
15770	63080000.0	14.0
15771	63084000.0	19.0
15772	63088000.0	10.0
15773	63092000.0	14.0
15774	63096000.0	22.0
15775	63100000.0	11.0
15776	63104000.0	20.0
15777	63108000.0	15.0
15778	63112000.0	22.0
15779	63116000.0	17.0
15780	63120000.0	15.0
15781	63124000.0	16.0
15782	63128000.0	11.0
15783	63132000.0	10.0
15784	63136000.0	7.0
15785	63140000.0	10.0
15786	63144000.0	13.0
15787	63148000.0	15.0
15788	63152000.0	13.0
15789	63156000.0	12.0
15790	63160000.0	12.0
15791	63164000.0	10.0
15792	63168000.0	13.0
15793	63172000.0	12.0
15794	63176000.0	17.0
15795	63180000.0	17.0
15796	63184000.0	9.0
15797	63188000.0	17.0
15798	63192000.0	18.0
15799	63196000.0	21.0
15800	63200000.0	18.0
15801	63204000.0	19.0
15802	63208000.0	21.0
15803	63212000.0	25.0
15804	63216000.0	19.0
15805	63220000.0	21.0
15806	63224000.0	22.0
15807	63228000.0	16.0
15808	63232000.0	25.0
15809	63236000.0	13.0
15810	63240000.0	19.0
15811	63244000.0	14.0
15812	63248000.0	9.0
15813	63252000.0	22.0
15814	63256000.0	13.0
15815	63260000.0	19.0
15816	63264000.0	12.0
15817	63268000.0	13.0
15818	63272000.0	21.0
15819	63276000.0	19.0
15820	63280000.0	12.0
15821	63284000.0	14.0
15822	63288000.0	15.0
15823	63292000.0	16.0
15824	63296000.0	25.0
15825	63300000.0	18.0
15826	63304000.0	21.0
15827	63308000.0	18.0
15828	63312000.0	11.0
15829	63316000.0	21.0
15830	63320000.0	19.0
15831	63324000.0	12.0
15832	63328000.0	24.0
15833	63332000.0	19.0
15834	63336000.0	20.0
15835	63340000.0	14.0
15836	63344000.0	18.0
15837	63348000.0	15.0
15838	63352000.0	21.0
15839	63356000.0	13.0
15840	63360000.0	16.0
15841	63364000.0	16.0
15842	63368000.0	25.0
15843	63372000.0	15.0
15844	63376000.0	8.0
15845	63380000.0	10.0
15846	63384000.0	16.0
15847	63388000.0	12.0
15848	63392000.0	16.0
15849	63396000.0	19.0
15850	63400000.0	17.0
15851	63404000.0	25.0
15852	63408000.0	24.0
15853	63412000.0	18.0
15854	63416000.0	9.0
15855	63420000.0	18.0
15856	63424000.0	14.0
15857	63428000.0	18.0
15858	63432000.0	15.0
15859	63436000.0	22.0
15860	63440000.0	12.0
15861	63444000.0	18.0
15862	63448000.0	9.0
15863	63452000.0	18.0
15864	63456000.0	19.0
15865	63460000.0	19.0
15866	63464000.0	19.0
15867	63468000.0	9.0
15868	63472000.0	20.0
15869	63476000.0	18.0
15870	63480000.0	16.0
15871	63484000.0	18.0
15872	63488000.0	15.0
15873	63492000.0	16.0
15874	63496000.0	19.0
15875	63500000.0	13.0
15876	63504000.0	16.0
15877	63508000.0	16.0
15878	63512000.0	17.0
15879	63516000.0	16.0
15880	63520000.0	9.0
15881	63524000.0	20.0
15882	63528000.0	10.0
15883	63532000.0	16.0
15884	63536000.0	24.0
15885	63540000.0	21.0
15886	63544000.0	9.0
15887	63548000.0	26.0
15888	63552000.0	20.0
15889	63556000.0	6.0
15890	63560000.0	11.0
15891	63564000.0	15.0
15892	63568000.0	19.0
15893	63572000.0	13.0
15894	63576000.0	22.0
15895	63580000.0	17.0
15896	63584000.0	9.0
15897	63588000.0	25.0
15898	63592000.0	21.0
15899	63596000.0	25.0
15900	63600000.0	12.0
15901	63604000.0	22.0
15902	63608000.0	13.0
15903	63612000.0	10.0
15904	63616000.0	11.0
15905	63620000.0	16.0
15906	63624000.0	17.0
15907	63628000.0	17.0
15908	63632000.0	15.0
15909	63636000.0	18.0
15910	63640000.0	15.0
15911	63644000.0	10.0
15912	63648000.0	19.0
15913	63652000.0	13.0
15914	63656000.0	18.0
15915	63660000.0	22.0
15916	63664000.0	13.0
15917	63668000.0	12.0
15918	63672000.0	12.0
15919	63676000.0	20.0
15920	63680000.0	15.0
15921	63684000.0	20.0
15922	63688000.0	10.0
15923	63692000.0	14.0
15924	63696000.0	27.0
15925	63700000.0	16.0
15926	63704000.0	14.0
15927	63708000.0	20.0
15928	63712000.0	9.0
15929	63716000.0	13.0
15930	63720000.0	17.0
15931	63724000.0	19.0
15932	63728000.0	21.0
15933	63732000.0	16.0
15934	63736000.0	15.0
15935	63740000.0	20.0
15936	63744000.0	8.0
15937	63748000.0	14.0
15938	63752000.0	18.0
15939	63756000.0	15.0
15940	63760000.0	23.0
15941	63764000.0	18.0
15942	63768000.0	14.0
15943	63772000.0	12.0
15944	63776000.0	25.0
15945	63780000.0	10.0
15946	63784000.0	16.0
15947	63788000.0	18.0
15948	63792000.0	20.0
15949	63796000.0	20.0
15950	63800000.0	18.0
15951	63804000.0	16.0
15952	63808000.0	21.0
15953	63812000.0	8.0
15954	63816000.0	21.0
15955	63820000.0	14.0
15956	63824000.0	22.0
15957	63828000.0	18.0
15958	63832000.0	17.0
15959	63836000.0	11.0
15960	63840000.0	18.0
15961	63844000.0	20.0
15962	63848000.0	13.0
15963	63852000.0	16.0
15964	63856000.0	15.0
15965	63860000.0	22.0
15966	63864000.0	12.0
15967	63868000.0	26.0
15968	63872000.0	18.0
15969	63876000.0	15.0
15970	63880000.0	29.0
15971	63884000.0	14.0
15972	63888000.0	15.0
15973	63892000.0	18.0
15974	63896000.0	14.0
15975	63900000.0	13.0
15976	63904000.0	19.0
15977	63908000.0	19.0
15978	63912000.0	16.0
15979	63916000.0	17.0
15980	63920000.0	15.0
15981	63924000.0	13.0
15982	63928000.0	18.0
15983	63932000.0	14.0
15984	63936000.0	18.0
15985	63940000.0	19.0
15986	63944000.0	22.0
15987	63948000.0	14.0
15988	63952000.0	14.0
15989	63956000.0	14.0
15990	63960000.0	16.0
15991	63964000.0	13.0
15992	63968000.0	21.0
15993	63972000.0	15.0
15994	63976000.0	23.0
15995	63980000.0	22.0
15996	63984000.0	13.0
15997	63988000.0	22.0
15998	63992000.0	15.0
15999	63996000.0	21.0
16000	64000000.0	15.0
16001	64004000.0	18.0
16002	64008000.0	17.0
16003	64012000.0	16.0
16004	64016000.0	12.0
16005	64020000.0	14.0
16006	64024000.0	18.0
16007	64028000.0	16.0
16008	64032000.0	18.0
16009	64036000.0	16.0
16010	64040000.0	17.0
16011	64044000.0	12.0
16012	64048000.0	16.0
16013	64052000.0	18.0
16014	64056000.0	14.0
16015	64060000.0	15.0
16016	64064000.0	20.0
16017	64068000.0	11.0
16018	64072000.0	14.0
16019	64076000.0	17.0
16020	64080000.0	16.0
16021	64084000.0	14.0
16022	64088000.0	18.0
16023	64092000.0	15.0
16024	64096000.0	12.0
16025	64100000.0	17.0
16026	64104000.0	21.0
16027	64108000.0	15.0
16028	64112000.0	22.0
16029	64116000.0	15.0
16030	64120000.0	17.0
16031	64124000.0	18.0
16032	64128000.0	21.0
16033	64132000.0	20.0
16034	64136000.0	13.0
16035	64140000.0	14.0
16036	64144000.0	13.0
16037	64148000.0	18.0
16038	64152000.0	18.0
16039	64156000.0	19.0
16040	64160000.0	21.0
16041	64164000.0	16.0
16042	64168000.0	18.0
16043	64172000.0	24.0
16044	64176000.0	16.0
16045	64180000.0	13.0
16046	64184000.0	19.0
16047	64188000.0	14.0
16048	64192000.0	9.0
16049	64196000.0	11.0
16050	64200000.0	14.0
16051	64204000.0	16.0
16052	64208000.0	18.0
16053	64212000.0	16.0
16054	64216000.0	18.0
16055	64220000.0	26.0
16056	64224000.0	16.0
16057	64228000.0	14.0
16058	64232000.0	13.0
16059	64236000.0	11.0
16060	64240000.0	14.0
16061	64244000.0	11.0
16062	64248000.0	18.0
16063	64252000.0	14.0
16064	64256000.0	13.0
16065	64260000.0	20.0
16066	64264000.0	13.0
16067	64268000.0	16.0
16068	64272000.0	16.0
16069	64276000.0	16.0
16070	64280000.0	14.0
16071	64284000.0	15.0
16072	64288000.0	20.0
16073	64292000.0	20.0
16074	64296000.0	11.0
16075	64300000.0	14.0
16076	64304000.0	18.0
16077	64308000.0	11.0
16078	64312000.0	17.0
16079	64316000.0	16.0
16080	64320000.0	19.0
16081	64324000.0	12.0
16082	64328000.0	13.0
16083	64332000.0	20.0
16084	64336000.0	16.0
16085	64340000.0	12.0
16086	64344000.0	11.0
16087	64348000.0	10.0
16088	64352000.0	22.0
16089	64356000.0	16.0
16090	64360000.0	12.0
16091	64364000.0	16.0
16092	64368000.0	13.0
16093	64372000.0	14.0
16094	64376000.0	12.0
16095	64380000.0	13.0
16096	64384000.0	8.0
16097	64388000.0	14.0
16098	64392000.0	22.0
16099	64396000.0	18.0
16100	64400000.0	17.0
16101	64404000.0	18.0
16102	64408000.0	11.0
16103	64412000.0	17.0
16104	64416000.0	10.0
16105	64420000.0	21.0
16106	64424000.0	14.0
16107	64428000.0	15.0
16108	64432000.0	18.0
16109	64436000.0	15.0
16110	64440000.0	16.0
16111	64444000.0	17.0
16112	64448000.0	14.0
16113	64452000.0	19.0
16114	64456000.0	14.0
16115	64460000.0	12.0
16116	64464000.0	18.0
16117	64468000.0	12.0
16118	64472000.0	14.0
16119	64476000.0	18.0
16120	64480000.0	16.0
16121	64484000.0	21.0
16122	64488000.0	14.0
16123	64492000.0	14.0
16124	64496000.0	16.0
16125	64500000.0	15.0
16126	64504000.0	17.0
16127	64508000.0	16.0
16128	64512000.0	16.0
16129	64516000.0	8.0
16130	64520000.0	15.0
16131	64524000.0	17.0
16132	64528000.0	17.0
16133	64532000.0	18.0
16134	64536000.0	11.0
16135	64540000.0	23.0
16136	64544000.0	21.0
16137	64548000.0	19.0
16138	64552000.0	9.0
16139	64556000.0	10.0
16140	64560000.0	10.0
16141	64564000.0	19.0
16142	64568000.0	21.0
16143	64572000.0	19.0
16144	64576000.0	19.0
16145	64580000.0	22.0
16146	64584000.0	16.0
16147	64588000.0	9.0
16148	64592000.0	16.0
16149	64596000.0	14.0
16150	64600000.0	18.0
16151	64604000.0	20.0
16152	64608000.0	13.0
16153	64612000.0	18.0
16154	64616000.0	19.0
16155	64620000.0	15.0
16156	64624000.0	14.0
16157	64628000.0	13.0
16158	64632000.0	18.0
16159	64636000.0	19.0
16160	64640000.0	20.0
16161	64644000.0	13.0
16162	64648000.0	14.0
16163	64652000.0	11.0
16164	64656000.0	17.0
16165	64660000.0	20.0
16166	64664000.0	16.0
16167	64668000.0	14.0
16168	64672000.0	17.0
16169	64676000.0	16.0
16170	64680000.0	12.0
16171	64684000.0	18.0
16172	64688000.0	20.0
16173	64692000.0	17.0
16174	64696000.0	16.0
16175	64700000.0	13.0
16176	64704000.0	19.0
16177	64708000.0	14.0
16178	64712000.0	15.0
16179	64716000.0	15.0
16180	64720000.0	14.0
16181	64724000.0	16.0
16182	64728000.0	9.0
16183	64732000.0	21.0
16184	64736000.0	15.0
16185	64740000.0	14.0
16186	64744000.0	20.0
16187	64748000.0	12.0
16188	64752000.0	15.0
16189	64756000.0	22.0
16190	64760000.0	21.0
16191	64764000.0	15.0
16192	64768000.0	14.0
16193	64772000.0	14.0
16194	64776000.0	11.0
16195	64780000.0	13.0
16196	64784000.0	21.0
16197	64788000.0	5.0
16198	64792000.0	21.0
16199	64796000.0	15.0
16200	64800000.0	20.0
16201	64804000.0	15.0
16202	64808000.0	16.0
16203	64812000.0	16.0
16204	64816000.0	12.0
16205	64820000.0	12.0
16206	64824000.0	16.0
16207	64828000.0	17.0
16208	64832000.0	19.0
16209	64836000.0	14.0
16210	64840000.0	12.0
16211	64844000.0	18.0
16212	64848000.0	16.0
16213	64852000.0	16.0
16214	64856000.0	13.0
16215	64860000.0	14.0
16216	64864000.0	11.0
16217	64868000.0	13.0
16218	64872000.0	18.0
16219	64876000.0	17.0
16220	64880000.0	25.0
16221	64884000.0	18.0
16222	64888000.0	12.0
16223	64892000.0	18.0
16224	64896000.0	29.0
16225	64900000.0	15.0
16226	64904000.0	11.0
16227	64908000.0	9.0
16228	64912000.0	15.0
16229	64916000.0	20.0
16230	64920000.0	17.0
16231	64924000.0	18.0
16232	64928000.0	14.0
16233	64932000.0	18.0
16234	64936000.0	12.0
16235	64940000.0	12.0
16236	64944000.0	9.0
16237	64948000.0	10.0
16238	64952000.0	7.0
16239	64956000.0	15.0
16240	64960000.0	7.0
16241	64964000.0	11.0
16242	64968000.0	13.0
16243	64972000.0	15.0
16244	64976000.0	15.0
16245	64980000.0	20.0
16246	64984000.0	13.0
16247	64988000.0	12.0
16248	64992000.0	15.0
16249	64996000.0	10.0
16250	65000000.0	10.0
16251	65004000.0	13.0
16252	65008000.0	17.0
16253	65012000.0	14.0
16254	65016000.0	13.0
16255	65020000.0	14.0
16256	65024000.0	14.0
16257	65028000.0	12.0
16258	65032000.0	20.0
16259	65036000.0	18.0
16260	65040000.0	23.0
16261	65044000.0	16.0
16262	65048000.0	15.0
16263	65052000.0	11.0
16264	65056000.0	13.0
16265	65060000.0	12.0
16266	65064000.0	16.0
16267	65068000.0	25.0
16268	65072000.0	11.0
16269	65076000.0	17.0
16270	65080000.0	18.0
16271	65084000.0	16.0
16272	65088000.0	12.0
16273	65092000.0	12.0
16274	65096000.0	12.0
16275	65100000.0	12.0
16276	65104000.0	18.0
16277	65108000.0	18.0
16278	65112000.0	17.0
16279	65116000.0	16.0
16280	65120000.0	11.0
16281	65124000.0	13.0
16282	65128000.0	17.0
16283	65132000.0	17.0
16284	65136000.0	17.0
16285	65140000.0	16.0
16286	65144000.0	9.0
16287	65148000.0	13.0
16288	65152000.0	11.0
16289	65156000.0	15.0
16290	65160000.0	19.0
16291	65164000.0	14.0
16292	65168000.0	12.0
16293	65172000.0	10.0
16294	65176000.0	13.0
16295	65180000.0	15.0
16296	65184000.0	14.0
16297	65188000.0	17.0
16298	65192000.0	12.0
16299	65196000.0	20.0
16300	65200000.0	8.0
16301	65204000.0	16.0
16302	65208000.0	18.0
16303	65212000.0	20.0
16304	65216000.0	13.0
16305	65220000.0	16.0
16306	65224000.0	17.0
16307	65228000.0	9.0
16308	65232000.0	19.0
16309	65236000.0	15.0
16310	65240000.0	17.0
16311	65244000.0	12.0
16312	65248000.0	16.0
16313	65252000.0	11.0
16314	65256000.0	10.0
16315	65260000.0	16.0
16316	65264000.0	12.0
16317	65268000.0	12.0
16318	65272000.0	19.0
16319	65276000.0	17.0
16320	65280000.0	17.0
16321	65284000.0	16.0
16322	65288000.0	22.0
16323	65292000.0	9.0
16324	65296000.0	15.0
16325	65300000.0	13.0
16326	65304000.0	11.0
16327	65308000.0	17.0
16328	65312000.0	16.0
16329	65316000.0	21.0
16330	65320000.0	21.0
16331	65324000.0	17.0
16332	65328000.0	24.0
16333	65332000.0	15.0
16334	65336000.0	8.0
16335	65340000.0	17.0
16336	65344000.0	15.0
16337	65348000.0	13.0
16338	65352000.0	13.0
16339	65356000.0	12.0
16340	65360000.0	21.0
16341	65364000.0	18.0
16342	65368000.0	18.0
16343	65372000.0	20.0
16344	65376000.0	13.0
16345	65380000.0	18.0
16346	65384000.0	19.0
16347	65388000.0	16.0
16348	65392000.0	9.0
16349	65396000.0	18.0
16350	65400000.0	19.0
16351	65404000.0	11.0
16352	65408000.0	8.0
16353	65412000.0	16.0
16354	65416000.0	10.0
16355	65420000.0	12.0
16356	65424000.0	12.0
16357	65428000.0	19.0
16358	65432000.0	11.0
16359	65436000.0	17.0
16360	65440000.0	14.0
16361	65444000.0	24.0
16362	65448000.0	18.0
16363	65452000.0	15.0
16364	65456000.0	12.0
16365	65460000.0	16.0
16366	65464000.0	17.0
16367	65468000.0	12.0
16368	65472000.0	13.0
16369	65476000.0	14.0
16370	65480000.0	15.0
16371	65484000.0	19.0
16372	65488000.0	9.0
16373	65492000.0	19.0
16374	65496000.0	22.0
16375	65500000.0	8.0
16376	65504000.0	16.0
16377	65508000.0	14.0
16378	65512000.0	20.0
16379	65516000.0	11.0
16380	65520000.0	23.0
16381	65524000.0	17.0
16382	65528000.0	12.0
16383	65532000.0	25.0
16384	65536000.0	19.0
16385	65540000.0	19.0
16386	65544000.0	19.0
16387	65548000.0	9.0
16388	65552000.0	17.0
16389	65556000.0	15.0
16390	65560000.0	8.0
16391	65564000.0	15.0
16392	65568000.0	17.0
16393	65572000.0	17.0
16394	65576000.0	19.0
16395	65580000.0	17.0
16396	65584000.0	16.0
16397	65588000.0	15.0
16398	65592000.0	11.0
16399	65596000.0	13.0
16400	65600000.0	13.0
16401	65604000.0	20.0
16402	65608000.0	18.0
16403	65612000.0	17.0
16404	65616000.0	13.0
16405	65620000.0	15.0
16406	65624000.0	17.0
16407	65628000.0	15.0
16408	65632000.0	14.0
16409	65636000.0	26.0
16410	65640000.0	20.0
16411	65644000.0	21.0
16412	65648000.0	16.0
16413	65652000.0	19.0
16414	65656000.0	24.0
16415	65660000.0	17.0
16416	65664000.0	24.0
16417	65668000.0	14.0
16418	65672000.0	17.0
16419	65676000.0	17.0
16420	65680000.0	16.0
16421	65684000.0	9.0
16422	65688000.0	12.0
16423	65692000.0	21.0
16424	65696000.0	16.0
16425	65700000.0	16.0
16426	65704000.0	17.0
16427	65708000.0	22.0
16428	65712000.0	16.0
16429	65716000.0	12.0
16430	65720000.0	11.0
16431	65724000.0	11.0
16432	65728000.0	13.0
16433	65732000.0	15.0
16434	65736000.0	18.0
16435	65740000.0	12.0
16436	65744000.0	11.0
16437	65748000.0	13.0
16438	65752000.0	10.0
16439	65756000.0	12.0
16440	65760000.0	17.0
16441	65764000.0	14.0
16442	65768000.0	27.0
16443	65772000.0	16.0
16444	65776000.0	21.0
16445	65780000.0	18.0
16446	65784000.0	16.0
16447	65788000.0	14.0
16448	65792000.0	17.0
16449	65796000.0	14.0
16450	65800000.0	16.0
16451	65804000.0	16.0
16452	65808000.0	13.0
16453	65812000.0	12.0
16454	65816000.0	24.0
16455	65820000.0	15.0
16456	65824000.0	10.0
16457	65828000.0	16.0
16458	65832000.0	13.0
16459	65836000.0	17.0
16460	65840000.0	10.0
16461	65844000.0	13.0
16462	65848000.0	12.0
16463	65852000.0	16.0
16464	65856000.0	16.0
16465	65860000.0	17.0
16466	65864000.0	12.0
16467	65868000.0	13.0
16468	65872000.0	9.0
16469	65876000.0	13.0
16470	65880000.0	16.0
16471	65884000.0	7.0
16472	65888000.0	19.0
16473	65892000.0	13.0
16474	65896000.0	14.0
16475	65900000.0	14.0
16476	65904000.0	14.0
16477	65908000.0	16.0
16478	65912000.0	18.0
16479	65916000.0	17.0
16480	65920000.0	8.0
16481	65924000.0	12.0
16482	65928000.0	13.0
16483	65932000.0	15.0
16484	65936000.0	16.0
16485	65940000.0	16.0
16486	65944000.0	8.0
16487	65948000.0	15.0
16488	65952000.0	10.0
16489	65956000.0	17.0
16490	65960000.0	18.0
16491	65964000.0	15.0
16492	65968000.0	7.0
16493	65972000.0	17.0
16494	65976000.0	11.0
16495	65980000.0	14.0
16496	65984000.0	15.0
16497	65988000.0	15.0
16498	65992000.0	15.0
16499	65996000.0	16.0
16500	66000000.0	20.0
16501	66004000.0	22.0
16502	66008000.0	6.0
16503	66012000.0	14.0
16504	66016000.0	11.0
16505	66020000.0	13.0
16506	66024000.0	15.0
16507	66028000.0	18.0
16508	66032000.0	15.0
16509	66036000.0	16.0
16510	66040000.0	22.0
16511	66044000.0	11.0
16512	66048000.0	11.0
16513	66052000.0	12.0
16514	66056000.0	19.0
16515	66060000.0	14.0
16516	66064000.0	9.0
16517	66068000.0	16.0
16518	66072000.0	9.0
16519	66076000.0	16.0
16520	66080000.0	15.0
16521	66084000.0	20.0
16522	66088000.0	18.0
16523	66092000.0	13.0
16524	66096000.0	15.0
16525	66100000.0	15.0
16526	66104000.0	23.0
16527	66108000.0	18.0
16528	66112000.0	14.0
16529	66116000.0	15.0
16530	66120000.0	13.0
16531	66124000.0	18.0
16532	66128000.0	6.0
16533	66132000.0	15.0
16534	66136000.0	20.0
16535	66140000.0	17.0
16536	66144000.0	26.0
16537	66148000.0	16.0
16538	66152000.0	12.0
16539	66156000.0	17.0
16540	66160000.0	11.0
16541	66164000.0	18.0
16542	66168000.0	14.0
16543	66172000.0	13.0
16544	66176000.0	13.0
16545	66180000.0	13.0
16546	66184000.0	16.0
16547	66188000.0	19.0
16548	66192000.0	20.0
16549	66196000.0	16.0
16550	66200000.0	17.0
16551	66204000.0	15.0
16552	66208000.0	14.0
16553	66212000.0	13.0
16554	66216000.0	12.0
16555	66220000.0	15.0
16556	66224000.0	18.0
16557	66228000.0	13.0
16558	66232000.0	15.0
16559	66236000.0	13.0
16560	66240000.0	14.0
16561	66244000.0	15.0
16562	66248000.0	15.0
16563	66252000.0	7.0
16564	66256000.0	18.0
16565	66260000.0	15.0
16566	66264000.0	19.0
16567	66268000.0	12.0
16568	66272000.0	15.0
16569	66276000.0	15.0
16570	66280000.0	12.0
16571	66284000.0	18.0
16572	66288000.0	15.0
16573	66292000.0	12.0
16574	66296000.0	21.0
16575	66300000.0	17.0
16576	66304000.0	14.0
16577	66308000.0	11.0
16578	66312000.0	19.0
16579	66316000.0	17.0
16580	66320000.0	7.0
16581	66324000.0	13.0
16582	66328000.0	21.0
16583	66332000.0	7.0
16584	66336000.0	8.0
16585	66340000.0	15.0
16586	66344000.0	14.0
16587	66348000.0	18.0
16588	66352000.0	15.0
16589	66356000.0	15.0
16590	66360000.0	23.0
16591	66364000.0	8.0
16592	66368000.0	13.0
16593	66372000.0	15.0
16594	66376000.0	18.0
16595	66380000.0	7.0
16596	66384000.0	9.0
16597	66388000.0	17.0
16598	66392000.0	12.0
16599	66396000.0	6.0
16600	66400000.0	19.0
16601	66404000.0	14.0
16602	66408000.0	15.0
16603	66412000.0	10.0
16604	66416000.0	13.0
16605	66420000.0	12.0
16606	66424000.0	13.0
16607	66428000.0	21.0
16608	66432000.0	16.0
16609	66436000.0	12.0
16610	66440000.0	14.0
16611	66444000.0	15.0
16612	66448000.0	14.0
16613	66452000.0	11.0
16614	66456000.0	10.0
16615	66460000.0	11.0
16616	66464000.0	14.0
16617	66468000.0	19.0
16618	66472000.0	11.0
16619	66476000.0	14.0
16620	66480000.0	20.0
16621	66484000.0	11.0
16622	66488000.0	12.0
16623	66492000.0	17.0
16624	66496000.0	15.0
16625	66500000.0	13.0
16626	66504000.0	20.0
16627	66508000.0	21.0
16628	66512000.0	20.0
16629	66516000.0	11.0
16630	66520000.0	11.0
16631	66524000.0	14.0
16632	66528000.0	29.0
16633	66532000.0	17.0
16634	66536000.0	10.0
16635	66540000.0	12.0
16636	66544000.0	15.0
16637	66548000.0	19.0
16638	66552000.0	22.0
16639	66556000.0	12.0
16640	66560000.0	17.0
16641	66564000.0	19.0
16642	66568000.0	17.0
16643	66572000.0	15.0
16644	66576000.0	20.0
16645	66580000.0	20.0
16646	66584000.0	14.0
16647	66588000.0	20.0
16648	66592000.0	9.0
16649	66596000.0	11.0
16650	66600000.0	20.0
16651	66604000.0	14.0
16652	66608000.0	22.0
16653	66612000.0	18.0
16654	66616000.0	13.0
16655	66620000.0	11.0
16656	66624000.0	14.0
16657	66628000.0	19.0
16658	66632000.0	13.0
16659	66636000.0	20.0
16660	66640000.0	13.0
16661	66644000.0	18.0
16662	66648000.0	15.0
16663	66652000.0	13.0
16664	66656000.0	18.0
16665	66660000.0	13.0
16666	66664000.0	16.0
16667	66668000.0	19.0
16668	66672000.0	20.0
16669	66676000.0	18.0
16670	66680000.0	14.0
16671	66684000.0	18.0
16672	66688000.0	15.0
16673	66692000.0	11.0
16674	66696000.0	10.0
16675	66700000.0	13.0
16676	66704000.0	13.0
16677	66708000.0	12.0
16678	66712000.0	9.0
16679	66716000.0	18.0
16680	66720000.0	14.0
16681	66724000.0	9.0
16682	66728000.0	12.0
16683	66732000.0	12.0
16684	66736000.0	14.0
16685	66740000.0	12.0
16686	66744000.0	13.0
16687	66748000.0	15.0
16688	66752000.0	6.0
16689	66756000.0	21.0
16690	66760000.0	18.0
16691	66764000.0	10.0
16692	66768000.0	17.0
16693	66772000.0	10.0
16694	66776000.0	20.0
16695	66780000.0	17.0
16696	66784000.0	9.0
16697	66788000.0	16.0
16698	66792000.0	16.0
16699	66796000.0	15.0
16700	66800000.0	14.0
16701	66804000.0	10.0
16702	66808000.0	13.0
16703	66812000.0	13.0
16704	66816000.0	16.0
16705	66820000.0	17.0
16706	66824000.0	14.0
16707	66828000.0	18.0
16708	66832000.0	8.0
16709	66836000.0	18.0
16710	66840000.0	9.0
16711	66844000.0	20.0
16712	66848000.0	9.0
16713	66852000.0	12.0
16714	66856000.0	13.0
16715	66860000.0	16.0
16716	66864000.0	20.0
16717	66868000.0	13.0
16718	66872000.0	19.0
16719	66876000.0	13.0
16720	66880000.0	16.0
16721	66884000.0	13.0
16722	66888000.0	15.0
16723	66892000.0	14.0
16724	66896000.0	16.0
16725	66900000.0	6.0
16726	66904000.0	14.0
16727	66908000.0	16.0
16728	66912000.0	11.0
16729	66916000.0	11.0
16730	66920000.0	20.0
16731	66924000.0	12.0
16732	66928000.0	16.0
16733	66932000.0	19.0
16734	66936000.0	12.0
16735	66940000.0	15.0
16736	66944000.0	12.0
16737	66948000.0	13.0
16738	66952000.0	8.0
16739	66956000.0	15.0
16740	66960000.0	12.0
16741	66964000.0	17.0
16742	66968000.0	9.0
16743	66972000.0	18.0
16744	66976000.0	14.0
16745	66980000.0	19.0
16746	66984000.0	15.0
16747	66988000.0	16.0
16748	66992000.0	13.0
16749	66996000.0	14.0
16750	67000000.0	15.0
16751	67004000.0	11.0
16752	67008000.0	23.0
16753	67012000.0	22.0
16754	67016000.0	13.0
16755	67020000.0	10.0
16756	67024000.0	19.0
16757	67028000.0	5.0
16758	67032000.0	17.0
16759	67036000.0	20.0
16760	67040000.0	18.0
16761	67044000.0	15.0
16762	67048000.0	10.0
16763	67052000.0	14.0
16764	67056000.0	19.0
16765	67060000.0	24.0
16766	67064000.0	18.0
16767	67068000.0	10.0
16768	67072000.0	13.0
16769	67076000.0	12.0
16770	67080000.0	13.0
16771	67084000.0	18.0
16772	67088000.0	17.0
16773	67092000.0	8.0
16774	67096000.0	18.0
16775	67100000.0	12.0
16776	67104000.0	17.0
16777	67108000.0	15.0
16778	67112000.0	18.0
16779	67116000.0	15.0
16780	67120000.0	15.0
16781	67124000.0	13.0
16782	67128000.0	14.0
16783	67132000.0	16.0
16784	67136000.0	15.0
16785	67140000.0	12.0
16786	67144000.0	14.0
16787	67148000.0	15.0
16788	67152000.0	11.0
16789	67156000.0	15.0
16790	67160000.0	20.0
16791	67164000.0	10.0
16792	67168000.0	16.0
16793	67172000.0	11.0
16794	67176000.0	12.0
16795	67180000.0	14.0
16796	67184000.0	10.0
16797	67188000.0	24.0
16798	67192000.0	11.0
16799	67196000.0	16.0
16800	67200000.0	16.0
16801	67204000.0	8.0
16802	67208000.0	15.0
16803	67212000.0	21.0
16804	67216000.0	9.0
16805	67220000.0	19.0
16806	67224000.0	11.0
16807	67228000.0	13.0
16808	67232000.0	15.0
16809	67236000.0	18.0
16810	67240000.0	16.0
16811	67244000.0	14.0
16812	67248000.0	8.0
16813	67252000.0	16.0
16814	67256000.0	12.0
16815	67260000.0	14.0
16816	67264000.0	15.0
16817	67268000.0	19.0
16818	67272000.0	9.0
16819	67276000.0	12.0
16820	67280000.0	11.0
16821	67284000.0	13.0
16822	67288000.0	16.0
16823	67292000.0	13.0
16824	67296000.0	19.0
16825	67300000.0	14.0
16826	67304000.0	11.0
16827	67308000.0	16.0
16828	67312000.0	7.0
16829	67316000.0	17.0
16830	67320000.0	15.0
16831	67324000.0	8.0
16832	67328000.0	24.0
16833	67332000.0	17.0
16834	67336000.0	15.0
16835	67340000.0	9.0
16836	67344000.0	8.0
16837	67348000.0	17.0
16838	67352000.0	16.0
16839	67356000.0	21.0
16840	67360000.0	12.0
16841	67364000.0	15.0
16842	67368000.0	17.0
16843	67372000.0	15.0
16844	67376000.0	18.0
16845	67380000.0	17.0
16846	67384000.0	11.0
16847	67388000.0	16.0
16848	67392000.0	13.0
16849	67396000.0	14.0
16850	67400000.0	15.0
16851	67404000.0	21.0
16852	67408000.0	14.0
16853	67412000.0	17.0
16854	67416000.0	10.0
16855	67420000.0	11.0
16856	67424000.0	13.0
16857	67428000.0	10.0
16858	67432000.0	21.0
16859	67436000.0	12.0
16860	67440000.0	10.0
16861	67444000.0	9.0
16862	67448000.0	23.0
16863	67452000.0	12.0
16864	67456000.0	12.0
16865	67460000.0	12.0
16866	67464000.0	10.0
16867	67468000.0	20.0
16868	67472000.0	18.0
16869	67476000.0	12.0
16870	67480000.0	13.0
16871	67484000.0	13.0
16872	67488000.0	13.0
16873	67492000.0	11.0
16874	67496000.0	19.0
16875	67500000.0	12.0
16876	67504000.0	18.0
16877	67508000.0	20.0
16878	67512000.0	12.0
16879	67516000.0	11.0
16880	67520000.0	9.0
16881	67524000.0	9.0
16882	67528000.0	15.0
16883	67532000.0	12.0
16884	67536000.0	15.0
16885	67540000.0	10.0
16886	67544000.0	10.0
16887	67548000.0	9.0
16888	67552000.0	15.0
16889	67556000.0	20.0
16890	67560000.0	14.0
16891	67564000.0	15.0
16892	67568000.0	24.0
16893	67572000.0	17.0
16894	67576000.0	19.0
16895	67580000.0	13.0
16896	67584000.0	17.0
16897	67588000.0	13.0
16898	67592000.0	16.0
16899	67596000.0	10.0
16900	67600000.0	19.0
16901	67604000.0	19.0
16902	67608000.0	15.0
16903	67612000.0	8.0
16904	67616000.0	16.0
16905	67620000.0	15.0
16906	67624000.0	8.0
16907	67628000.0	7.0
16908	67632000.0	16.0
16909	67636000.0	11.0
16910	67640000.0	22.0
16911	67644000.0	10.0
16912	67648000.0	12.0
16913	67652000.0	11.0
16914	67656000.0	16.0
16915	67660000.0	11.0
16916	67664000.0	11.0
16917	67668000.0	15.0
16918	67672000.0	14.0
16919	67676000.0	15.0
16920	67680000.0	16.0
16921	67684000.0	14.0
16922	67688000.0	15.0
16923	67692000.0	25.0
16924	67696000.0	18.0
16925	67700000.0	11.0
16926	67704000.0	15.0
16927	67708000.0	14.0
16928	67712000.0	11.0
16929	67716000.0	14.0
16930	67720000.0	15.0
16931	67724000.0	16.0
16932	67728000.0	16.0
16933	67732000.0	15.0
16934	67736000.0	11.0
16935	67740000.0	19.0
16936	67744000.0	14.0
16937	67748000.0	16.0
16938	67752000.0	11.0
16939	67756000.0	10.0
16940	67760000.0	13.0
16941	67764000.0	14.0
16942	67768000.0	18.0
16943	67772000.0	6.0
16944	67776000.0	10.0
16945	67780000.0	20.0
16946	67784000.0	13.0
16947	67788000.0	11.0
16948	67792000.0	12.0
16949	67796000.0	21.0
16950	67800000.0	15.0
16951	67804000.0	20.0
16952	67808000.0	21.0
16953	67812000.0	10.0
16954	67816000.0	12.0
16955	67820000.0	12.0
16956	67824000.0	13.0
16957	67828000.0	15.0
16958	67832000.0	9.0
16959	67836000.0	12.0
16960	67840000.0	16.0
16961	67844000.0	17.0
16962	67848000.0	15.0
16963	67852000.0	9.0
16964	67856000.0	13.0
16965	67860000.0	11.0
16966	67864000.0	15.0
16967	67868000.0	14.0
16968	67872000.0	12.0
16969	67876000.0	10.0
16970	67880000.0	12.0
16971	67884000.0	10.0
16972	67888000.0	16.0
16973	67892000.0	11.0
16974	67896000.0	12.0
16975	67900000.0	8.0
16976	67904000.0	9.0
16977	67908000.0	14.0
16978	67912000.0	15.0
16979	67916000.0	21.0
16980	67920000.0	13.0
16981	67924000.0	11.0
16982	67928000.0	14.0
16983	67932000.0	15.0
16984	67936000.0	10.0
16985	67940000.0	14.0
16986	67944000.0	15.0
16987	67948000.0	7.0
16988	67952000.0	20.0
16989	67956000.0	15.0
16990	67960000.0	15.0
16991	67964000.0	11.0
16992	67968000.0	16.0
16993	67972000.0	20.0
16994	67976000.0	24.0
16995	67980000.0	18.0
16996	67984000.0	12.0
16997	67988000.0	16.0
16998	67992000.0	12.0
16999	67996000.0	15.0
17000	68000000.0	17.0
17001	68004000.0	13.0
17002	68008000.0	16.0
17003	68012000.0	14.0
17004	68016000.0	9.0
17005	68020000.0	5.0
17006	68024000.0	10.0
17007	68028000.0	11.0
17008	68032000.0	6.0
17009	68036000.0	19.0
17010	68040000.0	8.0
17011	68044000.0	12.0
17012	68048000.0	20.0
17013	68052000.0	17.0
17014	68056000.0	10.0
17015	68060000.0	10.0
17016	68064000.0	14.0
17017	68068000.0	8.0
17018	68072000.0	20.0
17019	68076000.0	16.0
17020	68080000.0	20.0
17021	68084000.0	26.0
17022	68088000.0	18.0
17023	68092000.0	14.0
17024	68096000.0	20.0
17025	68100000.0	15.0
17026	68104000.0	16.0
17027	68108000.0	12.0
17028	68112000.0	13.0
17029	68116000.0	14.0
17030	68120000.0	18.0
17031	68124000.0	12.0
17032	68128000.0	18.0
17033	68132000.0	10.0
17034	68136000.0	16.0
17035	68140000.0	14.0
17036	68144000.0	21.0
17037	68148000.0	17.0
17038	68152000.0	16.0
17039	68156000.0	14.0
17040	68160000.0	14.0
17041	68164000.0	11.0
17042	68168000.0	16.0
17043	68172000.0	17.0
17044	68176000.0	10.0
17045	68180000.0	20.0
17046	68184000.0	16.0
17047	68188000.0	8.0
17048	68192000.0	10.0
17049	68196000.0	11.0
17050	68200000.0	16.0
17051	68204000.0	18.0
17052	68208000.0	14.0
17053	68212000.0	12.0
17054	68216000.0	21.0
17055	68220000.0	10.0
17056	68224000.0	12.0
17057	68228000.0	9.0
17058	68232000.0	12.0
17059	68236000.0	18.0
17060	68240000.0	11.0
17061	68244000.0	15.0
17062	68248000.0	13.0
17063	68252000.0	15.0
17064	68256000.0	14.0
17065	68260000.0	10.0
17066	68264000.0	8.0
17067	68268000.0	11.0
17068	68272000.0	19.0
17069	68276000.0	15.0
17070	68280000.0	13.0
17071	68284000.0	11.0
17072	68288000.0	13.0
17073	68292000.0	13.0
17074	68296000.0	17.0
17075	68300000.0	11.0
17076	68304000.0	12.0
17077	68308000.0	16.0
17078	68312000.0	14.0
17079	68316000.0	22.0
17080	68320000.0	19.0
17081	68324000.0	17.0
17082	68328000.0	9.0
17083	68332000.0	13.0
17084	68336000.0	13.0
17085	68340000.0	15.0
17086	68344000.0	11.0
17087	68348000.0	22.0
17088	68352000.0	14.0
17089	68356000.0	7.0
17090	68360000.0	16.0
17091	68364000.0	18.0
17092	68368000.0	13.0
17093	68372000.0	13.0
17094	68376000.0	17.0
17095	68380000.0	13.0
17096	68384000.0	16.0
17097	68388000.0	20.0
17098	68392000.0	9.0
17099	68396000.0	10.0
17100	68400000.0	16.0
17101	68404000.0	18.0
17102	68408000.0	11.0
17103	68412000.0	10.0
17104	68416000.0	17.0
17105	68420000.0	12.0
17106	68424000.0	10.0
17107	68428000.0	10.0
17108	68432000.0	25.0
17109	68436000.0	11.0
17110	68440000.0	11.0
17111	68444000.0	13.0
17112	68448000.0	15.0
17113	68452000.0	13.0
17114	68456000.0	15.0
17115	68460000.0	17.0
17116	68464000.0	14.0
17117	68468000.0	13.0
17118	68472000.0	9.0
17119	68476000.0	12.0
17120	68480000.0	11.0
17121	68484000.0	16.0
17122	68488000.0	10.0
17123	68492000.0	13.0
17124	68496000.0	16.0
17125	68500000.0	10.0
17126	68504000.0	13.0
17127	68508000.0	15.0
17128	68512000.0	11.0
17129	68516000.0	9.0
17130	68520000.0	17.0
17131	68524000.0	17.0
17132	68528000.0	15.0
17133	68532000.0	19.0
17134	68536000.0	12.0
17135	68540000.0	23.0
17136	68544000.0	14.0
17137	68548000.0	20.0
17138	68552000.0	9.0
17139	68556000.0	12.0
17140	68560000.0	13.0
17141	68564000.0	18.0
17142	68568000.0	18.0
17143	68572000.0	12.0
17144	68576000.0	14.0
17145	68580000.0	11.0
17146	68584000.0	26.0
17147	68588000.0	6.0
17148	68592000.0	6.0
17149	68596000.0	19.0
17150	68600000.0	10.0
17151	68604000.0	12.0
17152	68608000.0	14.0
17153	68612000.0	18.0
17154	68616000.0	12.0
17155	68620000.0	15.0
17156	68624000.0	13.0
17157	68628000.0	12.0
17158	68632000.0	16.0
17159	68636000.0	15.0
17160	68640000.0	13.0
17161	68644000.0	16.0
17162	68648000.0	11.0
17163	68652000.0	16.0
17164	68656000.0	17.0
17165	68660000.0	10.0
17166	68664000.0	16.0
17167	68668000.0	14.0
17168	68672000.0	13.0
17169	68676000.0	15.0
17170	68680000.0	11.0
17171	68684000.0	13.0
17172	68688000.0	19.0
17173	68692000.0	16.0
17174	68696000.0	11.0
17175	68700000.0	11.0
17176	68704000.0	10.0
17177	68708000.0	21.0
17178	68712000.0	16.0
17179	68716000.0	10.0
17180	68720000.0	19.0
17181	68724000.0	11.0
17182	68728000.0	19.0
17183	68732000.0	11.0
17184	68736000.0	21.0
17185	68740000.0	10.0
17186	68744000.0	18.0
17187	68748000.0	9.0
17188	68752000.0	11.0
17189	68756000.0	7.0
17190	68760000.0	11.0
17191	68764000.0	16.0
17192	68768000.0	11.0
17193	68772000.0	12.0
17194	68776000.0	10.0
17195	68780000.0	8.0
17196	68784000.0	12.0
17197	68788000.0	9.0
17198	68792000.0	13.0
17199	68796000.0	7.0
17200	68800000.0	15.0
17201	68804000.0	13.0
17202	68808000.0	14.0
17203	68812000.0	12.0
17204	68816000.0	16.0
17205	68820000.0	11.0
17206	68824000.0	17.0
17207	68828000.0	12.0
17208	68832000.0	7.0
17209	68836000.0	9.0
17210	68840000.0	11.0
17211	68844000.0	16.0
17212	68848000.0	13.0
17213	68852000.0	12.0
17214	68856000.0	16.0
17215	68860000.0	14.0
17216	68864000.0	15.0
17217	68868000.0	5.0
17218	68872000.0	16.0
17219	68876000.0	9.0
17220	68880000.0	12.0
17221	68884000.0	14.0
17222	68888000.0	16.0
17223	68892000.0	10.0
17224	68896000.0	15.0
17225	68900000.0	11.0
17226	68904000.0	15.0
17227	68908000.0	15.0
17228	68912000.0	15.0
17229	68916000.0	23.0
17230	68920000.0	12.0
17231	68924000.0	15.0
17232	68928000.0	12.0
17233	68932000.0	15.0
17234	68936000.0	11.0
17235	68940000.0	11.0
17236	68944000.0	15.0
17237	68948000.0	8.0
17238	68952000.0	11.0
17239	68956000.0	12.0
17240	68960000.0	13.0
17241	68964000.0	8.0
17242	68968000.0	15.0
17243	68972000.0	4.0
17244	68976000.0	17.0
17245	68980000.0	21.0
17246	68984000.0	14.0
17247	68988000.0	13.0
17248	68992000.0	18.0
17249	68996000.0	21.0
17250	69000000.0	19.0
17251	69004000.0	14.0
17252	69008000.0	19.0
17253	69012000.0	16.0
17254	69016000.0	9.0
17255	69020000.0	14.0
17256	69024000.0	13.0
17257	69028000.0	12.0
17258	69032000.0	16.0
17259	69036000.0	9.0
17260	69040000.0	12.0
17261	69044000.0	13.0
17262	69048000.0	8.0
17263	69052000.0	8.0
17264	69056000.0	8.0
17265	69060000.0	18.0
17266	69064000.0	24.0
17267	69068000.0	15.0
17268	69072000.0	17.0
17269	69076000.0	20.0
17270	69080000.0	10.0
17271	69084000.0	19.0
17272	69088000.0	14.0
17273	69092000.0	10.0
17274	69096000.0	18.0
17275	69100000.0	18.0
17276	69104000.0	15.0
17277	69108000.0	16.0
17278	69112000.0	8.0
17279	69116000.0	15.0
17280	69120000.0	15.0
17281	69124000.0	11.0
17282	69128000.0	9.0
17283	69132000.0	22.0
17284	69136000.0	20.0
17285	69140000.0	11.0
17286	69144000.0	16.0
17287	69148000.0	13.0
17288	69152000.0	14.0
17289	69156000.0	12.0
17290	69160000.0	17.0
17291	69164000.0	11.0
17292	69168000.0	13.0
17293	69172000.0	7.0
17294	69176000.0	8.0
17295	69180000.0	10.0
17296	69184000.0	15.0
17297	69188000.0	15.0
17298	69192000.0	15.0
17299	69196000.0	12.0
17300	69200000.0	18.0
17301	69204000.0	17.0
17302	69208000.0	11.0
17303	69212000.0	12.0
17304	69216000.0	17.0
17305	69220000.0	19.0
17306	69224000.0	22.0
17307	69228000.0	14.0
17308	69232000.0	18.0
17309	69236000.0	10.0
17310	69240000.0	16.0
17311	69244000.0	13.0
17312	69248000.0	13.0
17313	69252000.0	17.0
17314	69256000.0	19.0
17315	69260000.0	15.0
17316	69264000.0	17.0
17317	69268000.0	11.0
17318	69272000.0	10.0
17319	69276000.0	12.0
17320	69280000.0	17.0
17321	69284000.0	9.0
17322	69288000.0	12.0
17323	69292000.0	19.0
17324	69296000.0	16.0
17325	69300000.0	7.0
17326	69304000.0	22.0
17327	69308000.0	18.0
17328	69312000.0	13.0
17329	69316000.0	13.0
17330	69320000.0	19.0
17331	69324000.0	10.0
17332	69328000.0	18.0
17333	69332000.0	11.0
17334	69336000.0	16.0
17335	69340000.0	11.0
17336	69344000.0	10.0
17337	69348000.0	11.0
17338	69352000.0	10.0
17339	69356000.0	12.0
17340	69360000.0	11.0
17341	69364000.0	19.0
17342	69368000.0	19.0
17343	69372000.0	10.0
17344	69376000.0	14.0
17345	69380000.0	16.0
17346	69384000.0	10.0
17347	69388000.0	15.0
17348	69392000.0	8.0
17349	69396000.0	15.0
17350	69400000.0	18.0
17351	69404000.0	12.0
17352	69408000.0	11.0
17353	69412000.0	12.0
17354	69416000.0	11.0
17355	69420000.0	9.0
17356	69424000.0	10.0
17357	69428000.0	12.0
17358	69432000.0	9.0
17359	69436000.0	12.0
17360	69440000.0	15.0
17361	69444000.0	13.0
17362	69448000.0	12.0
17363	69452000.0	10.0
17364	69456000.0	17.0
17365	69460000.0	11.0
17366	69464000.0	13.0
17367	69468000.0	14.0
17368	69472000.0	10.0
17369	69476000.0	5.0
17370	69480000.0	14.0
17371	69484000.0	12.0
17372	69488000.0	15.0
17373	69492000.0	16.0
17374	69496000.0	8.0
17375	69500000.0	17.0
17376	69504000.0	18.0
17377	69508000.0	18.0
17378	69512000.0	19.0
17379	69516000.0	10.0
17380	69520000.0	18.0
17381	69524000.0	20.0
17382	69528000.0	11.0
17383	69532000.0	13.0
17384	69536000.0	20.0
17385	69540000.0	8.0
17386	69544000.0	14.0
17387	69548000.0	5.0
17388	69552000.0	13.0
17389	69556000.0	9.0
17390	69560000.0	7.0
17391	69564000.0	17.0
17392	69568000.0	16.0
17393	69572000.0	12.0
17394	69576000.0	9.0
17395	69580000.0	10.0
17396	69584000.0	15.0
17397	69588000.0	15.0
17398	69592000.0	17.0
17399	69596000.0	13.0
17400	69600000.0	10.0
17401	69604000.0	14.0
17402	69608000.0	13.0
17403	69612000.0	18.0
17404	69616000.0	17.0
17405	69620000.0	17.0
17406	69624000.0	5.0
17407	69628000.0	11.0
17408	69632000.0	19.0
17409	69636000.0	8.0
17410	69640000.0	9.0
17411	69644000.0	10.0
17412	69648000.0	12.0
17413	69652000.0	14.0
17414	69656000.0	11.0
17415	69660000.0	19.0
17416	69664000.0	8.0
17417	69668000.0	10.0
17418	69672000.0	12.0
17419	69676000.0	16.0
17420	69680000.0	8.0
17421	69684000.0	16.0
17422	69688000.0	15.0
17423	69692000.0	23.0
17424	69696000.0	18.0
17425	69700000.0	16.0
17426	69704000.0	18.0
17427	69708000.0	20.0
17428	69712000.0	7.0
17429	69716000.0	13.0
17430	69720000.0	11.0
17431	69724000.0	10.0
17432	69728000.0	15.0
17433	69732000.0	12.0
17434	69736000.0	18.0
17435	69740000.0	12.0
17436	69744000.0	9.0
17437	69748000.0	14.0
17438	69752000.0	10.0
17439	69756000.0	10.0
17440	69760000.0	11.0
17441	69764000.0	10.0
17442	69768000.0	12.0
17443	69772000.0	11.0
17444	69776000.0	13.0
17445	69780000.0	10.0
17446	69784000.0	11.0
17447	69788000.0	13.0
17448	69792000.0	7.0
17449	69796000.0	15.0
17450	69800000.0	10.0
17451	69804000.0	10.0
17452	69808000.0	16.0
17453	69812000.0	11.0
17454	69816000.0	7.0
17455	69820000.0	14.0
17456	69824000.0	11.0
17457	69828000.0	9.0
17458	69832000.0	8.0
17459	69836000.0	16.0
17460	69840000.0	11.0
17461	69844000.0	8.0
17462	69848000.0	12.0
17463	69852000.0	12.0
17464	69856000.0	7.0
17465	69860000.0	9.0
17466	69864000.0	17.0
17467	69868000.0	9.0
17468	69872000.0	14.0
17469	69876000.0	14.0
17470	69880000.0	10.0
17471	69884000.0	20.0
17472	69888000.0	14.0
17473	69892000.0	16.0
17474	69896000.0	7.0
17475	69900000.0	10.0
17476	69904000.0	17.0
17477	69908000.0	13.0
17478	69912000.0	23.0
17479	69916000.0	16.0
17480	69920000.0	14.0
17481	69924000.0	11.0
17482	69928000.0	12.0
17483	69932000.0	14.0
17484	69936000.0	14.0
17485	69940000.0	12.0
17486	69944000.0	12.0
17487	69948000.0	15.0
17488	69952000.0	19.0
17489	69956000.0	10.0
17490	69960000.0	5.0
17491	69964000.0	18.0
17492	69968000.0	12.0
17493	69972000.0	20.0
17494	69976000.0	15.0
17495	69980000.0	11.0
17496	69984000.0	16.0
17497	69988000.0	15.0
17498	69992000.0	19.0
17499	69996000.0	11.0
17500	70000000.0	14.0
17501	70004000.0	17.0
17502	70008000.0	10.0
17503	70012000.0	14.0
17504	70016000.0	12.0
17505	70020000.0	10.0
17506	70024000.0	14.0
17507	70028000.0	13.0
17508	70032000.0	16.0
17509	70036000.0	9.0
17510	70040000.0	16.0
17511	70044000.0	10.0
17512	70048000.0	12.0
17513	70052000.0	17.0
17514	70056000.0	15.0
17515	70060000.0	16.0
17516	70064000.0	13.0
17517	70068000.0	11.0
17518	70072000.0	15.0
17519	70076000.0	8.0
17520	70080000.0	13.0
17521	70084000.0	25.0
17522	70088000.0	12.0
17523	70092000.0	13.0
17524	70096000.0	13.0
17525	70100000.0	15.0
17526	70104000.0	13.0
17527	70108000.0	17.0
17528	70112000.0	12.0
17529	70116000.0	9.0
17530	70120000.0	13.0
17531	70124000.0	15.0
17532	70128000.0	10.0
17533	70132000.0	14.0
17534	70136000.0	8.0
17535	70140000.0	14.0
17536	70144000.0	15.0
17537	70148000.0	11.0
17538	70152000.0	13.0
17539	70156000.0	20.0
17540	70160000.0	8.0
17541	70164000.0	13.0
17542	70168000.0	18.0
17543	70172000.0	14.0
17544	70176000.0	18.0
17545	70180000.0	11.0
17546	70184000.0	8.0
17547	70188000.0	12.0
17548	70192000.0	21.0
17549	70196000.0	10.0
17550	70200000.0	11.0
17551	70204000.0	4.0
17552	70208000.0	12.0
17553	70212000.0	20.0
17554	70216000.0	11.0
17555	70220000.0	8.0
17556	70224000.0	7.0
17557	70228000.0	15.0
17558	70232000.0	18.0
17559	70236000.0	13.0
17560	70240000.0	10.0
17561	70244000.0	11.0
17562	70248000.0	16.0
17563	70252000.0	8.0
17564	70256000.0	20.0
17565	70260000.0	13.0
17566	70264000.0	11.0
17567	70268000.0	17.0
17568	70272000.0	11.0
17569	70276000.0	8.0
17570	70280000.0	9.0
17571	70284000.0	13.0
17572	70288000.0	14.0
17573	70292000.0	9.0
17574	70296000.0	12.0
17575	70300000.0	20.0
17576	70304000.0	11.0
17577	70308000.0	11.0
17578	70312000.0	12.0
17579	70316000.0	18.0
17580	70320000.0	13.0
17581	70324000.0	13.0
17582	70328000.0	9.0
17583	70332000.0	16.0
17584	70336000.0	8.0
17585	70340000.0	10.0
17586	70344000.0	12.0
17587	70348000.0	10.0
17588	70352000.0	12.0
17589	70356000.0	6.0
17590	70360000.0	11.0
17591	70364000.0	7.0
17592	70368000.0	8.0
17593	70372000.0	6.0
17594	70376000.0	12.0
17595	70380000.0	16.0
17596	70384000.0	15.0
17597	70388000.0	13.0
17598	70392000.0	6.0
17599	70396000.0	11.0
17600	70400000.0	15.0
17601	70404000.0	10.0
17602	70408000.0	14.0
17603	70412000.0	11.0
17604	70416000.0	15.0
17605	70420000.0	7.0
17606	70424000.0	17.0
17607	70428000.0	12.0
17608	70432000.0	13.0
17609	70436000.0	15.0
17610	70440000.0	12.0
17611	70444000.0	14.0
17612	70448000.0	17.0
17613	70452000.0	13.0
17614	70456000.0	11.0
17615	70460000.0	7.0
17616	70464000.0	17.0
17617	70468000.0	12.0
17618	70472000.0	12.0
17619	70476000.0	17.0
17620	70480000.0	16.0
17621	70484000.0	11.0
17622	70488000.0	10.0
17623	70492000.0	12.0
17624	70496000.0	15.0
17625	70500000.0	17.0
17626	70504000.0	10.0
17627	70508000.0	15.0
17628	70512000.0	14.0
17629	70516000.0	8.0
17630	70520000.0	19.0
17631	70524000.0	12.0
17632	70528000.0	7.0
17633	70532000.0	9.0
17634	70536000.0	16.0
17635	70540000.0	10.0
17636	70544000.0	21.0
17637	70548000.0	17.0
17638	70552000.0	11.0
17639	70556000.0	15.0
17640	70560000.0	11.0
17641	70564000.0	11.0
17642	70568000.0	15.0
17643	70572000.0	20.0
17644	70576000.0	20.0
17645	70580000.0	10.0
17646	70584000.0	11.0
17647	70588000.0	14.0
17648	70592000.0	15.0
17649	70596000.0	14.0
17650	70600000.0	9.0
17651	70604000.0	20.0
17652	70608000.0	11.0
17653	70612000.0	14.0
17654	70616000.0	8.0
17655	70620000.0	13.0
17656	70624000.0	6.0
17657	70628000.0	14.0
17658	70632000.0	12.0
17659	70636000.0	10.0
17660	70640000.0	11.0
17661	70644000.0	12.0
17662	70648000.0	12.0
17663	70652000.0	18.0
17664	70656000.0	12.0
17665	70660000.0	14.0
17666	70664000.0	10.0
17667	70668000.0	14.0
17668	70672000.0	8.0
17669	70676000.0	23.0
17670	70680000.0	15.0
17671	70684000.0	15.0
17672	70688000.0	21.0
17673	70692000.0	13.0
17674	70696000.0	12.0
17675	70700000.0	17.0
17676	70704000.0	16.0
17677	70708000.0	15.0
17678	70712000.0	11.0
17679	70716000.0	13.0
17680	70720000.0	15.0
17681	70724000.0	13.0
17682	70728000.0	15.0
17683	70732000.0	11.0
17684	70736000.0	12.0
17685	70740000.0	12.0
17686	70744000.0	13.0
17687	70748000.0	16.0
17688	70752000.0	13.0
17689	70756000.0	10.0
17690	70760000.0	18.0
17691	70764000.0	8.0
17692	70768000.0	19.0
17693	70772000.0	17.0
17694	70776000.0	20.0
17695	70780000.0	8.0
17696	70784000.0	12.0
17697	70788000.0	10.0
17698	70792000.0	12.0
17699	70796000.0	9.0
17700	70800000.0	8.0
17701	70804000.0	5.0
17702	70808000.0	17.0
17703	70812000.0	10.0
17704	70816000.0	9.0
17705	70820000.0	21.0
17706	70824000.0	16.0
17707	70828000.0	12.0
17708	70832000.0	8.0
17709	70836000.0	16.0
17710	70840000.0	15.0
17711	70844000.0	10.0
17712	70848000.0	14.0
17713	70852000.0	11.0
17714	70856000.0	12.0
17715	70860000.0	16.0
17716	70864000.0	23.0
17717	70868000.0	18.0
17718	70872000.0	11.0
17719	70876000.0	13.0
17720	70880000.0	15.0
17721	70884000.0	13.0
17722	70888000.0	11.0
17723	70892000.0	13.0
17724	70896000.0	12.0
17725	70900000.0	13.0
17726	70904000.0	11.0
17727	70908000.0	8.0
17728	70912000.0	11.0
17729	70916000.0	16.0
17730	70920000.0	15.0
17731	70924000.0	16.0
17732	70928000.0	16.0
17733	70932000.0	12.0
17734	70936000.0	11.0
17735	70940000.0	8.0
17736	70944000.0	16.0
17737	70948000.0	11.0
17738	70952000.0	12.0
17739	70956000.0	17.0
17740	70960000.0	13.0
17741	70964000.0	11.0
17742	70968000.0	13.0
17743	70972000.0	14.0
17744	70976000.0	10.0
17745	70980000.0	16.0
17746	70984000.0	14.0
17747	70988000.0	16.0
17748	70992000.0	5.0
17749	70996000.0	7.0
17750	71000000.0	8.0
17751	71004000.0	11.0
17752	71008000.0	7.0
17753	71012000.0	13.0
17754	71016000.0	14.0
17755	71020000.0	11.0
17756	71024000.0	15.0
17757	71028000.0	10.0
17758	71032000.0	17.0
17759	71036000.0	11.0
17760	71040000.0	15.0
17761	71044000.0	14.0
17762	71048000.0	14.0
17763	71052000.0	13.0
17764	71056000.0	13.0
17765	71060000.0	9.0
17766	71064000.0	7.0
17767	71068000.0	13.0
17768	71072000.0	10.0
17769	71076000.0	12.0
17770	71080000.0	8.0
17771	71084000.0	9.0
17772	71088000.0	12.0
17773	71092000.0	6.0
17774	71096000.0	11.0
17775	71100000.0	16.0
17776	71104000.0	19.0
17777	71108000.0	20.0
17778	71112000.0	14.0
17779	71116000.0	12.0
17780	71120000.0	12.0
17781	71124000.0	12.0
17782	71128000.0	8.0
17783	71132000.0	8.0
17784	71136000.0	11.0
17785	71140000.0	4.0
17786	71144000.0	12.0
17787	71148000.0	12.0
17788	71152000.0	17.0
17789	71156000.0	23.0
17790	71160000.0	12.0
17791	71164000.0	11.0
17792	71168000.0	13.0
17793	71172000.0	11.0
17794	71176000.0	11.0
17795	71180000.0	11.0
17796	71184000.0	14.0
17797	71188000.0	11.0
17798	71192000.0	13.0
17799	71196000.0	7.0
17800	71200000.0	10.0
17801	71204000.0	7.0
17802	71208000.0	13.0
17803	71212000.0	11.0
17804	71216000.0	13.0
17805	71220000.0	18.0
17806	71224000.0	13.0
17807	71228000.0	8.0
17808	71232000.0	9.0
17809	71236000.0	16.0
17810	71240000.0	11.0
17811	71244000.0	12.0
17812	71248000.0	13.0
17813	71252000.0	18.0
17814	71256000.0	10.0
17815	71260000.0	20.0
17816	71264000.0	15.0
17817	71268000.0	14.0
17818	71272000.0	11.0
17819	71276000.0	11.0
17820	71280000.0	6.0
17821	71284000.0	10.0
17822	71288000.0	18.0
17823	71292000.0	7.0
17824	71296000.0	16.0
17825	71300000.0	8.0
17826	71304000.0	11.0
17827	71308000.0	13.0
17828	71312000.0	11.0
17829	71316000.0	14.0
17830	71320000.0	20.0
17831	71324000.0	8.0
17832	71328000.0	8.0
17833	71332000.0	14.0
17834	71336000.0	12.0
17835	71340000.0	16.0
17836	71344000.0	12.0
17837	71348000.0	6.0
17838	71352000.0	20.0
17839	71356000.0	12.0
17840	71360000.0	11.0
17841	71364000.0	14.0
17842	71368000.0	6.0
17843	71372000.0	15.0
17844	71376000.0	15.0
17845	71380000.0	11.0
17846	71384000.0	7.0
17847	71388000.0	8.0
17848	71392000.0	9.0
17849	71396000.0	13.0
17850	71400000.0	11.0
17851	71404000.0	13.0
17852	71408000.0	9.0
17853	71412000.0	9.0
17854	71416000.0	10.0
17855	71420000.0	16.0
17856	71424000.0	13.0
17857	71428000.0	6.0
17858	71432000.0	16.0
17859	71436000.0	9.0
17860	71440000.0	11.0
17861	71444000.0	8.0
17862	71448000.0	11.0
17863	71452000.0	13.0
17864	71456000.0	10.0
17865	71460000.0	14.0
17866	71464000.0	19.0
17867	71468000.0	16.0
17868	71472000.0	11.0
17869	71476000.0	11.0
17870	71480000.0	5.0
17871	71484000.0	11.0
17872	71488000.0	8.0
17873	71492000.0	15.0
17874	71496000.0	9.0
17875	71500000.0	12.0
17876	71504000.0	6.0
17877	71508000.0	15.0
17878	71512000.0	17.0
17879	71516000.0	10.0
17880	71520000.0	15.0
17881	71524000.0	14.0
17882	71528000.0	16.0
17883	71532000.0	9.0
17884	71536000.0	12.0
17885	71540000.0	15.0
17886	71544000.0	15.0
17887	71548000.0	13.0
17888	71552000.0	10.0
17889	71556000.0	8.0
17890	71560000.0	10.0
17891	71564000.0	6.0
17892	71568000.0	9.0
17893	71572000.0	11.0
17894	71576000.0	16.0
17895	71580000.0	10.0
17896	71584000.0	15.0
17897	71588000.0	15.0
17898	71592000.0	17.0
17899	71596000.0	16.0
17900	71600000.0	18.0
17901	71604000.0	15.0
17902	71608000.0	12.0
17903	71612000.0	8.0
17904	71616000.0	14.0
17905	71620000.0	10.0
17906	71624000.0	14.0
17907	71628000.0	11.0
17908	71632000.0	11.0
17909	71636000.0	16.0
17910	71640000.0	17.0
17911	71644000.0	12.0
17912	71648000.0	12.0
17913	71652000.0	14.0
17914	71656000.0	23.0
17915	71660000.0	13.0
17916	71664000.0	11.0
17917	71668000.0	11.0
17918	71672000.0	11.0
17919	71676000.0	17.0
17920	71680000.0	5.0
17921	71684000.0	14.0
17922	71688000.0	10.0
17923	71692000.0	6.0
17924	71696000.0	16.0
17925	71700000.0	17.0
17926	71704000.0	8.0
17927	71708000.0	7.0
17928	71712000.0	14.0
17929	71716000.0	13.0
17930	71720000.0	9.0
17931	71724000.0	9.0
17932	71728000.0	7.0
17933	71732000.0	8.0
17934	71736000.0	18.0
17935	71740000.0	12.0
17936	71744000.0	17.0
17937	71748000.0	12.0
17938	71752000.0	12.0
17939	71756000.0	8.0
17940	71760000.0	9.0
17941	71764000.0	10.0
17942	71768000.0	14.0
17943	71772000.0	8.0
17944	71776000.0	13.0
17945	71780000.0	11.0
17946	71784000.0	12.0
17947	71788000.0	14.0
17948	71792000.0	14.0
17949	71796000.0	10.0
17950	71800000.0	9.0
17951	71804000.0	9.0
17952	71808000.0	8.0
17953	71812000.0	7.0
17954	71816000.0	12.0
17955	71820000.0	13.0
17956	71824000.0	8.0
17957	71828000.0	12.0
17958	71832000.0	12.0
17959	71836000.0	8.0
17960	71840000.0	10.0
17961	71844000.0	16.0
17962	71848000.0	13.0
17963	71852000.0	8.0
17964	71856000.0	12.0
17965	71860000.0	17.0
17966	71864000.0	21.0
17967	71868000.0	11.0
17968	71872000.0	16.0
17969	71876000.0	14.0
17970	71880000.0	11.0
17971	71884000.0	14.0
17972	71888000.0	13.0
17973	71892000.0	11.0
17974	71896000.0	12.0
17975	71900000.0	13.0
17976	71904000.0	8.0
17977	71908000.0	12.0
17978	71912000.0	9.0
17979	71916000.0	10.0
17980	71920000.0	11.0
17981	71924000.0	15.0
17982	71928000.0	15.0
17983	71932000.0	6.0
17984	71936000.0	10.0
17985	71940000.0	6.0
17986	71944000.0	7.0
17987	71948000.0	6.0
17988	71952000.0	6.0
17989	71956000.0	12.0
17990	71960000.0	14.0
17991	71964000.0	17.0
17992	71968000.0	10.0
17993	71972000.0	11.0
17994	71976000.0	7.0
17995	71980000.0	12.0
17996	71984000.0	10.0
17997	71988000.0	8.0
17998	71992000.0	17.0
17999	71996000.0	11.0
18000	72000000.0	10.0
18001	72004000.0	14.0
18002	72008000.0	9.0
18003	72012000.0	8.0
18004	72016000.0	12.0
18005	72020000.0	13.0
18006	72024000.0	17.0
18007	72028000.0	10.0
18008	72032000.0	15.0
18009	72036000.0	9.0
18010	72040000.0	9.0
18011	72044000.0	20.0
18012	72048000.0	15.0
18013	72052000.0	13.0
18014	72056000.0	10.0
18015	72060000.0	8.0
18016	72064000.0	13.0
18017	72068000.0	10.0
18018	72072000.0	8.0
18019	72076000.0	9.0
18020	72080000.0	5.0
18021	72084000.0	21.0
18022	72088000.0	8.0
18023	72092000.0	17.0
18024	72096000.0	8.0
18025	72100000.0	11.0
18026	72104000.0	9.0
18027	72108000.0	12.0
18028	72112000.0	8.0
18029	72116000.0	8.0
18030	72120000.0	13.0
18031	72124000.0	6.0
18032	72128000.0	5.0
18033	72132000.0	7.0
18034	72136000.0	12.0
18035	72140000.0	20.0
18036	72144000.0	17.0
18037	72148000.0	14.0
18038	72152000.0	17.0
18039	72156000.0	11.0
18040	72160000.0	11.0
18041	72164000.0	11.0
18042	72168000.0	15.0
18043	72172000.0	15.0
18044	72176000.0	11.0
18045	72180000.0	14.0
18046	72184000.0	11.0
18047	72188000.0	11.0
18048	72192000.0	6.0
18049	72196000.0	20.0
18050	72200000.0	13.0
18051	72204000.0	9.0
18052	72208000.0	16.0
18053	72212000.0	12.0
18054	72216000.0	11.0
18055	72220000.0	6.0
18056	72224000.0	16.0
18057	72228000.0	11.0
18058	72232000.0	9.0
18059	72236000.0	12.0
18060	72240000.0	12.0
18061	72244000.0	14.0
18062	72248000.0	10.0
18063	72252000.0	14.0
18064	72256000.0	13.0
18065	72260000.0	7.0
18066	72264000.0	13.0
18067	72268000.0	8.0
18068	72272000.0	11.0
18069	72276000.0	15.0
18070	72280000.0	5.0
18071	72284000.0	6.0
18072	72288000.0	15.0
18073	72292000.0	13.0
18074	72296000.0	18.0
18075	72300000.0	14.0
18076	72304000.0	16.0
18077	72308000.0	18.0
18078	72312000.0	9.0
18079	72316000.0	7.0
18080	72320000.0	11.0
18081	72324000.0	16.0
18082	72328000.0	11.0
18083	72332000.0	14.0
18084	72336000.0	14.0
18085	72340000.0	16.0
18086	72344000.0	14.0
18087	72348000.0	15.0
18088	72352000.0	13.0
18089	72356000.0	9.0
18090	72360000.0	15.0
18091	72364000.0	19.0
18092	72368000.0	15.0
18093	72372000.0	11.0
18094	72376000.0	16.0
18095	72380000.0	11.0
18096	72384000.0	16.0
18097	72388000.0	8.0
18098	72392000.0	13.0
18099	72396000.0	16.0
18100	72400000.0	9.0
18101	72404000.0	12.0
18102	72408000.0	12.0
18103	72412000.0	13.0
18104	72416000.0	16.0
18105	72420000.0	19.0
18106	72424000.0	14.0
18107	72428000.0	14.0
18108	72432000.0	13.0
18109	72436000.0	10.0
18110	72440000.0	16.0
18111	72444000.0	6.0
18112	72448000.0	12.0
18113	72452000.0	11.0
18114	72456000.0	6.0
18115	72460000.0	11.0
18116	72464000.0	9.0
18117	72468000.0	17.0
18118	72472000.0	9.0
18119	72476000.0	12.0
18120	72480000.0	14.0
18121	72484000.0	14.0
18122	72488000.0	8.0
18123	72492000.0	13.0
18124	72496000.0	13.0
18125	72500000.0	12.0
18126	72504000.0	6.0
18127	72508000.0	9.0
18128	72512000.0	16.0
18129	72516000.0	12.0
18130	72520000.0	11.0
18131	72524000.0	9.0
18132	72528000.0	15.0
18133	72532000.0	13.0
18134	72536000.0	12.0
18135	72540000.0	18.0
18136	72544000.0	13.0
18137	72548000.0	8.0
18138	72552000.0	9.0
18139	72556000.0	12.0
18140	72560000.0	12.0
18141	72564000.0	14.0
18142	72568000.0	5.0
18143	72572000.0	15.0
18144	72576000.0	10.0
18145	72580000.0	22.0
18146	72584000.0	8.0
18147	72588000.0	15.0
18148	72592000.0	13.0
18149	72596000.0	15.0
18150	72600000.0	13.0
18151	72604000.0	16.0
18152	72608000.0	17.0
18153	72612000.0	19.0
18154	72616000.0	10.0
18155	72620000.0	13.0
18156	72624000.0	8.0
18157	72628000.0	16.0
18158	72632000.0	9.0
18159	72636000.0	13.0
18160	72640000.0	18.0
18161	72644000.0	8.0
18162	72648000.0	13.0
18163	72652000.0	11.0
18164	72656000.0	9.0
18165	72660000.0	7.0
18166	72664000.0	13.0
18167	72668000.0	9.0
18168	72672000.0	7.0
18169	72676000.0	9.0
18170	72680000.0	13.0
18171	72684000.0	10.0
18172	72688000.0	14.0
18173	72692000.0	14.0
18174	72696000.0	4.0
18175	72700000.0	11.0
18176	72704000.0	9.0
18177	72708000.0	14.0
18178	72712000.0	11.0
18179	72716000.0	9.0
18180	72720000.0	7.0
18181	72724000.0	12.0
18182	72728000.0	21.0
18183	72732000.0	7.0
18184	72736000.0	13.0
18185	72740000.0	15.0
18186	72744000.0	12.0
18187	72748000.0	12.0
18188	72752000.0	6.0
18189	72756000.0	18.0
18190	72760000.0	8.0
18191	72764000.0	12.0
18192	72768000.0	12.0
18193	72772000.0	12.0
18194	72776000.0	14.0
18195	72780000.0	10.0
18196	72784000.0	11.0
18197	72788000.0	13.0
18198	72792000.0	13.0
18199	72796000.0	8.0
18200	72800000.0	11.0
18201	72804000.0	11.0
18202	72808000.0	11.0
18203	72812000.0	12.0
18204	72816000.0	16.0
18205	72820000.0	13.0
18206	72824000.0	20.0
18207	72828000.0	13.0
18208	72832000.0	9.0
18209	72836000.0	10.0
18210	72840000.0	8.0
18211	72844000.0	17.0
18212	72848000.0	14.0
18213	72852000.0	11.0
18214	72856000.0	8.0
18215	72860000.0	12.0
18216	72864000.0	12.0
18217	72868000.0	17.0
18218	72872000.0	11.0
18219	72876000.0	8.0
18220	72880000.0	11.0
18221	72884000.0	11.0
18222	72888000.0	9.0
18223	72892000.0	8.0
18224	72896000.0	10.0
18225	72900000.0	8.0
18226	72904000.0	19.0
18227	72908000.0	18.0
18228	72912000.0	6.0
18229	72916000.0	8.0
18230	72920000.0	15.0
18231	72924000.0	13.0
18232	72928000.0	12.0
18233	72932000.0	12.0
18234	72936000.0	10.0
18235	72940000.0	6.0
18236	72944000.0	13.0
18237	72948000.0	13.0
18238	72952000.0	12.0
18239	72956000.0	12.0
18240	72960000.0	15.0
18241	72964000.0	9.0
18242	72968000.0	5.0
18243	72972000.0	16.0
18244	72976000.0	10.0
18245	72980000.0	8.0
18246	72984000.0	12.0
18247	72988000.0	18.0
18248	72992000.0	11.0
18249	72996000.0	12.0
18250	73000000.0	13.0
18251	73004000.0	13.0
18252	73008000.0	9.0
18253	73012000.0	13.0
18254	73016000.0	11.0
18255	73020000.0	13.0
18256	73024000.0	4.0
18257	73028000.0	8.0
18258	73032000.0	14.0
18259	73036000.0	11.0
18260	73040000.0	18.0
18261	73044000.0	8.0
18262	73048000.0	11.0
18263	73052000.0	8.0
18264	73056000.0	11.0
18265	73060000.0	14.0
18266	73064000.0	11.0
18267	73068000.0	12.0
18268	73072000.0	9.0
18269	73076000.0	10.0
18270	73080000.0	14.0
18271	73084000.0	11.0
18272	73088000.0	11.0
18273	73092000.0	15.0
18274	73096000.0	17.0
18275	73100000.0	10.0
18276	73104000.0	19.0
18277	73108000.0	11.0
18278	73112000.0	8.0
18279	73116000.0	9.0
18280	73120000.0	9.0
18281	73124000.0	13.0
18282	73128000.0	14.0
18283	73132000.0	15.0
18284	73136000.0	8.0
18285	73140000.0	11.0
18286	73144000.0	9.0
18287	73148000.0	11.0
18288	73152000.0	12.0
18289	73156000.0	17.0
18290	73160000.0	10.0
18291	73164000.0	14.0
18292	73168000.0	11.0
18293	73172000.0	20.0
18294	73176000.0	12.0
18295	73180000.0	11.0
18296	73184000.0	11.0
18297	73188000.0	12.0
18298	73192000.0	9.0
18299	73196000.0	13.0
18300	73200000.0	10.0
18301	73204000.0	18.0
18302	73208000.0	19.0
18303	73212000.0	13.0
18304	73216000.0	15.0
18305	73220000.0	14.0
18306	73224000.0	15.0
18307	73228000.0	11.0
18308	73232000.0	15.0
18309	73236000.0	11.0
18310	73240000.0	9.0
18311	73244000.0	12.0
18312	73248000.0	13.0
18313	73252000.0	8.0
18314	73256000.0	11.0
18315	73260000.0	12.0
18316	73264000.0	7.0
18317	73268000.0	16.0
18318	73272000.0	11.0
18319	73276000.0	12.0
18320	73280000.0	18.0
18321	73284000.0	13.0
18322	73288000.0	8.0
18323	73292000.0	19.0
18324	73296000.0	12.0
18325	73300000.0	10.0
18326	73304000.0	12.0
18327	73308000.0	13.0
18328	73312000.0	9.0
18329	73316000.0	4.0
18330	73320000.0	11.0
18331	73324000.0	14.0
18332	73328000.0	18.0
18333	73332000.0	5.0
18334	73336000.0	12.0
18335	73340000.0	13.0
18336	73344000.0	15.0
18337	73348000.0	10.0
18338	73352000.0	13.0
18339	73356000.0	18.0
18340	73360000.0	11.0
18341	73364000.0	14.0
18342	73368000.0	15.0
18343	73372000.0	12.0
18344	73376000.0	5.0
18345	73380000.0	19.0
18346	73384000.0	8.0
18347	73388000.0	9.0
18348	73392000.0	14.0
18349	73396000.0	18.0
18350	73400000.0	9.0
18351	73404000.0	9.0
18352	73408000.0	11.0
18353	73412000.0	16.0
18354	73416000.0	14.0
18355	73420000.0	14.0
18356	73424000.0	11.0
18357	73428000.0	7.0
18358	73432000.0	9.0
18359	73436000.0	4.0
18360	73440000.0	17.0
18361	73444000.0	19.0
18362	73448000.0	13.0
18363	73452000.0	12.0
18364	73456000.0	11.0
18365	73460000.0	8.0
18366	73464000.0	13.0
18367	73468000.0	20.0
18368	73472000.0	17.0
18369	73476000.0	13.0
18370	73480000.0	14.0
18371	73484000.0	10.0
18372	73488000.0	11.0
18373	73492000.0	11.0
18374	73496000.0	10.0
18375	73500000.0	9.0
18376	73504000.0	7.0
18377	73508000.0	9.0
18378	73512000.0	7.0
18379	73516000.0	13.0
18380	73520000.0	6.0
18381	73524000.0	9.0
18382	73528000.0	11.0
18383	73532000.0	11.0
18384	73536000.0	7.0
18385	73540000.0	14.0
18386	73544000.0	8.0
18387	73548000.0	15.0
18388	73552000.0	11.0
18389	73556000.0	8.0
18390	73560000.0	17.0
18391	73564000.0	12.0
18392	73568000.0	10.0
18393	73572000.0	13.0
18394	73576000.0	7.0
18395	73580000.0	12.0
18396	73584000.0	12.0
18397	73588000.0	6.0
18398	73592000.0	6.0
18399	73596000.0	12.0
18400	73600000.0	13.0
18401	73604000.0	7.0
18402	73608000.0	16.0
18403	73612000.0	14.0
18404	73616000.0	14.0
18405	73620000.0	14.0
18406	73624000.0	12.0
18407	73628000.0	9.0
18408	73632000.0	12.0
18409	73636000.0	14.0
18410	73640000.0	12.0
18411	73644000.0	15.0
18412	73648000.0	9.0
18413	73652000.0	11.0
18414	73656000.0	10.0
18415	73660000.0	7.0
18416	73664000.0	9.0
18417	73668000.0	12.0
18418	73672000.0	8.0
18419	73676000.0	7.0
18420	73680000.0	12.0
18421	73684000.0	5.0
18422	73688000.0	7.0
18423	73692000.0	10.0
18424	73696000.0	15.0
18425	73700000.0	9.0
18426	73704000.0	12.0
18427	73708000.0	12.0
18428	73712000.0	9.0
18429	73716000.0	10.0
18430	73720000.0	9.0
18431	73724000.0	6.0
18432	73728000.0	10.0
18433	73732000.0	8.0
18434	73736000.0	11.0
18435	73740000.0	11.0
18436	73744000.0	16.0
18437	73748000.0	11.0
18438	73752000.0	14.0
18439	73756000.0	12.0
18440	73760000.0	11.0
18441	73764000.0	10.0
18442	73768000.0	9.0
18443	73772000.0	11.0
18444	73776000.0	10.0
18445	73780000.0	14.0
18446	73784000.0	16.0
18447	73788000.0	12.0
18448	73792000.0	9.0
18449	73796000.0	12.0
18450	73800000.0	9.0
18451	73804000.0	10.0
18452	73808000.0	6.0
18453	73812000.0	10.0
18454	73816000.0	9.0
18455	73820000.0	10.0
18456	73824000.0	11.0
18457	73828000.0	8.0
18458	73832000.0	8.0
18459	73836000.0	16.0
18460	73840000.0	12.0
18461	73844000.0	13.0
18462	73848000.0	7.0
18463	73852000.0	11.0
18464	73856000.0	13.0
18465	73860000.0	13.0
18466	73864000.0	10.0
18467	73868000.0	11.0
18468	73872000.0	8.0
18469	73876000.0	9.0
18470	73880000.0	15.0
18471	73884000.0	14.0
18472	73888000.0	9.0
18473	73892000.0	12.0
18474	73896000.0	16.0
18475	73900000.0	9.0
18476	73904000.0	11.0
18477	73908000.0	17.0
18478	73912000.0	9.0
18479	73916000.0	12.0
18480	73920000.0	14.0
18481	73924000.0	7.0
18482	73928000.0	10.0
18483	73932000.0	14.0
18484	73936000.0	12.0
18485	73940000.0	9.0
18486	73944000.0	13.0
18487	73948000.0	13.0
18488	73952000.0	13.0
18489	73956000.0	12.0
18490	73960000.0	15.0
18491	73964000.0	11.0
18492	73968000.0	11.0
18493	73972000.0	5.0
18494	73976000.0	12.0
18495	73980000.0	10.0
18496	73984000.0	16.0
18497	73988000.0	14.0
18498	73992000.0	14.0
18499	73996000.0	7.0
18500	74000000.0	10.0
18501	74004000.0	11.0
18502	74008000.0	5.0
18503	74012000.0	13.0
18504	74016000.0	10.0
18505	74020000.0	12.0
18506	74024000.0	18.0
18507	74028000.0	11.0
18508	74032000.0	13.0
18509	74036000.0	11.0
18510	74040000.0	7.0
18511	74044000.0	12.0
18512	74048000.0	11.0
18513	74052000.0	9.0
18514	74056000.0	14.0
18515	74060000.0	9.0
18516	74064000.0	10.0
18517	74068000.0	6.0
18518	74072000.0	10.0
18519	74076000.0	8.0
18520	74080000.0	12.0
18521	74084000.0	12.0
18522	74088000.0	10.0
18523	74092000.0	15.0
18524	74096000.0	16.0
18525	74100000.0	11.0
18526	74104000.0	11.0
18527	74108000.0	12.0
18528	74112000.0	13.0
18529	74116000.0	15.0
18530	74120000.0	12.0
18531	74124000.0	6.0
18532	74128000.0	13.0
18533	74132000.0	12.0
18534	74136000.0	5.0
18535	74140000.0	10.0
18536	74144000.0	11.0
18537	74148000.0	8.0
18538	74152000.0	20.0
18539	74156000.0	20.0
18540	74160000.0	9.0
18541	74164000.0	13.0
18542	74168000.0	8.0
18543	74172000.0	11.0
18544	74176000.0	13.0
18545	74180000.0	10.0
18546	74184000.0	8.0
18547	74188000.0	8.0
18548	74192000.0	8.0
18549	74196000.0	15.0
18550	74200000.0	12.0
18551	74204000.0	10.0
18552	74208000.0	13.0
18553	74212000.0	12.0
18554	74216000.0	12.0
18555	74220000.0	10.0
18556	74224000.0	9.0
18557	74228000.0	20.0
18558	74232000.0	11.0
18559	74236000.0	10.0
18560	74240000.0	9.0
18561	74244000.0	10.0
18562	74248000.0	6.0
18563	74252000.0	15.0
18564	74256000.0	14.0
18565	74260000.0	13.0
18566	74264000.0	10.0
18567	74268000.0	19.0
18568	74272000.0	17.0
18569	74276000.0	7.0
18570	74280000.0	12.0
18571	74284000.0	12.0
18572	74288000.0	11.0
18573	74292000.0	5.0
18574	74296000.0	9.0
18575	74300000.0	11.0
18576	74304000.0	8.0
18577	74308000.0	11.0
18578	74312000.0	10.0
18579	74316000.0	6.0
18580	74320000.0	15.0
18581	74324000.0	11.0
18582	74328000.0	12.0
18583	74332000.0	12.0
18584	74336000.0	24.0
18585	74340000.0	9.0
18586	74344000.0	6.0
18587	74348000.0	13.0
18588	74352000.0	12.0
18589	74356000.0	15.0
18590	74360000.0	10.0
18591	74364000.0	8.0
18592	74368000.0	12.0
18593	74372000.0	18.0
18594	74376000.0	10.0
18595	74380000.0	4.0
18596	74384000.0	5.0
18597	74388000.0	14.0
18598	74392000.0	6.0
18599	74396000.0	9.0
18600	74400000.0	10.0
18601	74404000.0	11.0
18602	74408000.0	9.0
18603	74412000.0	15.0
18604	74416000.0	13.0
18605	74420000.0	14.0
18606	74424000.0	14.0
18607	74428000.0	14.0
18608	74432000.0	16.0
18609	74436000.0	8.0
18610	74440000.0	12.0
18611	74444000.0	9.0
18612	74448000.0	11.0
18613	74452000.0	7.0
18614	74456000.0	19.0
18615	74460000.0	9.0
18616	74464000.0	9.0
18617	74468000.0	13.0
18618	74472000.0	7.0
18619	74476000.0	13.0
18620	74480000.0	12.0
18621	74484000.0	10.0
18622	74488000.0	11.0
18623	74492000.0	10.0
18624	74496000.0	11.0
18625	74500000.0	9.0
18626	74504000.0	11.0
18627	74508000.0	8.0
18628	74512000.0	6.0
18629	74516000.0	4.0
18630	74520000.0	10.0
18631	74524000.0	3.0
18632	74528000.0	9.0
18633	74532000.0	15.0
18634	74536000.0	9.0
18635	74540000.0	14.0
18636	74544000.0	16.0
18637	74548000.0	11.0
18638	74552000.0	13.0
18639	74556000.0	10.0
18640	74560000.0	14.0
18641	74564000.0	6.0
18642	74568000.0	20.0
18643	74572000.0	10.0
18644	74576000.0	15.0
18645	74580000.0	11.0
18646	74584000.0	16.0
18647	74588000.0	14.0
18648	74592000.0	11.0
18649	74596000.0	11.0
18650	74600000.0	10.0
18651	74604000.0	15.0
18652	74608000.0	7.0
18653	74612000.0	15.0
18654	74616000.0	13.0
18655	74620000.0	14.0
18656	74624000.0	10.0
18657	74628000.0	6.0
18658	74632000.0	9.0
18659	74636000.0	9.0
18660	74640000.0	10.0
18661	74644000.0	16.0
18662	74648000.0	14.0
18663	74652000.0	17.0
18664	74656000.0	9.0
18665	74660000.0	17.0
18666	74664000.0	15.0
18667	74668000.0	7.0
18668	74672000.0	9.0
18669	74676000.0	8.0
18670	74680000.0	9.0
18671	74684000.0	13.0
18672	74688000.0	14.0
18673	74692000.0	15.0
18674	74696000.0	15.0
18675	74700000.0	8.0
18676	74704000.0	12.0
18677	74708000.0	12.0
18678	74712000.0	11.0
18679	74716000.0	14.0
18680	74720000.0	14.0
18681	74724000.0	11.0
18682	74728000.0	9.0
18683	74732000.0	7.0
18684	74736000.0	21.0
18685	74740000.0	9.0
18686	74744000.0	7.0
18687	74748000.0	11.0
18688	74752000.0	13.0
18689	74756000.0	6.0
18690	74760000.0	11.0
18691	74764000.0	11.0
18692	74768000.0	12.0
18693	74772000.0	12.0
18694	74776000.0	10.0
18695	74780000.0	13.0
18696	74784000.0	11.0
18697	74788000.0	15.0
18698	74792000.0	19.0
18699	74796000.0	12.0
18700	74800000.0	16.0
18701	74804000.0	10.0
18702	74808000.0	9.0
18703	74812000.0	10.0
18704	74816000.0	6.0
18705	74820000.0	15.0
18706	74824000.0	16.0
18707	74828000.0	10.0
18708	74832000.0	8.0
18709	74836000.0	11.0
18710	74840000.0	18.0
18711	74844000.0	6.0
18712	74848000.0	13.0
18713	74852000.0	10.0
18714	74856000.0	9.0
18715	74860000.0	13.0
18716	74864000.0	8.0
18717	74868000.0	10.0
18718	74872000.0	12.0
18719	74876000.0	14.0
18720	74880000.0	6.0
18721	74884000.0	12.0
18722	74888000.0	13.0
18723	74892000.0	20.0
18724	74896000.0	10.0
18725	74900000.0	10.0
18726	74904000.0	7.0
18727	74908000.0	15.0
18728	74912000.0	11.0
18729	74916000.0	13.0
18730	74920000.0	11.0
18731	74924000.0	13.0
18732	74928000.0	6.0
18733	74932000.0	9.0
18734	74936000.0	8.0
18735	74940000.0	11.0
18736	74944000.0	9.0
18737	74948000.0	15.0
18738	74952000.0	13.0
18739	74956000.0	10.0
18740	74960000.0	12.0
18741	74964000.0	7.0
18742	74968000.0	11.0
18743	74972000.0	15.0
18744	74976000.0	13.0
18745	74980000.0	9.0
18746	74984000.0	9.0
18747	74988000.0	11.0
18748	74992000.0	8.0
18749	74996000.0	9.0
18750	75000000.0	5.0
18751	75004000.0	18.0
18752	75008000.0	15.0
18753	75012000.0	10.0
18754	75016000.0	11.0
18755	75020000.0	9.0
18756	75024000.0	9.0
18757	75028000.0	6.0
18758	75032000.0	9.0
18759	75036000.0	7.0
18760	75040000.0	9.0
18761	75044000.0	8.0
18762	75048000.0	9.0
18763	75052000.0	9.0
18764	75056000.0	3.0
18765	75060000.0	11.0
18766	75064000.0	10.0
18767	75068000.0	8.0
18768	75072000.0	16.0
18769	75076000.0	11.0
18770	75080000.0	8.0
18771	75084000.0	11.0
18772	75088000.0	15.0
18773	75092000.0	14.0
18774	75096000.0	13.0
18775	75100000.0	15.0
18776	75104000.0	14.0
18777	75108000.0	11.0
18778	75112000.0	8.0
18779	75116000.0	9.0
18780	75120000.0	13.0
18781	75124000.0	12.0
18782	75128000.0	4.0
18783	75132000.0	10.0
18784	75136000.0	9.0
18785	75140000.0	16.0
18786	75144000.0	10.0
18787	75148000.0	13.0
18788	75152000.0	9.0
18789	75156000.0	11.0
18790	75160000.0	8.0
18791	75164000.0	10.0
18792	75168000.0	11.0
18793	75172000.0	18.0
18794	75176000.0	14.0
18795	75180000.0	7.0
18796	75184000.0	12.0
18797	75188000.0	9.0
18798	75192000.0	15.0
18799	75196000.0	7.0
18800	75200000.0	8.0
18801	75204000.0	11.0
18802	75208000.0	12.0
18803	75212000.0	15.0
18804	75216000.0	10.0
18805	75220000.0	14.0
18806	75224000.0	6.0
18807	75228000.0	11.0
18808	75232000.0	14.0
18809	75236000.0	10.0
18810	75240000.0	14.0
18811	75244000.0	8.0
18812	75248000.0	3.0
18813	75252000.0	9.0
18814	75256000.0	8.0
18815	75260000.0	6.0
18816	75264000.0	8.0
18817	75268000.0	11.0
18818	75272000.0	10.0
18819	75276000.0	9.0
18820	75280000.0	8.0
18821	75284000.0	12.0
18822	75288000.0	10.0
18823	75292000.0	9.0
18824	75296000.0	11.0
18825	75300000.0	13.0
18826	75304000.0	11.0
18827	75308000.0	12.0
18828	75312000.0	13.0
18829	75316000.0	16.0
18830	75320000.0	10.0
18831	75324000.0	10.0
18832	75328000.0	11.0
18833	75332000.0	12.0
18834	75336000.0	11.0
18835	75340000.0	9.0
18836	75344000.0	9.0
18837	75348000.0	10.0
18838	75352000.0	15.0
18839	75356000.0	9.0
18840	75360000.0	6.0
18841	75364000.0	12.0
18842	75368000.0	8.0
18843	75372000.0	5.0
18844	75376000.0	13.0
18845	75380000.0	6.0
18846	75384000.0	23.0
18847	75388000.0	6.0
18848	75392000.0	12.0
18849	75396000.0	12.0
18850	75400000.0	9.0
18851	75404000.0	16.0
18852	75408000.0	16.0
18853	75412000.0	6.0
18854	75416000.0	14.0
18855	75420000.0	17.0
18856	75424000.0	6.0
18857	75428000.0	9.0
18858	75432000.0	19.0
18859	75436000.0	5.0
18860	75440000.0	8.0
18861	75444000.0	10.0
18862	75448000.0	11.0
18863	75452000.0	7.0
18864	75456000.0	9.0
18865	75460000.0	11.0
18866	75464000.0	9.0
18867	75468000.0	16.0
18868	75472000.0	7.0
18869	75476000.0	13.0
18870	75480000.0	8.0
18871	75484000.0	13.0
18872	75488000.0	8.0
18873	75492000.0	10.0
18874	75496000.0	12.0
18875	75500000.0	10.0
18876	75504000.0	17.0
18877	75508000.0	8.0
18878	75512000.0	7.0
18879	75516000.0	9.0
18880	75520000.0	7.0
18881	75524000.0	9.0
18882	75528000.0	3.0
18883	75532000.0	18.0
18884	75536000.0	12.0
18885	75540000.0	12.0
18886	75544000.0	11.0
18887	75548000.0	13.0
18888	75552000.0	12.0
18889	75556000.0	11.0
18890	75560000.0	11.0
18891	75564000.0	7.0
18892	75568000.0	11.0
18893	75572000.0	8.0
18894	75576000.0	9.0
18895	75580000.0	8.0
18896	75584000.0	14.0
18897	75588000.0	13.0
18898	75592000.0	12.0
18899	75596000.0	9.0
18900	75600000.0	8.0
18901	75604000.0	14.0
18902	75608000.0	12.0
18903	75612000.0	10.0
18904	75616000.0	9.0
18905	75620000.0	15.0
18906	75624000.0	9.0
18907	75628000.0	11.0
18908	75632000.0	10.0
18909	75636000.0	11.0
18910	75640000.0	11.0
18911	75644000.0	12.0
18912	75648000.0	11.0
18913	75652000.0	13.0
18914	75656000.0	6.0
18915	75660000.0	14.0
18916	75664000.0	11.0
18917	75668000.0	5.0
18918	75672000.0	12.0
18919	75676000.0	8.0
18920	75680000.0	12.0
18921	75684000.0	5.0
18922	75688000.0	12.0
18923	75692000.0	8.0
18924	75696000.0	11.0
18925	75700000.0	9.0
18926	75704000.0	11.0
18927	75708000.0	7.0
18928	75712000.0	14.0
18929	75716000.0	6.0
18930	75720000.0	9.0
18931	75724000.0	12.0
18932	75728000.0	11.0
18933	75732000.0	9.0
18934	75736000.0	8.0
18935	75740000.0	10.0
18936	75744000.0	14.0
18937	75748000.0	11.0
18938	75752000.0	7.0
18939	75756000.0	8.0
18940	75760000.0	5.0
18941	75764000.0	7.0
18942	75768000.0	6.0
18943	75772000.0	12.0
18944	75776000.0	9.0
18945	75780000.0	7.0
18946	75784000.0	9.0
18947	75788000.0	13.0
18948	75792000.0	11.0
18949	75796000.0	8.0
18950	75800000.0	6.0
18951	75804000.0	12.0
18952	75808000.0	12.0
18953	75812000.0	10.0
18954	75816000.0	7.0
18955	75820000.0	11.0
18956	75824000.0	13.0
18957	75828000.0	7.0
18958	75832000.0	10.0
18959	75836000.0	11.0
18960	75840000.0	12.0
18961	75844000.0	10.0
18962	75848000.0	13.0
18963	75852000.0	3.0
18964	75856000.0	12.0
18965	75860000.0	12.0
18966	75864000.0	15.0
18967	75868000.0	12.0
18968	75872000.0	12.0
18969	75876000.0	9.0
18970	75880000.0	9.0
18971	75884000.0	7.0
18972	75888000.0	12.0
18973	75892000.0	11.0
18974	75896000.0	11.0
18975	75900000.0	10.0
18976	75904000.0	11.0
18977	75908000.0	17.0
18978	75912000.0	11.0
18979	75916000.0	10.0
18980	75920000.0	8.0
18981	75924000.0	5.0
18982	75928000.0	8.0
18983	75932000.0	14.0
18984	75936000.0	5.0
18985	75940000.0	8.0
18986	75944000.0	9.0
18987	75948000.0	6.0
18988	75952000.0	7.0
18989	75956000.0	10.0
18990	75960000.0	7.0
18991	75964000.0	10.0
18992	75968000.0	10.0
18993	75972000.0	9.0
18994	75976000.0	11.0
18995	75980000.0	15.0
18996	75984000.0	9.0
18997	75988000.0	8.0
18998	75992000.0	11.0
18999	75996000.0	8.0
19000	76000000.0	6.0
19001	76004000.0	11.0
19002	76008000.0	8.0
19003	76012000.0	11.0
19004	76016000.0	13.0
19005	76020000.0	6.0
19006	76024000.0	9.0
19007	76028000.0	10.0
19008	76032000.0	11.0
19009	76036000.0	8.0
19010	76040000.0	12.0
19011	76044000.0	7.0
19012	76048000.0	8.0
19013	76052000.0	11.0
19014	76056000.0	13.0
19015	76060000.0	8.0
19016	76064000.0	13.0
19017	76068000.0	12.0
19018	76072000.0	16.0
19019	76076000.0	9.0
19020	76080000.0	16.0
19021	76084000.0	14.0
19022	76088000.0	5.0
19023	76092000.0	9.0
19024	76096000.0	12.0
19025	76100000.0	7.0
19026	76104000.0	9.0
19027	76108000.0	11.0
19028	76112000.0	12.0
19029	76116000.0	8.0
19030	76120000.0	8.0
19031	76124000.0	8.0
19032	76128000.0	8.0
19033	76132000.0	13.0
19034	76136000.0	7.0
19035	76140000.0	12.0
19036	76144000.0	10.0
19037	76148000.0	15.0
19038	76152000.0	10.0
19039	76156000.0	7.0
19040	76160000.0	10.0
19041	76164000.0	16.0
19042	76168000.0	12.0
19043	76172000.0	8.0
19044	76176000.0	12.0
19045	76180000.0	12.0
19046	76184000.0	7.0
19047	76188000.0	13.0
19048	76192000.0	9.0
19049	76196000.0	12.0
19050	76200000.0	10.0
19051	76204000.0	10.0
19052	76208000.0	9.0
19053	76212000.0	9.0
19054	76216000.0	7.0
19055	76220000.0	8.0
19056	76224000.0	11.0
19057	76228000.0	12.0
19058	76232000.0	5.0
19059	76236000.0	12.0
19060	76240000.0	8.0
19061	76244000.0	12.0
19062	76248000.0	12.0
19063	76252000.0	13.0
19064	76256000.0	10.0
19065	76260000.0	7.0
19066	76264000.0	6.0
19067	76268000.0	11.0
19068	76272000.0	7.0
19069	76276000.0	9.0
19070	76280000.0	11.0
19071	76284000.0	14.0
19072	76288000.0	5.0
19073	76292000.0	4.0
19074	76296000.0	9.0
19075	76300000.0	5.0
19076	76304000.0	5.0
19077	76308000.0	12.0
19078	76312000.0	15.0
19079	76316000.0	4.0
19080	76320000.0	13.0
19081	76324000.0	5.0
19082	76328000.0	6.0
19083	76332000.0	7.0
19084	76336000.0	11.0
19085	76340000.0	12.0
19086	76344000.0	9.0
19087	76348000.0	9.0
19088	76352000.0	8.0
19089	76356000.0	10.0
19090	76360000.0	8.0
19091	76364000.0	14.0
19092	76368000.0	9.0
19093	76372000.0	10.0
19094	76376000.0	12.0
19095	76380000.0	8.0
19096	76384000.0	10.0
19097	76388000.0	9.0
19098	76392000.0	6.0
19099	76396000.0	11.0
19100	76400000.0	8.0
19101	76404000.0	11.0
19102	76408000.0	6.0
19103	76412000.0	6.0
19104	76416000.0	6.0
19105	76420000.0	10.0
19106	76424000.0	5.0
19107	76428000.0	8.0
19108	76432000.0	9.0
19109	76436000.0	14.0
19110	76440000.0	5.0
19111	76444000.0	8.0
19112	76448000.0	6.0
19113	76452000.0	15.0
19114	76456000.0	8.0
19115	76460000.0	10.0
19116	76464000.0	11.0
19117	76468000.0	14.0
19118	76472000.0	8.0
19119	76476000.0	10.0
19120	76480000.0	9.0
19121	76484000.0	8.0
19122	76488000.0	11.0
19123	76492000.0	11.0
19124	76496000.0	13.0
19125	76500000.0	10.0
19126	76504000.0	9.0
19127	76508000.0	16.0
19128	76512000.0	8.0
19129	76516000.0	21.0
19130	76520000.0	9.0
19131	76524000.0	10.0
19132	76528000.0	13.0
19133	76532000.0	9.0
19134	76536000.0	14.0
19135	76540000.0	6.0
19136	76544000.0	8.0
19137	76548000.0	9.0
19138	76552000.0	10.0
19139	76556000.0	12.0
19140	76560000.0	5.0
19141	76564000.0	11.0
19142	76568000.0	9.0
19143	76572000.0	9.0
19144	76576000.0	8.0
19145	76580000.0	12.0
19146	76584000.0	7.0
19147	76588000.0	15.0
19148	76592000.0	16.0
19149	76596000.0	12.0
19150	76600000.0	6.0
19151	76604000.0	8.0
19152	76608000.0	12.0
19153	76612000.0	9.0
19154	76616000.0	8.0
19155	76620000.0	14.0
19156	76624000.0	8.0
19157	76628000.0	11.0
19158	76632000.0	8.0
19159	76636000.0	11.0
19160	76640000.0	10.0
19161	76644000.0	15.0
19162	76648000.0	12.0
19163	76652000.0	10.0
19164	76656000.0	5.0
19165	76660000.0	3.0
19166	76664000.0	6.0
19167	76668000.0	10.0
19168	76672000.0	13.0
19169	76676000.0	6.0
19170	76680000.0	10.0
19171	76684000.0	6.0
19172	76688000.0	15.0
19173	76692000.0	10.0
19174	76696000.0	6.0
19175	76700000.0	9.0
19176	76704000.0	10.0
19177	76708000.0	12.0
19178	76712000.0	5.0
19179	76716000.0	13.0
19180	76720000.0	10.0
19181	76724000.0	8.0
19182	76728000.0	9.0
19183	76732000.0	18.0
19184	76736000.0	8.0
19185	76740000.0	13.0
19186	76744000.0	8.0
19187	76748000.0	11.0
19188	76752000.0	10.0
19189	76756000.0	8.0
19190	76760000.0	12.0
19191	76764000.0	4.0
19192	76768000.0	13.0
19193	76772000.0	8.0
19194	76776000.0	8.0
19195	76780000.0	10.0
19196	76784000.0	7.0
19197	76788000.0	11.0
19198	76792000.0	12.0
19199	76796000.0	5.0
19200	76800000.0	9.0
19201	76804000.0	8.0
19202	76808000.0	14.0
19203	76812000.0	8.0
19204	76816000.0	10.0
19205	76820000.0	10.0
19206	76824000.0	6.0
19207	76828000.0	13.0
19208	76832000.0	7.0
19209	76836000.0	8.0
19210	76840000.0	8.0
19211	76844000.0	12.0
19212	76848000.0	13.0
19213	76852000.0	9.0
19214	76856000.0	4.0
19215	76860000.0	9.0
19216	76864000.0	11.0
19217	76868000.0	7.0
19218	76872000.0	12.0
19219	76876000.0	11.0
19220	76880000.0	12.0
19221	76884000.0	13.0
19222	76888000.0	13.0
19223	76892000.0	12.0
19224	76896000.0	12.0
19225	76900000.0	13.0
19226	76904000.0	14.0
19227	76908000.0	5.0
19228	76912000.0	11.0
19229	76916000.0	7.0
19230	76920000.0	13.0
19231	76924000.0	7.0
19232	76928000.0	9.0
19233	76932000.0	12.0
19234	76936000.0	8.0
19235	76940000.0	8.0
19236	76944000.0	9.0
19237	76948000.0	14.0
19238	76952000.0	7.0
19239	76956000.0	9.0
19240	76960000.0	12.0
19241	76964000.0	8.0
19242	76968000.0	11.0
19243	76972000.0	10.0
19244	76976000.0	12.0
19245	76980000.0	12.0
19246	76984000.0	9.0
19247	76988000.0	5.0
19248	76992000.0	10.0
19249	76996000.0	9.0
19250	77000000.0	8.0
19251	77004000.0	5.0
19252	77008000.0	8.0
19253	77012000.0	10.0
19254	77016000.0	5.0
19255	77020000.0	5.0
19256	77024000.0	13.0
19257	77028000.0	4.0
19258	77032000.0	8.0
19259	77036000.0	12.0
19260	77040000.0	9.0
19261	77044000.0	10.0
19262	77048000.0	6.0
19263	77052000.0	6.0
19264	77056000.0	13.0
19265	77060000.0	10.0
19266	77064000.0	7.0
19267	77068000.0	9.0
19268	77072000.0	12.0
19269	77076000.0	10.0
19270	77080000.0	7.0
19271	77084000.0	16.0
19272	77088000.0	13.0
19273	77092000.0	9.0
19274	77096000.0	9.0
19275	77100000.0	5.0
19276	77104000.0	8.0
19277	77108000.0	11.0
19278	77112000.0	13.0
19279	77116000.0	11.0
19280	77120000.0	12.0
19281	77124000.0	8.0
19282	77128000.0	8.0
19283	77132000.0	11.0
19284	77136000.0	14.0
19285	77140000.0	13.0
19286	77144000.0	11.0
19287	77148000.0	16.0
19288	77152000.0	15.0
19289	77156000.0	10.0
19290	77160000.0	9.0
19291	77164000.0	8.0
19292	77168000.0	4.0
19293	77172000.0	13.0
19294	77176000.0	7.0
19295	77180000.0	11.0
19296	77184000.0	8.0
19297	77188000.0	9.0
19298	77192000.0	8.0
19299	77196000.0	12.0
19300	77200000.0	9.0
19301	77204000.0	8.0
19302	77208000.0	8.0
19303	77212000.0	16.0
19304	77216000.0	15.0
19305	77220000.0	10.0
19306	77224000.0	4.0
19307	77228000.0	11.0
19308	77232000.0	10.0
19309	77236000.0	13.0
19310	77240000.0	12.0
19311	77244000.0	9.0
19312	77248000.0	11.0
19313	77252000.0	9.0
19314	77256000.0	14.0
19315	77260000.0	13.0
19316	77264000.0	7.0
19317	77268000.0	11.0
19318	77272000.0	10.0
19319	77276000.0	19.0
19320	77280000.0	10.0
19321	77284000.0	14.0
19322	77288000.0	11.0
19323	77292000.0	11.0
19324	77296000.0	9.0
19325	77300000.0	9.0
19326	77304000.0	9.0
19327	77308000.0	8.0
19328	77312000.0	9.0
19329	77316000.0	10.0
19330	77320000.0	10.0
19331	77324000.0	6.0
19332	77328000.0	10.0
19333	77332000.0	6.0
19334	77336000.0	14.0
19335	77340000.0	10.0
19336	77344000.0	8.0
19337	77348000.0	12.0
19338	77352000.0	10.0
19339	77356000.0	10.0
19340	77360000.0	11.0
19341	77364000.0	7.0
19342	77368000.0	9.0
19343	77372000.0	13.0
19344	77376000.0	9.0
19345	77380000.0	11.0
19346	77384000.0	8.0
19347	77388000.0	7.0
19348	77392000.0	8.0
19349	77396000.0	10.0
19350	77400000.0	15.0
19351	77404000.0	8.0
19352	77408000.0	9.0
19353	77412000.0	8.0
19354	77416000.0	18.0
19355	77420000.0	12.0
19356	77424000.0	9.0
19357	77428000.0	18.0
19358	77432000.0	3.0
19359	77436000.0	10.0
19360	77440000.0	12.0
19361	77444000.0	10.0
19362	77448000.0	12.0
19363	77452000.0	8.0
19364	77456000.0	10.0
19365	77460000.0	9.0
19366	77464000.0	9.0
19367	77468000.0	9.0
19368	77472000.0	17.0
19369	77476000.0	9.0
19370	77480000.0	15.0
19371	77484000.0	9.0
19372	77488000.0	10.0
19373	77492000.0	10.0
19374	77496000.0	17.0
19375	77500000.0	13.0
19376	77504000.0	9.0
19377	77508000.0	10.0
19378	77512000.0	9.0
19379	77516000.0	5.0
19380	77520000.0	14.0
19381	77524000.0	11.0
19382	77528000.0	13.0
19383	77532000.0	8.0
19384	77536000.0	14.0
19385	77540000.0	9.0
19386	77544000.0	9.0
19387	77548000.0	8.0
19388	77552000.0	12.0
19389	77556000.0	12.0
19390	77560000.0	6.0
19391	77564000.0	11.0
19392	77568000.0	13.0
19393	77572000.0	7.0
19394	77576000.0	10.0
19395	77580000.0	8.0
19396	77584000.0	9.0
19397	77588000.0	8.0
19398	77592000.0	11.0
19399	77596000.0	13.0
19400	77600000.0	4.0
19401	77604000.0	8.0
19402	77608000.0	13.0
19403	77612000.0	8.0
19404	77616000.0	10.0
19405	77620000.0	11.0
19406	77624000.0	9.0
19407	77628000.0	12.0
19408	77632000.0	17.0
19409	77636000.0	5.0
19410	77640000.0	8.0
19411	77644000.0	16.0
19412	77648000.0	7.0
19413	77652000.0	11.0
19414	77656000.0	6.0
19415	77660000.0	8.0
19416	77664000.0	9.0
19417	77668000.0	11.0
19418	77672000.0	10.0
19419	77676000.0	16.0
19420	77680000.0	8.0
19421	77684000.0	15.0
19422	77688000.0	15.0
19423	77692000.0	7.0
19424	77696000.0	9.0
19425	77700000.0	13.0
19426	77704000.0	7.0
19427	77708000.0	8.0
19428	77712000.0	14.0
19429	77716000.0	8.0
19430	77720000.0	9.0
19431	77724000.0	2.0
19432	77728000.0	9.0
19433	77732000.0	4.0
19434	77736000.0	10.0
19435	77740000.0	11.0
19436	77744000.0	8.0
19437	77748000.0	10.0
19438	77752000.0	9.0
19439	77756000.0	8.0
19440	77760000.0	9.0
19441	77764000.0	8.0
19442	77768000.0	7.0
19443	77772000.0	6.0
19444	77776000.0	5.0
19445	77780000.0	9.0
19446	77784000.0	11.0
19447	77788000.0	5.0
19448	77792000.0	12.0
19449	77796000.0	7.0
19450	77800000.0	11.0
19451	77804000.0	7.0
19452	77808000.0	7.0
19453	77812000.0	17.0
19454	77816000.0	9.0
19455	77820000.0	13.0
19456	77824000.0	7.0
19457	77828000.0	7.0
19458	77832000.0	10.0
19459	77836000.0	13.0
19460	77840000.0	12.0
19461	77844000.0	7.0
19462	77848000.0	10.0
19463	77852000.0	11.0
19464	77856000.0	16.0
19465	77860000.0	6.0
19466	77864000.0	12.0
19467	77868000.0	10.0
19468	77872000.0	5.0
19469	77876000.0	12.0
19470	77880000.0	8.0
19471	77884000.0	10.0
19472	77888000.0	9.0
19473	77892000.0	10.0
19474	77896000.0	10.0
19475	77900000.0	13.0
19476	77904000.0	8.0
19477	77908000.0	12.0
19478	77912000.0	3.0
19479	77916000.0	4.0
19480	77920000.0	12.0
19481	77924000.0	11.0
19482	77928000.0	18.0
19483	77932000.0	13.0
19484	77936000.0	11.0
19485	77940000.0	14.0
19486	77944000.0	13.0
19487	77948000.0	10.0
19488	77952000.0	12.0
19489	77956000.0	14.0
19490	77960000.0	12.0
19491	77964000.0	12.0
19492	77968000.0	10.0
19493	77972000.0	7.0
19494	77976000.0	5.0
19495	77980000.0	8.0
19496	77984000.0	11.0
19497	77988000.0	16.0
19498	77992000.0	8.0
19499	77996000.0	6.0
19500	78000000.0	11.0
19501	78004000.0	9.0
19502	78008000.0	10.0
19503	78012000.0	9.0
19504	78016000.0	11.0
19505	78020000.0	14.0
19506	78024000.0	11.0
19507	78028000.0	18.0
19508	78032000.0	15.0
19509	78036000.0	7.0
19510	78040000.0	11.0
19511	78044000.0	6.0
19512	78048000.0	8.0
19513	78052000.0	7.0
19514	78056000.0	8.0
19515	78060000.0	7.0
19516	78064000.0	7.0
19517	78068000.0	10.0
19518	78072000.0	14.0
19519	78076000.0	9.0
19520	78080000.0	12.0
19521	78084000.0	11.0
19522	78088000.0	5.0
19523	78092000.0	12.0
19524	78096000.0	11.0
19525	78100000.0	11.0
19526	78104000.0	14.0
19527	78108000.0	12.0
19528	78112000.0	9.0
19529	78116000.0	10.0
19530	78120000.0	8.0
19531	78124000.0	9.0
19532	78128000.0	10.0
19533	78132000.0	10.0
19534	78136000.0	7.0
19535	78140000.0	5.0
19536	78144000.0	9.0
19537	78148000.0	10.0
19538	78152000.0	8.0
19539	78156000.0	6.0
19540	78160000.0	8.0
19541	78164000.0	16.0
19542	78168000.0	10.0
19543	78172000.0	6.0
19544	78176000.0	13.0
19545	78180000.0	7.0
19546	78184000.0	10.0
19547	78188000.0	7.0
19548	78192000.0	7.0
19549	78196000.0	7.0
19550	78200000.0	9.0
19551	78204000.0	13.0
19552	78208000.0	8.0
19553	78212000.0	11.0
19554	78216000.0	7.0
19555	78220000.0	9.0
19556	78224000.0	8.0
19557	78228000.0	8.0
19558	78232000.0	10.0
19559	78236000.0	10.0
19560	78240000.0	7.0
19561	78244000.0	6.0
19562	78248000.0	4.0
19563	78252000.0	10.0
19564	78256000.0	6.0
19565	78260000.0	13.0
19566	78264000.0	7.0
19567	78268000.0	8.0
19568	78272000.0	13.0
19569	78276000.0	14.0
19570	78280000.0	11.0
19571	78284000.0	11.0
19572	78288000.0	7.0
19573	78292000.0	9.0
19574	78296000.0	14.0
19575	78300000.0	5.0
19576	78304000.0	15.0
19577	78308000.0	15.0
19578	78312000.0	10.0
19579	78316000.0	8.0
19580	78320000.0	8.0
19581	78324000.0	3.0
19582	78328000.0	11.0
19583	78332000.0	7.0
19584	78336000.0	8.0
19585	78340000.0	8.0
19586	78344000.0	7.0
19587	78348000.0	9.0
19588	78352000.0	8.0
19589	78356000.0	15.0
19590	78360000.0	10.0
19591	78364000.0	13.0
19592	78368000.0	11.0
19593	78372000.0	9.0
19594	78376000.0	15.0
19595	78380000.0	4.0
19596	78384000.0	6.0
19597	78388000.0	9.0
19598	78392000.0	9.0
19599	78396000.0	6.0
19600	78400000.0	15.0
19601	78404000.0	9.0
19602	78408000.0	10.0
19603	78412000.0	11.0
19604	78416000.0	7.0
19605	78420000.0	5.0
19606	78424000.0	17.0
19607	78428000.0	5.0
19608	78432000.0	12.0
19609	78436000.0	12.0
19610	78440000.0	8.0
19611	78444000.0	9.0
19612	78448000.0	9.0
19613	78452000.0	16.0
19614	78456000.0	10.0
19615	78460000.0	11.0
19616	78464000.0	9.0
19617	78468000.0	11.0
19618	78472000.0	19.0
19619	78476000.0	8.0
19620	78480000.0	8.0
19621	78484000.0	9.0
19622	78488000.0	10.0
19623	78492000.0	11.0
19624	78496000.0	10.0
19625	78500000.0	8.0
19626	78504000.0	7.0
19627	78508000.0	6.0
19628	78512000.0	7.0
19629	78516000.0	12.0
19630	78520000.0	9.0
19631	78524000.0	8.0
19632	78528000.0	10.0
19633	78532000.0	6.0
19634	78536000.0	14.0
19635	78540000.0	9.0
19636	78544000.0	10.0
19637	78548000.0	11.0
19638	78552000.0	9.0
19639	78556000.0	9.0
19640	78560000.0	11.0
19641	78564000.0	10.0
19642	78568000.0	7.0
19643	78572000.0	15.0
19644	78576000.0	10.0
19645	78580000.0	10.0
19646	78584000.0	7.0
19647	78588000.0	6.0
19648	78592000.0	13.0
19649	78596000.0	9.0
19650	78600000.0	9.0
19651	78604000.0	15.0
19652	78608000.0	8.0
19653	78612000.0	11.0
19654	78616000.0	10.0
19655	78620000.0	13.0
19656	78624000.0	9.0
19657	78628000.0	8.0
19658	78632000.0	12.0
19659	78636000.0	13.0
19660	78640000.0	5.0
19661	78644000.0	12.0
19662	78648000.0	8.0
19663	78652000.0	6.0
19664	78656000.0	6.0
19665	78660000.0	8.0
19666	78664000.0	16.0
19667	78668000.0	9.0
19668	78672000.0	13.0
19669	78676000.0	22.0
19670	78680000.0	6.0
19671	78684000.0	10.0
19672	78688000.0	5.0
19673	78692000.0	9.0
19674	78696000.0	12.0
19675	78700000.0	10.0
19676	78704000.0	12.0
19677	78708000.0	6.0
19678	78712000.0	11.0
19679	78716000.0	9.0
19680	78720000.0	12.0
19681	78724000.0	6.0
19682	78728000.0	9.0
19683	78732000.0	13.0
19684	78736000.0	8.0
19685	78740000.0	15.0
19686	78744000.0	14.0
19687	78748000.0	6.0
19688	78752000.0	10.0
19689	78756000.0	10.0
19690	78760000.0	6.0
19691	78764000.0	6.0
19692	78768000.0	8.0
19693	78772000.0	7.0
19694	78776000.0	8.0
19695	78780000.0	7.0
19696	78784000.0	3.0
19697	78788000.0	7.0
19698	78792000.0	11.0
19699	78796000.0	8.0
19700	78800000.0	10.0
19701	78804000.0	10.0
19702	78808000.0	14.0
19703	78812000.0	10.0
19704	78816000.0	9.0
19705	78820000.0	7.0
19706	78824000.0	8.0
19707	78828000.0	12.0
19708	78832000.0	11.0
19709	78836000.0	16.0
19710	78840000.0	16.0
19711	78844000.0	6.0
19712	78848000.0	11.0
19713	78852000.0	10.0
19714	78856000.0	11.0
19715	78860000.0	13.0
19716	78864000.0	7.0
19717	78868000.0	8.0
19718	78872000.0	9.0
19719	78876000.0	10.0
19720	78880000.0	7.0
19721	78884000.0	6.0
19722	78888000.0	11.0
19723	78892000.0	10.0
19724	78896000.0	8.0
19725	78900000.0	7.0
19726	78904000.0	11.0
19727	78908000.0	13.0
19728	78912000.0	7.0
19729	78916000.0	11.0
19730	78920000.0	16.0
19731	78924000.0	7.0
19732	78928000.0	7.0
19733	78932000.0	11.0
19734	78936000.0	13.0
19735	78940000.0	12.0
19736	78944000.0	13.0
19737	78948000.0	8.0
19738	78952000.0	10.0
19739	78956000.0	8.0
19740	78960000.0	8.0
19741	78964000.0	6.0
19742	78968000.0	6.0
19743	78972000.0	8.0
19744	78976000.0	9.0
19745	78980000.0	8.0
19746	78984000.0	8.0
19747	78988000.0	11.0
19748	78992000.0	12.0
19749	78996000.0	14.0
19750	79000000.0	6.0
19751	79004000.0	5.0
19752	79008000.0	10.0
19753	79012000.0	14.0
19754	79016000.0	7.0
19755	79020000.0	14.0
19756	79024000.0	3.0
19757	79028000.0	13.0
19758	79032000.0	9.0
19759	79036000.0	9.0
19760	79040000.0	9.0
19761	79044000.0	10.0
19762	79048000.0	8.0
19763	79052000.0	12.0
19764	79056000.0	17.0
19765	79060000.0	6.0
19766	79064000.0	8.0
19767	79068000.0	15.0
19768	79072000.0	10.0
19769	79076000.0	13.0
19770	79080000.0	5.0
19771	79084000.0	11.0
19772	79088000.0	9.0
19773	79092000.0	15.0
19774	79096000.0	6.0
19775	79100000.0	9.0
19776	79104000.0	14.0
19777	79108000.0	15.0
19778	79112000.0	7.0
19779	79116000.0	9.0
19780	79120000.0	8.0
19781	79124000.0	12.0
19782	79128000.0	12.0
19783	79132000.0	12.0
19784	79136000.0	8.0
19785	79140000.0	15.0
19786	79144000.0	9.0
19787	79148000.0	10.0
19788	79152000.0	13.0
19789	79156000.0	6.0
19790	79160000.0	13.0
19791	79164000.0	11.0
19792	79168000.0	7.0
19793	79172000.0	6.0
19794	79176000.0	12.0
19795	79180000.0	4.0
19796	79184000.0	9.0
19797	79188000.0	7.0
19798	79192000.0	10.0
19799	79196000.0	16.0
19800	79200000.0	11.0
19801	79204000.0	10.0
19802	79208000.0	16.0
19803	79212000.0	12.0
19804	79216000.0	12.0
19805	79220000.0	15.0
19806	79224000.0	8.0
19807	79228000.0	7.0
19808	79232000.0	13.0
19809	79236000.0	13.0
19810	79240000.0	2.0
19811	79244000.0	12.0
19812	79248000.0	6.0
19813	79252000.0	14.0
19814	79256000.0	3.0
19815	79260000.0	10.0
19816	79264000.0	9.0
19817	79268000.0	9.0
19818	79272000.0	8.0
19819	79276000.0	11.0
19820	79280000.0	9.0
19821	79284000.0	2.0
19822	79288000.0	9.0
19823	79292000.0	8.0
19824	79296000.0	12.0
19825	79300000.0	13.0
19826	79304000.0	10.0
19827	79308000.0	7.0
19828	79312000.0	8.0
19829	79316000.0	5.0
19830	79320000.0	14.0
19831	79324000.0	7.0
19832	79328000.0	7.0
19833	79332000.0	9.0
19834	79336000.0	8.0
19835	79340000.0	12.0
19836	79344000.0	5.0
19837	79348000.0	10.0
19838	79352000.0	8.0
19839	79356000.0	12.0
19840	79360000.0	7.0
19841	79364000.0	10.0
19842	79368000.0	16.0
19843	79372000.0	9.0
19844	79376000.0	10.0
19845	79380000.0	6.0
19846	79384000.0	6.0
19847	79388000.0	11.0
19848	79392000.0	16.0
19849	79396000.0	7.0
19850	79400000.0	10.0
19851	79404000.0	4.0
19852	79408000.0	11.0
19853	79412000.0	10.0
19854	79416000.0	7.0
19855	79420000.0	10.0
19856	79424000.0	10.0
19857	79428000.0	8.0
19858	79432000.0	10.0
19859	79436000.0	8.0
19860	79440000.0	9.0
19861	79444000.0	13.0
19862	79448000.0	8.0
19863	79452000.0	7.0
19864	79456000.0	13.0
19865	79460000.0	7.0
19866	79464000.0	10.0
19867	79468000.0	8.0
19868	79472000.0	6.0
19869	79476000.0	12.0
19870	79480000.0	5.0
19871	79484000.0	7.0
19872	79488000.0	11.0
19873	79492000.0	14.0
19874	79496000.0	14.0
19875	79500000.0	10.0
19876	79504000.0	9.0
19877	79508000.0	10.0
19878	79512000.0	8.0
19879	79516000.0	21.0
19880	79520000.0	8.0
19881	79524000.0	9.0
19882	79528000.0	11.0
19883	79532000.0	15.0
19884	79536000.0	11.0
19885	79540000.0	9.0
19886	79544000.0	18.0
19887	79548000.0	8.0
19888	79552000.0	8.0
19889	79556000.0	11.0
19890	79560000.0	8.0
19891	79564000.0	8.0
19892	79568000.0	9.0
19893	79572000.0	7.0
19894	79576000.0	16.0
19895	79580000.0	12.0
19896	79584000.0	13.0
19897	79588000.0	11.0
19898	79592000.0	9.0
19899	79596000.0	7.0
19900	79600000.0	9.0
19901	79604000.0	6.0
19902	79608000.0	5.0
19903	79612000.0	2.0
19904	79616000.0	8.0
19905	79620000.0	11.0
19906	79624000.0	9.0
19907	79628000.0	9.0
19908	79632000.0	9.0
19909	79636000.0	10.0
19910	79640000.0	4.0
19911	79644000.0	15.0
19912	79648000.0	5.0
19913	79652000.0	8.0
19914	79656000.0	11.0
19915	79660000.0	12.0
19916	79664000.0	7.0
19917	79668000.0	9.0
19918	79672000.0	10.0
19919	79676000.0	4.0
19920	79680000.0	11.0
19921	79684000.0	11.0
19922	79688000.0	6.0
19923	79692000.0	9.0
19924	79696000.0	6.0
19925	79700000.0	9.0
19926	79704000.0	8.0
19927	79708000.0	7.0
19928	79712000.0	8.0
19929	79716000.0	6.0
19930	79720000.0	17.0
19931	79724000.0	10.0
19932	79728000.0	8.0
19933	79732000.0	4.0
19934	79736000.0	12.0
19935	79740000.0	9.0
19936	79744000.0	12.0
19937	79748000.0	9.0
19938	79752000.0	7.0
19939	79756000.0	11.0
19940	79760000.0	6.0
19941	79764000.0	4.0
19942	79768000.0	9.0
19943	79772000.0	5.0
19944	79776000.0	13.0
19945	79780000.0	3.0
19946	79784000.0	11.0
19947	79788000.0	6.0
19948	79792000.0	2.0
19949	79796000.0	11.0
19950	79800000.0	3.0
19951	79804000.0	7.0
19952	79808000.0	12.0
19953	79812000.0	7.0
19954	79816000.0	6.0
19955	79820000.0	5.0
19956	79824000.0	9.0
19957	79828000.0	6.0
19958	79832000.0	7.0
19959	79836000.0	4.0
19960	79840000.0	8.0
19961	79844000.0	7.0
19962	79848000.0	7.0
19963	79852000.0	7.0
19964	79856000.0	11.0
19965	79860000.0	10.0
19966	79864000.0	8.0
19967	79868000.0	7.0
19968	79872000.0	8.0
19969	79876000.0	7.0
19970	79880000.0	9.0
19971	79884000.0	10.0
19972	79888000.0	10.0
19973	79892000.0	8.0
19974	79896000.0	5.0
19975	79900000.0	11.0
19976	79904000.0	5.0
19977	79908000.0	7.0
19978	79912000.0	11.0
19979	79916000.0	7.0
19980	79920000.0	9.0
19981	79924000.0	17.0
19982	79928000.0	11.0
19983	79932000.0	8.0
19984	79936000.0	4.0
19985	79940000.0	8.0
19986	79944000.0	10.0
19987	79948000.0	7.0
19988	79952000.0	4.0
19989	79956000.0	10.0
19990	79960000.0	10.0
19991	79964000.0	9.0
19992	79968000.0	4.0
19993	79972000.0	12.0
19994	79976000.0	9.0
19995	79980000.0	11.0
19996	79984000.0	9.0
19997	79988000.0	6.0
19998	79992000.0	9.0
19999	79996000.0	14.0
20000	80000000.0	4.0
20001	80004000.0	12.0
20002	80008000.0	14.0
20003	80012000.0	9.0
20004	80016000.0	8.0
20005	80020000.0	8.0
20006	80024000.0	11.0
20007	80028000.0	8.0
20008	80032000.0	7.0
20009	80036000.0	7.0
20010	80040000.0	10.0
20011	80044000.0	5.0
20012	80048000.0	1.0
20013	80052000.0	8.0
20014	80056000.0	8.0
20015	80060000.0	8.0
20016	80064000.0	8.0
20017	80068000.0	10.0
20018	80072000.0	12.0
20019	80076000.0	9.0
20020	80080000.0	10.0
20021	80084000.0	8.0
20022	80088000.0	11.0
20023	80092000.0	8.0
20024	80096000.0	7.0
20025	80100000.0	8.0
20026	80104000.0	6.0
20027	80108000.0	5.0
20028	80112000.0	8.0
20029	80116000.0	10.0
20030	80120000.0	8.0
20031	80124000.0	8.0
20032	80128000.0	9.0
20033	80132000.0	9.0
20034	80136000.0	4.0
20035	80140000.0	4.0
20036	80144000.0	8.0
20037	80148000.0	7.0
20038	80152000.0	12.0
20039	80156000.0	11.0
20040	80160000.0	10.0
20041	80164000.0	9.0
20042	80168000.0	9.0
20043	80172000.0	13.0
20044	80176000.0	10.0
20045	80180000.0	3.0
20046	80184000.0	12.0
20047	80188000.0	12.0
20048	80192000.0	7.0
20049	80196000.0	6.0
20050	80200000.0	7.0
20051	80204000.0	8.0
20052	80208000.0	9.0
20053	80212000.0	11.0
20054	80216000.0	10.0
20055	80220000.0	5.0
20056	80224000.0	7.0
20057	80228000.0	5.0
20058	80232000.0	11.0
20059	80236000.0	2.0
20060	80240000.0	13.0
20061	80244000.0	6.0
20062	80248000.0	11.0
20063	80252000.0	10.0
20064	80256000.0	13.0
20065	80260000.0	9.0
20066	80264000.0	6.0
20067	80268000.0	5.0
20068	80272000.0	7.0
20069	80276000.0	5.0
20070	80280000.0	12.0
20071	80284000.0	8.0
20072	80288000.0	9.0
20073	80292000.0	9.0
20074	80296000.0	6.0
20075	80300000.0	6.0
20076	80304000.0	11.0
20077	80308000.0	9.0
20078	80312000.0	9.0
20079	80316000.0	3.0
20080	80320000.0	8.0
20081	80324000.0	8.0
20082	80328000.0	11.0
20083	80332000.0	7.0
20084	80336000.0	8.0
20085	80340000.0	9.0
20086	80344000.0	6.0
20087	80348000.0	6.0
20088	80352000.0	5.0
20089	80356000.0	9.0
20090	80360000.0	10.0
20091	80364000.0	8.0
20092	80368000.0	15.0
20093	80372000.0	13.0
20094	80376000.0	8.0
20095	80380000.0	8.0
20096	80384000.0	6.0
20097	80388000.0	19.0
20098	80392000.0	9.0
20099	80396000.0	7.0
20100	80400000.0	7.0
20101	80404000.0	15.0
20102	80408000.0	13.0
20103	80412000.0	11.0
20104	80416000.0	12.0
20105	80420000.0	5.0
20106	80424000.0	8.0
20107	80428000.0	11.0
20108	80432000.0	11.0
20109	80436000.0	7.0
20110	80440000.0	12.0
20111	80444000.0	5.0
20112	80448000.0	9.0
20113	80452000.0	5.0
20114	80456000.0	12.0
20115	80460000.0	8.0
20116	80464000.0	7.0
20117	80468000.0	8.0
20118	80472000.0	11.0
20119	80476000.0	10.0
20120	80480000.0	14.0
20121	80484000.0	9.0
20122	80488000.0	3.0
20123	80492000.0	6.0
20124	80496000.0	8.0
20125	80500000.0	7.0
20126	80504000.0	9.0
20127	80508000.0	11.0
20128	80512000.0	6.0
20129	80516000.0	13.0
20130	80520000.0	8.0
20131	80524000.0	10.0
20132	80528000.0	9.0
20133	80532000.0	9.0
20134	80536000.0	11.0
20135	80540000.0	6.0
20136	80544000.0	8.0
20137	80548000.0	5.0
20138	80552000.0	8.0
20139	80556000.0	6.0
20140	80560000.0	10.0
20141	80564000.0	6.0
20142	80568000.0	3.0
20143	80572000.0	10.0
20144	80576000.0	6.0
20145	80580000.0	10.0
20146	80584000.0	11.0
20147	80588000.0	11.0
20148	80592000.0	6.0
20149	80596000.0	5.0
20150	80600000.0	5.0
20151	80604000.0	11.0
20152	80608000.0	8.0
20153	80612000.0	6.0
20154	80616000.0	6.0
20155	80620000.0	7.0
20156	80624000.0	10.0
20157	80628000.0	8.0
20158	80632000.0	7.0
20159	80636000.0	10.0
20160	80640000.0	11.0
20161	80644000.0	4.0
20162	80648000.0	7.0
20163	80652000.0	7.0
20164	80656000.0	9.0
20165	80660000.0	10.0
20166	80664000.0	6.0
20167	80668000.0	12.0
20168	80672000.0	13.0
20169	80676000.0	10.0
20170	80680000.0	9.0
20171	80684000.0	10.0
20172	80688000.0	10.0
20173	80692000.0	6.0
20174	80696000.0	9.0
20175	80700000.0	5.0
20176	80704000.0	9.0
20177	80708000.0	7.0
20178	80712000.0	7.0
20179	80716000.0	8.0
20180	80720000.0	6.0
20181	80724000.0	11.0
20182	80728000.0	5.0
20183	80732000.0	9.0
20184	80736000.0	7.0
20185	80740000.0	6.0
20186	80744000.0	5.0
20187	80748000.0	6.0
20188	80752000.0	7.0
20189	80756000.0	13.0
20190	80760000.0	10.0
20191	80764000.0	8.0
20192	80768000.0	8.0
20193	80772000.0	10.0
20194	80776000.0	9.0
20195	80780000.0	4.0
20196	80784000.0	10.0
20197	80788000.0	6.0
20198	80792000.0	7.0
20199	80796000.0	2.0
20200	80800000.0	5.0
20201	80804000.0	10.0
20202	80808000.0	10.0
20203	80812000.0	9.0
20204	80816000.0	10.0
20205	80820000.0	7.0
20206	80824000.0	8.0
20207	80828000.0	12.0
20208	80832000.0	8.0
20209	80836000.0	15.0
20210	80840000.0	5.0
20211	80844000.0	9.0
20212	80848000.0	8.0
20213	80852000.0	9.0
20214	80856000.0	8.0
20215	80860000.0	8.0
20216	80864000.0	9.0
20217	80868000.0	10.0
20218	80872000.0	8.0
20219	80876000.0	6.0
20220	80880000.0	12.0
20221	80884000.0	6.0
20222	80888000.0	6.0
20223	80892000.0	11.0
20224	80896000.0	8.0
20225	80900000.0	5.0
20226	80904000.0	9.0
20227	80908000.0	10.0
20228	80912000.0	17.0
20229	80916000.0	10.0
20230	80920000.0	15.0
20231	80924000.0	6.0
20232	80928000.0	10.0
20233	80932000.0	4.0
20234	80936000.0	11.0
20235	80940000.0	15.0
20236	80944000.0	2.0
20237	80948000.0	11.0
20238	80952000.0	9.0
20239	80956000.0	10.0
20240	80960000.0	17.0
20241	80964000.0	10.0
20242	80968000.0	7.0
20243	80972000.0	7.0
20244	80976000.0	11.0
20245	80980000.0	7.0
20246	80984000.0	7.0
20247	80988000.0	4.0
20248	80992000.0	11.0
20249	80996000.0	17.0
20250	81000000.0	11.0
20251	81004000.0	9.0
20252	81008000.0	12.0
20253	81012000.0	11.0
20254	81016000.0	8.0
20255	81020000.0	12.0
20256	81024000.0	10.0
20257	81028000.0	6.0
20258	81032000.0	8.0
20259	81036000.0	6.0
20260	81040000.0	10.0
20261	81044000.0	9.0
20262	81048000.0	11.0
20263	81052000.0	6.0
20264	81056000.0	13.0
20265	81060000.0	8.0
20266	81064000.0	9.0
20267	81068000.0	11.0
20268	81072000.0	9.0
20269	81076000.0	8.0
20270	81080000.0	11.0
20271	81084000.0	14.0
20272	81088000.0	12.0
20273	81092000.0	9.0
20274	81096000.0	9.0
20275	81100000.0	3.0
20276	81104000.0	12.0
20277	81108000.0	6.0
20278	81112000.0	6.0
20279	81116000.0	5.0
20280	81120000.0	7.0
20281	81124000.0	10.0
20282	81128000.0	3.0
20283	81132000.0	6.0
20284	81136000.0	5.0
20285	81140000.0	14.0
20286	81144000.0	12.0
20287	81148000.0	9.0
20288	81152000.0	11.0
20289	81156000.0	8.0
20290	81160000.0	11.0
20291	81164000.0	10.0
20292	81168000.0	6.0
20293	81172000.0	7.0
20294	81176000.0	11.0
20295	81180000.0	8.0
20296	81184000.0	14.0
20297	81188000.0	7.0
20298	81192000.0	8.0
20299	81196000.0	7.0
20300	81200000.0	9.0
20301	81204000.0	12.0
20302	81208000.0	13.0
20303	81212000.0	11.0
20304	81216000.0	5.0
20305	81220000.0	12.0
20306	81224000.0	6.0
20307	81228000.0	8.0
20308	81232000.0	12.0
20309	81236000.0	13.0
20310	81240000.0	10.0
20311	81244000.0	10.0
20312	81248000.0	5.0
20313	81252000.0	12.0
20314	81256000.0	8.0
20315	81260000.0	8.0
20316	81264000.0	6.0
20317	81268000.0	10.0
20318	81272000.0	7.0
20319	81276000.0	7.0
20320	81280000.0	11.0
20321	81284000.0	10.0
20322	81288000.0	7.0
20323	81292000.0	8.0
20324	81296000.0	14.0
20325	81300000.0	11.0
20326	81304000.0	10.0
20327	81308000.0	7.0
20328	81312000.0	9.0
20329	81316000.0	7.0
20330	81320000.0	5.0
20331	81324000.0	7.0
20332	81328000.0	8.0
20333	81332000.0	11.0
20334	81336000.0	7.0
20335	81340000.0	15.0
20336	81344000.0	8.0
20337	81348000.0	11.0
20338	81352000.0	7.0
20339	81356000.0	4.0
20340	81360000.0	11.0
20341	81364000.0	6.0
20342	81368000.0	5.0
20343	81372000.0	6.0
20344	81376000.0	8.0
20345	81380000.0	6.0
20346	81384000.0	6.0
20347	81388000.0	9.0
20348	81392000.0	4.0
20349	81396000.0	8.0
20350	81400000.0	6.0
20351	81404000.0	5.0
20352	81408000.0	10.0
20353	81412000.0	11.0
20354	81416000.0	9.0
20355	81420000.0	9.0
20356	81424000.0	4.0
20357	81428000.0	11.0
20358	81432000.0	6.0
20359	81436000.0	6.0
20360	81440000.0	10.0
20361	81444000.0	9.0
20362	81448000.0	13.0
20363	81452000.0	3.0
20364	81456000.0	3.0
20365	81460000.0	12.0
20366	81464000.0	9.0
20367	81468000.0	10.0
20368	81472000.0	14.0
20369	81476000.0	10.0
20370	81480000.0	6.0
20371	81484000.0	10.0
20372	81488000.0	8.0
20373	81492000.0	6.0
20374	81496000.0	9.0
20375	81500000.0	7.0
20376	81504000.0	10.0
20377	81508000.0	7.0
20378	81512000.0	9.0
20379	81516000.0	10.0
20380	81520000.0	3.0
20381	81524000.0	5.0
20382	81528000.0	8.0
20383	81532000.0	8.0
20384	81536000.0	6.0
20385	81540000.0	5.0
20386	81544000.0	3.0
20387	81548000.0	7.0
20388	81552000.0	6.0
20389	81556000.0	10.0
20390	81560000.0	5.0
20391	81564000.0	10.0
20392	81568000.0	10.0
20393	81572000.0	8.0
20394	81576000.0	9.0
20395	81580000.0	12.0
20396	81584000.0	8.0
20397	81588000.0	12.0
20398	81592000.0	14.0
20399	81596000.0	9.0
20400	81600000.0	8.0
20401	81604000.0	9.0
20402	81608000.0	7.0
20403	81612000.0	10.0
20404	81616000.0	6.0
20405	81620000.0	7.0
20406	81624000.0	7.0
20407	81628000.0	10.0
20408	81632000.0	7.0
20409	81636000.0	5.0
20410	81640000.0	11.0
20411	81644000.0	9.0
20412	81648000.0	13.0
20413	81652000.0	10.0
20414	81656000.0	8.0
20415	81660000.0	4.0
20416	81664000.0	9.0
20417	81668000.0	12.0
20418	81672000.0	9.0
20419	81676000.0	8.0
20420	81680000.0	8.0
20421	81684000.0	7.0
20422	81688000.0	8.0
20423	81692000.0	12.0
20424	81696000.0	7.0
20425	81700000.0	8.0
20426	81704000.0	5.0
20427	81708000.0	11.0
20428	81712000.0	11.0
20429	81716000.0	7.0
20430	81720000.0	5.0
20431	81724000.0	7.0
20432	81728000.0	10.0
20433	81732000.0	16.0
20434	81736000.0	7.0
20435	81740000.0	7.0
20436	81744000.0	7.0
20437	81748000.0	5.0
20438	81752000.0	11.0
20439	81756000.0	8.0
20440	81760000.0	12.0
20441	81764000.0	9.0
20442	81768000.0	7.0
20443	81772000.0	1.0
20444	81776000.0	11.0
20445	81780000.0	8.0
20446	81784000.0	17.0
20447	81788000.0	9.0
20448	81792000.0	13.0
20449	81796000.0	13.0
20450	81800000.0	11.0
20451	81804000.0	9.0
20452	81808000.0	7.0
20453	81812000.0	8.0
20454	81816000.0	11.0
20455	81820000.0	8.0
20456	81824000.0	6.0
20457	81828000.0	2.0
20458	81832000.0	15.0
20459	81836000.0	4.0
20460	81840000.0	9.0
20461	81844000.0	5.0
20462	81848000.0	6.0
20463	81852000.0	10.0
20464	81856000.0	9.0
20465	81860000.0	8.0
20466	81864000.0	9.0
20467	81868000.0	9.0
20468	81872000.0	11.0
20469	81876000.0	5.0
20470	81880000.0	9.0
20471	81884000.0	9.0
20472	81888000.0	10.0
20473	81892000.0	8.0
20474	81896000.0	9.0
20475	81900000.0	12.0
20476	81904000.0	7.0
20477	81908000.0	14.0
20478	81912000.0	8.0
20479	81916000.0	5.0
20480	81920000.0	2.0
20481	81924000.0	6.0
20482	81928000.0	10.0
20483	81932000.0	8.0
20484	81936000.0	17.0
20485	81940000.0	3.0
20486	81944000.0	5.0
20487	81948000.0	11.0
20488	81952000.0	6.0
20489	81956000.0	5.0
20490	81960000.0	6.0
20491	81964000.0	9.0
20492	81968000.0	9.0
20493	81972000.0	13.0
20494	81976000.0	6.0
20495	81980000.0	5.0
20496	81984000.0	8.0
20497	81988000.0	5.0
20498	81992000.0	2.0
20499	81996000.0	11.0
20500	82000000.0	7.0
20501	82004000.0	5.0
20502	82008000.0	7.0
20503	82012000.0	7.0
20504	82016000.0	8.0
20505	82020000.0	12.0
20506	82024000.0	8.0
20507	82028000.0	7.0
20508	82032000.0	7.0
20509	82036000.0	6.0
20510	82040000.0	8.0
20511	82044000.0	12.0
20512	82048000.0	9.0
20513	82052000.0	7.0
20514	82056000.0	13.0
20515	82060000.0	9.0
20516	82064000.0	8.0
20517	82068000.0	6.0
20518	82072000.0	13.0
20519	82076000.0	11.0
20520	82080000.0	11.0
20521	82084000.0	6.0
20522	82088000.0	12.0
20523	82092000.0	8.0
20524	82096000.0	8.0
20525	82100000.0	8.0
20526	82104000.0	11.0
20527	82108000.0	11.0
20528	82112000.0	7.0
20529	82116000.0	10.0
20530	82120000.0	6.0
20531	82124000.0	9.0
20532	82128000.0	7.0
20533	82132000.0	14.0
20534	82136000.0	5.0
20535	82140000.0	6.0
20536	82144000.0	4.0
20537	82148000.0	3.0
20538	82152000.0	5.0
20539	82156000.0	10.0
20540	82160000.0	10.0
20541	82164000.0	3.0
20542	82168000.0	9.0
20543	82172000.0	11.0
20544	82176000.0	6.0
20545	82180000.0	7.0
20546	82184000.0	7.0
20547	82188000.0	11.0
20548	82192000.0	13.0
20549	82196000.0	10.0
20550	82200000.0	11.0
20551	82204000.0	7.0
20552	82208000.0	12.0
20553	82212000.0	9.0
20554	82216000.0	9.0
20555	82220000.0	5.0
20556	82224000.0	5.0
20557	82228000.0	7.0
20558	82232000.0	11.0
20559	82236000.0	11.0
20560	82240000.0	7.0
20561	82244000.0	15.0
20562	82248000.0	11.0
20563	82252000.0	11.0
20564	82256000.0	16.0
20565	82260000.0	9.0
20566	82264000.0	14.0
20567	82268000.0	8.0
20568	82272000.0	11.0
20569	82276000.0	10.0
20570	82280000.0	12.0
20571	82284000.0	8.0
20572	82288000.0	12.0
20573	82292000.0	12.0
20574	82296000.0	8.0
20575	82300000.0	5.0
20576	82304000.0	5.0
20577	82308000.0	8.0
20578	82312000.0	8.0
20579	82316000.0	8.0
20580	82320000.0	6.0
20581	82324000.0	11.0
20582	82328000.0	5.0
20583	82332000.0	6.0
20584	82336000.0	7.0
20585	82340000.0	5.0
20586	82344000.0	4.0
20587	82348000.0	7.0
20588	82352000.0	4.0
20589	82356000.0	8.0
20590	82360000.0	7.0
20591	82364000.0	5.0
20592	82368000.0	9.0
20593	82372000.0	6.0
20594	82376000.0	2.0
20595	82380000.0	7.0
20596	82384000.0	11.0
20597	82388000.0	5.0
20598	82392000.0	4.0
20599	82396000.0	10.0
20600	82400000.0	11.0
20601	82404000.0	5.0
20602	82408000.0	10.0
20603	82412000.0	8.0
20604	82416000.0	7.0
20605	82420000.0	8.0
20606	82424000.0	10.0
20607	82428000.0	7.0
20608	82432000.0	18.0
20609	82436000.0	9.0
20610	82440000.0	6.0
20611	82444000.0	12.0
20612	82448000.0	11.0
20613	82452000.0	10.0
20614	82456000.0	5.0
20615	82460000.0	10.0
20616	82464000.0	4.0
20617	82468000.0	9.0
20618	82472000.0	7.0
20619	82476000.0	8.0
20620	82480000.0	9.0
20621	82484000.0	7.0
20622	82488000.0	10.0
20623	82492000.0	5.0
20624	82496000.0	12.0
20625	82500000.0	12.0
20626	82504000.0	13.0
20627	82508000.0	7.0
20628	82512000.0	6.0
20629	82516000.0	9.0
20630	82520000.0	10.0
20631	82524000.0	10.0
20632	82528000.0	15.0
20633	82532000.0	15.0
20634	82536000.0	9.0
20635	82540000.0	3.0
20636	82544000.0	4.0
20637	82548000.0	10.0
20638	82552000.0	6.0
20639	82556000.0	14.0
20640	82560000.0	7.0
20641	82564000.0	4.0
20642	82568000.0	10.0
20643	82572000.0	8.0
20644	82576000.0	4.0
20645	82580000.0	9.0
20646	82584000.0	7.0
20647	82588000.0	8.0
20648	82592000.0	9.0
20649	82596000.0	5.0
20650	82600000.0	11.0
20651	82604000.0	5.0
20652	82608000.0	15.0
20653	82612000.0	14.0
20654	82616000.0	10.0
20655	82620000.0	9.0
20656	82624000.0	7.0
20657	82628000.0	12.0
20658	82632000.0	9.0
20659	82636000.0	7.0
20660	82640000.0	8.0
20661	82644000.0	7.0
20662	82648000.0	9.0
20663	82652000.0	10.0
20664	82656000.0	12.0
20665	82660000.0	10.0
20666	82664000.0	11.0
20667	82668000.0	8.0
20668	82672000.0	9.0
20669	82676000.0	5.0
20670	82680000.0	8.0
20671	82684000.0	14.0
20672	82688000.0	13.0
20673	82692000.0	13.0
20674	82696000.0	6.0
20675	82700000.0	10.0
20676	82704000.0	10.0
20677	82708000.0	9.0
20678	82712000.0	8.0
20679	82716000.0	5.0
20680	82720000.0	5.0
20681	82724000.0	12.0
20682	82728000.0	8.0
20683	82732000.0	17.0
20684	82736000.0	9.0
20685	82740000.0	8.0
20686	82744000.0	7.0
20687	82748000.0	14.0
20688	82752000.0	10.0
20689	82756000.0	10.0
20690	82760000.0	10.0
20691	82764000.0	5.0
20692	82768000.0	7.0
20693	82772000.0	7.0
20694	82776000.0	5.0
20695	82780000.0	7.0
20696	82784000.0	9.0
20697	82788000.0	6.0
20698	82792000.0	9.0
20699	82796000.0	13.0
20700	82800000.0	10.0
20701	82804000.0	8.0
20702	82808000.0	6.0
20703	82812000.0	9.0
20704	82816000.0	5.0
20705	82820000.0	8.0
20706	82824000.0	9.0
20707	82828000.0	6.0
20708	82832000.0	10.0
20709	82836000.0	10.0
20710	82840000.0	8.0
20711	82844000.0	11.0
20712	82848000.0	11.0
20713	82852000.0	14.0
20714	82856000.0	15.0
20715	82860000.0	6.0
20716	82864000.0	6.0
20717	82868000.0	8.0
20718	82872000.0	9.0
20719	82876000.0	14.0
20720	82880000.0	6.0
20721	82884000.0	9.0
20722	82888000.0	8.0
20723	82892000.0	8.0
20724	82896000.0	4.0
20725	82900000.0	13.0
20726	82904000.0	8.0
20727	82908000.0	13.0
20728	82912000.0	11.0
20729	82916000.0	9.0
20730	82920000.0	9.0
20731	82924000.0	10.0
20732	82928000.0	7.0
20733	82932000.0	12.0
20734	82936000.0	1.0
20735	82940000.0	11.0
20736	82944000.0	9.0
20737	82948000.0	9.0
20738	82952000.0	15.0
20739	82956000.0	6.0
20740	82960000.0	8.0
20741	82964000.0	6.0
20742	82968000.0	9.0
20743	82972000.0	9.0
20744	82976000.0	9.0
20745	82980000.0	6.0
20746	82984000.0	5.0
20747	82988000.0	10.0
20748	82992000.0	8.0
20749	82996000.0	3.0
20750	83000000.0	15.0
20751	83004000.0	9.0
20752	83008000.0	5.0
20753	83012000.0	11.0
20754	83016000.0	4.0
20755	83020000.0	11.0
20756	83024000.0	7.0
20757	83028000.0	11.0
20758	83032000.0	9.0
20759	83036000.0	5.0
20760	83040000.0	13.0
20761	83044000.0	10.0
20762	83048000.0	10.0
20763	83052000.0	9.0
20764	83056000.0	9.0
20765	83060000.0	5.0
20766	83064000.0	4.0
20767	83068000.0	9.0
20768	83072000.0	9.0
20769	83076000.0	4.0
20770	83080000.0	7.0
20771	83084000.0	10.0
20772	83088000.0	12.0
20773	83092000.0	12.0
20774	83096000.0	5.0
20775	83100000.0	6.0
20776	83104000.0	6.0
20777	83108000.0	6.0
20778	83112000.0	7.0
20779	83116000.0	6.0
20780	83120000.0	13.0
20781	83124000.0	13.0
20782	83128000.0	7.0
20783	83132000.0	9.0
20784	83136000.0	6.0
20785	83140000.0	8.0
20786	83144000.0	10.0
20787	83148000.0	13.0
20788	83152000.0	11.0
20789	83156000.0	13.0
20790	83160000.0	7.0
20791	83164000.0	4.0
20792	83168000.0	1.0
20793	83172000.0	11.0
20794	83176000.0	7.0
20795	83180000.0	6.0
20796	83184000.0	7.0
20797	83188000.0	5.0
20798	83192000.0	10.0
20799	83196000.0	7.0
20800	83200000.0	10.0
20801	83204000.0	7.0
20802	83208000.0	9.0
20803	83212000.0	11.0
20804	83216000.0	11.0
20805	83220000.0	7.0
20806	83224000.0	10.0
20807	83228000.0	7.0
20808	83232000.0	6.0
20809	83236000.0	8.0
20810	83240000.0	7.0
20811	83244000.0	8.0
20812	83248000.0	8.0
20813	83252000.0	12.0
20814	83256000.0	11.0
20815	83260000.0	4.0
20816	83264000.0	10.0
20817	83268000.0	8.0
20818	83272000.0	8.0
20819	83276000.0	7.0
20820	83280000.0	13.0
20821	83284000.0	7.0
20822	83288000.0	6.0
20823	83292000.0	8.0
20824	83296000.0	11.0
20825	83300000.0	5.0
20826	83304000.0	11.0
20827	83308000.0	8.0
20828	83312000.0	7.0
20829	83316000.0	4.0
20830	83320000.0	8.0
20831	83324000.0	2.0
20832	83328000.0	8.0
20833	83332000.0	7.0
20834	83336000.0	7.0
20835	83340000.0	7.0
20836	83344000.0	16.0
20837	83348000.0	12.0
20838	83352000.0	4.0
20839	83356000.0	8.0
20840	83360000.0	4.0
20841	83364000.0	11.0
20842	83368000.0	5.0
20843	83372000.0	5.0
20844	83376000.0	11.0
20845	83380000.0	6.0
20846	83384000.0	5.0
20847	83388000.0	9.0
20848	83392000.0	10.0
20849	83396000.0	11.0
20850	83400000.0	4.0
20851	83404000.0	7.0
20852	83408000.0	8.0
20853	83412000.0	6.0
20854	83416000.0	7.0
20855	83420000.0	12.0
20856	83424000.0	7.0
20857	83428000.0	7.0
20858	83432000.0	7.0
20859	83436000.0	13.0
20860	83440000.0	10.0
20861	83444000.0	14.0
20862	83448000.0	16.0
20863	83452000.0	9.0
20864	83456000.0	13.0
20865	83460000.0	11.0
20866	83464000.0	11.0
20867	83468000.0	7.0
20868	83472000.0	11.0
20869	83476000.0	7.0
20870	83480000.0	8.0
20871	83484000.0	10.0
20872	83488000.0	9.0
20873	83492000.0	4.0
20874	83496000.0	14.0
20875	83500000.0	10.0
20876	83504000.0	14.0
20877	83508000.0	8.0
20878	83512000.0	9.0
20879	83516000.0	7.0
20880	83520000.0	1.0
20881	83524000.0	7.0
20882	83528000.0	6.0
20883	83532000.0	10.0
20884	83536000.0	6.0
20885	83540000.0	11.0
20886	83544000.0	8.0
20887	83548000.0	7.0
20888	83552000.0	9.0
20889	83556000.0	9.0
20890	83560000.0	7.0
20891	83564000.0	7.0
20892	83568000.0	8.0
20893	83572000.0	4.0
20894	83576000.0	12.0
20895	83580000.0	9.0
20896	83584000.0	6.0
20897	83588000.0	7.0
20898	83592000.0	7.0
20899	83596000.0	9.0
20900	83600000.0	8.0
20901	83604000.0	5.0
20902	83608000.0	8.0
20903	83612000.0	7.0
20904	83616000.0	13.0
20905	83620000.0	9.0
20906	83624000.0	6.0
20907	83628000.0	6.0
20908	83632000.0	3.0
20909	83636000.0	9.0
20910	83640000.0	6.0
20911	83644000.0	11.0
20912	83648000.0	12.0
20913	83652000.0	6.0
20914	83656000.0	7.0
20915	83660000.0	10.0
20916	83664000.0	10.0
20917	83668000.0	3.0
20918	83672000.0	8.0
20919	83676000.0	7.0
20920	83680000.0	12.0
20921	83684000.0	10.0
20922	83688000.0	9.0
20923	83692000.0	8.0
20924	83696000.0	7.0
20925	83700000.0	7.0
20926	83704000.0	9.0
20927	83708000.0	4.0
20928	83712000.0	5.0
20929	83716000.0	8.0
20930	83720000.0	5.0
20931	83724000.0	5.0
20932	83728000.0	5.0
20933	83732000.0	9.0
20934	83736000.0	8.0
20935	83740000.0	9.0
20936	83744000.0	2.0
20937	83748000.0	9.0
20938	83752000.0	9.0
20939	83756000.0	13.0
20940	83760000.0	11.0
20941	83764000.0	6.0
20942	83768000.0	11.0
20943	83772000.0	8.0
20944	83776000.0	10.0
20945	83780000.0	9.0
20946	83784000.0	13.0
20947	83788000.0	3.0
20948	83792000.0	9.0
20949	83796000.0	5.0
20950	83800000.0	8.0
20951	83804000.0	10.0
20952	83808000.0	9.0
20953	83812000.0	3.0
20954	83816000.0	7.0
20955	83820000.0	6.0
20956	83824000.0	7.0
20957	83828000.0	7.0
20958	83832000.0	7.0
20959	83836000.0	7.0
20960	83840000.0	13.0
20961	83844000.0	9.0
20962	83848000.0	9.0
20963	83852000.0	5.0
20964	83856000.0	12.0
20965	83860000.0	5.0
20966	83864000.0	11.0
20967	83868000.0	6.0
20968	83872000.0	6.0
20969	83876000.0	13.0
20970	83880000.0	7.0
20971	83884000.0	3.0
20972	83888000.0	7.0
20973	83892000.0	7.0
20974	83896000.0	12.0
20975	83900000.0	7.0
20976	83904000.0	8.0
20977	83908000.0	9.0
20978	83912000.0	7.0
20979	83916000.0	13.0
20980	83920000.0	7.0
20981	83924000.0	3.0
20982	83928000.0	8.0
20983	83932000.0	15.0
20984	83936000.0	5.0
20985	83940000.0	9.0
20986	83944000.0	6.0
20987	83948000.0	9.0
20988	83952000.0	7.0
20989	83956000.0	8.0
20990	83960000.0	6.0
20991	83964000.0	11.0
20992	83968000.0	11.0
20993	83972000.0	4.0
20994	83976000.0	8.0
20995	83980000.0	12.0
20996	83984000.0	8.0
20997	83988000.0	6.0
20998	83992000.0	5.0
20999	83996000.0	6.0
21000	84000000.0	7.0
21001	84004000.0	10.0
21002	84008000.0	8.0
21003	84012000.0	7.0
21004	84016000.0	5.0
21005	84020000.0	3.0
21006	84024000.0	7.0
21007	84028000.0	6.0
21008	84032000.0	5.0
21009	84036000.0	8.0
21010	84040000.0	7.0
21011	84044000.0	7.0
21012	84048000.0	10.0
21013	84052000.0	10.0
21014	84056000.0	5.0
21015	84060000.0	6.0
21016	84064000.0	7.0
21017	84068000.0	9.0
21018	84072000.0	5.0
21019	84076000.0	9.0
21020	84080000.0	4.0
21021	84084000.0	7.0
21022	84088000.0	5.0
21023	84092000.0	8.0
21024	84096000.0	7.0
21025	84100000.0	4.0
21026	84104000.0	8.0
21027	84108000.0	4.0
21028	84112000.0	4.0
21029	84116000.0	8.0
21030	84120000.0	9.0
21031	84124000.0	7.0
21032	84128000.0	11.0
21033	84132000.0	9.0
21034	84136000.0	8.0
21035	84140000.0	6.0
21036	84144000.0	9.0
21037	84148000.0	9.0
21038	84152000.0	12.0
21039	84156000.0	5.0
21040	84160000.0	8.0
21041	84164000.0	11.0
21042	84168000.0	4.0
21043	84172000.0	7.0
21044	84176000.0	12.0
21045	84180000.0	7.0
21046	84184000.0	6.0
21047	84188000.0	8.0
21048	84192000.0	7.0
21049	84196000.0	6.0
21050	84200000.0	14.0
21051	84204000.0	9.0
21052	84208000.0	4.0
21053	84212000.0	5.0
21054	84216000.0	7.0
21055	84220000.0	8.0
21056	84224000.0	15.0
21057	84228000.0	10.0
21058	84232000.0	14.0
21059	84236000.0	8.0
21060	84240000.0	9.0
21061	84244000.0	7.0
21062	84248000.0	10.0
21063	84252000.0	12.0
21064	84256000.0	16.0
21065	84260000.0	12.0
21066	84264000.0	5.0
21067	84268000.0	6.0
21068	84272000.0	10.0
21069	84276000.0	9.0
21070	84280000.0	12.0
21071	84284000.0	9.0
21072	84288000.0	4.0
21073	84292000.0	10.0
21074	84296000.0	5.0
21075	84300000.0	6.0
21076	84304000.0	7.0
21077	84308000.0	12.0
21078	84312000.0	5.0
21079	84316000.0	8.0
21080	84320000.0	8.0
21081	84324000.0	3.0
21082	84328000.0	8.0
21083	84332000.0	7.0
21084	84336000.0	6.0
21085	84340000.0	10.0
21086	84344000.0	12.0
21087	84348000.0	9.0
21088	84352000.0	9.0
21089	84356000.0	14.0
21090	84360000.0	9.0
21091	84364000.0	8.0
21092	84368000.0	11.0
21093	84372000.0	10.0
21094	84376000.0	14.0
21095	84380000.0	6.0
21096	84384000.0	11.0
21097	84388000.0	14.0
21098	84392000.0	6.0
21099	84396000.0	8.0
21100	84400000.0	11.0
21101	84404000.0	12.0
21102	84408000.0	11.0
21103	84412000.0	6.0
21104	84416000.0	8.0
21105	84420000.0	8.0
21106	84424000.0	9.0
21107	84428000.0	5.0
21108	84432000.0	8.0
21109	84436000.0	13.0
21110	84440000.0	9.0
21111	84444000.0	3.0
21112	84448000.0	1.0
21113	84452000.0	10.0
21114	84456000.0	4.0
21115	84460000.0	5.0
21116	84464000.0	6.0
21117	84468000.0	7.0
21118	84472000.0	8.0
21119	84476000.0	16.0
21120	84480000.0	13.0
21121	84484000.0	12.0
21122	84488000.0	5.0
21123	84492000.0	10.0
21124	84496000.0	11.0
21125	84500000.0	8.0
21126	84504000.0	8.0
21127	84508000.0	5.0
21128	84512000.0	12.0
21129	84516000.0	5.0
21130	84520000.0	7.0
21131	84524000.0	3.0
21132	84528000.0	8.0
21133	84532000.0	11.0
21134	84536000.0	9.0
21135	84540000.0	9.0
21136	84544000.0	7.0
21137	84548000.0	11.0
21138	84552000.0	8.0
21139	84556000.0	12.0
21140	84560000.0	6.0
21141	84564000.0	8.0
21142	84568000.0	7.0
21143	84572000.0	6.0
21144	84576000.0	10.0
21145	84580000.0	7.0
21146	84584000.0	3.0
21147	84588000.0	9.0
21148	84592000.0	3.0
21149	84596000.0	3.0
21150	84600000.0	5.0
21151	84604000.0	8.0
21152	84608000.0	5.0
21153	84612000.0	5.0
21154	84616000.0	12.0
21155	84620000.0	10.0
21156	84624000.0	7.0
21157	84628000.0	10.0
21158	84632000.0	6.0
21159	84636000.0	10.0
21160	84640000.0	10.0
21161	84644000.0	8.0
21162	84648000.0	7.0
21163	84652000.0	9.0
21164	84656000.0	12.0
21165	84660000.0	11.0
21166	84664000.0	5.0
21167	84668000.0	6.0
21168	84672000.0	9.0
21169	84676000.0	8.0
21170	84680000.0	8.0
21171	84684000.0	8.0
21172	84688000.0	5.0
21173	84692000.0	10.0
21174	84696000.0	9.0
21175	84700000.0	9.0
21176	84704000.0	9.0
21177	84708000.0	5.0
21178	84712000.0	10.0
21179	84716000.0	12.0
21180	84720000.0	10.0
21181	84724000.0	5.0
21182	84728000.0	12.0
21183	84732000.0	5.0
21184	84736000.0	6.0
21185	84740000.0	13.0
21186	84744000.0	11.0
21187	84748000.0	7.0
21188	84752000.0	10.0
21189	84756000.0	9.0
21190	84760000.0	6.0
21191	84764000.0	9.0
21192	84768000.0	8.0
21193	84772000.0	11.0
21194	84776000.0	5.0
21195	84780000.0	13.0
21196	84784000.0	5.0
21197	84788000.0	6.0
21198	84792000.0	6.0
21199	84796000.0	6.0
21200	84800000.0	13.0
21201	84804000.0	9.0
21202	84808000.0	5.0
21203	84812000.0	2.0
21204	84816000.0	9.0
21205	84820000.0	14.0
21206	84824000.0	11.0
21207	84828000.0	9.0
21208	84832000.0	9.0
21209	84836000.0	4.0
21210	84840000.0	11.0
21211	84844000.0	9.0
21212	84848000.0	3.0
21213	84852000.0	6.0
21214	84856000.0	8.0
21215	84860000.0	7.0
21216	84864000.0	11.0
21217	84868000.0	5.0
21218	84872000.0	7.0
21219	84876000.0	4.0
21220	84880000.0	7.0
21221	84884000.0	7.0
21222	84888000.0	1.0
21223	84892000.0	14.0
21224	84896000.0	7.0
21225	84900000.0	11.0
21226	84904000.0	9.0
21227	84908000.0	5.0
21228	84912000.0	8.0
21229	84916000.0	5.0
21230	84920000.0	8.0
21231	84924000.0	9.0
21232	84928000.0	13.0
21233	84932000.0	7.0
21234	84936000.0	5.0
21235	84940000.0	12.0
21236	84944000.0	11.0
21237	84948000.0	9.0
21238	84952000.0	11.0
21239	84956000.0	7.0
21240	84960000.0	9.0
21241	84964000.0	5.0
21242	84968000.0	12.0
21243	84972000.0	11.0
21244	84976000.0	9.0
21245	84980000.0	7.0
21246	84984000.0	9.0
21247	84988000.0	7.0
21248	84992000.0	8.0
21249	84996000.0	9.0
21250	85000000.0	10.0
21251	85004000.0	5.0
21252	85008000.0	9.0
21253	85012000.0	8.0
21254	85016000.0	9.0
21255	85020000.0	6.0
21256	85024000.0	8.0
21257	85028000.0	6.0
21258	85032000.0	8.0
21259	85036000.0	5.0
21260	85040000.0	4.0
21261	85044000.0	6.0
21262	85048000.0	7.0
21263	85052000.0	10.0
21264	85056000.0	8.0
21265	85060000.0	9.0
21266	85064000.0	8.0
21267	85068000.0	6.0
21268	85072000.0	10.0
21269	85076000.0	12.0
21270	85080000.0	8.0
21271	85084000.0	4.0
21272	85088000.0	11.0
21273	85092000.0	16.0
21274	85096000.0	8.0
21275	85100000.0	2.0
21276	85104000.0	10.0
21277	85108000.0	8.0
21278	85112000.0	5.0
21279	85116000.0	6.0
21280	85120000.0	5.0
21281	85124000.0	7.0
21282	85128000.0	11.0
21283	85132000.0	15.0
21284	85136000.0	9.0
21285	85140000.0	7.0
21286	85144000.0	9.0
21287	85148000.0	9.0
21288	85152000.0	5.0
21289	85156000.0	10.0
21290	85160000.0	5.0
21291	85164000.0	5.0
21292	85168000.0	8.0
21293	85172000.0	13.0
21294	85176000.0	6.0
21295	85180000.0	4.0
21296	85184000.0	6.0
21297	85188000.0	5.0
21298	85192000.0	11.0
21299	85196000.0	3.0
21300	85200000.0	9.0
21301	85204000.0	5.0
21302	85208000.0	11.0
21303	85212000.0	14.0
21304	85216000.0	8.0
21305	85220000.0	5.0
21306	85224000.0	8.0
21307	85228000.0	11.0
21308	85232000.0	4.0
21309	85236000.0	7.0
21310	85240000.0	5.0
21311	85244000.0	12.0
21312	85248000.0	7.0
21313	85252000.0	7.0
21314	85256000.0	6.0
21315	85260000.0	12.0
21316	85264000.0	7.0
21317	85268000.0	15.0
21318	85272000.0	10.0
21319	85276000.0	9.0
21320	85280000.0	7.0
21321	85284000.0	9.0
21322	85288000.0	4.0
21323	85292000.0	5.0
21324	85296000.0	7.0
21325	85300000.0	11.0
21326	85304000.0	6.0
21327	85308000.0	5.0
21328	85312000.0	8.0
21329	85316000.0	12.0
21330	85320000.0	10.0
21331	85324000.0	12.0
21332	85328000.0	7.0
21333	85332000.0	4.0
21334	85336000.0	8.0
21335	85340000.0	7.0
21336	85344000.0	5.0
21337	85348000.0	5.0
21338	85352000.0	8.0
21339	85356000.0	9.0
21340	85360000.0	8.0
21341	85364000.0	9.0
21342	85368000.0	9.0
21343	85372000.0	10.0
21344	85376000.0	6.0
21345	85380000.0	7.0
21346	85384000.0	6.0
21347	85388000.0	8.0
21348	85392000.0	6.0
21349	85396000.0	7.0
21350	85400000.0	8.0
21351	85404000.0	8.0
21352	85408000.0	4.0
21353	85412000.0	9.0
21354	85416000.0	8.0
21355	85420000.0	10.0
21356	85424000.0	6.0
21357	85428000.0	8.0
21358	85432000.0	14.0
21359	85436000.0	9.0
21360	85440000.0	11.0
21361	85444000.0	5.0
21362	85448000.0	9.0
21363	85452000.0	9.0
21364	85456000.0	6.0
21365	85460000.0	6.0
21366	85464000.0	15.0
21367	85468000.0	4.0
21368	85472000.0	5.0
21369	85476000.0	11.0
21370	85480000.0	6.0
21371	85484000.0	7.0
21372	85488000.0	9.0
21373	85492000.0	8.0
21374	85496000.0	9.0
21375	85500000.0	8.0
21376	85504000.0	8.0
21377	85508000.0	5.0
21378	85512000.0	11.0
21379	85516000.0	6.0
21380	85520000.0	8.0
21381	85524000.0	3.0
21382	85528000.0	6.0
21383	85532000.0	9.0
21384	85536000.0	12.0
21385	85540000.0	3.0
21386	85544000.0	6.0
21387	85548000.0	9.0
21388	85552000.0	14.0
21389	85556000.0	3.0
21390	85560000.0	12.0
21391	85564000.0	6.0
21392	85568000.0	7.0
21393	85572000.0	10.0
21394	85576000.0	8.0
21395	85580000.0	5.0
21396	85584000.0	7.0
21397	85588000.0	11.0
21398	85592000.0	8.0
21399	85596000.0	10.0
21400	85600000.0	5.0
21401	85604000.0	5.0
21402	85608000.0	5.0
21403	85612000.0	8.0
21404	85616000.0	2.0
21405	85620000.0	6.0
21406	85624000.0	15.0
21407	85628000.0	15.0
21408	85632000.0	3.0
21409	85636000.0	10.0
21410	85640000.0	10.0
21411	85644000.0	12.0
21412	85648000.0	9.0
21413	85652000.0	10.0
21414	85656000.0	8.0
21415	85660000.0	14.0
21416	85664000.0	5.0
21417	85668000.0	10.0
21418	85672000.0	5.0
21419	85676000.0	8.0
21420	85680000.0	3.0
21421	85684000.0	10.0
21422	85688000.0	11.0
21423	85692000.0	5.0
21424	85696000.0	8.0
21425	85700000.0	9.0
21426	85704000.0	5.0
21427	85708000.0	15.0
21428	85712000.0	10.0
21429	85716000.0	10.0
21430	85720000.0	14.0
21431	85724000.0	5.0
21432	85728000.0	8.0
21433	85732000.0	7.0
21434	85736000.0	7.0
21435	85740000.0	9.0
21436	85744000.0	12.0
21437	85748000.0	10.0
21438	85752000.0	10.0
21439	85756000.0	8.0
21440	85760000.0	3.0
21441	85764000.0	15.0
21442	85768000.0	2.0
21443	85772000.0	13.0
21444	85776000.0	4.0
21445	85780000.0	6.0
21446	85784000.0	8.0
21447	85788000.0	5.0
21448	85792000.0	7.0
21449	85796000.0	5.0
21450	85800000.0	8.0
21451	85804000.0	13.0
21452	85808000.0	6.0
21453	85812000.0	7.0
21454	85816000.0	7.0
21455	85820000.0	10.0
21456	85824000.0	5.0
21457	85828000.0	9.0
21458	85832000.0	9.0
21459	85836000.0	6.0
21460	85840000.0	8.0
21461	85844000.0	8.0
21462	85848000.0	3.0
21463	85852000.0	7.0
21464	85856000.0	7.0
21465	85860000.0	8.0
21466	85864000.0	9.0
21467	85868000.0	8.0
21468	85872000.0	7.0
21469	85876000.0	10.0
21470	85880000.0	10.0
21471	85884000.0	10.0
21472	85888000.0	7.0
21473	85892000.0	6.0
21474	85896000.0	11.0
21475	85900000.0	9.0
21476	85904000.0	4.0
21477	85908000.0	4.0
21478	85912000.0	8.0
21479	85916000.0	3.0
21480	85920000.0	6.0
21481	85924000.0	3.0
21482	85928000.0	6.0
21483	85932000.0	9.0
21484	85936000.0	6.0
21485	85940000.0	7.0
21486	85944000.0	12.0
21487	85948000.0	5.0
21488	85952000.0	6.0
21489	85956000.0	11.0
21490	85960000.0	10.0
21491	85964000.0	7.0
21492	85968000.0	9.0
21493	85972000.0	8.0
21494	85976000.0	6.0
21495	85980000.0	7.0
21496	85984000.0	7.0
21497	85988000.0	7.0
21498	85992000.0	7.0
21499	85996000.0	11.0
21500	86000000.0	9.0
21501	86004000.0	12.0
21502	86008000.0	5.0
21503	86012000.0	8.0
21504	86016000.0	7.0
21505	86020000.0	11.0
21506	86024000.0	11.0
21507	86028000.0	8.0
21508	86032000.0	6.0
21509	86036000.0	11.0
21510	86040000.0	7.0
21511	86044000.0	6.0
21512	86048000.0	9.0
21513	86052000.0	9.0
21514	86056000.0	7.0
21515	86060000.0	11.0
21516	86064000.0	10.0
21517	86068000.0	7.0
21518	86072000.0	8.0
21519	86076000.0	11.0
21520	86080000.0	7.0
21521	86084000.0	6.0
21522	86088000.0	6.0
21523	86092000.0	4.0
21524	86096000.0	7.0
21525	86100000.0	7.0
21526	86104000.0	7.0
21527	86108000.0	14.0
21528	86112000.0	8.0
21529	86116000.0	9.0
21530	86120000.0	4.0
21531	86124000.0	13.0
21532	86128000.0	10.0
21533	86132000.0	9.0
21534	86136000.0	7.0
21535	86140000.0	7.0
21536	86144000.0	11.0
21537	86148000.0	7.0
21538	86152000.0	5.0
21539	86156000.0	8.0
21540	86160000.0	7.0
21541	86164000.0	4.0
21542	86168000.0	7.0
21543	86172000.0	7.0
21544	86176000.0	7.0
21545	86180000.0	3.0
21546	86184000.0	8.0
21547	86188000.0	7.0
21548	86192000.0	2.0
21549	86196000.0	11.0
21550	86200000.0	5.0
21551	86204000.0	14.0
21552	86208000.0	3.0
21553	86212000.0	9.0
21554	86216000.0	6.0
21555	86220000.0	7.0
21556	86224000.0	2.0
21557	86228000.0	8.0
21558	86232000.0	4.0
21559	86236000.0	7.0
21560	86240000.0	5.0
21561	86244000.0	6.0
21562	86248000.0	3.0
21563	86252000.0	9.0
21564	86256000.0	3.0
21565	86260000.0	5.0
21566	86264000.0	6.0
21567	86268000.0	4.0
21568	86272000.0	7.0
21569	86276000.0	7.0
21570	86280000.0	9.0
21571	86284000.0	7.0
21572	86288000.0	9.0
21573	86292000.0	5.0
21574	86296000.0	7.0
21575	86300000.0	7.0
21576	86304000.0	8.0
21577	86308000.0	6.0
21578	86312000.0	6.0
21579	86316000.0	8.0
21580	86320000.0	5.0
21581	86324000.0	8.0
21582	86328000.0	9.0
21583	86332000.0	9.0
21584	86336000.0	7.0
21585	86340000.0	3.0
21586	86344000.0	11.0
21587	86348000.0	3.0
21588	86352000.0	7.0
21589	86356000.0	6.0
21590	86360000.0	12.0
21591	86364000.0	10.0
21592	86368000.0	7.0
21593	86372000.0	10.0
21594	86376000.0	8.0
21595	86380000.0	8.0
21596	86384000.0	13.0
21597	86388000.0	12.0
21598	86392000.0	12.0
21599	86396000.0	5.0
21600	86400000.0	10.0
21601	86404000.0	7.0
21602	86408000.0	11.0
21603	86412000.0	11.0
21604	86416000.0	4.0
21605	86420000.0	6.0
21606	86424000.0	4.0
21607	86428000.0	3.0
21608	86432000.0	7.0
21609	86436000.0	8.0
21610	86440000.0	9.0
21611	86444000.0	9.0
21612	86448000.0	4.0
21613	86452000.0	8.0
21614	86456000.0	8.0
21615	86460000.0	5.0
21616	86464000.0	9.0
21617	86468000.0	3.0
21618	86472000.0	7.0
21619	86476000.0	12.0
21620	86480000.0	8.0
21621	86484000.0	9.0
21622	86488000.0	6.0
21623	86492000.0	9.0
21624	86496000.0	5.0
21625	86500000.0	8.0
21626	86504000.0	7.0
21627	86508000.0	10.0
21628	86512000.0	5.0
21629	86516000.0	6.0
21630	86520000.0	12.0
21631	86524000.0	8.0
21632	86528000.0	7.0
21633	86532000.0	9.0
21634	86536000.0	6.0
21635	86540000.0	12.0
21636	86544000.0	8.0
21637	86548000.0	11.0
21638	86552000.0	6.0
21639	86556000.0	5.0
21640	86560000.0	8.0
21641	86564000.0	9.0
21642	86568000.0	6.0
21643	86572000.0	5.0
21644	86576000.0	9.0
21645	86580000.0	14.0
21646	86584000.0	8.0
21647	86588000.0	11.0
21648	86592000.0	7.0
21649	86596000.0	7.0
21650	86600000.0	9.0
21651	86604000.0	10.0
21652	86608000.0	4.0
21653	86612000.0	11.0
21654	86616000.0	7.0
21655	86620000.0	6.0
21656	86624000.0	3.0
21657	86628000.0	6.0
21658	86632000.0	9.0
21659	86636000.0	9.0
21660	86640000.0	8.0
21661	86644000.0	7.0
21662	86648000.0	3.0
21663	86652000.0	10.0
21664	86656000.0	10.0
21665	86660000.0	7.0
21666	86664000.0	3.0
21667	86668000.0	11.0
21668	86672000.0	3.0
21669	86676000.0	7.0
21670	86680000.0	4.0
21671	86684000.0	6.0
21672	86688000.0	4.0
21673	86692000.0	5.0
21674	86696000.0	7.0
21675	86700000.0	10.0
21676	86704000.0	5.0
21677	86708000.0	6.0
21678	86712000.0	11.0
21679	86716000.0	8.0
21680	86720000.0	8.0
21681	86724000.0	8.0
21682	86728000.0	5.0
21683	86732000.0	6.0
21684	86736000.0	9.0
21685	86740000.0	7.0
21686	86744000.0	11.0
21687	86748000.0	2.0
21688	86752000.0	9.0
21689	86756000.0	8.0
21690	86760000.0	7.0
21691	86764000.0	8.0
21692	86768000.0	14.0
21693	86772000.0	6.0
21694	86776000.0	9.0
21695	86780000.0	8.0
21696	86784000.0	6.0
21697	86788000.0	8.0
21698	86792000.0	9.0
21699	86796000.0	11.0
21700	86800000.0	16.0
21701	86804000.0	7.0
21702	86808000.0	8.0
21703	86812000.0	10.0
21704	86816000.0	8.0
21705	86820000.0	6.0
21706	86824000.0	4.0
21707	86828000.0	8.0
21708	86832000.0	6.0
21709	86836000.0	9.0
21710	86840000.0	8.0
21711	86844000.0	7.0
21712	86848000.0	13.0
21713	86852000.0	11.0
21714	86856000.0	8.0
21715	86860000.0	10.0
21716	86864000.0	4.0
21717	86868000.0	9.0
21718	86872000.0	10.0
21719	86876000.0	8.0
21720	86880000.0	12.0
21721	86884000.0	8.0
21722	86888000.0	7.0
21723	86892000.0	10.0
21724	86896000.0	14.0
21725	86900000.0	6.0
21726	86904000.0	8.0
21727	86908000.0	11.0
21728	86912000.0	9.0
21729	86916000.0	12.0
21730	86920000.0	3.0
21731	86924000.0	8.0
21732	86928000.0	5.0
21733	86932000.0	4.0
21734	86936000.0	11.0
21735	86940000.0	6.0
21736	86944000.0	8.0
21737	86948000.0	7.0
21738	86952000.0	6.0
21739	86956000.0	7.0
21740	86960000.0	6.0
21741	86964000.0	10.0
21742	86968000.0	13.0
21743	86972000.0	7.0
21744	86976000.0	8.0
21745	86980000.0	7.0
21746	86984000.0	13.0
21747	86988000.0	7.0
21748	86992000.0	6.0
21749	86996000.0	13.0
21750	87000000.0	9.0
21751	87004000.0	9.0
21752	87008000.0	5.0
21753	87012000.0	7.0
21754	87016000.0	5.0
21755	87020000.0	6.0
21756	87024000.0	9.0
21757	87028000.0	4.0
21758	87032000.0	6.0
21759	87036000.0	9.0
21760	87040000.0	9.0
21761	87044000.0	4.0
21762	87048000.0	5.0
21763	87052000.0	8.0
21764	87056000.0	7.0
21765	87060000.0	5.0
21766	87064000.0	5.0
21767	87068000.0	7.0
21768	87072000.0	6.0
21769	87076000.0	5.0
21770	87080000.0	10.0
21771	87084000.0	7.0
21772	87088000.0	2.0
21773	87092000.0	9.0
21774	87096000.0	7.0
21775	87100000.0	16.0
21776	87104000.0	9.0
21777	87108000.0	7.0
21778	87112000.0	8.0
21779	87116000.0	12.0
21780	87120000.0	7.0
21781	87124000.0	7.0
21782	87128000.0	8.0
21783	87132000.0	10.0
21784	87136000.0	8.0
21785	87140000.0	9.0
21786	87144000.0	4.0
21787	87148000.0	9.0
21788	87152000.0	2.0
21789	87156000.0	9.0
21790	87160000.0	4.0
21791	87164000.0	9.0
21792	87168000.0	6.0
21793	87172000.0	6.0
21794	87176000.0	10.0
21795	87180000.0	8.0
21796	87184000.0	9.0
21797	87188000.0	10.0
21798	87192000.0	6.0
21799	87196000.0	10.0
21800	87200000.0	6.0
21801	87204000.0	7.0
21802	87208000.0	7.0
21803	87212000.0	2.0
21804	87216000.0	7.0
21805	87220000.0	5.0
21806	87224000.0	6.0
21807	87228000.0	8.0
21808	87232000.0	7.0
21809	87236000.0	7.0
21810	87240000.0	7.0
21811	87244000.0	8.0
21812	87248000.0	8.0
21813	87252000.0	8.0
21814	87256000.0	6.0
21815	87260000.0	9.0
21816	87264000.0	3.0
21817	87268000.0	5.0
21818	87272000.0	6.0
21819	87276000.0	7.0
21820	87280000.0	9.0
21821	87284000.0	9.0
21822	87288000.0	7.0
21823	87292000.0	6.0
21824	87296000.0	6.0
21825	87300000.0	7.0
21826	87304000.0	10.0
21827	87308000.0	6.0
21828	87312000.0	7.0
21829	87316000.0	9.0
21830	87320000.0	3.0
21831	87324000.0	6.0
21832	87328000.0	9.0
21833	87332000.0	5.0
21834	87336000.0	11.0
21835	87340000.0	10.0
21836	87344000.0	6.0
21837	87348000.0	9.0
21838	87352000.0	7.0
21839	87356000.0	8.0
21840	87360000.0	7.0
21841	87364000.0	6.0
21842	87368000.0	9.0
21843	87372000.0	7.0
21844	87376000.0	5.0
21845	87380000.0	5.0
21846	87384000.0	5.0
21847	87388000.0	6.0
21848	87392000.0	3.0
21849	87396000.0	5.0
21850	87400000.0	9.0
21851	87404000.0	9.0
21852	87408000.0	5.0
21853	87412000.0	8.0
21854	87416000.0	3.0
21855	87420000.0	12.0
21856	87424000.0	5.0
21857	87428000.0	10.0
21858	87432000.0	9.0
21859	87436000.0	6.0
21860	87440000.0	9.0
21861	87444000.0	9.0
21862	87448000.0	13.0
21863	87452000.0	4.0
21864	87456000.0	6.0
21865	87460000.0	3.0
21866	87464000.0	12.0
21867	87468000.0	10.0
21868	87472000.0	4.0
21869	87476000.0	5.0
21870	87480000.0	7.0
21871	87484000.0	7.0
21872	87488000.0	10.0
21873	87492000.0	7.0
21874	87496000.0	8.0
21875	87500000.0	8.0
21876	87504000.0	7.0
21877	87508000.0	12.0
21878	87512000.0	10.0
21879	87516000.0	9.0
21880	87520000.0	5.0
21881	87524000.0	8.0
21882	87528000.0	14.0
21883	87532000.0	8.0
21884	87536000.0	10.0
21885	87540000.0	8.0
21886	87544000.0	1.0
21887	87548000.0	4.0
21888	87552000.0	8.0
21889	87556000.0	6.0
21890	87560000.0	11.0
21891	87564000.0	6.0
21892	87568000.0	6.0
21893	87572000.0	4.0
21894	87576000.0	6.0
21895	87580000.0	7.0
21896	87584000.0	11.0
21897	87588000.0	6.0
21898	87592000.0	5.0
21899	87596000.0	6.0
21900	87600000.0	8.0
21901	87604000.0	9.0
21902	87608000.0	11.0
21903	87612000.0	3.0
21904	87616000.0	10.0
21905	87620000.0	6.0
21906	87624000.0	8.0
21907	87628000.0	6.0
21908	87632000.0	5.0
21909	87636000.0	4.0
21910	87640000.0	8.0
21911	87644000.0	3.0
21912	87648000.0	8.0
21913	87652000.0	6.0
21914	87656000.0	9.0
21915	87660000.0	8.0
21916	87664000.0	3.0
21917	87668000.0	3.0
21918	87672000.0	7.0
21919	87676000.0	10.0
21920	87680000.0	8.0
21921	87684000.0	6.0
21922	87688000.0	9.0
21923	87692000.0	10.0
21924	87696000.0	5.0
21925	87700000.0	8.0
21926	87704000.0	9.0
21927	87708000.0	7.0
21928	87712000.0	4.0
21929	87716000.0	5.0
21930	87720000.0	9.0
21931	87724000.0	12.0
21932	87728000.0	17.0
21933	87732000.0	9.0
21934	87736000.0	14.0
21935	87740000.0	7.0
21936	87744000.0	6.0
21937	87748000.0	2.0
21938	87752000.0	9.0
21939	87756000.0	9.0
21940	87760000.0	9.0
21941	87764000.0	11.0
21942	87768000.0	4.0
21943	87772000.0	14.0
21944	87776000.0	8.0
21945	87780000.0	9.0
21946	87784000.0	4.0
21947	87788000.0	9.0
21948	87792000.0	8.0
21949	87796000.0	8.0
21950	87800000.0	8.0
21951	87804000.0	4.0
21952	87808000.0	11.0
21953	87812000.0	8.0
21954	87816000.0	9.0
21955	87820000.0	3.0
21956	87824000.0	6.0
21957	87828000.0	5.0
21958	87832000.0	7.0
21959	87836000.0	8.0
21960	87840000.0	8.0
21961	87844000.0	10.0
21962	87848000.0	6.0
21963	87852000.0	6.0
21964	87856000.0	7.0
21965	87860000.0	8.0
21966	87864000.0	11.0
21967	87868000.0	4.0
21968	87872000.0	4.0
21969	87876000.0	3.0
21970	87880000.0	10.0
21971	87884000.0	10.0
21972	87888000.0	6.0
21973	87892000.0	8.0
21974	87896000.0	3.0
21975	87900000.0	4.0
21976	87904000.0	8.0
21977	87908000.0	9.0
21978	87912000.0	8.0
21979	87916000.0	8.0
21980	87920000.0	9.0
21981	87924000.0	4.0
21982	87928000.0	8.0
21983	87932000.0	6.0
21984	87936000.0	5.0
21985	87940000.0	5.0
21986	87944000.0	3.0
21987	87948000.0	5.0
21988	87952000.0	13.0
21989	87956000.0	8.0
21990	87960000.0	8.0
21991	87964000.0	4.0
21992	87968000.0	4.0
21993	87972000.0	4.0
21994	87976000.0	3.0
21995	87980000.0	5.0
21996	87984000.0	12.0
21997	87988000.0	11.0
21998	87992000.0	7.0
21999	87996000.0	9.0
22000	88000000.0	5.0
22001	88004000.0	6.0
22002	88008000.0	2.0
22003	88012000.0	4.0
22004	88016000.0	8.0
22005	88020000.0	7.0
22006	88024000.0	4.0
22007	88028000.0	9.0
22008	88032000.0	7.0
22009	88036000.0	8.0
22010	88040000.0	12.0
22011	88044000.0	8.0
22012	88048000.0	6.0
22013	88052000.0	4.0
22014	88056000.0	6.0
22015	88060000.0	12.0
22016	88064000.0	7.0
22017	88068000.0	9.0
22018	88072000.0	11.0
22019	88076000.0	9.0
22020	88080000.0	7.0
22021	88084000.0	4.0
22022	88088000.0	4.0
22023	88092000.0	3.0
22024	88096000.0	6.0
22025	88100000.0	14.0
22026	88104000.0	9.0
22027	88108000.0	6.0
22028	88112000.0	8.0
22029	88116000.0	8.0
22030	88120000.0	4.0
22031	88124000.0	8.0
22032	88128000.0	6.0
22033	88132000.0	12.0
22034	88136000.0	6.0
22035	88140000.0	5.0
22036	88144000.0	3.0
22037	88148000.0	7.0
22038	88152000.0	2.0
22039	88156000.0	5.0
22040	88160000.0	8.0
22041	88164000.0	7.0
22042	88168000.0	9.0
22043	88172000.0	9.0
22044	88176000.0	6.0
22045	88180000.0	10.0
22046	88184000.0	7.0
22047	88188000.0	5.0
22048	88192000.0	8.0
22049	88196000.0	8.0
22050	88200000.0	12.0
22051	88204000.0	7.0
22052	88208000.0	14.0
22053	88212000.0	11.0
22054	88216000.0	4.0
22055	88220000.0	6.0
22056	88224000.0	10.0
22057	88228000.0	7.0
22058	88232000.0	12.0
22059	88236000.0	10.0
22060	88240000.0	8.0
22061	88244000.0	4.0
22062	88248000.0	8.0
22063	88252000.0	7.0
22064	88256000.0	6.0
22065	88260000.0	5.0
22066	88264000.0	9.0
22067	88268000.0	5.0
22068	88272000.0	11.0
22069	88276000.0	9.0
22070	88280000.0	12.0
22071	88284000.0	6.0
22072	88288000.0	11.0
22073	88292000.0	9.0
22074	88296000.0	5.0
22075	88300000.0	6.0
22076	88304000.0	7.0
22077	88308000.0	7.0
22078	88312000.0	6.0
22079	88316000.0	6.0
22080	88320000.0	6.0
22081	88324000.0	12.0
22082	88328000.0	11.0
22083	88332000.0	8.0
22084	88336000.0	9.0
22085	88340000.0	3.0
22086	88344000.0	5.0
22087	88348000.0	10.0
22088	88352000.0	6.0
22089	88356000.0	6.0
22090	88360000.0	9.0
22091	88364000.0	8.0
22092	88368000.0	6.0
22093	88372000.0	14.0
22094	88376000.0	12.0
22095	88380000.0	4.0
22096	88384000.0	6.0
22097	88388000.0	4.0
22098	88392000.0	9.0
22099	88396000.0	6.0
22100	88400000.0	11.0
22101	88404000.0	5.0
22102	88408000.0	2.0
22103	88412000.0	4.0
22104	88416000.0	7.0
22105	88420000.0	7.0
22106	88424000.0	7.0
22107	88428000.0	7.0
22108	88432000.0	8.0
22109	88436000.0	13.0
22110	88440000.0	7.0
22111	88444000.0	5.0
22112	88448000.0	6.0
22113	88452000.0	5.0
22114	88456000.0	6.0
22115	88460000.0	9.0
22116	88464000.0	3.0
22117	88468000.0	3.0
22118	88472000.0	9.0
22119	88476000.0	11.0
22120	88480000.0	8.0
22121	88484000.0	5.0
22122	88488000.0	3.0
22123	88492000.0	4.0
22124	88496000.0	6.0
22125	88500000.0	8.0
22126	88504000.0	9.0
22127	88508000.0	6.0
22128	88512000.0	3.0
22129	88516000.0	7.0
22130	88520000.0	9.0
22131	88524000.0	8.0
22132	88528000.0	9.0
22133	88532000.0	12.0
22134	88536000.0	9.0
22135	88540000.0	6.0
22136	88544000.0	10.0
22137	88548000.0	11.0
22138	88552000.0	7.0
22139	88556000.0	11.0
22140	88560000.0	10.0
22141	88564000.0	9.0
22142	88568000.0	8.0
22143	88572000.0	2.0
22144	88576000.0	9.0
22145	88580000.0	11.0
22146	88584000.0	9.0
22147	88588000.0	7.0
22148	88592000.0	5.0
22149	88596000.0	8.0
22150	88600000.0	8.0
22151	88604000.0	6.0
22152	88608000.0	4.0
22153	88612000.0	8.0
22154	88616000.0	7.0
22155	88620000.0	6.0
22156	88624000.0	3.0
22157	88628000.0	9.0
22158	88632000.0	10.0
22159	88636000.0	15.0
22160	88640000.0	7.0
22161	88644000.0	5.0
22162	88648000.0	5.0
22163	88652000.0	5.0
22164	88656000.0	7.0
22165	88660000.0	4.0
22166	88664000.0	8.0
22167	88668000.0	8.0
22168	88672000.0	3.0
22169	88676000.0	4.0
22170	88680000.0	9.0
22171	88684000.0	8.0
22172	88688000.0	10.0
22173	88692000.0	11.0
22174	88696000.0	2.0
22175	88700000.0	8.0
22176	88704000.0	8.0
22177	88708000.0	9.0
22178	88712000.0	10.0
22179	88716000.0	7.0
22180	88720000.0	7.0
22181	88724000.0	10.0
22182	88728000.0	6.0
22183	88732000.0	10.0
22184	88736000.0	7.0
22185	88740000.0	6.0
22186	88744000.0	6.0
22187	88748000.0	8.0
22188	88752000.0	6.0
22189	88756000.0	9.0
22190	88760000.0	5.0
22191	88764000.0	4.0
22192	88768000.0	9.0
22193	88772000.0	8.0
22194	88776000.0	4.0
22195	88780000.0	9.0
22196	88784000.0	8.0
22197	88788000.0	3.0
22198	88792000.0	6.0
22199	88796000.0	8.0
22200	88800000.0	5.0
22201	88804000.0	8.0
22202	88808000.0	9.0
22203	88812000.0	4.0
22204	88816000.0	7.0
22205	88820000.0	5.0
22206	88824000.0	5.0
22207	88828000.0	5.0
22208	88832000.0	8.0
22209	88836000.0	8.0
22210	88840000.0	6.0
22211	88844000.0	8.0
22212	88848000.0	5.0
22213	88852000.0	9.0
22214	88856000.0	5.0
22215	88860000.0	6.0
22216	88864000.0	8.0
22217	88868000.0	6.0
22218	88872000.0	6.0
22219	88876000.0	6.0
22220	88880000.0	4.0
22221	88884000.0	6.0
22222	88888000.0	4.0
22223	88892000.0	10.0
22224	88896000.0	5.0
22225	88900000.0	3.0
22226	88904000.0	4.0
22227	88908000.0	6.0
22228	88912000.0	14.0
22229	88916000.0	9.0
22230	88920000.0	9.0
22231	88924000.0	5.0
22232	88928000.0	8.0
22233	88932000.0	7.0
22234	88936000.0	6.0
22235	88940000.0	2.0
22236	88944000.0	6.0
22237	88948000.0	8.0
22238	88952000.0	6.0
22239	88956000.0	6.0
22240	88960000.0	6.0
22241	88964000.0	5.0
22242	88968000.0	8.0
22243	88972000.0	9.0
22244	88976000.0	8.0
22245	88980000.0	10.0
22246	88984000.0	9.0
22247	88988000.0	7.0
22248	88992000.0	4.0
22249	88996000.0	8.0
22250	89000000.0	6.0
22251	89004000.0	6.0
22252	89008000.0	6.0
22253	89012000.0	4.0
22254	89016000.0	2.0
22255	89020000.0	5.0
22256	89024000.0	8.0
22257	89028000.0	3.0
22258	89032000.0	5.0
22259	89036000.0	10.0
22260	89040000.0	8.0
22261	89044000.0	12.0
22262	89048000.0	10.0
22263	89052000.0	4.0
22264	89056000.0	9.0
22265	89060000.0	7.0
22266	89064000.0	6.0
22267	89068000.0	4.0
22268	89072000.0	8.0
22269	89076000.0	9.0
22270	89080000.0	8.0
22271	89084000.0	3.0
22272	89088000.0	9.0
22273	89092000.0	9.0
22274	89096000.0	9.0
22275	89100000.0	9.0
22276	89104000.0	6.0
22277	89108000.0	7.0
22278	89112000.0	7.0
22279	89116000.0	5.0
22280	89120000.0	6.0
22281	89124000.0	6.0
22282	89128000.0	7.0
22283	89132000.0	4.0
22284	89136000.0	5.0
22285	89140000.0	5.0
22286	89144000.0	5.0
22287	89148000.0	7.0
22288	89152000.0	5.0
22289	89156000.0	5.0
22290	89160000.0	7.0
22291	89164000.0	8.0
22292	89168000.0	8.0
22293	89172000.0	3.0
22294	89176000.0	10.0
22295	89180000.0	8.0
22296	89184000.0	4.0
22297	89188000.0	4.0
22298	89192000.0	9.0
22299	89196000.0	7.0
22300	89200000.0	12.0
22301	89204000.0	3.0
22302	89208000.0	6.0
22303	89212000.0	8.0
22304	89216000.0	7.0
22305	89220000.0	11.0
22306	89224000.0	10.0
22307	89228000.0	10.0
22308	89232000.0	5.0
22309	89236000.0	6.0
22310	89240000.0	7.0
22311	89244000.0	7.0
22312	89248000.0	5.0
22313	89252000.0	7.0
22314	89256000.0	5.0
22315	89260000.0	3.0
22316	89264000.0	5.0
22317	89268000.0	8.0
22318	89272000.0	11.0
22319	89276000.0	4.0
22320	89280000.0	11.0
22321	89284000.0	2.0
22322	89288000.0	8.0
22323	89292000.0	11.0
22324	89296000.0	8.0
22325	89300000.0	7.0
22326	89304000.0	3.0
22327	89308000.0	8.0
22328	89312000.0	6.0
22329	89316000.0	5.0
22330	89320000.0	9.0
22331	89324000.0	10.0
22332	89328000.0	4.0
22333	89332000.0	4.0
22334	89336000.0	6.0
22335	89340000.0	6.0
22336	89344000.0	10.0
22337	89348000.0	6.0
22338	89352000.0	4.0
22339	89356000.0	4.0
22340	89360000.0	9.0
22341	89364000.0	8.0
22342	89368000.0	9.0
22343	89372000.0	6.0
22344	89376000.0	8.0
22345	89380000.0	11.0
22346	89384000.0	8.0
22347	89388000.0	5.0
22348	89392000.0	7.0
22349	89396000.0	7.0
22350	89400000.0	7.0
22351	89404000.0	3.0
22352	89408000.0	7.0
22353	89412000.0	4.0
22354	89416000.0	8.0
22355	89420000.0	5.0
22356	89424000.0	9.0
22357	89428000.0	5.0
22358	89432000.0	6.0
22359	89436000.0	6.0
22360	89440000.0	11.0
22361	89444000.0	7.0
22362	89448000.0	10.0
22363	89452000.0	9.0
22364	89456000.0	8.0
22365	89460000.0	9.0
22366	89464000.0	6.0
22367	89468000.0	9.0
22368	89472000.0	8.0
22369	89476000.0	8.0
22370	89480000.0	7.0
22371	89484000.0	3.0
22372	89488000.0	3.0
22373	89492000.0	6.0
22374	89496000.0	8.0
22375	89500000.0	8.0
22376	89504000.0	4.0
22377	89508000.0	3.0
22378	89512000.0	3.0
22379	89516000.0	4.0
22380	89520000.0	5.0
22381	89524000.0	8.0
22382	89528000.0	5.0
22383	89532000.0	12.0
22384	89536000.0	10.0
22385	89540000.0	11.0
22386	89544000.0	7.0
22387	89548000.0	6.0
22388	89552000.0	7.0
22389	89556000.0	6.0
22390	89560000.0	8.0
22391	89564000.0	6.0
22392	89568000.0	4.0
22393	89572000.0	14.0
22394	89576000.0	5.0
22395	89580000.0	7.0
22396	89584000.0	6.0
22397	89588000.0	9.0
22398	89592000.0	5.0
22399	89596000.0	12.0
22400	89600000.0	4.0
22401	89604000.0	9.0
22402	89608000.0	4.0
22403	89612000.0	8.0
22404	89616000.0	8.0
22405	89620000.0	7.0
22406	89624000.0	10.0
22407	89628000.0	5.0
22408	89632000.0	8.0
22409	89636000.0	9.0
22410	89640000.0	9.0
22411	89644000.0	4.0
22412	89648000.0	13.0
22413	89652000.0	9.0
22414	89656000.0	10.0
22415	89660000.0	4.0
22416	89664000.0	7.0
22417	89668000.0	6.0
22418	89672000.0	11.0
22419	89676000.0	9.0
22420	89680000.0	11.0
22421	89684000.0	10.0
22422	89688000.0	8.0
22423	89692000.0	7.0
22424	89696000.0	8.0
22425	89700000.0	11.0
22426	89704000.0	5.0
22427	89708000.0	7.0
22428	89712000.0	7.0
22429	89716000.0	8.0
22430	89720000.0	9.0
22431	89724000.0	8.0
22432	89728000.0	3.0
22433	89732000.0	5.0
22434	89736000.0	8.0
22435	89740000.0	4.0
22436	89744000.0	12.0
22437	89748000.0	10.0
22438	89752000.0	8.0
22439	89756000.0	3.0
22440	89760000.0	4.0
22441	89764000.0	12.0
22442	89768000.0	7.0
22443	89772000.0	5.0
22444	89776000.0	14.0
22445	89780000.0	4.0
22446	89784000.0	11.0
22447	89788000.0	5.0
22448	89792000.0	4.0
22449	89796000.0	6.0
22450	89800000.0	7.0
22451	89804000.0	7.0
22452	89808000.0	7.0
22453	89812000.0	6.0
22454	89816000.0	6.0
22455	89820000.0	10.0
22456	89824000.0	5.0
22457	89828000.0	2.0
22458	89832000.0	2.0
22459	89836000.0	5.0
22460	89840000.0	5.0
22461	89844000.0	7.0
22462	89848000.0	5.0
22463	89852000.0	7.0
22464	89856000.0	3.0
22465	89860000.0	6.0
22466	89864000.0	3.0
22467	89868000.0	4.0
22468	89872000.0	2.0
22469	89876000.0	8.0
22470	89880000.0	1.0
22471	89884000.0	8.0
22472	89888000.0	6.0
22473	89892000.0	5.0
22474	89896000.0	9.0
22475	89900000.0	14.0
22476	89904000.0	8.0
22477	89908000.0	7.0
22478	89912000.0	5.0
22479	89916000.0	8.0
22480	89920000.0	11.0
22481	89924000.0	6.0
22482	89928000.0	5.0
22483	89932000.0	5.0
22484	89936000.0	4.0
22485	89940000.0	8.0
22486	89944000.0	8.0
22487	89948000.0	7.0
22488	89952000.0	8.0
22489	89956000.0	1.0
22490	89960000.0	4.0
22491	89964000.0	5.0
22492	89968000.0	10.0
22493	89972000.0	6.0
22494	89976000.0	7.0
22495	89980000.0	8.0
22496	89984000.0	6.0
22497	89988000.0	8.0
22498	89992000.0	8.0
22499	89996000.0	12.0
22500	90000000.0	10.0
22501	90004000.0	8.0
22502	90008000.0	10.0
22503	90012000.0	6.0
22504	90016000.0	2.0
22505	90020000.0	6.0
22506	90024000.0	11.0
22507	90028000.0	5.0
22508	90032000.0	6.0
22509	90036000.0	3.0
22510	90040000.0	13.0
22511	90044000.0	7.0
22512	90048000.0	1.0
22513	90052000.0	4.0
22514	90056000.0	10.0
22515	90060000.0	3.0
22516	90064000.0	6.0
22517	90068000.0	6.0
22518	90072000.0	8.0
22519	90076000.0	2.0
22520	90080000.0	5.0
22521	90084000.0	7.0
22522	90088000.0	9.0
22523	90092000.0	5.0
22524	90096000.0	5.0
22525	90100000.0	3.0
22526	90104000.0	11.0
22527	90108000.0	13.0
22528	90112000.0	6.0
22529	90116000.0	4.0
22530	90120000.0	1.0
22531	90124000.0	6.0
22532	90128000.0	8.0
22533	90132000.0	9.0
22534	90136000.0	10.0
22535	90140000.0	12.0
22536	90144000.0	7.0
22537	90148000.0	5.0
22538	90152000.0	11.0
22539	90156000.0	7.0
22540	90160000.0	5.0
22541	90164000.0	10.0
22542	90168000.0	5.0
22543	90172000.0	2.0
22544	90176000.0	10.0
22545	90180000.0	6.0
22546	90184000.0	8.0
22547	90188000.0	3.0
22548	90192000.0	6.0
22549	90196000.0	6.0
22550	90200000.0	3.0
22551	90204000.0	2.0
22552	90208000.0	14.0
22553	90212000.0	10.0
22554	90216000.0	6.0
22555	90220000.0	7.0
22556	90224000.0	8.0
22557	90228000.0	6.0
22558	90232000.0	9.0
22559	90236000.0	2.0
22560	90240000.0	7.0
22561	90244000.0	7.0
22562	90248000.0	8.0
22563	90252000.0	3.0
22564	90256000.0	11.0
22565	90260000.0	3.0
22566	90264000.0	9.0
22567	90268000.0	8.0
22568	90272000.0	10.0
22569	90276000.0	12.0
22570	90280000.0	8.0
22571	90284000.0	10.0
22572	90288000.0	5.0
22573	90292000.0	5.0
22574	90296000.0	6.0
22575	90300000.0	3.0
22576	90304000.0	7.0
22577	90308000.0	8.0
22578	90312000.0	3.0
22579	90316000.0	7.0
22580	90320000.0	2.0
22581	90324000.0	5.0
22582	90328000.0	6.0
22583	90332000.0	11.0
22584	90336000.0	4.0
22585	90340000.0	8.0
22586	90344000.0	10.0
22587	90348000.0	8.0
22588	90352000.0	4.0
22589	90356000.0	6.0
22590	90360000.0	12.0
22591	90364000.0	12.0
22592	90368000.0	5.0
22593	90372000.0	4.0
22594	90376000.0	9.0
22595	90380000.0	1.0
22596	90384000.0	8.0
22597	90388000.0	9.0
22598	90392000.0	4.0
22599	90396000.0	6.0
22600	90400000.0	7.0
22601	90404000.0	8.0
22602	90408000.0	7.0
22603	90412000.0	6.0
22604	90416000.0	6.0
22605	90420000.0	4.0
22606	90424000.0	8.0
22607	90428000.0	7.0
22608	90432000.0	10.0
22609	90436000.0	7.0
22610	90440000.0	8.0
22611	90444000.0	7.0
22612	90448000.0	8.0
22613	90452000.0	8.0
22614	90456000.0	7.0
22615	90460000.0	7.0
22616	90464000.0	9.0
22617	90468000.0	10.0
22618	90472000.0	7.0
22619	90476000.0	7.0
22620	90480000.0	5.0
22621	90484000.0	10.0
22622	90488000.0	6.0
22623	90492000.0	7.0
22624	90496000.0	8.0
22625	90500000.0	6.0
22626	90504000.0	6.0
22627	90508000.0	11.0
22628	90512000.0	6.0
22629	90516000.0	6.0
22630	90520000.0	9.0
22631	90524000.0	6.0
22632	90528000.0	8.0
22633	90532000.0	8.0
22634	90536000.0	3.0
22635	90540000.0	5.0
22636	90544000.0	5.0
22637	90548000.0	8.0
22638	90552000.0	6.0
22639	90556000.0	8.0
22640	90560000.0	10.0
22641	90564000.0	13.0
22642	90568000.0	9.0
22643	90572000.0	8.0
22644	90576000.0	4.0
22645	90580000.0	8.0
22646	90584000.0	8.0
22647	90588000.0	7.0
22648	90592000.0	10.0
22649	90596000.0	0.0
22650	90600000.0	10.0
22651	90604000.0	9.0
22652	90608000.0	4.0
22653	90612000.0	8.0
22654	90616000.0	8.0
22655	90620000.0	3.0
22656	90624000.0	5.0
22657	90628000.0	5.0
22658	90632000.0	10.0
22659	90636000.0	7.0
22660	90640000.0	10.0
22661	90644000.0	9.0
22662	90648000.0	8.0
22663	90652000.0	5.0
22664	90656000.0	7.0
22665	90660000.0	7.0
22666	90664000.0	3.0
22667	90668000.0	5.0
22668	90672000.0	8.0
22669	90676000.0	10.0
22670	90680000.0	7.0
22671	90684000.0	10.0
22672	90688000.0	8.0
22673	90692000.0	7.0
22674	90696000.0	0.0
22675	90700000.0	6.0
22676	90704000.0	8.0
22677	90708000.0	10.0
22678	90712000.0	6.0
22679	90716000.0	2.0
22680	90720000.0	5.0
22681	90724000.0	6.0
22682	90728000.0	5.0
22683	90732000.0	10.0
22684	90736000.0	6.0
22685	90740000.0	5.0
22686	90744000.0	8.0
22687	90748000.0	6.0
22688	90752000.0	4.0
22689	90756000.0	10.0
22690	90760000.0	6.0
22691	90764000.0	7.0
22692	90768000.0	3.0
22693	90772000.0	12.0
22694	90776000.0	7.0
22695	90780000.0	4.0
22696	90784000.0	10.0
22697	90788000.0	5.0
22698	90792000.0	5.0
22699	90796000.0	2.0
22700	90800000.0	5.0
22701	90804000.0	5.0
22702	90808000.0	9.0
22703	90812000.0	11.0
22704	90816000.0	7.0
22705	90820000.0	7.0
22706	90824000.0	5.0
22707	90828000.0	10.0
22708	90832000.0	8.0
22709	90836000.0	3.0
22710	90840000.0	5.0
22711	90844000.0	5.0
22712	90848000.0	6.0
22713	90852000.0	14.0
22714	90856000.0	7.0
22715	90860000.0	8.0
22716	90864000.0	10.0
22717	90868000.0	5.0
22718	90872000.0	6.0
22719	90876000.0	4.0
22720	90880000.0	4.0
22721	90884000.0	9.0
22722	90888000.0	7.0
22723	90892000.0	5.0
22724	90896000.0	6.0
22725	90900000.0	7.0
22726	90904000.0	7.0
22727	90908000.0	3.0
22728	90912000.0	3.0
22729	90916000.0	8.0
22730	90920000.0	7.0
22731	90924000.0	4.0
22732	90928000.0	6.0
22733	90932000.0	8.0
22734	90936000.0	11.0
22735	90940000.0	9.0
22736	90944000.0	4.0
22737	90948000.0	10.0
22738	90952000.0	5.0
22739	90956000.0	4.0
22740	90960000.0	3.0
22741	90964000.0	7.0
22742	90968000.0	10.0
22743	90972000.0	7.0
22744	90976000.0	6.0
22745	90980000.0	9.0
22746	90984000.0	8.0
22747	90988000.0	10.0
22748	90992000.0	7.0
22749	90996000.0	4.0
22750	91000000.0	9.0
22751	91004000.0	6.0
22752	91008000.0	7.0
22753	91012000.0	4.0
22754	91016000.0	5.0
22755	91020000.0	6.0
22756	91024000.0	9.0
22757	91028000.0	6.0
22758	91032000.0	2.0
22759	91036000.0	9.0
22760	91040000.0	5.0
22761	91044000.0	2.0
22762	91048000.0	3.0
22763	91052000.0	6.0
22764	91056000.0	4.0
22765	91060000.0	11.0
22766	91064000.0	6.0
22767	91068000.0	7.0
22768	91072000.0	6.0
22769	91076000.0	5.0
22770	91080000.0	9.0
22771	91084000.0	4.0
22772	91088000.0	4.0
22773	91092000.0	9.0
22774	91096000.0	9.0
22775	91100000.0	6.0
22776	91104000.0	8.0
22777	91108000.0	4.0
22778	91112000.0	7.0
22779	91116000.0	5.0
22780	91120000.0	5.0
22781	91124000.0	9.0
22782	91128000.0	9.0
22783	91132000.0	8.0
22784	91136000.0	12.0
22785	91140000.0	4.0
22786	91144000.0	3.0
22787	91148000.0	8.0
22788	91152000.0	6.0
22789	91156000.0	3.0
22790	91160000.0	7.0
22791	91164000.0	6.0
22792	91168000.0	7.0
22793	91172000.0	6.0
22794	91176000.0	5.0
22795	91180000.0	3.0
22796	91184000.0	4.0
22797	91188000.0	9.0
22798	91192000.0	14.0
22799	91196000.0	8.0
22800	91200000.0	4.0
22801	91204000.0	9.0
22802	91208000.0	11.0
22803	91212000.0	7.0
22804	91216000.0	5.0
22805	91220000.0	3.0
22806	91224000.0	7.0
22807	91228000.0	8.0
22808	91232000.0	6.0
22809	91236000.0	8.0
22810	91240000.0	7.0
22811	91244000.0	6.0
22812	91248000.0	6.0
22813	91252000.0	7.0
22814	91256000.0	11.0
22815	91260000.0	5.0
22816	91264000.0	6.0
22817	91268000.0	6.0
22818	91272000.0	4.0
22819	91276000.0	4.0
22820	91280000.0	9.0
22821	91284000.0	8.0
22822	91288000.0	9.0
22823	91292000.0	12.0
22824	91296000.0	4.0
22825	91300000.0	5.0
22826	91304000.0	4.0
22827	91308000.0	4.0
22828	91312000.0	5.0
22829	91316000.0	9.0
22830	91320000.0	7.0
22831	91324000.0	5.0
22832	91328000.0	8.0
22833	91332000.0	6.0
22834	91336000.0	6.0
22835	91340000.0	4.0
22836	91344000.0	6.0
22837	91348000.0	12.0
22838	91352000.0	7.0
22839	91356000.0	4.0
22840	91360000.0	8.0
22841	91364000.0	6.0
22842	91368000.0	7.0
22843	91372000.0	5.0
22844	91376000.0	6.0
22845	91380000.0	6.0
22846	91384000.0	7.0
22847	91388000.0	4.0
22848	91392000.0	9.0
22849	91396000.0	8.0
22850	91400000.0	10.0
22851	91404000.0	3.0
22852	91408000.0	6.0
22853	91412000.0	7.0
22854	91416000.0	5.0
22855	91420000.0	4.0
22856	91424000.0	9.0
22857	91428000.0	9.0
22858	91432000.0	3.0
22859	91436000.0	9.0
22860	91440000.0	9.0
22861	91444000.0	5.0
22862	91448000.0	7.0
22863	91452000.0	9.0
22864	91456000.0	7.0
22865	91460000.0	8.0
22866	91464000.0	10.0
22867	91468000.0	8.0
22868	91472000.0	6.0
22869	91476000.0	5.0
22870	91480000.0	5.0
22871	91484000.0	10.0
22872	91488000.0	8.0
22873	91492000.0	6.0
22874	91496000.0	8.0
22875	91500000.0	6.0
22876	91504000.0	7.0
22877	91508000.0	5.0
22878	91512000.0	10.0
22879	91516000.0	9.0
22880	91520000.0	7.0
22881	91524000.0	7.0
22882	91528000.0	7.0
22883	91532000.0	7.0
22884	91536000.0	5.0
22885	91540000.0	9.0
22886	91544000.0	6.0
22887	91548000.0	4.0
22888	91552000.0	10.0
22889	91556000.0	8.0
22890	91560000.0	7.0
22891	91564000.0	2.0
22892	91568000.0	7.0
22893	91572000.0	4.0
22894	91576000.0	5.0
22895	91580000.0	7.0
22896	91584000.0	3.0
22897	91588000.0	11.0
22898	91592000.0	9.0
22899	91596000.0	9.0
22900	91600000.0	2.0
22901	91604000.0	3.0
22902	91608000.0	6.0
22903	91612000.0	2.0
22904	91616000.0	8.0
22905	91620000.0	5.0
22906	91624000.0	6.0
22907	91628000.0	6.0
22908	91632000.0	7.0
22909	91636000.0	3.0
22910	91640000.0	4.0
22911	91644000.0	5.0
22912	91648000.0	9.0
22913	91652000.0	7.0
22914	91656000.0	7.0
22915	91660000.0	6.0
22916	91664000.0	5.0
22917	91668000.0	9.0
22918	91672000.0	7.0
22919	91676000.0	8.0
22920	91680000.0	4.0
22921	91684000.0	4.0
22922	91688000.0	6.0
22923	91692000.0	6.0
22924	91696000.0	7.0
22925	91700000.0	9.0
22926	91704000.0	10.0
22927	91708000.0	8.0
22928	91712000.0	4.0
22929	91716000.0	7.0
22930	91720000.0	5.0
22931	91724000.0	3.0
22932	91728000.0	4.0
22933	91732000.0	11.0
22934	91736000.0	5.0
22935	91740000.0	2.0
22936	91744000.0	4.0
22937	91748000.0	5.0
22938	91752000.0	8.0
22939	91756000.0	6.0
22940	91760000.0	6.0
22941	91764000.0	3.0
22942	91768000.0	5.0
22943	91772000.0	5.0
22944	91776000.0	4.0
22945	91780000.0	11.0
22946	91784000.0	7.0
22947	91788000.0	3.0
22948	91792000.0	7.0
22949	91796000.0	7.0
22950	91800000.0	9.0
22951	91804000.0	5.0
22952	91808000.0	4.0
22953	91812000.0	13.0
22954	91816000.0	5.0
22955	91820000.0	8.0
22956	91824000.0	4.0
22957	91828000.0	10.0
22958	91832000.0	4.0
22959	91836000.0	6.0
22960	91840000.0	6.0
22961	91844000.0	8.0
22962	91848000.0	3.0
22963	91852000.0	10.0
22964	91856000.0	7.0
22965	91860000.0	6.0
22966	91864000.0	9.0
22967	91868000.0	8.0
22968	91872000.0	10.0
22969	91876000.0	6.0
22970	91880000.0	10.0
22971	91884000.0	7.0
22972	91888000.0	7.0
22973	91892000.0	8.0
22974	91896000.0	4.0
22975	91900000.0	8.0
22976	91904000.0	8.0
22977	91908000.0	8.0
22978	91912000.0	6.0
22979	91916000.0	16.0
22980	91920000.0	8.0
22981	91924000.0	6.0
22982	91928000.0	8.0
22983	91932000.0	7.0
22984	91936000.0	8.0
22985	91940000.0	5.0
22986	91944000.0	4.0
22987	91948000.0	3.0
22988	91952000.0	8.0
22989	91956000.0	6.0
22990	91960000.0	6.0
22991	91964000.0	13.0
22992	91968000.0	7.0
22993	91972000.0	7.0
22994	91976000.0	2.0
22995	91980000.0	7.0
22996	91984000.0	4.0
22997	91988000.0	3.0
22998	91992000.0	10.0
22999	91996000.0	8.0
23000	92000000.0	8.0
23001	92004000.0	4.0
23002	92008000.0	7.0
23003	92012000.0	10.0
23004	92016000.0	7.0
23005	92020000.0	2.0
23006	92024000.0	7.0
23007	92028000.0	7.0
23008	92032000.0	4.0
23009	92036000.0	8.0
23010	92040000.0	5.0
23011	92044000.0	7.0
23012	92048000.0	4.0
23013	92052000.0	7.0
23014	92056000.0	6.0
23015	92060000.0	7.0
23016	92064000.0	9.0
23017	92068000.0	13.0
23018	92072000.0	8.0
23019	92076000.0	2.0
23020	92080000.0	5.0
23021	92084000.0	9.0
23022	92088000.0	4.0
23023	92092000.0	5.0
23024	92096000.0	5.0
23025	92100000.0	8.0
23026	92104000.0	4.0
23027	92108000.0	7.0
23028	92112000.0	4.0
23029	92116000.0	7.0
23030	92120000.0	9.0
23031	92124000.0	3.0
23032	92128000.0	6.0
23033	92132000.0	7.0
23034	92136000.0	9.0
23035	92140000.0	7.0
23036	92144000.0	3.0
23037	92148000.0	9.0
23038	92152000.0	6.0
23039	92156000.0	5.0
23040	92160000.0	9.0
23041	92164000.0	4.0
23042	92168000.0	3.0
23043	92172000.0	6.0
23044	92176000.0	2.0
23045	92180000.0	8.0
23046	92184000.0	9.0
23047	92188000.0	8.0
23048	92192000.0	7.0
23049	92196000.0	6.0
23050	92200000.0	3.0
23051	92204000.0	2.0
23052	92208000.0	5.0
23053	92212000.0	6.0
23054	92216000.0	5.0
23055	92220000.0	9.0
23056	92224000.0	6.0
23057	92228000.0	5.0
23058	92232000.0	8.0
23059	92236000.0	7.0
23060	92240000.0	10.0
23061	92244000.0	4.0
23062	92248000.0	6.0
23063	92252000.0	8.0
23064	92256000.0	9.0
23065	92260000.0	7.0
23066	92264000.0	12.0
23067	92268000.0	5.0
23068	92272000.0	5.0
23069	92276000.0	6.0
23070	92280000.0	6.0
23071	92284000.0	8.0
23072	92288000.0	4.0
23073	92292000.0	8.0
23074	92296000.0	9.0
23075	92300000.0	8.0
23076	92304000.0	2.0
23077	92308000.0	8.0
23078	92312000.0	6.0
23079	92316000.0	2.0
23080	92320000.0	7.0
23081	92324000.0	8.0
23082	92328000.0	6.0
23083	92332000.0	8.0
23084	92336000.0	4.0
23085	92340000.0	9.0
23086	92344000.0	10.0
23087	92348000.0	6.0
23088	92352000.0	6.0
23089	92356000.0	6.0
23090	92360000.0	2.0
23091	92364000.0	8.0
23092	92368000.0	3.0
23093	92372000.0	2.0
23094	92376000.0	5.0
23095	92380000.0	7.0
23096	92384000.0	4.0
23097	92388000.0	5.0
23098	92392000.0	4.0
23099	92396000.0	5.0
23100	92400000.0	7.0
23101	92404000.0	8.0
23102	92408000.0	10.0
23103	92412000.0	9.0
23104	92416000.0	8.0
23105	92420000.0	6.0
23106	92424000.0	7.0
23107	92428000.0	8.0
23108	92432000.0	6.0
23109	92436000.0	2.0
23110	92440000.0	9.0
23111	92444000.0	4.0
23112	92448000.0	5.0
23113	92452000.0	4.0
23114	92456000.0	10.0
23115	92460000.0	5.0
23116	92464000.0	5.0
23117	92468000.0	5.0
23118	92472000.0	15.0
23119	92476000.0	8.0
23120	92480000.0	7.0
23121	92484000.0	6.0
23122	92488000.0	5.0
23123	92492000.0	6.0
23124	92496000.0	7.0
23125	92500000.0	10.0
23126	92504000.0	4.0
23127	92508000.0	3.0
23128	92512000.0	4.0
23129	92516000.0	8.0
23130	92520000.0	8.0
23131	92524000.0	3.0
23132	92528000.0	7.0
23133	92532000.0	4.0
23134	92536000.0	9.0
23135	92540000.0	5.0
23136	92544000.0	7.0
23137	92548000.0	5.0
23138	92552000.0	10.0
23139	92556000.0	6.0
23140	92560000.0	10.0
23141	92564000.0	8.0
23142	92568000.0	9.0
23143	92572000.0	4.0
23144	92576000.0	12.0
23145	92580000.0	6.0
23146	92584000.0	9.0
23147	92588000.0	6.0
23148	92592000.0	1.0
23149	92596000.0	5.0
23150	92600000.0	7.0
23151	92604000.0	9.0
23152	92608000.0	3.0
23153	92612000.0	7.0
23154	92616000.0	3.0
23155	92620000.0	6.0
23156	92624000.0	10.0
23157	92628000.0	9.0
23158	92632000.0	9.0
23159	92636000.0	8.0
23160	92640000.0	9.0
23161	92644000.0	7.0
23162	92648000.0	6.0
23163	92652000.0	5.0
23164	92656000.0	9.0
23165	92660000.0	6.0
23166	92664000.0	4.0
23167	92668000.0	7.0
23168	92672000.0	5.0
23169	92676000.0	12.0
23170	92680000.0	6.0
23171	92684000.0	8.0
23172	92688000.0	6.0
23173	92692000.0	4.0
23174	92696000.0	9.0
23175	92700000.0	4.0
23176	92704000.0	9.0
23177	92708000.0	7.0
23178	92712000.0	11.0
23179	92716000.0	7.0
23180	92720000.0	7.0
23181	92724000.0	6.0
23182	92728000.0	5.0
23183	92732000.0	4.0
23184	92736000.0	8.0
23185	92740000.0	5.0
23186	92744000.0	4.0
23187	92748000.0	6.0
23188	92752000.0	11.0
23189	92756000.0	7.0
23190	92760000.0	6.0
23191	92764000.0	3.0
23192	92768000.0	8.0
23193	92772000.0	6.0
23194	92776000.0	3.0
23195	92780000.0	4.0
23196	92784000.0	10.0
23197	92788000.0	6.0
23198	92792000.0	8.0
23199	92796000.0	10.0
23200	92800000.0	3.0
23201	92804000.0	4.0
23202	92808000.0	4.0
23203	92812000.0	7.0
23204	92816000.0	7.0
23205	92820000.0	6.0
23206	92824000.0	5.0
23207	92828000.0	3.0
23208	92832000.0	5.0
23209	92836000.0	9.0
23210	92840000.0	6.0
23211	92844000.0	10.0
23212	92848000.0	6.0
23213	92852000.0	7.0
23214	92856000.0	5.0
23215	92860000.0	6.0
23216	92864000.0	6.0
23217	92868000.0	5.0
23218	92872000.0	4.0
23219	92876000.0	4.0
23220	92880000.0	10.0
23221	92884000.0	10.0
23222	92888000.0	8.0
23223	92892000.0	8.0
23224	92896000.0	5.0
23225	92900000.0	8.0
23226	92904000.0	8.0
23227	92908000.0	8.0
23228	92912000.0	3.0
23229	92916000.0	5.0
23230	92920000.0	5.0
23231	92924000.0	3.0
23232	92928000.0	4.0
23233	92932000.0	7.0
23234	92936000.0	7.0
23235	92940000.0	8.0
23236	92944000.0	10.0
23237	92948000.0	9.0
23238	92952000.0	9.0
23239	92956000.0	6.0
23240	92960000.0	8.0
23241	92964000.0	6.0
23242	92968000.0	2.0
23243	92972000.0	4.0
23244	92976000.0	8.0
23245	92980000.0	6.0
23246	92984000.0	4.0
23247	92988000.0	6.0
23248	92992000.0	6.0
23249	92996000.0	11.0
23250	93000000.0	9.0
23251	93004000.0	13.0
23252	93008000.0	6.0
23253	93012000.0	4.0
23254	93016000.0	3.0
23255	93020000.0	3.0
23256	93024000.0	10.0
23257	93028000.0	9.0
23258	93032000.0	7.0
23259	93036000.0	6.0
23260	93040000.0	11.0
23261	93044000.0	7.0
23262	93048000.0	8.0
23263	93052000.0	6.0
23264	93056000.0	5.0
23265	93060000.0	5.0
23266	93064000.0	2.0
23267	93068000.0	6.0
23268	93072000.0	7.0
23269	93076000.0	8.0
23270	93080000.0	6.0
23271	93084000.0	4.0
23272	93088000.0	7.0
23273	93092000.0	6.0
23274	93096000.0	13.0
23275	93100000.0	8.0
23276	93104000.0	9.0
23277	93108000.0	7.0
23278	93112000.0	6.0
23279	93116000.0	6.0
23280	93120000.0	12.0
23281	93124000.0	5.0
23282	93128000.0	10.0
23283	93132000.0	8.0
23284	93136000.0	11.0
23285	93140000.0	4.0
23286	93144000.0	9.0
23287	93148000.0	6.0
23288	93152000.0	3.0
23289	93156000.0	5.0
23290	93160000.0	4.0
23291	93164000.0	4.0
23292	93168000.0	3.0
23293	93172000.0	6.0
23294	93176000.0	7.0
23295	93180000.0	6.0
23296	93184000.0	6.0
23297	93188000.0	10.0
23298	93192000.0	1.0
23299	93196000.0	7.0
23300	93200000.0	6.0
23301	93204000.0	6.0
23302	93208000.0	7.0
23303	93212000.0	9.0
23304	93216000.0	4.0
23305	93220000.0	6.0
23306	93224000.0	9.0
23307	93228000.0	7.0
23308	93232000.0	9.0
23309	93236000.0	3.0
23310	93240000.0	6.0
23311	93244000.0	5.0
23312	93248000.0	3.0
23313	93252000.0	2.0
23314	93256000.0	9.0
23315	93260000.0	8.0
23316	93264000.0	8.0
23317	93268000.0	4.0
23318	93272000.0	7.0
23319	93276000.0	4.0
23320	93280000.0	3.0
23321	93284000.0	9.0
23322	93288000.0	8.0
23323	93292000.0	7.0
23324	93296000.0	3.0
23325	93300000.0	5.0
23326	93304000.0	4.0
23327	93308000.0	3.0
23328	93312000.0	5.0
23329	93316000.0	4.0
23330	93320000.0	6.0
23331	93324000.0	8.0
23332	93328000.0	8.0
23333	93332000.0	7.0
23334	93336000.0	2.0
23335	93340000.0	13.0
23336	93344000.0	1.0
23337	93348000.0	8.0
23338	93352000.0	9.0
23339	93356000.0	4.0
23340	93360000.0	6.0
23341	93364000.0	6.0
23342	93368000.0	7.0
23343	93372000.0	7.0
23344	93376000.0	12.0
23345	93380000.0	6.0
23346	93384000.0	4.0
23347	93388000.0	7.0
23348	93392000.0	3.0
23349	93396000.0	7.0
23350	93400000.0	9.0
23351	93404000.0	7.0
23352	93408000.0	5.0
23353	93412000.0	8.0
23354	93416000.0	5.0
23355	93420000.0	4.0
23356	93424000.0	5.0
23357	93428000.0	6.0
23358	93432000.0	10.0
23359	93436000.0	6.0
23360	93440000.0	7.0
23361	93444000.0	4.0
23362	93448000.0	3.0
23363	93452000.0	7.0
23364	93456000.0	5.0
23365	93460000.0	2.0
23366	93464000.0	9.0
23367	93468000.0	5.0
23368	93472000.0	5.0
23369	93476000.0	6.0
23370	93480000.0	6.0
23371	93484000.0	3.0
23372	93488000.0	2.0
23373	93492000.0	6.0
23374	93496000.0	6.0
23375	93500000.0	6.0
23376	93504000.0	7.0
23377	93508000.0	5.0
23378	93512000.0	5.0
23379	93516000.0	6.0
23380	93520000.0	6.0
23381	93524000.0	3.0
23382	93528000.0	7.0
23383	93532000.0	8.0
23384	93536000.0	3.0
23385	93540000.0	8.0
23386	93544000.0	8.0
23387	93548000.0	6.0
23388	93552000.0	7.0
23389	93556000.0	3.0
23390	93560000.0	6.0
23391	93564000.0	5.0
23392	93568000.0	5.0
23393	93572000.0	7.0
23394	93576000.0	6.0
23395	93580000.0	8.0
23396	93584000.0	6.0
23397	93588000.0	11.0
23398	93592000.0	3.0
23399	93596000.0	5.0
23400	93600000.0	7.0
23401	93604000.0	7.0
23402	93608000.0	9.0
23403	93612000.0	5.0
23404	93616000.0	7.0
23405	93620000.0	4.0
23406	93624000.0	2.0
23407	93628000.0	10.0
23408	93632000.0	8.0
23409	93636000.0	2.0
23410	93640000.0	5.0
23411	93644000.0	3.0
23412	93648000.0	8.0
23413	93652000.0	1.0
23414	93656000.0	10.0
23415	93660000.0	7.0
23416	93664000.0	4.0
23417	93668000.0	3.0
23418	93672000.0	5.0
23419	93676000.0	5.0
23420	93680000.0	7.0
23421	93684000.0	4.0
23422	93688000.0	4.0
23423	93692000.0	3.0
23424	93696000.0	9.0
23425	93700000.0	1.0
23426	93704000.0	6.0
23427	93708000.0	9.0
23428	93712000.0	5.0
23429	93716000.0	3.0
23430	93720000.0	6.0
23431	93724000.0	5.0
23432	93728000.0	4.0
23433	93732000.0	1.0
23434	93736000.0	3.0
23435	93740000.0	8.0
23436	93744000.0	3.0
23437	93748000.0	5.0
23438	93752000.0	4.0
23439	93756000.0	13.0
23440	93760000.0	6.0
23441	93764000.0	6.0
23442	93768000.0	9.0
23443	93772000.0	4.0
23444	93776000.0	8.0
23445	93780000.0	9.0
23446	93784000.0	6.0
23447	93788000.0	11.0
23448	93792000.0	11.0
23449	93796000.0	7.0
23450	93800000.0	5.0
23451	93804000.0	5.0
23452	93808000.0	4.0
23453	93812000.0	7.0
23454	93816000.0	6.0
23455	93820000.0	6.0
23456	93824000.0	6.0
23457	93828000.0	5.0
23458	93832000.0	3.0
23459	93836000.0	8.0
23460	93840000.0	4.0
23461	93844000.0	9.0
23462	93848000.0	6.0
23463	93852000.0	8.0
23464	93856000.0	8.0
23465	93860000.0	5.0
23466	93864000.0	10.0
23467	93868000.0	7.0
23468	93872000.0	10.0
23469	93876000.0	7.0
23470	93880000.0	7.0
23471	93884000.0	8.0
23472	93888000.0	3.0
23473	93892000.0	3.0
23474	93896000.0	11.0
23475	93900000.0	5.0
23476	93904000.0	6.0
23477	93908000.0	6.0
23478	93912000.0	13.0
23479	93916000.0	2.0
23480	93920000.0	9.0
23481	93924000.0	7.0
23482	93928000.0	1.0
23483	93932000.0	7.0
23484	93936000.0	2.0
23485	93940000.0	5.0
23486	93944000.0	1.0
23487	93948000.0	5.0
23488	93952000.0	6.0
23489	93956000.0	1.0
23490	93960000.0	8.0
23491	93964000.0	4.0
23492	93968000.0	10.0
23493	93972000.0	5.0
23494	93976000.0	2.0
23495	93980000.0	8.0
23496	93984000.0	3.0
23497	93988000.0	4.0
23498	93992000.0	6.0
23499	93996000.0	5.0
23500	94000000.0	4.0
23501	94004000.0	3.0
23502	94008000.0	7.0
23503	94012000.0	9.0
23504	94016000.0	7.0
23505	94020000.0	6.0
23506	94024000.0	4.0
23507	94028000.0	5.0
23508	94032000.0	8.0
23509	94036000.0	8.0
23510	94040000.0	9.0
23511	94044000.0	8.0
23512	94048000.0	7.0
23513	94052000.0	7.0
23514	94056000.0	12.0
23515	94060000.0	8.0
23516	94064000.0	6.0
23517	94068000.0	6.0
23518	94072000.0	8.0
23519	94076000.0	5.0
23520	94080000.0	10.0
23521	94084000.0	6.0
23522	94088000.0	8.0
23523	94092000.0	1.0
23524	94096000.0	9.0
23525	94100000.0	3.0
23526	94104000.0	6.0
23527	94108000.0	9.0
23528	94112000.0	5.0
23529	94116000.0	9.0
23530	94120000.0	4.0
23531	94124000.0	5.0
23532	94128000.0	8.0
23533	94132000.0	8.0
23534	94136000.0	2.0
23535	94140000.0	9.0
23536	94144000.0	5.0
23537	94148000.0	7.0
23538	94152000.0	8.0
23539	94156000.0	6.0
23540	94160000.0	1.0
23541	94164000.0	5.0
23542	94168000.0	6.0
23543	94172000.0	4.0
23544	94176000.0	5.0
23545	94180000.0	6.0
23546	94184000.0	4.0
23547	94188000.0	6.0
23548	94192000.0	10.0
23549	94196000.0	6.0
23550	94200000.0	4.0
23551	94204000.0	3.0
23552	94208000.0	6.0
23553	94212000.0	5.0
23554	94216000.0	4.0
23555	94220000.0	5.0
23556	94224000.0	6.0
23557	94228000.0	4.0
23558	94232000.0	4.0
23559	94236000.0	7.0
23560	94240000.0	9.0
23561	94244000.0	2.0
23562	94248000.0	6.0
23563	94252000.0	6.0
23564	94256000.0	4.0
23565	94260000.0	6.0
23566	94264000.0	9.0
23567	94268000.0	16.0
23568	94272000.0	7.0
23569	94276000.0	5.0
23570	94280000.0	6.0
23571	94284000.0	9.0
23572	94288000.0	4.0
23573	94292000.0	2.0
23574	94296000.0	7.0
23575	94300000.0	5.0
23576	94304000.0	8.0
23577	94308000.0	9.0
23578	94312000.0	6.0
23579	94316000.0	4.0
23580	94320000.0	6.0
23581	94324000.0	6.0
23582	94328000.0	2.0
23583	94332000.0	8.0
23584	94336000.0	7.0
23585	94340000.0	7.0
23586	94344000.0	8.0
23587	94348000.0	3.0
23588	94352000.0	10.0
23589	94356000.0	8.0
23590	94360000.0	6.0
23591	94364000.0	5.0
23592	94368000.0	4.0
23593	94372000.0	7.0
23594	94376000.0	3.0
23595	94380000.0	7.0
23596	94384000.0	7.0
23597	94388000.0	6.0
23598	94392000.0	7.0
23599	94396000.0	8.0
23600	94400000.0	10.0
23601	94404000.0	7.0
23602	94408000.0	3.0
23603	94412000.0	6.0
23604	94416000.0	8.0
23605	94420000.0	10.0
23606	94424000.0	9.0
23607	94428000.0	8.0
23608	94432000.0	5.0
23609	94436000.0	6.0
23610	94440000.0	6.0
23611	94444000.0	7.0
23612	94448000.0	7.0
23613	94452000.0	2.0
23614	94456000.0	3.0
23615	94460000.0	6.0
23616	94464000.0	9.0
23617	94468000.0	5.0
23618	94472000.0	11.0
23619	94476000.0	8.0
23620	94480000.0	6.0
23621	94484000.0	8.0
23622	94488000.0	7.0
23623	94492000.0	4.0
23624	94496000.0	2.0
23625	94500000.0	7.0
23626	94504000.0	5.0
23627	94508000.0	8.0
23628	94512000.0	4.0
23629	94516000.0	2.0
23630	94520000.0	6.0
23631	94524000.0	2.0
23632	94528000.0	6.0
23633	94532000.0	3.0
23634	94536000.0	1.0
23635	94540000.0	6.0
23636	94544000.0	4.0
23637	94548000.0	2.0
23638	94552000.0	5.0
23639	94556000.0	5.0
23640	94560000.0	5.0
23641	94564000.0	7.0
23642	94568000.0	8.0
23643	94572000.0	2.0
23644	94576000.0	4.0
23645	94580000.0	6.0
23646	94584000.0	4.0
23647	94588000.0	5.0
23648	94592000.0	4.0
23649	94596000.0	6.0
23650	94600000.0	7.0
23651	94604000.0	6.0
23652	94608000.0	6.0
23653	94612000.0	6.0
23654	94616000.0	4.0
23655	94620000.0	5.0
23656	94624000.0	10.0
23657	94628000.0	5.0
23658	94632000.0	7.0
23659	94636000.0	4.0
23660	94640000.0	5.0
23661	94644000.0	6.0
23662	94648000.0	5.0
23663	94652000.0	5.0
23664	94656000.0	2.0
23665	94660000.0	10.0
23666	94664000.0	4.0
23667	94668000.0	4.0
23668	94672000.0	3.0
23669	94676000.0	2.0
23670	94680000.0	2.0
23671	94684000.0	7.0
23672	94688000.0	6.0
23673	94692000.0	4.0
23674	94696000.0	7.0
23675	94700000.0	6.0
23676	94704000.0	8.0
23677	94708000.0	7.0
23678	94712000.0	6.0
23679	94716000.0	6.0
23680	94720000.0	6.0
23681	94724000.0	8.0
23682	94728000.0	11.0
23683	94732000.0	9.0
23684	94736000.0	4.0
23685	94740000.0	3.0
23686	94744000.0	12.0
23687	94748000.0	6.0
23688	94752000.0	4.0
23689	94756000.0	7.0
23690	94760000.0	7.0
23691	94764000.0	8.0
23692	94768000.0	3.0
23693	94772000.0	7.0
23694	94776000.0	5.0
23695	94780000.0	9.0
23696	94784000.0	2.0
23697	94788000.0	7.0
23698	94792000.0	6.0
23699	94796000.0	5.0
23700	94800000.0	8.0
23701	94804000.0	8.0
23702	94808000.0	1.0
23703	94812000.0	5.0
23704	94816000.0	8.0
23705	94820000.0	4.0
23706	94824000.0	8.0
23707	94828000.0	7.0
23708	94832000.0	10.0
23709	94836000.0	7.0
23710	94840000.0	2.0
23711	94844000.0	6.0
23712	94848000.0	9.0
23713	94852000.0	7.0
23714	94856000.0	12.0
23715	94860000.0	6.0
23716	94864000.0	6.0
23717	94868000.0	4.0
23718	94872000.0	6.0
23719	94876000.0	7.0
23720	94880000.0	5.0
23721	94884000.0	5.0
23722	94888000.0	9.0
23723	94892000.0	15.0
23724	94896000.0	13.0
23725	94900000.0	6.0
23726	94904000.0	3.0
23727	94908000.0	3.0
23728	94912000.0	8.0
23729	94916000.0	5.0
23730	94920000.0	5.0
23731	94924000.0	7.0
23732	94928000.0	3.0
23733	94932000.0	3.0
23734	94936000.0	4.0
23735	94940000.0	8.0
23736	94944000.0	5.0
23737	94948000.0	7.0
23738	94952000.0	7.0
23739	94956000.0	9.0
23740	94960000.0	2.0
23741	94964000.0	9.0
23742	94968000.0	4.0
23743	94972000.0	8.0
23744	94976000.0	6.0
23745	94980000.0	7.0
23746	94984000.0	4.0
23747	94988000.0	8.0
23748	94992000.0	5.0
23749	94996000.0	3.0
23750	95000000.0	4.0
23751	95004000.0	4.0
23752	95008000.0	9.0
23753	95012000.0	7.0
23754	95016000.0	5.0
23755	95020000.0	5.0
23756	95024000.0	10.0
23757	95028000.0	10.0
23758	95032000.0	5.0
23759	95036000.0	3.0
23760	95040000.0	11.0
23761	95044000.0	5.0
23762	95048000.0	9.0
23763	95052000.0	4.0
23764	95056000.0	12.0
23765	95060000.0	4.0
23766	95064000.0	7.0
23767	95068000.0	5.0
23768	95072000.0	7.0
23769	95076000.0	6.0
23770	95080000.0	4.0
23771	95084000.0	8.0
23772	95088000.0	12.0
23773	95092000.0	6.0
23774	95096000.0	4.0
23775	95100000.0	3.0
23776	95104000.0	4.0
23777	95108000.0	5.0
23778	95112000.0	11.0
23779	95116000.0	6.0
23780	95120000.0	8.0
23781	95124000.0	3.0
23782	95128000.0	10.0
23783	95132000.0	2.0
23784	95136000.0	6.0
23785	95140000.0	6.0
23786	95144000.0	7.0
23787	95148000.0	6.0
23788	95152000.0	7.0
23789	95156000.0	6.0
23790	95160000.0	5.0
23791	95164000.0	10.0
23792	95168000.0	4.0
23793	95172000.0	4.0
23794	95176000.0	7.0
23795	95180000.0	5.0
23796	95184000.0	8.0
23797	95188000.0	4.0
23798	95192000.0	7.0
23799	95196000.0	3.0
23800	95200000.0	5.0
23801	95204000.0	5.0
23802	95208000.0	8.0
23803	95212000.0	9.0
23804	95216000.0	11.0
23805	95220000.0	2.0
23806	95224000.0	6.0
23807	95228000.0	8.0
23808	95232000.0	6.0
23809	95236000.0	14.0
23810	95240000.0	4.0
23811	95244000.0	5.0
23812	95248000.0	8.0
23813	95252000.0	6.0
23814	95256000.0	2.0
23815	95260000.0	6.0
23816	95264000.0	5.0
23817	95268000.0	6.0
23818	95272000.0	2.0
23819	95276000.0	3.0
23820	95280000.0	5.0
23821	95284000.0	6.0
23822	95288000.0	7.0
23823	95292000.0	5.0
23824	95296000.0	5.0
23825	95300000.0	2.0
23826	95304000.0	9.0
23827	95308000.0	10.0
23828	95312000.0	10.0
23829	95316000.0	4.0
23830	95320000.0	3.0
23831	95324000.0	8.0
23832	95328000.0	9.0
23833	95332000.0	4.0
23834	95336000.0	4.0
23835	95340000.0	5.0
23836	95344000.0	8.0
23837	95348000.0	6.0
23838	95352000.0	6.0
23839	95356000.0	8.0
23840	95360000.0	9.0
23841	95364000.0	0.0
23842	95368000.0	6.0
23843	95372000.0	11.0
23844	95376000.0	4.0
23845	95380000.0	9.0
23846	95384000.0	5.0
23847	95388000.0	6.0
23848	95392000.0	9.0
23849	95396000.0	3.0
23850	95400000.0	9.0
23851	95404000.0	7.0
23852	95408000.0	2.0
23853	95412000.0	5.0
23854	95416000.0	6.0
23855	95420000.0	6.0
23856	95424000.0	4.0
23857	95428000.0	6.0
23858	95432000.0	7.0
23859	95436000.0	13.0
23860	95440000.0	6.0
23861	95444000.0	14.0
23862	95448000.0	10.0
23863	95452000.0	4.0
23864	95456000.0	8.0
23865	95460000.0	8.0
23866	95464000.0	10.0
23867	95468000.0	4.0
23868	95472000.0	3.0
23869	95476000.0	9.0
23870	95480000.0	7.0
23871	95484000.0	5.0
23872	95488000.0	5.0
23873	95492000.0	7.0
23874	95496000.0	5.0
23875	95500000.0	1.0
23876	95504000.0	5.0
23877	95508000.0	5.0
23878	95512000.0	6.0
23879	95516000.0	11.0
23880	95520000.0	4.0
23881	95524000.0	5.0
23882	95528000.0	5.0
23883	95532000.0	3.0
23884	95536000.0	1.0
23885	95540000.0	8.0
23886	95544000.0	4.0
23887	95548000.0	2.0
23888	95552000.0	8.0
23889	95556000.0	10.0
23890	95560000.0	6.0
23891	95564000.0	10.0
23892	95568000.0	6.0
23893	95572000.0	11.0
23894	95576000.0	9.0
23895	95580000.0	6.0
23896	95584000.0	8.0
23897	95588000.0	6.0
23898	95592000.0	3.0
23899	95596000.0	7.0
23900	95600000.0	8.0
23901	95604000.0	5.0
23902	95608000.0	4.0
23903	95612000.0	8.0
23904	95616000.0	5.0
23905	95620000.0	7.0
23906	95624000.0	4.0
23907	95628000.0	7.0
23908	95632000.0	8.0
23909	95636000.0	6.0
23910	95640000.0	8.0
23911	95644000.0	6.0
23912	95648000.0	5.0
23913	95652000.0	6.0
23914	95656000.0	5.0
23915	95660000.0	7.0
23916	95664000.0	7.0
23917	95668000.0	7.0
23918	95672000.0	4.0
23919	95676000.0	3.0
23920	95680000.0	6.0
23921	95684000.0	3.0
23922	95688000.0	6.0
23923	95692000.0	3.0
23924	95696000.0	2.0
23925	95700000.0	5.0
23926	95704000.0	6.0
23927	95708000.0	6.0
23928	95712000.0	6.0
23929	95716000.0	3.0
23930	95720000.0	4.0
23931	95724000.0	8.0
23932	95728000.0	6.0
23933	95732000.0	9.0
23934	95736000.0	6.0
23935	95740000.0	8.0
23936	95744000.0	8.0
23937	95748000.0	9.0
23938	95752000.0	5.0
23939	95756000.0	5.0
23940	95760000.0	5.0
23941	95764000.0	5.0
23942	95768000.0	6.0
23943	95772000.0	9.0
23944	95776000.0	5.0
23945	95780000.0	8.0
23946	95784000.0	5.0
23947	95788000.0	7.0
23948	95792000.0	4.0
23949	95796000.0	8.0
23950	95800000.0	5.0
23951	95804000.0	8.0
23952	95808000.0	5.0
23953	95812000.0	6.0
23954	95816000.0	2.0
23955	95820000.0	4.0
23956	95824000.0	7.0
23957	95828000.0	3.0
23958	95832000.0	2.0
23959	95836000.0	5.0
23960	95840000.0	6.0
23961	95844000.0	13.0
23962	95848000.0	4.0
23963	95852000.0	5.0
23964	95856000.0	8.0
23965	95860000.0	6.0
23966	95864000.0	5.0
23967	95868000.0	4.0
23968	95872000.0	7.0
23969	95876000.0	5.0
23970	95880000.0	4.0
23971	95884000.0	7.0
23972	95888000.0	7.0
23973	95892000.0	5.0
23974	95896000.0	3.0
23975	95900000.0	4.0
23976	95904000.0	3.0
23977	95908000.0	7.0
23978	95912000.0	5.0
23979	95916000.0	8.0
23980	95920000.0	5.0
23981	95924000.0	7.0
23982	95928000.0	3.0
23983	95932000.0	6.0
23984	95936000.0	6.0
23985	95940000.0	6.0
23986	95944000.0	9.0
23987	95948000.0	8.0
23988	95952000.0	11.0
23989	95956000.0	3.0
23990	95960000.0	4.0
23991	95964000.0	7.0
23992	95968000.0	7.0
23993	95972000.0	5.0
23994	95976000.0	5.0
23995	95980000.0	5.0
23996	95984000.0	9.0
23997	95988000.0	0.0
23998	95992000.0	3.0
23999	95996000.0	8.0
24000	96000000.0	8.0
24001	96004000.0	5.0
24002	96008000.0	8.0
24003	96012000.0	5.0
24004	96016000.0	5.0
24005	96020000.0	5.0
24006	96024000.0	8.0
24007	96028000.0	1.0
24008	96032000.0	10.0
24009	96036000.0	8.0
24010	96040000.0	10.0
24011	96044000.0	4.0
24012	96048000.0	5.0
24013	96052000.0	7.0
24014	96056000.0	10.0
24015	96060000.0	5.0
24016	96064000.0	3.0
24017	96068000.0	6.0
24018	96072000.0	4.0
24019	96076000.0	9.0
24020	96080000.0	6.0
24021	96084000.0	5.0
24022	96088000.0	3.0
24023	96092000.0	5.0
24024	96096000.0	10.0
24025	96100000.0	7.0
24026	96104000.0	8.0
24027	96108000.0	7.0
24028	96112000.0	3.0
24029	96116000.0	5.0
24030	96120000.0	7.0
24031	96124000.0	6.0
24032	96128000.0	8.0
24033	96132000.0	7.0
24034	96136000.0	2.0
24035	96140000.0	7.0
24036	96144000.0	4.0
24037	96148000.0	6.0
24038	96152000.0	4.0
24039	96156000.0	5.0
24040	96160000.0	5.0
24041	96164000.0	3.0
24042	96168000.0	7.0
24043	96172000.0	10.0
24044	96176000.0	6.0
24045	96180000.0	6.0
24046	96184000.0	7.0
24047	96188000.0	1.0
24048	96192000.0	8.0
24049	96196000.0	4.0
24050	96200000.0	3.0
24051	96204000.0	4.0
24052	96208000.0	13.0
24053	96212000.0	10.0
24054	96216000.0	4.0
24055	96220000.0	5.0
24056	96224000.0	8.0
24057	96228000.0	8.0
24058	96232000.0	10.0
24059	96236000.0	4.0
24060	96240000.0	6.0
24061	96244000.0	7.0
24062	96248000.0	3.0
24063	96252000.0	3.0
24064	96256000.0	9.0
24065	96260000.0	7.0
24066	96264000.0	5.0
24067	96268000.0	4.0
24068	96272000.0	5.0
24069	96276000.0	5.0
24070	96280000.0	8.0
24071	96284000.0	8.0
24072	96288000.0	3.0
24073	96292000.0	6.0
24074	96296000.0	3.0
24075	96300000.0	4.0
24076	96304000.0	4.0
24077	96308000.0	3.0
24078	96312000.0	5.0
24079	96316000.0	9.0
24080	96320000.0	7.0
24081	96324000.0	10.0
24082	96328000.0	3.0
24083	96332000.0	4.0
24084	96336000.0	5.0
24085	96340000.0	6.0
24086	96344000.0	4.0
24087	96348000.0	7.0
24088	96352000.0	3.0
24089	96356000.0	7.0
24090	96360000.0	6.0
24091	96364000.0	2.0
24092	96368000.0	6.0
24093	96372000.0	6.0
24094	96376000.0	5.0
24095	96380000.0	10.0
24096	96384000.0	6.0
24097	96388000.0	10.0
24098	96392000.0	5.0
24099	96396000.0	5.0
24100	96400000.0	1.0
24101	96404000.0	4.0
24102	96408000.0	4.0
24103	96412000.0	7.0
24104	96416000.0	3.0
24105	96420000.0	6.0
24106	96424000.0	2.0
24107	96428000.0	0.0
24108	96432000.0	4.0
24109	96436000.0	9.0
24110	96440000.0	4.0
24111	96444000.0	7.0
24112	96448000.0	2.0
24113	96452000.0	4.0
24114	96456000.0	4.0
24115	96460000.0	3.0
24116	96464000.0	1.0
24117	96468000.0	5.0
24118	96472000.0	11.0
24119	96476000.0	6.0
24120	96480000.0	5.0
24121	96484000.0	5.0
24122	96488000.0	5.0
24123	96492000.0	6.0
24124	96496000.0	3.0
24125	96500000.0	7.0
24126	96504000.0	7.0
24127	96508000.0	6.0
24128	96512000.0	7.0
24129	96516000.0	5.0
24130	96520000.0	5.0
24131	96524000.0	9.0
24132	96528000.0	4.0
24133	96532000.0	7.0
24134	96536000.0	8.0
24135	96540000.0	9.0
24136	96544000.0	5.0
24137	96548000.0	6.0
24138	96552000.0	2.0
24139	96556000.0	6.0
24140	96560000.0	7.0
24141	96564000.0	4.0
24142	96568000.0	3.0
24143	96572000.0	8.0
24144	96576000.0	7.0
24145	96580000.0	9.0
24146	96584000.0	7.0
24147	96588000.0	5.0
24148	96592000.0	5.0
24149	96596000.0	7.0
24150	96600000.0	9.0
24151	96604000.0	6.0
24152	96608000.0	4.0
24153	96612000.0	9.0
24154	96616000.0	10.0
24155	96620000.0	6.0
24156	96624000.0	7.0
24157	96628000.0	4.0
24158	96632000.0	2.0
24159	96636000.0	5.0
24160	96640000.0	3.0
24161	96644000.0	8.0
24162	96648000.0	8.0
24163	96652000.0	5.0
24164	96656000.0	4.0
24165	96660000.0	11.0
24166	96664000.0	6.0
24167	96668000.0	3.0
24168	96672000.0	13.0
24169	96676000.0	7.0
24170	96680000.0	9.0
24171	96684000.0	7.0
24172	96688000.0	8.0
24173	96692000.0	8.0
24174	96696000.0	2.0
24175	96700000.0	7.0
24176	96704000.0	10.0
24177	96708000.0	5.0
24178	96712000.0	9.0
24179	96716000.0	8.0
24180	96720000.0	4.0
24181	96724000.0	1.0
24182	96728000.0	2.0
24183	96732000.0	9.0
24184	96736000.0	9.0
24185	96740000.0	7.0
24186	96744000.0	4.0
24187	96748000.0	5.0
24188	96752000.0	6.0
24189	96756000.0	5.0
24190	96760000.0	6.0
24191	96764000.0	2.0
24192	96768000.0	4.0
24193	96772000.0	0.0
24194	96776000.0	4.0
24195	96780000.0	4.0
24196	96784000.0	7.0
24197	96788000.0	1.0
24198	96792000.0	3.0
24199	96796000.0	2.0
24200	96800000.0	9.0
24201	96804000.0	7.0
24202	96808000.0	4.0
24203	96812000.0	6.0
24204	96816000.0	2.0
24205	96820000.0	6.0
24206	96824000.0	4.0
24207	96828000.0	4.0
24208	96832000.0	9.0
24209	96836000.0	4.0
24210	96840000.0	7.0
24211	96844000.0	4.0
24212	96848000.0	9.0
24213	96852000.0	8.0
24214	96856000.0	11.0
24215	96860000.0	4.0
24216	96864000.0	2.0
24217	96868000.0	4.0
24218	96872000.0	7.0
24219	96876000.0	10.0
24220	96880000.0	6.0
24221	96884000.0	3.0
24222	96888000.0	5.0
24223	96892000.0	11.0
24224	96896000.0	9.0
24225	96900000.0	5.0
24226	96904000.0	4.0
24227	96908000.0	6.0
24228	96912000.0	5.0
24229	96916000.0	8.0
24230	96920000.0	7.0
24231	96924000.0	4.0
24232	96928000.0	5.0
24233	96932000.0	4.0
24234	96936000.0	0.0
24235	96940000.0	3.0
24236	96944000.0	6.0
24237	96948000.0	7.0
24238	96952000.0	6.0
24239	96956000.0	6.0
24240	96960000.0	6.0
24241	96964000.0	5.0
24242	96968000.0	7.0
24243	96972000.0	5.0
24244	96976000.0	4.0
24245	96980000.0	2.0
24246	96984000.0	4.0
24247	96988000.0	6.0
24248	96992000.0	1.0
24249	96996000.0	8.0
24250	97000000.0	8.0
24251	97004000.0	5.0
24252	97008000.0	6.0
24253	97012000.0	3.0
24254	97016000.0	2.0
24255	97020000.0	4.0
24256	97024000.0	4.0
24257	97028000.0	4.0
24258	97032000.0	3.0
24259	97036000.0	5.0
24260	97040000.0	6.0
24261	97044000.0	4.0
24262	97048000.0	4.0
24263	97052000.0	1.0
24264	97056000.0	6.0
24265	97060000.0	7.0
24266	97064000.0	10.0
24267	97068000.0	9.0
24268	97072000.0	6.0
24269	97076000.0	5.0
24270	97080000.0	10.0
24271	97084000.0	4.0
24272	97088000.0	3.0
24273	97092000.0	4.0
24274	97096000.0	9.0
24275	97100000.0	7.0
24276	97104000.0	6.0
24277	97108000.0	5.0
24278	97112000.0	11.0
24279	97116000.0	5.0
24280	97120000.0	3.0
24281	97124000.0	5.0
24282	97128000.0	9.0
24283	97132000.0	7.0
24284	97136000.0	7.0
24285	97140000.0	7.0
24286	97144000.0	3.0
24287	97148000.0	6.0
24288	97152000.0	8.0
24289	97156000.0	4.0
24290	97160000.0	2.0
24291	97164000.0	3.0
24292	97168000.0	2.0
24293	97172000.0	5.0
24294	97176000.0	6.0
24295	97180000.0	6.0
24296	97184000.0	4.0
24297	97188000.0	4.0
24298	97192000.0	7.0
24299	97196000.0	4.0
24300	97200000.0	5.0
24301	97204000.0	6.0
24302	97208000.0	7.0
24303	97212000.0	6.0
24304	97216000.0	8.0
24305	97220000.0	5.0
24306	97224000.0	3.0
24307	97228000.0	8.0
24308	97232000.0	5.0
24309	97236000.0	3.0
24310	97240000.0	9.0
24311	97244000.0	6.0
24312	97248000.0	7.0
24313	97252000.0	3.0
24314	97256000.0	1.0
24315	97260000.0	4.0
24316	97264000.0	6.0
24317	97268000.0	9.0
24318	97272000.0	5.0
24319	97276000.0	4.0
24320	97280000.0	8.0
24321	97284000.0	8.0
24322	97288000.0	5.0
24323	97292000.0	4.0
24324	97296000.0	5.0
24325	97300000.0	12.0
24326	97304000.0	6.0
24327	97308000.0	9.0
24328	97312000.0	10.0
24329	97316000.0	4.0
24330	97320000.0	5.0
24331	97324000.0	10.0
24332	97328000.0	5.0
24333	97332000.0	6.0
24334	97336000.0	0.0
24335	97340000.0	7.0
24336	97344000.0	8.0
24337	97348000.0	5.0
24338	97352000.0	2.0
24339	97356000.0	8.0
24340	97360000.0	1.0
24341	97364000.0	10.0
24342	97368000.0	4.0
24343	97372000.0	7.0
24344	97376000.0	2.0
24345	97380000.0	7.0
24346	97384000.0	2.0
24347	97388000.0	6.0
24348	97392000.0	4.0
24349	97396000.0	2.0
24350	97400000.0	5.0
24351	97404000.0	5.0
24352	97408000.0	3.0
24353	97412000.0	13.0
24354	97416000.0	3.0
24355	97420000.0	7.0
24356	97424000.0	4.0
24357	97428000.0	5.0
24358	97432000.0	7.0
24359	97436000.0	3.0
24360	97440000.0	4.0
24361	97444000.0	7.0
24362	97448000.0	5.0
24363	97452000.0	2.0
24364	97456000.0	3.0
24365	97460000.0	4.0
24366	97464000.0	4.0
24367	97468000.0	7.0
24368	97472000.0	4.0
24369	97476000.0	2.0
24370	97480000.0	7.0
24371	97484000.0	6.0
24372	97488000.0	8.0
24373	97492000.0	3.0
24374	97496000.0	5.0
24375	97500000.0	7.0
24376	97504000.0	6.0
24377	97508000.0	10.0
24378	97512000.0	7.0
24379	97516000.0	10.0
24380	97520000.0	2.0
24381	97524000.0	4.0
24382	97528000.0	5.0
24383	97532000.0	4.0
24384	97536000.0	4.0
24385	97540000.0	7.0
24386	97544000.0	3.0
24387	97548000.0	6.0
24388	97552000.0	2.0
24389	97556000.0	5.0
24390	97560000.0	4.0
24391	97564000.0	4.0
24392	97568000.0	8.0
24393	97572000.0	5.0
24394	97576000.0	8.0
24395	97580000.0	8.0
24396	97584000.0	6.0
24397	97588000.0	3.0
24398	97592000.0	7.0
24399	97596000.0	3.0
24400	97600000.0	4.0
24401	97604000.0	3.0
24402	97608000.0	6.0
24403	97612000.0	8.0
24404	97616000.0	5.0
24405	97620000.0	4.0
24406	97624000.0	5.0
24407	97628000.0	3.0
24408	97632000.0	8.0
24409	97636000.0	3.0
24410	97640000.0	3.0
24411	97644000.0	8.0
24412	97648000.0	3.0
24413	97652000.0	6.0
24414	97656000.0	7.0
24415	97660000.0	7.0
24416	97664000.0	4.0
24417	97668000.0	5.0
24418	97672000.0	8.0
24419	97676000.0	5.0
24420	97680000.0	6.0
24421	97684000.0	8.0
24422	97688000.0	7.0
24423	97692000.0	4.0
24424	97696000.0	7.0
24425	97700000.0	9.0
24426	97704000.0	4.0
24427	97708000.0	9.0
24428	97712000.0	7.0
24429	97716000.0	6.0
24430	97720000.0	5.0
24431	97724000.0	13.0
24432	97728000.0	7.0
24433	97732000.0	3.0
24434	97736000.0	5.0
24435	97740000.0	5.0
24436	97744000.0	8.0
24437	97748000.0	2.0
24438	97752000.0	2.0
24439	97756000.0	7.0
24440	97760000.0	6.0
24441	97764000.0	6.0
24442	97768000.0	1.0
24443	97772000.0	5.0
24444	97776000.0	8.0
24445	97780000.0	3.0
24446	97784000.0	4.0
24447	97788000.0	6.0
24448	97792000.0	6.0
24449	97796000.0	2.0
24450	97800000.0	6.0
24451	97804000.0	7.0
24452	97808000.0	3.0
24453	97812000.0	7.0
24454	97816000.0	8.0
24455	97820000.0	4.0
24456	97824000.0	6.0
24457	97828000.0	5.0
24458	97832000.0	7.0
24459	97836000.0	2.0
24460	97840000.0	7.0
24461	97844000.0	6.0
24462	97848000.0	7.0
24463	97852000.0	4.0
24464	97856000.0	5.0
24465	97860000.0	9.0
24466	97864000.0	4.0
24467	97868000.0	5.0
24468	97872000.0	6.0
24469	97876000.0	7.0
24470	97880000.0	7.0
24471	97884000.0	6.0
24472	97888000.0	5.0
24473	97892000.0	3.0
24474	97896000.0	4.0
24475	97900000.0	5.0
24476	97904000.0	4.0
24477	97908000.0	6.0
24478	97912000.0	7.0
24479	97916000.0	4.0
24480	97920000.0	3.0
24481	97924000.0	4.0
24482	97928000.0	4.0
24483	97932000.0	6.0
24484	97936000.0	4.0
24485	97940000.0	2.0
24486	97944000.0	6.0
24487	97948000.0	5.0
24488	97952000.0	7.0
24489	97956000.0	8.0
24490	97960000.0	3.0
24491	97964000.0	4.0
24492	97968000.0	6.0
24493	97972000.0	6.0
24494	97976000.0	6.0
24495	97980000.0	4.0
24496	97984000.0	2.0
24497	97988000.0	8.0
24498	97992000.0	6.0
24499	97996000.0	6.0
24500	98000000.0	2.0
24501	98004000.0	4.0
24502	98008000.0	8.0
24503	98012000.0	5.0
24504	98016000.0	3.0
24505	98020000.0	6.0
24506	98024000.0	5.0
24507	98028000.0	9.0
24508	98032000.0	1.0
24509	98036000.0	12.0
24510	98040000.0	4.0
24511	98044000.0	8.0
24512	98048000.0	5.0
24513	98052000.0	6.0
24514	98056000.0	6.0
24515	98060000.0	9.0
24516	98064000.0	6.0
24517	98068000.0	4.0
24518	98072000.0	5.0
24519	98076000.0	5.0
24520	98080000.0	3.0
24521	98084000.0	8.0
24522	98088000.0	2.0
24523	98092000.0	9.0
24524	98096000.0	6.0
24525	98100000.0	5.0
24526	98104000.0	7.0
24527	98108000.0	5.0
24528	98112000.0	4.0
24529	98116000.0	3.0
24530	98120000.0	3.0
24531	98124000.0	8.0
24532	98128000.0	4.0
24533	98132000.0	8.0
24534	98136000.0	8.0
24535	98140000.0	5.0
24536	98144000.0	7.0
24537	98148000.0	9.0
24538	98152000.0	8.0
24539	98156000.0	4.0
24540	98160000.0	9.0
24541	98164000.0	6.0
24542	98168000.0	7.0
24543	98172000.0	9.0
24544	98176000.0	8.0
24545	98180000.0	4.0
24546	98184000.0	4.0
24547	98188000.0	7.0
24548	98192000.0	4.0
24549	98196000.0	8.0
24550	98200000.0	8.0
24551	98204000.0	5.0
24552	98208000.0	7.0
24553	98212000.0	6.0
24554	98216000.0	9.0
24555	98220000.0	4.0
24556	98224000.0	8.0
24557	98228000.0	3.0
24558	98232000.0	8.0
24559	98236000.0	4.0
24560	98240000.0	5.0
24561	98244000.0	5.0
24562	98248000.0	10.0
24563	98252000.0	7.0
24564	98256000.0	4.0
24565	98260000.0	6.0
24566	98264000.0	3.0
24567	98268000.0	5.0
24568	98272000.0	5.0
24569	98276000.0	1.0
24570	98280000.0	6.0
24571	98284000.0	10.0
24572	98288000.0	6.0
24573	98292000.0	5.0
24574	98296000.0	5.0
24575	98300000.0	10.0
24576	98304000.0	5.0
24577	98308000.0	6.0
24578	98312000.0	8.0
24579	98316000.0	5.0
24580	98320000.0	6.0
24581	98324000.0	5.0
24582	98328000.0	7.0
24583	98332000.0	9.0
24584	98336000.0	7.0
24585	98340000.0	6.0
24586	98344000.0	3.0
24587	98348000.0	7.0
24588	98352000.0	4.0
24589	98356000.0	6.0
24590	98360000.0	5.0
24591	98364000.0	2.0
24592	98368000.0	6.0
24593	98372000.0	3.0
24594	98376000.0	6.0
24595	98380000.0	8.0
24596	98384000.0	7.0
24597	98388000.0	6.0
24598	98392000.0	7.0
24599	98396000.0	4.0
24600	98400000.0	7.0
24601	98404000.0	6.0
24602	98408000.0	3.0
24603	98412000.0	5.0
24604	98416000.0	3.0
24605	98420000.0	6.0
24606	98424000.0	8.0
24607	98428000.0	4.0
24608	98432000.0	6.0
24609	98436000.0	8.0
24610	98440000.0	10.0
24611	98444000.0	4.0
24612	98448000.0	7.0
24613	98452000.0	11.0
24614	98456000.0	3.0
24615	98460000.0	4.0
24616	98464000.0	5.0
24617	98468000.0	4.0
24618	98472000.0	5.0
24619	98476000.0	5.0
24620	98480000.0	3.0
24621	98484000.0	5.0
24622	98488000.0	6.0
24623	98492000.0	5.0
24624	98496000.0	3.0
24625	98500000.0	4.0
24626	98504000.0	5.0
24627	98508000.0	5.0
24628	98512000.0	5.0
24629	98516000.0	9.0
24630	98520000.0	4.0
24631	98524000.0	4.0
24632	98528000.0	6.0
24633	98532000.0	10.0
24634	98536000.0	5.0
24635	98540000.0	4.0
24636	98544000.0	6.0
24637	98548000.0	4.0
24638	98552000.0	6.0
24639	98556000.0	8.0
24640	98560000.0	7.0
24641	98564000.0	6.0
24642	98568000.0	5.0
24643	98572000.0	7.0
24644	98576000.0	8.0
24645	98580000.0	6.0
24646	98584000.0	5.0
24647	98588000.0	4.0
24648	98592000.0	5.0
24649	98596000.0	8.0
24650	98600000.0	9.0
24651	98604000.0	7.0
24652	98608000.0	5.0
24653	98612000.0	5.0
24654	98616000.0	1.0
24655	98620000.0	5.0
24656	98624000.0	6.0
24657	98628000.0	5.0
24658	98632000.0	4.0
24659	98636000.0	4.0
24660	98640000.0	5.0
24661	98644000.0	6.0
24662	98648000.0	3.0
24663	98652000.0	9.0
24664	98656000.0	4.0
24665	98660000.0	4.0
24666	98664000.0	9.0
24667	98668000.0	8.0
24668	98672000.0	4.0
24669	98676000.0	5.0
24670	98680000.0	8.0
24671	98684000.0	2.0
24672	98688000.0	6.0
24673	98692000.0	6.0
24674	98696000.0	3.0
24675	98700000.0	4.0
24676	98704000.0	9.0
24677	98708000.0	2.0
24678	98712000.0	3.0
24679	98716000.0	5.0
24680	98720000.0	7.0
24681	98724000.0	7.0
24682	98728000.0	6.0
24683	98732000.0	10.0
24684	98736000.0	3.0
24685	98740000.0	4.0
24686	98744000.0	9.0
24687	98748000.0	3.0
24688	98752000.0	6.0
24689	98756000.0	8.0
24690	98760000.0	4.0
24691	98764000.0	2.0
24692	98768000.0	7.0
24693	98772000.0	5.0
24694	98776000.0	6.0
24695	98780000.0	7.0
24696	98784000.0	7.0
24697	98788000.0	6.0
24698	98792000.0	4.0
24699	98796000.0	4.0
24700	98800000.0	5.0
24701	98804000.0	5.0
24702	98808000.0	7.0
24703	98812000.0	3.0
24704	98816000.0	7.0
24705	98820000.0	3.0
24706	98824000.0	7.0
24707	98828000.0	2.0
24708	98832000.0	2.0
24709	98836000.0	7.0
24710	98840000.0	5.0
24711	98844000.0	10.0
24712	98848000.0	8.0
24713	98852000.0	6.0
24714	98856000.0	5.0
24715	98860000.0	6.0
24716	98864000.0	8.0
24717	98868000.0	6.0
24718	98872000.0	5.0
24719	98876000.0	13.0
24720	98880000.0	5.0
24721	98884000.0	4.0
24722	98888000.0	10.0
24723	98892000.0	3.0
24724	98896000.0	7.0
24725	98900000.0	8.0
24726	98904000.0	7.0
24727	98908000.0	8.0
24728	98912000.0	4.0
24729	98916000.0	2.0
24730	98920000.0	4.0
24731	98924000.0	6.0
24732	98928000.0	5.0
24733	98932000.0	6.0
24734	98936000.0	4.0
24735	98940000.0	8.0
24736	98944000.0	1.0
24737	98948000.0	5.0
24738	98952000.0	4.0
24739	98956000.0	8.0
24740	98960000.0	3.0
24741	98964000.0	4.0
24742	98968000.0	9.0
24743	98972000.0	7.0
24744	98976000.0	2.0
24745	98980000.0	6.0
24746	98984000.0	6.0
24747	98988000.0	4.0
24748	98992000.0	5.0
24749	98996000.0	5.0
24750	99000000.0	4.0
24751	99004000.0	8.0
24752	99008000.0	4.0
24753	99012000.0	8.0
24754	99016000.0	6.0
24755	99020000.0	10.0
24756	99024000.0	7.0
24757	99028000.0	3.0
24758	99032000.0	4.0
24759	99036000.0	3.0
24760	99040000.0	8.0
24761	99044000.0	1.0
24762	99048000.0	7.0
24763	99052000.0	3.0
24764	99056000.0	7.0
24765	99060000.0	8.0
24766	99064000.0	5.0
24767	99068000.0	4.0
24768	99072000.0	16.0
24769	99076000.0	4.0
24770	99080000.0	7.0
24771	99084000.0	4.0
24772	99088000.0	5.0
24773	99092000.0	7.0
24774	99096000.0	5.0
24775	99100000.0	4.0
24776	99104000.0	3.0
24777	99108000.0	5.0
24778	99112000.0	1.0
24779	99116000.0	5.0
24780	99120000.0	1.0
24781	99124000.0	15.0
24782	99128000.0	3.0
24783	99132000.0	3.0
24784	99136000.0	4.0
24785	99140000.0	7.0
24786	99144000.0	4.0
24787	99148000.0	7.0
24788	99152000.0	4.0
24789	99156000.0	5.0
24790	99160000.0	4.0
24791	99164000.0	5.0
24792	99168000.0	5.0
24793	99172000.0	8.0
24794	99176000.0	6.0
24795	99180000.0	12.0
24796	99184000.0	8.0
24797	99188000.0	6.0
24798	99192000.0	5.0
24799	99196000.0	3.0
24800	99200000.0	8.0
24801	99204000.0	8.0
24802	99208000.0	3.0
24803	99212000.0	5.0
24804	99216000.0	6.0
24805	99220000.0	4.0
24806	99224000.0	9.0
24807	99228000.0	9.0
24808	99232000.0	4.0
24809	99236000.0	8.0
24810	99240000.0	3.0
24811	99244000.0	5.0
24812	99248000.0	4.0
24813	99252000.0	5.0
24814	99256000.0	6.0
24815	99260000.0	3.0
24816	99264000.0	3.0
24817	99268000.0	6.0
24818	99272000.0	10.0
24819	99276000.0	8.0
24820	99280000.0	3.0
24821	99284000.0	6.0
24822	99288000.0	5.0
24823	99292000.0	7.0
24824	99296000.0	4.0
24825	99300000.0	7.0
24826	99304000.0	9.0
24827	99308000.0	5.0
24828	99312000.0	5.0
24829	99316000.0	6.0
24830	99320000.0	2.0
24831	99324000.0	12.0
24832	99328000.0	7.0
24833	99332000.0	5.0
24834	99336000.0	1.0
24835	99340000.0	8.0
24836	99344000.0	5.0
24837	99348000.0	5.0
24838	99352000.0	3.0
24839	99356000.0	6.0
24840	99360000.0	3.0
24841	99364000.0	3.0
24842	99368000.0	3.0
24843	99372000.0	4.0
24844	99376000.0	5.0
24845	99380000.0	8.0
24846	99384000.0	3.0
24847	99388000.0	3.0
24848	99392000.0	5.0
24849	99396000.0	4.0
24850	99400000.0	5.0
24851	99404000.0	5.0
24852	99408000.0	7.0
24853	99412000.0	4.0
24854	99416000.0	3.0
24855	99420000.0	1.0
24856	99424000.0	5.0
24857	99428000.0	6.0
24858	99432000.0	2.0
24859	99436000.0	9.0
24860	99440000.0	3.0
24861	99444000.0	3.0
24862	99448000.0	7.0
24863	99452000.0	3.0
24864	99456000.0	4.0
24865	99460000.0	9.0
24866	99464000.0	7.0
24867	99468000.0	6.0
24868	99472000.0	7.0
24869	99476000.0	8.0
24870	99480000.0	9.0
24871	99484000.0	8.0
24872	99488000.0	5.0
24873	99492000.0	4.0
24874	99496000.0	7.0
24875	99500000.0	7.0
24876	99504000.0	8.0
24877	99508000.0	6.0
24878	99512000.0	6.0
24879	99516000.0	5.0
24880	99520000.0	3.0
24881	99524000.0	4.0
24882	99528000.0	5.0
24883	99532000.0	9.0
24884	99536000.0	8.0
24885	99540000.0	4.0
24886	99544000.0	6.0
24887	99548000.0	6.0
24888	99552000.0	4.0
24889	99556000.0	2.0
24890	99560000.0	6.0
24891	99564000.0	3.0
24892	99568000.0	6.0
24893	99572000.0	8.0
24894	99576000.0	5.0
24895	99580000.0	7.0
24896	99584000.0	6.0
24897	99588000.0	7.0
24898	99592000.0	7.0
24899	99596000.0	6.0
24900	99600000.0	7.0
24901	99604000.0	1.0
24902	99608000.0	3.0
24903	99612000.0	6.0
24904	99616000.0	7.0
24905	99620000.0	5.0
24906	99624000.0	6.0
24907	99628000.0	7.0
24908	99632000.0	4.0
24909	99636000.0	8.0
24910	99640000.0	6.0
24911	99644000.0	6.0
24912	99648000.0	7.0
24913	99652000.0	9.0
24914	99656000.0	7.0
24915	99660000.0	4.0
24916	99664000.0	8.0
24917	99668000.0	4.0
24918	99672000.0	2.0
24919	99676000.0	4.0
24920	99680000.0	5.0
24921	99684000.0	3.0
24922	99688000.0	6.0
24923	99692000.0	9.0
24924	99696000.0	4.0
24925	99700000.0	5.0
24926	99704000.0	5.0
24927	99708000.0	7.0
24928	99712000.0	2.0
24929	99716000.0	4.0
24930	99720000.0	6.0
24931	99724000.0	8.0
24932	99728000.0	5.0
24933	99732000.0	7.0
24934	99736000.0	6.0
24935	99740000.0	5.0
24936	99744000.0	7.0
24937	99748000.0	4.0
24938	99752000.0	5.0
24939	99756000.0	6.0
24940	99760000.0	4.0
24941	99764000.0	6.0
24942	99768000.0	4.0
24943	99772000.0	7.0
24944	99776000.0	6.0
24945	99780000.0	4.0
24946	99784000.0	4.0
24947	99788000.0	3.0
24948	99792000.0	9.0
24949	99796000.0	8.0
24950	99800000.0	5.0
24951	99804000.0	7.0
24952	99808000.0	4.0
24953	99812000.0	7.0
24954	99816000.0	3.0
24955	99820000.0	6.0
24956	99824000.0	0.0
24957	99828000.0	3.0
24958	99832000.0	4.0
24959	99836000.0	9.0
24960	99840000.0	5.0
24961	99844000.0	4.0
24962	99848000.0	7.0
24963	99852000.0	4.0
24964	99856000.0	5.0
24965	99860000.0	3.0
24966	99864000.0	5.0
24967	99868000.0	6.0
24968	99872000.0	4.0
24969	99876000.0	4.0
24970	99880000.0	8.0
24971	99884000.0	5.0
24972	99888000.0	10.0
24973	99892000.0	3.0
24974	99896000.0	10.0
24975	99900000.0	4.0
24976	99904000.0	3.0
24977	99908000.0	1.0
24978	99912000.0	7.0
24979	99916000.0	9.0
24980	99920000.0	3.0
24981	99924000.0	7.0
24982	99928000.0	7.0
24983	99932000.0	8.0
24984	99936000.0	4.0
24985	99940000.0	3.0
24986	99944000.0	5.0
24987	99948000.0	2.0
24988	99952000.0	8.0
24989	99956000.0	1.0
24990	99960000.0	4.0
24991	99964000.0	6.0
24992	99968000.0	7.0
24993	99972000.0	3.0
24994	99976000.0	3.0
24995	99980000.0	9.0
24996	99984000.0	5.0
24997	99988000.0	9.0
24998	99992000.0	6.0
24999	99996000.0	7.0
25000	100000000.0	8.0
25001	100004000.0	6.0
25002	100008000.0	8.0
25003	100012000.0	9.0
25004	100016000.0	6.0
25005	100020000.0	8.0
25006	100024000.0	5.0
25007	100028000.0	5.0
25008	100032000.0	7.0
25009	100036000.0	4.0
25010	100040000.0	4.0
25011	100044000.0	3.0
25012	100048000.0	11.0
25013	100052000.0	7.0
25014	100056000.0	2.0
25015	100060000.0	3.0
25016	100064000.0	5.0
25017	100068000.0	3.0
25018	100072000.0	4.0
25019	100076000.0	8.0
25020	100080000.0	8.0
25021	100084000.0	4.0
25022	100088000.0	9.0
25023	100092000.0	10.0
25024	100096000.0	3.0
25025	100100000.0	5.0
25026	100104000.0	5.0
25027	100108000.0	5.0
25028	100112000.0	3.0
25029	100116000.0	7.0
25030	100120000.0	4.0
25031	100124000.0	3.0
25032	100128000.0	4.0
25033	100132000.0	4.0
25034	100136000.0	4.0
25035	100140000.0	7.0
25036	100144000.0	3.0
25037	100148000.0	7.0
25038	100152000.0	5.0
25039	100156000.0	7.0
25040	100160000.0	6.0
25041	100164000.0	3.0
25042	100168000.0	7.0
25043	100172000.0	4.0
25044	100176000.0	4.0
25045	100180000.0	6.0
25046	100184000.0	0.0
25047	100188000.0	2.0
25048	100192000.0	2.0
25049	100196000.0	6.0
25050	100200000.0	2.0
25051	100204000.0	3.0
25052	100208000.0	5.0
25053	100212000.0	6.0
25054	100216000.0	2.0
25055	100220000.0	7.0
25056	100224000.0	8.0
25057	100228000.0	6.0
25058	100232000.0	3.0
25059	100236000.0	2.0
25060	100240000.0	4.0
25061	100244000.0	10.0
25062	100248000.0	5.0
25063	100252000.0	5.0
25064	100256000.0	5.0
25065	100260000.0	6.0
25066	100264000.0	5.0
25067	100268000.0	8.0
25068	100272000.0	9.0
25069	100276000.0	9.0
25070	100280000.0	7.0
25071	100284000.0	8.0
25072	100288000.0	6.0
25073	100292000.0	5.0
25074	100296000.0	8.0
25075	100300000.0	4.0
25076	100304000.0	5.0
25077	100308000.0	5.0
25078	100312000.0	5.0
25079	100316000.0	4.0
25080	100320000.0	3.0
25081	100324000.0	8.0
25082	100328000.0	10.0
25083	100332000.0	5.0
25084	100336000.0	5.0
25085	100340000.0	3.0
25086	100344000.0	3.0
25087	100348000.0	6.0
25088	100352000.0	2.0
25089	100356000.0	8.0
25090	100360000.0	9.0
25091	100364000.0	3.0
25092	100368000.0	7.0
25093	100372000.0	2.0
25094	100376000.0	5.0
25095	100380000.0	8.0
25096	100384000.0	4.0
25097	100388000.0	3.0
25098	100392000.0	9.0
25099	100396000.0	7.0
25100	100400000.0	5.0
25101	100404000.0	4.0
25102	100408000.0	8.0
25103	100412000.0	4.0
25104	100416000.0	4.0
25105	100420000.0	1.0
25106	100424000.0	7.0
25107	100428000.0	6.0
25108	100432000.0	2.0
25109	100436000.0	5.0
25110	100440000.0	13.0
25111	100444000.0	4.0
25112	100448000.0	0.0
25113	100452000.0	3.0
25114	100456000.0	8.0
25115	100460000.0	8.0
25116	100464000.0	6.0
25117	100468000.0	9.0
25118	100472000.0	4.0
25119	100476000.0	8.0
25120	100480000.0	6.0
25121	100484000.0	11.0
25122	100488000.0	8.0
25123	100492000.0	2.0
25124	100496000.0	2.0
25125	100500000.0	5.0
25126	100504000.0	9.0
25127	100508000.0	6.0
25128	100512000.0	6.0
25129	100516000.0	3.0
25130	100520000.0	4.0
25131	100524000.0	3.0
25132	100528000.0	5.0
25133	100532000.0	7.0
25134	100536000.0	4.0
25135	100540000.0	4.0
25136	100544000.0	10.0
25137	100548000.0	3.0
25138	100552000.0	4.0
25139	100556000.0	7.0
25140	100560000.0	5.0
25141	100564000.0	5.0
25142	100568000.0	10.0
25143	100572000.0	5.0
25144	100576000.0	7.0
25145	100580000.0	7.0
25146	100584000.0	5.0
25147	100588000.0	5.0
25148	100592000.0	8.0
25149	100596000.0	6.0
25150	100600000.0	3.0
25151	100604000.0	5.0
25152	100608000.0	7.0
25153	100612000.0	6.0
25154	100616000.0	6.0
25155	100620000.0	4.0
25156	100624000.0	3.0
25157	100628000.0	8.0
25158	100632000.0	8.0
25159	100636000.0	11.0
25160	100640000.0	6.0
25161	100644000.0	4.0
25162	100648000.0	5.0
25163	100652000.0	7.0
25164	100656000.0	5.0
25165	100660000.0	6.0
25166	100664000.0	5.0
25167	100668000.0	4.0
25168	100672000.0	10.0
25169	100676000.0	7.0
25170	100680000.0	2.0
25171	100684000.0	6.0
25172	100688000.0	6.0
25173	100692000.0	5.0
25174	100696000.0	5.0
25175	100700000.0	6.0
25176	100704000.0	5.0
25177	100708000.0	6.0
25178	100712000.0	5.0
25179	100716000.0	3.0
25180	100720000.0	6.0
25181	100724000.0	6.0
25182	100728000.0	6.0
25183	100732000.0	5.0
25184	100736000.0	8.0
25185	100740000.0	12.0
25186	100744000.0	5.0
25187	100748000.0	2.0
25188	100752000.0	3.0
25189	100756000.0	6.0
25190	100760000.0	8.0
25191	100764000.0	8.0
25192	100768000.0	4.0
25193	100772000.0	2.0
25194	100776000.0	5.0
25195	100780000.0	5.0
25196	100784000.0	3.0
25197	100788000.0	6.0
25198	100792000.0	5.0
25199	100796000.0	5.0
25200	100800000.0	3.0
25201	100804000.0	4.0
25202	100808000.0	5.0
25203	100812000.0	8.0
25204	100816000.0	4.0
25205	100820000.0	7.0
25206	100824000.0	7.0
25207	100828000.0	3.0
25208	100832000.0	8.0
25209	100836000.0	3.0
25210	100840000.0	2.0
25211	100844000.0	9.0
25212	100848000.0	8.0
25213	100852000.0	8.0
25214	100856000.0	6.0
25215	100860000.0	7.0
25216	100864000.0	3.0
25217	100868000.0	5.0
25218	100872000.0	3.0
25219	100876000.0	5.0
25220	100880000.0	4.0
25221	100884000.0	5.0
25222	100888000.0	4.0
25223	100892000.0	3.0
25224	100896000.0	5.0
25225	100900000.0	5.0
25226	100904000.0	4.0
25227	100908000.0	6.0
25228	100912000.0	2.0
25229	100916000.0	7.0
25230	100920000.0	4.0
25231	100924000.0	9.0
25232	100928000.0	7.0
25233	100932000.0	4.0
25234	100936000.0	4.0
25235	100940000.0	5.0
25236	100944000.0	2.0
25237	100948000.0	2.0
25238	100952000.0	5.0
25239	100956000.0	8.0
25240	100960000.0	4.0
25241	100964000.0	1.0
25242	100968000.0	2.0
25243	100972000.0	3.0
25244	100976000.0	8.0
25245	100980000.0	7.0
25246	100984000.0	8.0
25247	100988000.0	6.0
25248	100992000.0	8.0
25249	100996000.0	5.0
25250	101000000.0	5.0
25251	101004000.0	9.0
25252	101008000.0	8.0
25253	101012000.0	5.0
25254	101016000.0	2.0
25255	101020000.0	5.0
25256	101024000.0	2.0
25257	101028000.0	3.0
25258	101032000.0	2.0
25259	101036000.0	4.0
25260	101040000.0	4.0
25261	101044000.0	6.0
25262	101048000.0	2.0
25263	101052000.0	5.0
25264	101056000.0	5.0
25265	101060000.0	10.0
25266	101064000.0	6.0
25267	101068000.0	4.0
25268	101072000.0	2.0
25269	101076000.0	4.0
25270	101080000.0	11.0
25271	101084000.0	7.0
25272	101088000.0	8.0
25273	101092000.0	8.0
25274	101096000.0	4.0
25275	101100000.0	5.0
25276	101104000.0	3.0
25277	101108000.0	7.0
25278	101112000.0	5.0
25279	101116000.0	7.0
25280	101120000.0	3.0
25281	101124000.0	5.0
25282	101128000.0	5.0
25283	101132000.0	2.0
25284	101136000.0	6.0
25285	101140000.0	3.0
25286	101144000.0	5.0
25287	101148000.0	8.0
25288	101152000.0	4.0
25289	101156000.0	7.0
25290	101160000.0	4.0
25291	101164000.0	6.0
25292	101168000.0	8.0
25293	101172000.0	3.0
25294	101176000.0	2.0
25295	101180000.0	6.0
25296	101184000.0	4.0
25297	101188000.0	6.0
25298	101192000.0	6.0
25299	101196000.0	5.0
25300	101200000.0	6.0
25301	101204000.0	7.0
25302	101208000.0	5.0
25303	101212000.0	4.0
25304	101216000.0	7.0
25305	101220000.0	8.0
25306	101224000.0	6.0
25307	101228000.0	6.0
25308	101232000.0	6.0
25309	101236000.0	4.0
25310	101240000.0	3.0
25311	101244000.0	8.0
25312	101248000.0	4.0
25313	101252000.0	3.0
25314	101256000.0	4.0
25315	101260000.0	6.0
25316	101264000.0	9.0
25317	101268000.0	5.0
25318	101272000.0	4.0
25319	101276000.0	5.0
25320	101280000.0	4.0
25321	101284000.0	4.0
25322	101288000.0	11.0
25323	101292000.0	3.0
25324	101296000.0	4.0
25325	101300000.0	3.0
25326	101304000.0	7.0
25327	101308000.0	5.0
25328	101312000.0	7.0
25329	101316000.0	1.0
25330	101320000.0	7.0
25331	101324000.0	4.0
25332	101328000.0	10.0
25333	101332000.0	6.0
25334	101336000.0	10.0
25335	101340000.0	6.0
25336	101344000.0	4.0
25337	101348000.0	7.0
25338	101352000.0	8.0
25339	101356000.0	9.0
25340	101360000.0	8.0
25341	101364000.0	5.0
25342	101368000.0	3.0
25343	101372000.0	3.0
25344	101376000.0	7.0
25345	101380000.0	13.0
25346	101384000.0	4.0
25347	101388000.0	3.0
25348	101392000.0	7.0
25349	101396000.0	5.0
25350	101400000.0	6.0
25351	101404000.0	9.0
25352	101408000.0	7.0
25353	101412000.0	6.0
25354	101416000.0	6.0
25355	101420000.0	5.0
25356	101424000.0	2.0
25357	101428000.0	7.0
25358	101432000.0	3.0
25359	101436000.0	5.0
25360	101440000.0	3.0
25361	101444000.0	5.0
25362	101448000.0	7.0
25363	101452000.0	3.0
25364	101456000.0	4.0
25365	101460000.0	9.0
25366	101464000.0	5.0
25367	101468000.0	8.0
25368	101472000.0	5.0
25369	101476000.0	4.0
25370	101480000.0	7.0
25371	101484000.0	6.0
25372	101488000.0	6.0
25373	101492000.0	4.0
25374	101496000.0	6.0
25375	101500000.0	1.0
25376	101504000.0	7.0
25377	101508000.0	7.0
25378	101512000.0	6.0
25379	101516000.0	2.0
25380	101520000.0	12.0
25381	101524000.0	8.0
25382	101528000.0	3.0
25383	101532000.0	7.0
25384	101536000.0	1.0
25385	101540000.0	6.0
25386	101544000.0	5.0
25387	101548000.0	1.0
25388	101552000.0	5.0
25389	101556000.0	3.0
25390	101560000.0	3.0
25391	101564000.0	6.0
25392	101568000.0	5.0
25393	101572000.0	4.0
25394	101576000.0	5.0
25395	101580000.0	3.0
25396	101584000.0	7.0
25397	101588000.0	5.0
25398	101592000.0	5.0
25399	101596000.0	3.0
25400	101600000.0	3.0
25401	101604000.0	10.0
25402	101608000.0	7.0
25403	101612000.0	4.0
25404	101616000.0	5.0
25405	101620000.0	8.0
25406	101624000.0	2.0
25407	101628000.0	8.0
25408	101632000.0	4.0
25409	101636000.0	5.0
25410	101640000.0	4.0
25411	101644000.0	3.0
25412	101648000.0	5.0
25413	101652000.0	7.0
25414	101656000.0	4.0
25415	101660000.0	9.0
25416	101664000.0	8.0
25417	101668000.0	2.0
25418	101672000.0	5.0
25419	101676000.0	8.0
25420	101680000.0	6.0
25421	101684000.0	6.0
25422	101688000.0	8.0
25423	101692000.0	8.0
25424	101696000.0	6.0
25425	101700000.0	2.0
25426	101704000.0	6.0
25427	101708000.0	6.0
25428	101712000.0	7.0
25429	101716000.0	3.0
25430	101720000.0	6.0
25431	101724000.0	7.0
25432	101728000.0	4.0
25433	101732000.0	5.0
25434	101736000.0	1.0
25435	101740000.0	7.0
25436	101744000.0	1.0
25437	101748000.0	9.0
25438	101752000.0	5.0
25439	101756000.0	6.0
25440	101760000.0	7.0
25441	101764000.0	8.0
25442	101768000.0	7.0
25443	101772000.0	8.0
25444	101776000.0	11.0
25445	101780000.0	3.0
25446	101784000.0	4.0
25447	101788000.0	5.0
25448	101792000.0	3.0
25449	101796000.0	6.0
25450	101800000.0	5.0
25451	101804000.0	3.0
25452	101808000.0	6.0
25453	101812000.0	4.0
25454	101816000.0	4.0
25455	101820000.0	4.0
25456	101824000.0	3.0
25457	101828000.0	4.0
25458	101832000.0	1.0
25459	101836000.0	4.0
25460	101840000.0	4.0
25461	101844000.0	6.0
25462	101848000.0	9.0
25463	101852000.0	6.0
25464	101856000.0	4.0
25465	101860000.0	3.0
25466	101864000.0	7.0
25467	101868000.0	2.0
25468	101872000.0	7.0
25469	101876000.0	12.0
25470	101880000.0	1.0
25471	101884000.0	2.0
25472	101888000.0	4.0
25473	101892000.0	1.0
25474	101896000.0	6.0
25475	101900000.0	3.0
25476	101904000.0	5.0
25477	101908000.0	7.0
25478	101912000.0	15.0
25479	101916000.0	7.0
25480	101920000.0	3.0
25481	101924000.0	4.0
25482	101928000.0	5.0
25483	101932000.0	5.0
25484	101936000.0	3.0
25485	101940000.0	7.0
25486	101944000.0	8.0
25487	101948000.0	4.0
25488	101952000.0	8.0
25489	101956000.0	6.0
25490	101960000.0	9.0
25491	101964000.0	5.0
25492	101968000.0	4.0
25493	101972000.0	3.0
25494	101976000.0	1.0
25495	101980000.0	8.0
25496	101984000.0	7.0
25497	101988000.0	6.0
25498	101992000.0	10.0
25499	101996000.0	2.0
25500	102000000.0	7.0
25501	102004000.0	2.0
25502	102008000.0	6.0
25503	102012000.0	3.0
25504	102016000.0	5.0
25505	102020000.0	5.0
25506	102024000.0	5.0
25507	102028000.0	13.0
25508	102032000.0	6.0
25509	102036000.0	4.0
25510	102040000.0	5.0
25511	102044000.0	11.0
25512	102048000.0	3.0
25513	102052000.0	9.0
25514	102056000.0	5.0
25515	102060000.0	5.0
25516	102064000.0	8.0
25517	102068000.0	7.0
25518	102072000.0	2.0
25519	102076000.0	8.0
25520	102080000.0	4.0
25521	102084000.0	2.0
25522	102088000.0	7.0
25523	102092000.0	9.0
25524	102096000.0	6.0
25525	102100000.0	2.0
25526	102104000.0	5.0
25527	102108000.0	7.0
25528	102112000.0	7.0
25529	102116000.0	7.0
25530	102120000.0	5.0
25531	102124000.0	4.0
25532	102128000.0	10.0
25533	102132000.0	4.0
25534	102136000.0	4.0
25535	102140000.0	4.0
25536	102144000.0	6.0
25537	102148000.0	5.0
25538	102152000.0	14.0
25539	102156000.0	2.0
25540	102160000.0	4.0
25541	102164000.0	8.0
25542	102168000.0	6.0
25543	102172000.0	6.0
25544	102176000.0	3.0
25545	102180000.0	5.0
25546	102184000.0	6.0
25547	102188000.0	5.0
25548	102192000.0	7.0
25549	102196000.0	8.0
25550	102200000.0	4.0
25551	102204000.0	8.0
25552	102208000.0	5.0
25553	102212000.0	1.0
25554	102216000.0	1.0
25555	102220000.0	5.0
25556	102224000.0	4.0
25557	102228000.0	6.0
25558	102232000.0	5.0
25559	102236000.0	7.0
25560	102240000.0	5.0
25561	102244000.0	6.0
25562	102248000.0	8.0
25563	102252000.0	7.0
25564	102256000.0	5.0
25565	102260000.0	2.0
25566	102264000.0	4.0
25567	102268000.0	6.0
25568	102272000.0	4.0
25569	102276000.0	5.0
25570	102280000.0	3.0
25571	102284000.0	3.0
25572	102288000.0	1.0
25573	102292000.0	5.0
25574	102296000.0	7.0
25575	102300000.0	2.0
25576	102304000.0	4.0
25577	102308000.0	10.0
25578	102312000.0	8.0
25579	102316000.0	7.0
25580	102320000.0	4.0
25581	102324000.0	7.0
25582	102328000.0	5.0
25583	102332000.0	3.0
25584	102336000.0	3.0
25585	102340000.0	7.0
25586	102344000.0	4.0
25587	102348000.0	5.0
25588	102352000.0	8.0
25589	102356000.0	4.0
25590	102360000.0	5.0
25591	102364000.0	6.0
25592	102368000.0	5.0
25593	102372000.0	9.0
25594	102376000.0	4.0
25595	102380000.0	4.0
25596	102384000.0	3.0
25597	102388000.0	2.0
25598	102392000.0	5.0
25599	102396000.0	6.0
25600	102400000.0	4.0
25601	102404000.0	3.0
25602	102408000.0	1.0
25603	102412000.0	4.0
25604	102416000.0	1.0
25605	102420000.0	6.0
25606	102424000.0	4.0
25607	102428000.0	8.0
25608	102432000.0	4.0
25609	102436000.0	7.0
25610	102440000.0	5.0
25611	102444000.0	6.0
25612	102448000.0	3.0
25613	102452000.0	5.0
25614	102456000.0	10.0
25615	102460000.0	7.0
25616	102464000.0	8.0
25617	102468000.0	1.0
25618	102472000.0	7.0
25619	102476000.0	7.0
25620	102480000.0	5.0
25621	102484000.0	6.0
25622	102488000.0	7.0
25623	102492000.0	10.0
25624	102496000.0	3.0
25625	102500000.0	5.0
25626	102504000.0	5.0
25627	102508000.0	6.0
25628	102512000.0	10.0
25629	102516000.0	7.0
25630	102520000.0	4.0
25631	102524000.0	2.0
25632	102528000.0	2.0
25633	102532000.0	2.0
25634	102536000.0	4.0
25635	102540000.0	5.0
25636	102544000.0	5.0
25637	102548000.0	3.0
25638	102552000.0	4.0
25639	102556000.0	8.0
25640	102560000.0	4.0
25641	102564000.0	5.0
25642	102568000.0	6.0
25643	102572000.0	10.0
25644	102576000.0	4.0
25645	102580000.0	2.0
25646	102584000.0	3.0
25647	102588000.0	3.0
25648	102592000.0	1.0
25649	102596000.0	8.0
25650	102600000.0	6.0
25651	102604000.0	8.0
25652	102608000.0	10.0
25653	102612000.0	10.0
25654	102616000.0	0.0
25655	102620000.0	5.0
25656	102624000.0	5.0
25657	102628000.0	7.0
25658	102632000.0	5.0
25659	102636000.0	2.0
25660	102640000.0	5.0
25661	102644000.0	5.0
25662	102648000.0	3.0
25663	102652000.0	6.0
25664	102656000.0	6.0
25665	102660000.0	3.0
25666	102664000.0	5.0
25667	102668000.0	2.0
25668	102672000.0	2.0
25669	102676000.0	5.0
25670	102680000.0	6.0
25671	102684000.0	9.0
25672	102688000.0	7.0
25673	102692000.0	4.0
25674	102696000.0	6.0
25675	102700000.0	7.0
25676	102704000.0	5.0
25677	102708000.0	1.0
25678	102712000.0	6.0
25679	102716000.0	3.0
25680	102720000.0	2.0
25681	102724000.0	5.0
25682	102728000.0	4.0
25683	102732000.0	4.0
25684	102736000.0	8.0
25685	102740000.0	3.0
25686	102744000.0	5.0
25687	102748000.0	2.0
25688	102752000.0	9.0
25689	102756000.0	5.0
25690	102760000.0	7.0
25691	102764000.0	3.0
25692	102768000.0	7.0
25693	102772000.0	7.0
25694	102776000.0	4.0
25695	102780000.0	3.0
25696	102784000.0	10.0
25697	102788000.0	4.0
25698	102792000.0	4.0
25699	102796000.0	6.0
25700	102800000.0	5.0
25701	102804000.0	5.0
25702	102808000.0	6.0
25703	102812000.0	6.0
25704	102816000.0	5.0
25705	102820000.0	3.0
25706	102824000.0	3.0
25707	102828000.0	6.0
25708	102832000.0	7.0
25709	102836000.0	3.0
25710	102840000.0	10.0
25711	102844000.0	8.0
25712	102848000.0	4.0
25713	102852000.0	5.0
25714	102856000.0	4.0
25715	102860000.0	5.0
25716	102864000.0	4.0
25717	102868000.0	4.0
25718	102872000.0	6.0
25719	102876000.0	2.0
25720	102880000.0	3.0
25721	102884000.0	6.0
25722	102888000.0	3.0
25723	102892000.0	4.0
25724	102896000.0	2.0
25725	102900000.0	2.0
25726	102904000.0	3.0
25727	102908000.0	8.0
25728	102912000.0	4.0
25729	102916000.0	4.0
25730	102920000.0	10.0
25731	102924000.0	4.0
25732	102928000.0	9.0
25733	102932000.0	4.0
25734	102936000.0	5.0
25735	102940000.0	3.0
25736	102944000.0	4.0
25737	102948000.0	6.0
25738	102952000.0	5.0
25739	102956000.0	9.0
25740	102960000.0	5.0
25741	102964000.0	6.0
25742	102968000.0	9.0
25743	102972000.0	3.0
25744	102976000.0	4.0
25745	102980000.0	8.0
25746	102984000.0	15.0
25747	102988000.0	10.0
25748	102992000.0	6.0
25749	102996000.0	4.0
25750	103000000.0	3.0
25751	103004000.0	5.0
25752	103008000.0	4.0
25753	103012000.0	5.0
25754	103016000.0	5.0
25755	103020000.0	8.0
25756	103024000.0	3.0
25757	103028000.0	8.0
25758	103032000.0	4.0
25759	103036000.0	5.0
25760	103040000.0	5.0
25761	103044000.0	4.0
25762	103048000.0	3.0
25763	103052000.0	5.0
25764	103056000.0	6.0
25765	103060000.0	5.0
25766	103064000.0	3.0
25767	103068000.0	3.0
25768	103072000.0	6.0
25769	103076000.0	6.0
25770	103080000.0	6.0
25771	103084000.0	4.0
25772	103088000.0	5.0
25773	103092000.0	8.0
25774	103096000.0	7.0
25775	103100000.0	8.0
25776	103104000.0	8.0
25777	103108000.0	6.0
25778	103112000.0	2.0
25779	103116000.0	4.0
25780	103120000.0	1.0
25781	103124000.0	7.0
25782	103128000.0	4.0
25783	103132000.0	5.0
25784	103136000.0	3.0
25785	103140000.0	4.0
25786	103144000.0	10.0
25787	103148000.0	1.0
25788	103152000.0	6.0
25789	103156000.0	4.0
25790	103160000.0	9.0
25791	103164000.0	4.0
25792	103168000.0	4.0
25793	103172000.0	5.0
25794	103176000.0	8.0
25795	103180000.0	9.0
25796	103184000.0	7.0
25797	103188000.0	6.0
25798	103192000.0	6.0
25799	103196000.0	10.0
25800	103200000.0	4.0
25801	103204000.0	5.0
25802	103208000.0	5.0
25803	103212000.0	8.0
25804	103216000.0	9.0
25805	103220000.0	3.0
25806	103224000.0	3.0
25807	103228000.0	6.0
25808	103232000.0	6.0
25809	103236000.0	11.0
25810	103240000.0	3.0
25811	103244000.0	10.0
25812	103248000.0	10.0
25813	103252000.0	5.0
25814	103256000.0	9.0
25815	103260000.0	8.0
25816	103264000.0	5.0
25817	103268000.0	5.0
25818	103272000.0	8.0
25819	103276000.0	3.0
25820	103280000.0	4.0
25821	103284000.0	5.0
25822	103288000.0	3.0
25823	103292000.0	5.0
25824	103296000.0	6.0
25825	103300000.0	6.0
25826	103304000.0	8.0
25827	103308000.0	10.0
25828	103312000.0	5.0
25829	103316000.0	1.0
25830	103320000.0	5.0
25831	103324000.0	9.0
25832	103328000.0	6.0
25833	103332000.0	2.0
25834	103336000.0	2.0
25835	103340000.0	3.0
25836	103344000.0	8.0
25837	103348000.0	3.0
25838	103352000.0	8.0
25839	103356000.0	5.0
25840	103360000.0	7.0
25841	103364000.0	5.0
25842	103368000.0	7.0
25843	103372000.0	7.0
25844	103376000.0	6.0
25845	103380000.0	5.0
25846	103384000.0	3.0
25847	103388000.0	11.0
25848	103392000.0	4.0
25849	103396000.0	8.0
25850	103400000.0	3.0
25851	103404000.0	4.0
25852	103408000.0	2.0
25853	103412000.0	8.0
25854	103416000.0	3.0
25855	103420000.0	4.0
25856	103424000.0	2.0
25857	103428000.0	5.0
25858	103432000.0	5.0
25859	103436000.0	2.0
25860	103440000.0	5.0
25861	103444000.0	4.0
25862	103448000.0	7.0
25863	103452000.0	8.0
25864	103456000.0	6.0
25865	103460000.0	6.0
25866	103464000.0	6.0
25867	103468000.0	4.0
25868	103472000.0	6.0
25869	103476000.0	5.0
25870	103480000.0	5.0
25871	103484000.0	3.0
25872	103488000.0	2.0
25873	103492000.0	2.0
25874	103496000.0	3.0
25875	103500000.0	4.0
25876	103504000.0	5.0
25877	103508000.0	6.0
25878	103512000.0	3.0
25879	103516000.0	1.0
25880	103520000.0	8.0
25881	103524000.0	1.0
25882	103528000.0	8.0
25883	103532000.0	8.0
25884	103536000.0	5.0
25885	103540000.0	10.0
25886	103544000.0	5.0
25887	103548000.0	3.0
25888	103552000.0	6.0
25889	103556000.0	7.0
25890	103560000.0	6.0
25891	103564000.0	10.0
25892	103568000.0	3.0
25893	103572000.0	6.0
25894	103576000.0	5.0
25895	103580000.0	7.0
25896	103584000.0	0.0
25897	103588000.0	6.0
25898	103592000.0	2.0
25899	103596000.0	3.0
25900	103600000.0	6.0
25901	103604000.0	3.0
25902	103608000.0	5.0
25903	103612000.0	4.0
25904	103616000.0	7.0
25905	103620000.0	4.0
25906	103624000.0	8.0
25907	103628000.0	8.0
25908	103632000.0	4.0
25909	103636000.0	7.0
25910	103640000.0	9.0
25911	103644000.0	3.0
25912	103648000.0	9.0
25913	103652000.0	4.0
25914	103656000.0	2.0
25915	103660000.0	5.0
25916	103664000.0	6.0
25917	103668000.0	5.0
25918	103672000.0	7.0
25919	103676000.0	5.0
25920	103680000.0	3.0
25921	103684000.0	5.0
25922	103688000.0	5.0
25923	103692000.0	4.0
25924	103696000.0	8.0
25925	103700000.0	5.0
25926	103704000.0	7.0
25927	103708000.0	8.0
25928	103712000.0	6.0
25929	103716000.0	5.0
25930	103720000.0	4.0
25931	103724000.0	7.0
25932	103728000.0	6.0
25933	103732000.0	4.0
25934	103736000.0	7.0
25935	103740000.0	4.0
25936	103744000.0	7.0
25937	103748000.0	11.0
25938	103752000.0	1.0
25939	103756000.0	2.0
25940	103760000.0	6.0
25941	103764000.0	3.0
25942	103768000.0	2.0
25943	103772000.0	3.0
25944	103776000.0	4.0
25945	103780000.0	6.0
25946	103784000.0	1.0
25947	103788000.0	7.0
25948	103792000.0	7.0
25949	103796000.0	8.0
25950	103800000.0	7.0
25951	103804000.0	8.0
25952	103808000.0	3.0
25953	103812000.0	3.0
25954	103816000.0	5.0
25955	103820000.0	5.0
25956	103824000.0	4.0
25957	103828000.0	9.0
25958	103832000.0	5.0
25959	103836000.0	4.0
25960	103840000.0	4.0
25961	103844000.0	4.0
25962	103848000.0	4.0
25963	103852000.0	4.0
25964	103856000.0	6.0
25965	103860000.0	6.0
25966	103864000.0	9.0
25967	103868000.0	4.0
25968	103872000.0	4.0
25969	103876000.0	3.0
25970	103880000.0	6.0
25971	103884000.0	5.0
25972	103888000.0	9.0
25973	103892000.0	6.0
25974	103896000.0	3.0
25975	103900000.0	5.0
25976	103904000.0	4.0
25977	103908000.0	7.0
25978	103912000.0	3.0
25979	103916000.0	3.0
25980	103920000.0	5.0
25981	103924000.0	4.0
25982	103928000.0	5.0
25983	103932000.0	4.0
25984	103936000.0	3.0
25985	103940000.0	10.0
25986	103944000.0	2.0
25987	103948000.0	8.0
25988	103952000.0	5.0
25989	103956000.0	7.0
25990	103960000.0	5.0
25991	103964000.0	2.0
25992	103968000.0	8.0
25993	103972000.0	5.0
25994	103976000.0	2.0
25995	103980000.0	4.0
25996	103984000.0	6.0
25997	103988000.0	6.0
25998	103992000.0	3.0
25999	103996000.0	9.0
26000	104000000.0	4.0
26001	104004000.0	6.0
26002	104008000.0	2.0
26003	104012000.0	5.0
26004	104016000.0	1.0
26005	104020000.0	5.0
26006	104024000.0	4.0
26007	104028000.0	4.0
26008	104032000.0	2.0
26009	104036000.0	8.0
26010	104040000.0	9.0
26011	104044000.0	6.0
26012	104048000.0	4.0
26013	104052000.0	6.0
26014	104056000.0	3.0
26015	104060000.0	1.0
26016	104064000.0	2.0
26017	104068000.0	9.0
26018	104072000.0	8.0
26019	104076000.0	6.0
26020	104080000.0	4.0
26021	104084000.0	7.0
26022	104088000.0	2.0
26023	104092000.0	4.0
26024	104096000.0	6.0
26025	104100000.0	7.0
26026	104104000.0	3.0
26027	104108000.0	7.0
26028	104112000.0	4.0
26029	104116000.0	6.0
26030	104120000.0	1.0
26031	104124000.0	6.0
26032	104128000.0	6.0
26033	104132000.0	1.0
26034	104136000.0	6.0
26035	104140000.0	7.0
26036	104144000.0	2.0
26037	104148000.0	6.0
26038	104152000.0	3.0
26039	104156000.0	6.0
26040	104160000.0	7.0
26041	104164000.0	8.0
26042	104168000.0	7.0
26043	104172000.0	5.0
26044	104176000.0	5.0
26045	104180000.0	3.0
26046	104184000.0	3.0
26047	104188000.0	6.0
26048	104192000.0	7.0
26049	104196000.0	5.0
26050	104200000.0	10.0
26051	104204000.0	3.0
26052	104208000.0	4.0
26053	104212000.0	7.0
26054	104216000.0	3.0
26055	104220000.0	5.0
26056	104224000.0	5.0
26057	104228000.0	2.0
26058	104232000.0	8.0
26059	104236000.0	1.0
26060	104240000.0	6.0
26061	104244000.0	4.0
26062	104248000.0	3.0
26063	104252000.0	3.0
26064	104256000.0	7.0
26065	104260000.0	8.0
26066	104264000.0	5.0
26067	104268000.0	6.0
26068	104272000.0	10.0
26069	104276000.0	5.0
26070	104280000.0	9.0
26071	104284000.0	6.0
26072	104288000.0	5.0
26073	104292000.0	9.0
26074	104296000.0	2.0
26075	104300000.0	3.0
26076	104304000.0	7.0
26077	104308000.0	1.0
26078	104312000.0	8.0
26079	104316000.0	7.0
26080	104320000.0	8.0
26081	104324000.0	5.0
26082	104328000.0	8.0
26083	104332000.0	5.0
26084	104336000.0	3.0
26085	104340000.0	5.0
26086	104344000.0	2.0
26087	104348000.0	7.0
26088	104352000.0	6.0
26089	104356000.0	4.0
26090	104360000.0	8.0
26091	104364000.0	9.0
26092	104368000.0	7.0
26093	104372000.0	8.0
26094	104376000.0	11.0
26095	104380000.0	7.0
26096	104384000.0	4.0
26097	104388000.0	5.0
26098	104392000.0	4.0
26099	104396000.0	5.0
26100	104400000.0	5.0
26101	104404000.0	6.0
26102	104408000.0	4.0
26103	104412000.0	2.0
26104	104416000.0	7.0
26105	104420000.0	10.0
26106	104424000.0	2.0
26107	104428000.0	7.0
26108	104432000.0	2.0
26109	104436000.0	5.0
26110	104440000.0	4.0
26111	104444000.0	6.0
26112	104448000.0	9.0
26113	104452000.0	5.0
26114	104456000.0	5.0
26115	104460000.0	3.0
26116	104464000.0	4.0
26117	104468000.0	4.0
26118	104472000.0	5.0
26119	104476000.0	4.0
26120	104480000.0	9.0
26121	104484000.0	3.0
26122	104488000.0	4.0
26123	104492000.0	1.0
26124	104496000.0	6.0
26125	104500000.0	2.0
26126	104504000.0	4.0
26127	104508000.0	6.0
26128	104512000.0	6.0
26129	104516000.0	4.0
26130	104520000.0	6.0
26131	104524000.0	9.0
26132	104528000.0	3.0
26133	104532000.0	4.0
26134	104536000.0	1.0
26135	104540000.0	2.0
26136	104544000.0	4.0
26137	104548000.0	8.0
26138	104552000.0	4.0
26139	104556000.0	2.0
26140	104560000.0	3.0
26141	104564000.0	2.0
26142	104568000.0	3.0
26143	104572000.0	6.0
26144	104576000.0	3.0
26145	104580000.0	5.0
26146	104584000.0	5.0
26147	104588000.0	6.0
26148	104592000.0	7.0
26149	104596000.0	5.0
26150	104600000.0	8.0
26151	104604000.0	4.0
26152	104608000.0	10.0
26153	104612000.0	2.0
26154	104616000.0	3.0
26155	104620000.0	4.0
26156	104624000.0	5.0
26157	104628000.0	6.0
26158	104632000.0	6.0
26159	104636000.0	0.0
26160	104640000.0	10.0
26161	104644000.0	4.0
26162	104648000.0	4.0
26163	104652000.0	5.0
26164	104656000.0	8.0
26165	104660000.0	5.0
26166	104664000.0	5.0
26167	104668000.0	6.0
26168	104672000.0	10.0
26169	104676000.0	5.0
26170	104680000.0	4.0
26171	104684000.0	3.0
26172	104688000.0	2.0
26173	104692000.0	6.0
26174	104696000.0	5.0
26175	104700000.0	5.0
26176	104704000.0	4.0
26177	104708000.0	6.0
26178	104712000.0	10.0
26179	104716000.0	5.0
26180	104720000.0	6.0
26181	104724000.0	5.0
26182	104728000.0	3.0
26183	104732000.0	3.0
26184	104736000.0	6.0
26185	104740000.0	5.0
26186	104744000.0	5.0
26187	104748000.0	5.0
26188	104752000.0	3.0
26189	104756000.0	2.0
26190	104760000.0	7.0
26191	104764000.0	5.0
26192	104768000.0	6.0
26193	104772000.0	5.0
26194	104776000.0	7.0
26195	104780000.0	5.0
26196	104784000.0	4.0
26197	104788000.0	6.0
26198	104792000.0	8.0
26199	104796000.0	6.0
26200	104800000.0	11.0
26201	104804000.0	2.0
26202	104808000.0	5.0
26203	104812000.0	5.0
26204	104816000.0	8.0
26205	104820000.0	5.0
26206	104824000.0	4.0
26207	104828000.0	10.0
26208	104832000.0	4.0
26209	104836000.0	5.0
26210	104840000.0	4.0
26211	104844000.0	1.0
26212	104848000.0	3.0
26213	104852000.0	5.0
26214	104856000.0	3.0
26215	104860000.0	2.0
26216	104864000.0	4.0
26217	104868000.0	1.0
26218	104872000.0	4.0
26219	104876000.0	4.0
26220	104880000.0	3.0
26221	104884000.0	6.0
26222	104888000.0	7.0
26223	104892000.0	2.0
26224	104896000.0	2.0
26225	104900000.0	5.0
26226	104904000.0	2.0
26227	104908000.0	4.0
26228	104912000.0	4.0
26229	104916000.0	9.0
26230	104920000.0	6.0
26231	104924000.0	9.0
26232	104928000.0	4.0
26233	104932000.0	13.0
26234	104936000.0	5.0
26235	104940000.0	10.0
26236	104944000.0	5.0
26237	104948000.0	7.0
26238	104952000.0	5.0
26239	104956000.0	5.0
26240	104960000.0	4.0
26241	104964000.0	3.0
26242	104968000.0	3.0
26243	104972000.0	7.0
26244	104976000.0	8.0
26245	104980000.0	7.0
26246	104984000.0	6.0
26247	104988000.0	5.0
26248	104992000.0	7.0
26249	104996000.0	7.0
26250	105000000.0	4.0
26251	105004000.0	4.0
26252	105008000.0	4.0
26253	105012000.0	3.0
26254	105016000.0	10.0
26255	105020000.0	5.0
26256	105024000.0	2.0
26257	105028000.0	4.0
26258	105032000.0	5.0
26259	105036000.0	5.0
26260	105040000.0	5.0
26261	105044000.0	8.0
26262	105048000.0	6.0
26263	105052000.0	1.0
26264	105056000.0	6.0
26265	105060000.0	2.0
26266	105064000.0	7.0
26267	105068000.0	5.0
26268	105072000.0	4.0
26269	105076000.0	8.0
26270	105080000.0	5.0
26271	105084000.0	1.0
26272	105088000.0	8.0
26273	105092000.0	1.0
26274	105096000.0	5.0
26275	105100000.0	5.0
26276	105104000.0	2.0
26277	105108000.0	6.0
26278	105112000.0	6.0
26279	105116000.0	9.0
26280	105120000.0	4.0
26281	105124000.0	5.0
26282	105128000.0	6.0
26283	105132000.0	1.0
26284	105136000.0	10.0
26285	105140000.0	6.0
26286	105144000.0	1.0
26287	105148000.0	3.0
26288	105152000.0	5.0
26289	105156000.0	3.0
26290	105160000.0	4.0
26291	105164000.0	5.0
26292	105168000.0	4.0
26293	105172000.0	4.0
26294	105176000.0	5.0
26295	105180000.0	6.0
26296	105184000.0	4.0
26297	105188000.0	5.0
26298	105192000.0	5.0
26299	105196000.0	5.0
26300	105200000.0	10.0
26301	105204000.0	3.0
26302	105208000.0	1.0
26303	105212000.0	2.0
26304	105216000.0	5.0
26305	105220000.0	3.0
26306	105224000.0	3.0
26307	105228000.0	6.0
26308	105232000.0	6.0
26309	105236000.0	4.0
26310	105240000.0	7.0
26311	105244000.0	7.0
26312	105248000.0	5.0
26313	105252000.0	4.0
26314	105256000.0	6.0
26315	105260000.0	6.0
26316	105264000.0	1.0
26317	105268000.0	9.0
26318	105272000.0	2.0
26319	105276000.0	11.0
26320	105280000.0	6.0
26321	105284000.0	5.0
26322	105288000.0	2.0
26323	105292000.0	1.0
26324	105296000.0	3.0
26325	105300000.0	4.0
26326	105304000.0	5.0
26327	105308000.0	3.0
26328	105312000.0	2.0
26329	105316000.0	7.0
26330	105320000.0	10.0
26331	105324000.0	6.0
26332	105328000.0	10.0
26333	105332000.0	4.0
26334	105336000.0	2.0
26335	105340000.0	4.0
26336	105344000.0	6.0
26337	105348000.0	6.0
26338	105352000.0	9.0
26339	105356000.0	8.0
26340	105360000.0	4.0
26341	105364000.0	4.0
26342	105368000.0	3.0
26343	105372000.0	4.0
26344	105376000.0	2.0
26345	105380000.0	6.0
26346	105384000.0	6.0
26347	105388000.0	5.0
26348	105392000.0	8.0
26349	105396000.0	9.0
26350	105400000.0	7.0
26351	105404000.0	2.0
26352	105408000.0	4.0
26353	105412000.0	3.0
26354	105416000.0	8.0
26355	105420000.0	4.0
26356	105424000.0	6.0
26357	105428000.0	4.0
26358	105432000.0	6.0
26359	105436000.0	2.0
26360	105440000.0	5.0
26361	105444000.0	4.0
26362	105448000.0	6.0
26363	105452000.0	4.0
26364	105456000.0	11.0
26365	105460000.0	8.0
26366	105464000.0	3.0
26367	105468000.0	3.0
26368	105472000.0	4.0
26369	105476000.0	5.0
26370	105480000.0	6.0
26371	105484000.0	9.0
26372	105488000.0	6.0
26373	105492000.0	4.0
26374	105496000.0	8.0
26375	105500000.0	7.0
26376	105504000.0	7.0
26377	105508000.0	4.0
26378	105512000.0	9.0
26379	105516000.0	1.0
26380	105520000.0	6.0
26381	105524000.0	2.0
26382	105528000.0	7.0
26383	105532000.0	6.0
26384	105536000.0	7.0
26385	105540000.0	5.0
26386	105544000.0	9.0
26387	105548000.0	7.0
26388	105552000.0	7.0
26389	105556000.0	7.0
26390	105560000.0	4.0
26391	105564000.0	5.0
26392	105568000.0	4.0
26393	105572000.0	1.0
26394	105576000.0	3.0
26395	105580000.0	7.0
26396	105584000.0	8.0
26397	105588000.0	3.0
26398	105592000.0	3.0
26399	105596000.0	9.0
26400	105600000.0	5.0
26401	105604000.0	8.0
26402	105608000.0	8.0
26403	105612000.0	12.0
26404	105616000.0	5.0
26405	105620000.0	8.0
26406	105624000.0	5.0
26407	105628000.0	5.0
26408	105632000.0	4.0
26409	105636000.0	5.0
26410	105640000.0	1.0
26411	105644000.0	5.0
26412	105648000.0	8.0
26413	105652000.0	7.0
26414	105656000.0	4.0
26415	105660000.0	9.0
26416	105664000.0	7.0
26417	105668000.0	5.0
26418	105672000.0	4.0
26419	105676000.0	2.0
26420	105680000.0	5.0
26421	105684000.0	5.0
26422	105688000.0	5.0
26423	105692000.0	2.0
26424	105696000.0	1.0
26425	105700000.0	3.0
26426	105704000.0	4.0
26427	105708000.0	4.0
26428	105712000.0	8.0
26429	105716000.0	5.0
26430	105720000.0	6.0
26431	105724000.0	10.0
26432	105728000.0	4.0
26433	105732000.0	6.0
26434	105736000.0	5.0
26435	105740000.0	4.0
26436	105744000.0	3.0
26437	105748000.0	5.0
26438	105752000.0	3.0
26439	105756000.0	8.0
26440	105760000.0	2.0
26441	105764000.0	4.0
26442	105768000.0	4.0
26443	105772000.0	3.0
26444	105776000.0	5.0
26445	105780000.0	9.0
26446	105784000.0	5.0
26447	105788000.0	3.0
26448	105792000.0	7.0
26449	105796000.0	8.0
26450	105800000.0	5.0
26451	105804000.0	3.0
26452	105808000.0	5.0
26453	105812000.0	2.0
26454	105816000.0	3.0
26455	105820000.0	3.0
26456	105824000.0	8.0
26457	105828000.0	5.0
26458	105832000.0	9.0
26459	105836000.0	5.0
26460	105840000.0	4.0
26461	105844000.0	7.0
26462	105848000.0	3.0
26463	105852000.0	4.0
26464	105856000.0	3.0
26465	105860000.0	6.0
26466	105864000.0	4.0
26467	105868000.0	4.0
26468	105872000.0	6.0
26469	105876000.0	6.0
26470	105880000.0	5.0
26471	105884000.0	5.0
26472	105888000.0	7.0
26473	105892000.0	4.0
26474	105896000.0	4.0
26475	105900000.0	8.0
26476	105904000.0	9.0
26477	105908000.0	6.0
26478	105912000.0	4.0
26479	105916000.0	4.0
26480	105920000.0	3.0
26481	105924000.0	3.0
26482	105928000.0	7.0
26483	105932000.0	8.0
26484	105936000.0	3.0
26485	105940000.0	3.0
26486	105944000.0	3.0
26487	105948000.0	1.0
26488	105952000.0	4.0
26489	105956000.0	2.0
26490	105960000.0	4.0
26491	105964000.0	5.0
26492	105968000.0	5.0
26493	105972000.0	6.0
26494	105976000.0	5.0
26495	105980000.0	6.0
26496	105984000.0	8.0
26497	105988000.0	4.0
26498	105992000.0	1.0
26499	105996000.0	5.0
26500	106000000.0	5.0
26501	106004000.0	4.0
26502	106008000.0	5.0
26503	106012000.0	5.0
26504	106016000.0	6.0
26505	106020000.0	4.0
26506	106024000.0	7.0
26507	106028000.0	2.0
26508	106032000.0	4.0
26509	106036000.0	3.0
26510	106040000.0	5.0
26511	106044000.0	6.0
26512	106048000.0	5.0
26513	106052000.0	5.0
26514	106056000.0	5.0
26515	106060000.0	3.0
26516	106064000.0	4.0
26517	106068000.0	6.0
26518	106072000.0	6.0
26519	106076000.0	9.0
26520	106080000.0	7.0
26521	106084000.0	4.0
26522	106088000.0	2.0
26523	106092000.0	2.0
26524	106096000.0	2.0
26525	106100000.0	1.0
26526	106104000.0	2.0
26527	106108000.0	2.0
26528	106112000.0	5.0
26529	106116000.0	3.0
26530	106120000.0	9.0
26531	106124000.0	4.0
26532	106128000.0	5.0
26533	106132000.0	2.0
26534	106136000.0	4.0
26535	106140000.0	5.0
26536	106144000.0	3.0
26537	106148000.0	6.0
26538	106152000.0	6.0
26539	106156000.0	3.0
26540	106160000.0	6.0
26541	106164000.0	4.0
26542	106168000.0	2.0
26543	106172000.0	5.0
26544	106176000.0	5.0
26545	106180000.0	4.0
26546	106184000.0	9.0
26547	106188000.0	3.0
26548	106192000.0	7.0
26549	106196000.0	4.0
26550	106200000.0	5.0
26551	106204000.0	6.0
26552	106208000.0	3.0
26553	106212000.0	3.0
26554	106216000.0	6.0
26555	106220000.0	5.0
26556	106224000.0	4.0
26557	106228000.0	8.0
26558	106232000.0	7.0
26559	106236000.0	11.0
26560	106240000.0	3.0
26561	106244000.0	2.0
26562	106248000.0	7.0
26563	106252000.0	6.0
26564	106256000.0	7.0
26565	106260000.0	3.0
26566	106264000.0	5.0
26567	106268000.0	2.0
26568	106272000.0	4.0
26569	106276000.0	3.0
26570	106280000.0	5.0
26571	106284000.0	5.0
26572	106288000.0	1.0
26573	106292000.0	5.0
26574	106296000.0	7.0
26575	106300000.0	5.0
26576	106304000.0	4.0
26577	106308000.0	7.0
26578	106312000.0	6.0
26579	106316000.0	8.0
26580	106320000.0	3.0
26581	106324000.0	3.0
26582	106328000.0	7.0
26583	106332000.0	5.0
26584	106336000.0	5.0
26585	106340000.0	5.0
26586	106344000.0	8.0
26587	106348000.0	6.0
26588	106352000.0	2.0
26589	106356000.0	5.0
26590	106360000.0	6.0
26591	106364000.0	8.0
26592	106368000.0	5.0
26593	106372000.0	4.0
26594	106376000.0	2.0
26595	106380000.0	4.0
26596	106384000.0	7.0
26597	106388000.0	5.0
26598	106392000.0	6.0
26599	106396000.0	3.0
26600	106400000.0	9.0
26601	106404000.0	5.0
26602	106408000.0	2.0
26603	106412000.0	3.0
26604	106416000.0	2.0
26605	106420000.0	6.0
26606	106424000.0	4.0
26607	106428000.0	6.0
26608	106432000.0	5.0
26609	106436000.0	4.0
26610	106440000.0	7.0
26611	106444000.0	4.0
26612	106448000.0	9.0
26613	106452000.0	6.0
26614	106456000.0	4.0
26615	106460000.0	6.0
26616	106464000.0	6.0
26617	106468000.0	4.0
26618	106472000.0	7.0
26619	106476000.0	5.0
26620	106480000.0	4.0
26621	106484000.0	4.0
26622	106488000.0	3.0
26623	106492000.0	4.0
26624	106496000.0	3.0
26625	106500000.0	7.0
26626	106504000.0	2.0
26627	106508000.0	7.0
26628	106512000.0	4.0
26629	106516000.0	2.0
26630	106520000.0	7.0
26631	106524000.0	6.0
26632	106528000.0	8.0
26633	106532000.0	7.0
26634	106536000.0	3.0
26635	106540000.0	5.0
26636	106544000.0	4.0
26637	106548000.0	8.0
26638	106552000.0	9.0
26639	106556000.0	6.0
26640	106560000.0	2.0
26641	106564000.0	2.0
26642	106568000.0	8.0
26643	106572000.0	0.0
26644	106576000.0	5.0
26645	106580000.0	7.0
26646	106584000.0	4.0
26647	106588000.0	5.0
26648	106592000.0	4.0
26649	106596000.0	5.0
26650	106600000.0	6.0
26651	106604000.0	6.0
26652	106608000.0	3.0
26653	106612000.0	2.0
26654	106616000.0	7.0
26655	106620000.0	9.0
26656	106624000.0	3.0
26657	106628000.0	5.0
26658	106632000.0	5.0
26659	106636000.0	5.0
26660	106640000.0	3.0
26661	106644000.0	2.0
26662	106648000.0	1.0
26663	106652000.0	4.0
26664	106656000.0	6.0
26665	106660000.0	7.0
26666	106664000.0	3.0
26667	106668000.0	5.0
26668	106672000.0	11.0
26669	106676000.0	4.0
26670	106680000.0	3.0
26671	106684000.0	3.0
26672	106688000.0	3.0
26673	106692000.0	7.0
26674	106696000.0	6.0
26675	106700000.0	5.0
26676	106704000.0	6.0
26677	106708000.0	7.0
26678	106712000.0	8.0
26679	106716000.0	6.0
26680	106720000.0	3.0
26681	106724000.0	2.0
26682	106728000.0	3.0
26683	106732000.0	3.0
26684	106736000.0	3.0
26685	106740000.0	6.0
26686	106744000.0	7.0
26687	106748000.0	7.0
26688	106752000.0	6.0
26689	106756000.0	4.0
26690	106760000.0	6.0
26691	106764000.0	8.0
26692	106768000.0	8.0
26693	106772000.0	4.0
26694	106776000.0	4.0
26695	106780000.0	3.0
26696	106784000.0	3.0
26697	106788000.0	6.0
26698	106792000.0	8.0
26699	106796000.0	7.0
26700	106800000.0	4.0
26701	106804000.0	4.0
26702	106808000.0	5.0
26703	106812000.0	3.0
26704	106816000.0	3.0
26705	106820000.0	5.0
26706	106824000.0	3.0
26707	106828000.0	3.0
26708	106832000.0	5.0
26709	106836000.0	4.0
26710	106840000.0	7.0
26711	106844000.0	6.0
26712	106848000.0	4.0
26713	106852000.0	5.0
26714	106856000.0	8.0
26715	106860000.0	6.0
26716	106864000.0	3.0
26717	106868000.0	3.0
26718	106872000.0	9.0
26719	106876000.0	3.0
26720	106880000.0	4.0
26721	106884000.0	8.0
26722	106888000.0	2.0
26723	106892000.0	3.0
26724	106896000.0	8.0
26725	106900000.0	7.0
26726	106904000.0	3.0
26727	106908000.0	6.0
26728	106912000.0	5.0
26729	106916000.0	3.0
26730	106920000.0	9.0
26731	106924000.0	3.0
26732	106928000.0	6.0
26733	106932000.0	6.0
26734	106936000.0	2.0
26735	106940000.0	8.0
26736	106944000.0	8.0
26737	106948000.0	4.0
26738	106952000.0	10.0
26739	106956000.0	6.0
26740	106960000.0	7.0
26741	106964000.0	6.0
26742	106968000.0	3.0
26743	106972000.0	1.0
26744	106976000.0	9.0
26745	106980000.0	2.0
26746	106984000.0	7.0
26747	106988000.0	6.0
26748	106992000.0	4.0
26749	106996000.0	5.0
26750	107000000.0	3.0
26751	107004000.0	3.0
26752	107008000.0	5.0
26753	107012000.0	4.0
26754	107016000.0	5.0
26755	107020000.0	10.0
26756	107024000.0	7.0
26757	107028000.0	10.0
26758	107032000.0	7.0
26759	107036000.0	8.0
26760	107040000.0	5.0
26761	107044000.0	3.0
26762	107048000.0	6.0
26763	107052000.0	5.0
26764	107056000.0	11.0
26765	107060000.0	3.0
26766	107064000.0	4.0
26767	107068000.0	5.0
26768	107072000.0	5.0
26769	107076000.0	7.0
26770	107080000.0	4.0
26771	107084000.0	6.0
26772	107088000.0	6.0
26773	107092000.0	6.0
26774	107096000.0	5.0
26775	107100000.0	5.0
26776	107104000.0	7.0
26777	107108000.0	8.0
26778	107112000.0	6.0
26779	107116000.0	3.0
26780	107120000.0	4.0
26781	107124000.0	7.0
26782	107128000.0	4.0
26783	107132000.0	8.0
26784	107136000.0	4.0
26785	107140000.0	8.0
26786	107144000.0	5.0
26787	107148000.0	4.0
26788	107152000.0	3.0
26789	107156000.0	7.0
26790	107160000.0	8.0
26791	107164000.0	4.0
26792	107168000.0	5.0
26793	107172000.0	2.0
26794	107176000.0	6.0
26795	107180000.0	6.0
26796	107184000.0	5.0
26797	107188000.0	5.0
26798	107192000.0	2.0
26799	107196000.0	6.0
26800	107200000.0	6.0
26801	107204000.0	13.0
26802	107208000.0	7.0
26803	107212000.0	4.0
26804	107216000.0	1.0
26805	107220000.0	4.0
26806	107224000.0	5.0
26807	107228000.0	2.0
26808	107232000.0	4.0
26809	107236000.0	4.0
26810	107240000.0	2.0
26811	107244000.0	7.0
26812	107248000.0	2.0
26813	107252000.0	4.0
26814	107256000.0	6.0
26815	107260000.0	7.0
26816	107264000.0	5.0
26817	107268000.0	2.0
26818	107272000.0	3.0
26819	107276000.0	4.0
26820	107280000.0	3.0
26821	107284000.0	2.0
26822	107288000.0	5.0
26823	107292000.0	8.0
26824	107296000.0	4.0
26825	107300000.0	6.0
26826	107304000.0	3.0
26827	107308000.0	4.0
26828	107312000.0	4.0
26829	107316000.0	4.0
26830	107320000.0	5.0
26831	107324000.0	8.0
26832	107328000.0	4.0
26833	107332000.0	5.0
26834	107336000.0	2.0
26835	107340000.0	5.0
26836	107344000.0	4.0
26837	107348000.0	6.0
26838	107352000.0	3.0
26839	107356000.0	3.0
26840	107360000.0	1.0
26841	107364000.0	7.0
26842	107368000.0	4.0
26843	107372000.0	9.0
26844	107376000.0	5.0
26845	107380000.0	5.0
26846	107384000.0	3.0
26847	107388000.0	2.0
26848	107392000.0	3.0
26849	107396000.0	4.0
26850	107400000.0	6.0
26851	107404000.0	1.0
26852	107408000.0	4.0
26853	107412000.0	7.0
26854	107416000.0	3.0
26855	107420000.0	4.0
26856	107424000.0	3.0
26857	107428000.0	6.0
26858	107432000.0	4.0
26859	107436000.0	5.0
26860	107440000.0	5.0
26861	107444000.0	8.0
26862	107448000.0	5.0
26863	107452000.0	6.0
26864	107456000.0	7.0
26865	107460000.0	4.0
26866	107464000.0	3.0
26867	107468000.0	7.0
26868	107472000.0	6.0
26869	107476000.0	6.0
26870	107480000.0	5.0
26871	107484000.0	2.0
26872	107488000.0	6.0
26873	107492000.0	11.0
26874	107496000.0	4.0
26875	107500000.0	2.0
26876	107504000.0	0.0
26877	107508000.0	8.0
26878	107512000.0	8.0
26879	107516000.0	3.0
26880	107520000.0	5.0
26881	107524000.0	7.0
26882	107528000.0	3.0
26883	107532000.0	6.0
26884	107536000.0	6.0
26885	107540000.0	5.0
26886	107544000.0	5.0
26887	107548000.0	3.0
26888	107552000.0	3.0
26889	107556000.0	8.0
26890	107560000.0	5.0
26891	107564000.0	5.0
26892	107568000.0	4.0
26893	107572000.0	10.0
26894	107576000.0	5.0
26895	107580000.0	6.0
26896	107584000.0	3.0
26897	107588000.0	4.0
26898	107592000.0	4.0
26899	107596000.0	7.0
26900	107600000.0	3.0
26901	107604000.0	8.0
26902	107608000.0	5.0
26903	107612000.0	4.0
26904	107616000.0	4.0
26905	107620000.0	5.0
26906	107624000.0	2.0
26907	107628000.0	3.0
26908	107632000.0	6.0
26909	107636000.0	2.0
26910	107640000.0	4.0
26911	107644000.0	6.0
26912	107648000.0	8.0
26913	107652000.0	4.0
26914	107656000.0	4.0
26915	107660000.0	4.0
26916	107664000.0	6.0
26917	107668000.0	4.0
26918	107672000.0	5.0
26919	107676000.0	2.0
26920	107680000.0	5.0
26921	107684000.0	3.0
26922	107688000.0	3.0
26923	107692000.0	8.0
26924	107696000.0	2.0
26925	107700000.0	5.0
26926	107704000.0	1.0
26927	107708000.0	10.0
26928	107712000.0	5.0
26929	107716000.0	3.0
26930	107720000.0	9.0
26931	107724000.0	5.0
26932	107728000.0	6.0
26933	107732000.0	5.0
26934	107736000.0	2.0
26935	107740000.0	3.0
26936	107744000.0	4.0
26937	107748000.0	4.0
26938	107752000.0	8.0
26939	107756000.0	3.0
26940	107760000.0	4.0
26941	107764000.0	4.0
26942	107768000.0	4.0
26943	107772000.0	4.0
26944	107776000.0	5.0
26945	107780000.0	2.0
26946	107784000.0	3.0
26947	107788000.0	7.0
26948	107792000.0	7.0
26949	107796000.0	6.0
26950	107800000.0	4.0
26951	107804000.0	5.0
26952	107808000.0	3.0
26953	107812000.0	7.0
26954	107816000.0	3.0
26955	107820000.0	6.0
26956	107824000.0	5.0
26957	107828000.0	7.0
26958	107832000.0	3.0
26959	107836000.0	5.0
26960	107840000.0	6.0
26961	107844000.0	2.0
26962	107848000.0	6.0
26963	107852000.0	6.0
26964	107856000.0	4.0
26965	107860000.0	9.0
26966	107864000.0	8.0
26967	107868000.0	9.0
26968	107872000.0	9.0
26969	107876000.0	1.0
26970	107880000.0	9.0
26971	107884000.0	7.0
26972	107888000.0	6.0
26973	107892000.0	3.0
26974	107896000.0	4.0
26975	107900000.0	3.0
26976	107904000.0	3.0
26977	107908000.0	1.0
26978	107912000.0	2.0
26979	107916000.0	5.0
26980	107920000.0	5.0
26981	107924000.0	6.0
26982	107928000.0	10.0
26983	107932000.0	7.0
26984	107936000.0	3.0
26985	107940000.0	3.0
26986	107944000.0	5.0
26987	107948000.0	5.0
26988	107952000.0	6.0
26989	107956000.0	2.0
26990	107960000.0	7.0
26991	107964000.0	5.0
26992	107968000.0	5.0
26993	107972000.0	2.0
26994	107976000.0	6.0
26995	107980000.0	10.0
26996	107984000.0	15.0
26997	107988000.0	3.0
26998	107992000.0	6.0
26999	107996000.0	9.0
27000	108000000.0	6.0
27001	108004000.0	6.0
27002	108008000.0	2.0
27003	108012000.0	1.0
27004	108016000.0	1.0
27005	108020000.0	3.0
27006	108024000.0	11.0
27007	108028000.0	3.0
27008	108032000.0	5.0
27009	108036000.0	0.0
27010	108040000.0	4.0
27011	108044000.0	8.0
27012	108048000.0	3.0
27013	108052000.0	5.0
27014	108056000.0	4.0
27015	108060000.0	6.0
27016	108064000.0	5.0
27017	108068000.0	6.0
27018	108072000.0	4.0
27019	108076000.0	4.0
27020	108080000.0	5.0
27021	108084000.0	6.0
27022	108088000.0	5.0
27023	108092000.0	4.0
27024	108096000.0	4.0
27025	108100000.0	2.0
27026	108104000.0	0.0
27027	108108000.0	2.0
27028	108112000.0	8.0
27029	108116000.0	6.0
27030	108120000.0	6.0
27031	108124000.0	4.0
27032	108128000.0	6.0
27033	108132000.0	3.0
27034	108136000.0	5.0
27035	108140000.0	8.0
27036	108144000.0	8.0
27037	108148000.0	2.0
27038	108152000.0	7.0
27039	108156000.0	5.0
27040	108160000.0	3.0
27041	108164000.0	3.0
27042	108168000.0	5.0
27043	108172000.0	6.0
27044	108176000.0	2.0
27045	108180000.0	10.0
27046	108184000.0	2.0
27047	108188000.0	3.0
27048	108192000.0	7.0
27049	108196000.0	7.0
27050	108200000.0	2.0
27051	108204000.0	3.0
27052	108208000.0	2.0
27053	108212000.0	2.0
27054	108216000.0	8.0
27055	108220000.0	4.0
27056	108224000.0	5.0
27057	108228000.0	4.0
27058	108232000.0	6.0
27059	108236000.0	3.0
27060	108240000.0	6.0
27061	108244000.0	2.0
27062	108248000.0	2.0
27063	108252000.0	8.0
27064	108256000.0	3.0
27065	108260000.0	5.0
27066	108264000.0	6.0
27067	108268000.0	3.0
27068	108272000.0	3.0
27069	108276000.0	7.0
27070	108280000.0	3.0
27071	108284000.0	6.0
27072	108288000.0	7.0
27073	108292000.0	1.0
27074	108296000.0	7.0
27075	108300000.0	5.0
27076	108304000.0	3.0
27077	108308000.0	7.0
27078	108312000.0	8.0
27079	108316000.0	0.0
27080	108320000.0	5.0
27081	108324000.0	5.0
27082	108328000.0	2.0
27083	108332000.0	8.0
27084	108336000.0	3.0
27085	108340000.0	5.0
27086	108344000.0	8.0
27087	108348000.0	7.0
27088	108352000.0	6.0
27089	108356000.0	7.0
27090	108360000.0	6.0
27091	108364000.0	3.0
27092	108368000.0	5.0
27093	108372000.0	7.0
27094	108376000.0	5.0
27095	108380000.0	6.0
27096	108384000.0	6.0
27097	108388000.0	8.0
27098	108392000.0	5.0
27099	108396000.0	4.0
27100	108400000.0	1.0
27101	108404000.0	2.0
27102	108408000.0	6.0
27103	108412000.0	6.0
27104	108416000.0	3.0
27105	108420000.0	3.0
27106	108424000.0	5.0
27107	108428000.0	3.0
27108	108432000.0	3.0
27109	108436000.0	1.0
27110	108440000.0	4.0
27111	108444000.0	2.0
27112	108448000.0	4.0
27113	108452000.0	4.0
27114	108456000.0	3.0
27115	108460000.0	6.0
27116	108464000.0	3.0
27117	108468000.0	3.0
27118	108472000.0	4.0
27119	108476000.0	4.0
27120	108480000.0	3.0
27121	108484000.0	5.0
27122	108488000.0	5.0
27123	108492000.0	8.0
27124	108496000.0	5.0
27125	108500000.0	9.0
27126	108504000.0	9.0
27127	108508000.0	3.0
27128	108512000.0	5.0
27129	108516000.0	5.0
27130	108520000.0	0.0
27131	108524000.0	8.0
27132	108528000.0	3.0
27133	108532000.0	4.0
27134	108536000.0	7.0
27135	108540000.0	5.0
27136	108544000.0	5.0
27137	108548000.0	4.0
27138	108552000.0	4.0
27139	108556000.0	7.0
27140	108560000.0	5.0
27141	108564000.0	3.0
27142	108568000.0	2.0
27143	108572000.0	4.0
27144	108576000.0	5.0
27145	108580000.0	5.0
27146	108584000.0	3.0
27147	108588000.0	4.0
27148	108592000.0	2.0
27149	108596000.0	8.0
27150	108600000.0	3.0
27151	108604000.0	7.0
27152	108608000.0	5.0
27153	108612000.0	10.0
27154	108616000.0	3.0
27155	108620000.0	8.0
27156	108624000.0	3.0
27157	108628000.0	5.0
27158	108632000.0	0.0
27159	108636000.0	4.0
27160	108640000.0	6.0
27161	108644000.0	6.0
27162	108648000.0	2.0
27163	108652000.0	4.0
27164	108656000.0	3.0
27165	108660000.0	1.0
27166	108664000.0	4.0
27167	108668000.0	4.0
27168	108672000.0	5.0
27169	108676000.0	2.0
27170	108680000.0	7.0
27171	108684000.0	3.0
27172	108688000.0	9.0
27173	108692000.0	4.0
27174	108696000.0	6.0
27175	108700000.0	3.0
27176	108704000.0	2.0
27177	108708000.0	8.0
27178	108712000.0	4.0
27179	108716000.0	7.0
27180	108720000.0	3.0
27181	108724000.0	7.0
27182	108728000.0	5.0
27183	108732000.0	5.0
27184	108736000.0	4.0
27185	108740000.0	7.0
27186	108744000.0	6.0
27187	108748000.0	7.0
27188	108752000.0	7.0
27189	108756000.0	8.0
27190	108760000.0	8.0
27191	108764000.0	3.0
27192	108768000.0	4.0
27193	108772000.0	5.0
27194	108776000.0	5.0
27195	108780000.0	4.0
27196	108784000.0	5.0
27197	108788000.0	6.0
27198	108792000.0	7.0
27199	108796000.0	5.0
27200	108800000.0	6.0
27201	108804000.0	6.0
27202	108808000.0	0.0
27203	108812000.0	2.0
27204	108816000.0	7.0
27205	108820000.0	3.0
27206	108824000.0	6.0
27207	108828000.0	4.0
27208	108832000.0	2.0
27209	108836000.0	1.0
27210	108840000.0	7.0
27211	108844000.0	2.0
27212	108848000.0	4.0
27213	108852000.0	3.0
27214	108856000.0	3.0
27215	108860000.0	6.0
27216	108864000.0	9.0
27217	108868000.0	5.0
27218	108872000.0	5.0
27219	108876000.0	8.0
27220	108880000.0	4.0
27221	108884000.0	5.0
27222	108888000.0	2.0
27223	108892000.0	5.0
27224	108896000.0	9.0
27225	108900000.0	1.0
27226	108904000.0	3.0
27227	108908000.0	5.0
27228	108912000.0	5.0
27229	108916000.0	6.0
27230	108920000.0	3.0
27231	108924000.0	9.0
27232	108928000.0	6.0
27233	108932000.0	4.0
27234	108936000.0	3.0
27235	108940000.0	4.0
27236	108944000.0	8.0
27237	108948000.0	5.0
27238	108952000.0	5.0
27239	108956000.0	9.0
27240	108960000.0	6.0
27241	108964000.0	4.0
27242	108968000.0	1.0
27243	108972000.0	6.0
27244	108976000.0	5.0
27245	108980000.0	5.0
27246	108984000.0	2.0
27247	108988000.0	2.0
27248	108992000.0	3.0
27249	108996000.0	4.0
27250	109000000.0	4.0
27251	109004000.0	5.0
27252	109008000.0	5.0
27253	109012000.0	3.0
27254	109016000.0	8.0
27255	109020000.0	8.0
27256	109024000.0	4.0
27257	109028000.0	2.0
27258	109032000.0	5.0
27259	109036000.0	5.0
27260	109040000.0	6.0
27261	109044000.0	2.0
27262	109048000.0	1.0
27263	109052000.0	7.0
27264	109056000.0	3.0
27265	109060000.0	6.0
27266	109064000.0	5.0
27267	109068000.0	5.0
27268	109072000.0	6.0
27269	109076000.0	3.0
27270	109080000.0	3.0
27271	109084000.0	3.0
27272	109088000.0	6.0
27273	109092000.0	2.0
27274	109096000.0	6.0
27275	109100000.0	7.0
27276	109104000.0	2.0
27277	109108000.0	3.0
27278	109112000.0	5.0
27279	109116000.0	3.0
27280	109120000.0	5.0
27281	109124000.0	6.0
27282	109128000.0	8.0
27283	109132000.0	8.0
27284	109136000.0	3.0
27285	109140000.0	4.0
27286	109144000.0	4.0
27287	109148000.0	3.0
27288	109152000.0	7.0
27289	109156000.0	3.0
27290	109160000.0	2.0
27291	109164000.0	3.0
27292	109168000.0	6.0
27293	109172000.0	8.0
27294	109176000.0	6.0
27295	109180000.0	4.0
27296	109184000.0	6.0
27297	109188000.0	3.0
27298	109192000.0	3.0
27299	109196000.0	5.0
27300	109200000.0	3.0
27301	109204000.0	6.0
27302	109208000.0	5.0
27303	109212000.0	3.0
27304	109216000.0	4.0
27305	109220000.0	3.0
27306	109224000.0	3.0
27307	109228000.0	6.0
27308	109232000.0	5.0
27309	109236000.0	9.0
27310	109240000.0	4.0
27311	109244000.0	4.0
27312	109248000.0	6.0
27313	109252000.0	4.0
27314	109256000.0	5.0
27315	109260000.0	4.0
27316	109264000.0	6.0
27317	109268000.0	8.0
27318	109272000.0	9.0
27319	109276000.0	8.0
27320	109280000.0	4.0
27321	109284000.0	5.0
27322	109288000.0	4.0
27323	109292000.0	5.0
27324	109296000.0	5.0
27325	109300000.0	0.0
27326	109304000.0	3.0
27327	109308000.0	9.0
27328	109312000.0	3.0
27329	109316000.0	8.0
27330	109320000.0	4.0
27331	109324000.0	8.0
27332	109328000.0	5.0
27333	109332000.0	3.0
27334	109336000.0	7.0
27335	109340000.0	5.0
27336	109344000.0	3.0
27337	109348000.0	3.0
27338	109352000.0	2.0
27339	109356000.0	11.0
27340	109360000.0	4.0
27341	109364000.0	4.0
27342	109368000.0	12.0
27343	109372000.0	3.0
27344	109376000.0	6.0
27345	109380000.0	4.0
27346	109384000.0	1.0
27347	109388000.0	2.0
27348	109392000.0	6.0
27349	109396000.0	5.0
27350	109400000.0	4.0
27351	109404000.0	5.0
27352	109408000.0	2.0
27353	109412000.0	5.0
27354	109416000.0	7.0
27355	109420000.0	5.0
27356	109424000.0	5.0
27357	109428000.0	4.0
27358	109432000.0	2.0
27359	109436000.0	4.0
27360	109440000.0	7.0
27361	109444000.0	4.0
27362	109448000.0	4.0
27363	109452000.0	4.0
27364	109456000.0	4.0
27365	109460000.0	4.0
27366	109464000.0	5.0
27367	109468000.0	3.0
27368	109472000.0	5.0
27369	109476000.0	4.0
27370	109480000.0	8.0
27371	109484000.0	0.0
27372	109488000.0	8.0
27373	109492000.0	4.0
27374	109496000.0	5.0
27375	109500000.0	7.0
27376	109504000.0	3.0
27377	109508000.0	5.0
27378	109512000.0	4.0
27379	109516000.0	8.0
27380	109520000.0	6.0
27381	109524000.0	2.0
27382	109528000.0	3.0
27383	109532000.0	4.0
27384	109536000.0	6.0
27385	109540000.0	3.0
27386	109544000.0	4.0
27387	109548000.0	12.0
27388	109552000.0	7.0
27389	109556000.0	7.0
27390	109560000.0	4.0
27391	109564000.0	4.0
27392	109568000.0	4.0
27393	109572000.0	6.0
27394	109576000.0	4.0
27395	109580000.0	6.0
27396	109584000.0	6.0
27397	109588000.0	4.0
27398	109592000.0	4.0
27399	109596000.0	3.0
27400	109600000.0	4.0
27401	109604000.0	6.0
27402	109608000.0	6.0
27403	109612000.0	5.0
27404	109616000.0	4.0
27405	109620000.0	2.0
27406	109624000.0	6.0
27407	109628000.0	4.0
27408	109632000.0	2.0
27409	109636000.0	4.0
27410	109640000.0	3.0
27411	109644000.0	5.0
27412	109648000.0	2.0
27413	109652000.0	3.0
27414	109656000.0	7.0
27415	109660000.0	1.0
27416	109664000.0	5.0
27417	109668000.0	8.0
27418	109672000.0	4.0
27419	109676000.0	5.0
27420	109680000.0	1.0
27421	109684000.0	4.0
27422	109688000.0	2.0
27423	109692000.0	7.0
27424	109696000.0	3.0
27425	109700000.0	3.0
27426	109704000.0	6.0
27427	109708000.0	7.0
27428	109712000.0	5.0
27429	109716000.0	4.0
27430	109720000.0	6.0
27431	109724000.0	9.0
27432	109728000.0	8.0
27433	109732000.0	6.0
27434	109736000.0	3.0
27435	109740000.0	4.0
27436	109744000.0	3.0
27437	109748000.0	3.0
27438	109752000.0	5.0
27439	109756000.0	2.0
27440	109760000.0	5.0
27441	109764000.0	3.0
27442	109768000.0	5.0
27443	109772000.0	4.0
27444	109776000.0	5.0
27445	109780000.0	11.0
27446	109784000.0	7.0
27447	109788000.0	10.0
27448	109792000.0	9.0
27449	109796000.0	6.0
27450	109800000.0	7.0
27451	109804000.0	6.0
27452	109808000.0	4.0
27453	109812000.0	5.0
27454	109816000.0	4.0
27455	109820000.0	3.0
27456	109824000.0	6.0
27457	109828000.0	6.0
27458	109832000.0	6.0
27459	109836000.0	3.0
27460	109840000.0	4.0
27461	109844000.0	4.0
27462	109848000.0	2.0
27463	109852000.0	7.0
27464	109856000.0	4.0
27465	109860000.0	3.0
27466	109864000.0	7.0
27467	109868000.0	8.0
27468	109872000.0	4.0
27469	109876000.0	5.0
27470	109880000.0	5.0
27471	109884000.0	3.0
27472	109888000.0	3.0
27473	109892000.0	5.0
27474	109896000.0	8.0
27475	109900000.0	4.0
27476	109904000.0	4.0
27477	109908000.0	6.0
27478	109912000.0	5.0
27479	109916000.0	5.0
27480	109920000.0	3.0
27481	109924000.0	4.0
27482	109928000.0	9.0
27483	109932000.0	3.0
27484	109936000.0	4.0
27485	109940000.0	5.0
27486	109944000.0	3.0
27487	109948000.0	3.0
27488	109952000.0	5.0
27489	109956000.0	3.0
27490	109960000.0	6.0
27491	109964000.0	2.0
27492	109968000.0	4.0
27493	109972000.0	6.0
27494	109976000.0	3.0
27495	109980000.0	5.0
27496	109984000.0	8.0
27497	109988000.0	5.0
27498	109992000.0	3.0
27499	109996000.0	7.0
27500	110000000.0	5.0
27501	110004000.0	5.0
27502	110008000.0	1.0
27503	110012000.0	8.0
27504	110016000.0	2.0
27505	110020000.0	2.0
27506	110024000.0	6.0
27507	110028000.0	8.0
27508	110032000.0	3.0
27509	110036000.0	5.0
27510	110040000.0	3.0
27511	110044000.0	7.0
27512	110048000.0	3.0
27513	110052000.0	5.0
27514	110056000.0	3.0
27515	110060000.0	5.0
27516	110064000.0	3.0
27517	110068000.0	3.0
27518	110072000.0	2.0
27519	110076000.0	6.0
27520	110080000.0	5.0
27521	110084000.0	4.0
27522	110088000.0	4.0
27523	110092000.0	3.0
27524	110096000.0	3.0
27525	110100000.0	6.0
27526	110104000.0	3.0
27527	110108000.0	1.0
27528	110112000.0	4.0
27529	110116000.0	4.0
27530	110120000.0	7.0
27531	110124000.0	2.0
27532	110128000.0	7.0
27533	110132000.0	5.0
27534	110136000.0	5.0
27535	110140000.0	4.0
27536	110144000.0	3.0
27537	110148000.0	3.0
27538	110152000.0	5.0
27539	110156000.0	4.0
27540	110160000.0	7.0
27541	110164000.0	3.0
27542	110168000.0	10.0
27543	110172000.0	3.0
27544	110176000.0	2.0
27545	110180000.0	5.0
27546	110184000.0	7.0
27547	110188000.0	3.0
27548	110192000.0	2.0
27549	110196000.0	11.0
27550	110200000.0	3.0
27551	110204000.0	4.0
27552	110208000.0	3.0
27553	110212000.0	3.0
27554	110216000.0	1.0
27555	110220000.0	8.0
27556	110224000.0	2.0
27557	110228000.0	4.0
27558	110232000.0	7.0
27559	110236000.0	6.0
27560	110240000.0	5.0
27561	110244000.0	4.0
27562	110248000.0	6.0
27563	110252000.0	5.0
27564	110256000.0	5.0
27565	110260000.0	4.0
27566	110264000.0	1.0
27567	110268000.0	6.0
27568	110272000.0	6.0
27569	110276000.0	4.0
27570	110280000.0	5.0
27571	110284000.0	4.0
27572	110288000.0	3.0
27573	110292000.0	4.0
27574	110296000.0	6.0
27575	110300000.0	4.0
27576	110304000.0	8.0
27577	110308000.0	5.0
27578	110312000.0	7.0
27579	110316000.0	3.0
27580	110320000.0	3.0
27581	110324000.0	3.0
27582	110328000.0	7.0
27583	110332000.0	4.0
27584	110336000.0	5.0
27585	110340000.0	3.0
27586	110344000.0	4.0
27587	110348000.0	3.0
27588	110352000.0	2.0
27589	110356000.0	2.0
27590	110360000.0	4.0
27591	110364000.0	8.0
27592	110368000.0	4.0
27593	110372000.0	2.0
27594	110376000.0	1.0
27595	110380000.0	9.0
27596	110384000.0	2.0
27597	110388000.0	4.0
27598	110392000.0	6.0
27599	110396000.0	6.0
27600	110400000.0	8.0
27601	110404000.0	3.0
27602	110408000.0	2.0
27603	110412000.0	2.0
27604	110416000.0	5.0
27605	110420000.0	2.0
27606	110424000.0	2.0
27607	110428000.0	4.0
27608	110432000.0	1.0
27609	110436000.0	1.0
27610	110440000.0	2.0
27611	110444000.0	3.0
27612	110448000.0	7.0
27613	110452000.0	5.0
27614	110456000.0	6.0
27615	110460000.0	3.0
27616	110464000.0	2.0
27617	110468000.0	6.0
27618	110472000.0	4.0
27619	110476000.0	4.0
27620	110480000.0	2.0
27621	110484000.0	4.0
27622	110488000.0	7.0
27623	110492000.0	6.0
27624	110496000.0	6.0
27625	110500000.0	6.0
27626	110504000.0	3.0
27627	110508000.0	4.0
27628	110512000.0	1.0
27629	110516000.0	6.0
27630	110520000.0	3.0
27631	110524000.0	3.0
27632	110528000.0	5.0
27633	110532000.0	5.0
27634	110536000.0	1.0
27635	110540000.0	7.0
27636	110544000.0	2.0
27637	110548000.0	1.0
27638	110552000.0	6.0
27639	110556000.0	4.0
27640	110560000.0	3.0
27641	110564000.0	5.0
27642	110568000.0	5.0
27643	110572000.0	6.0
27644	110576000.0	5.0
27645	110580000.0	4.0
27646	110584000.0	7.0
27647	110588000.0	4.0
27648	110592000.0	6.0
27649	110596000.0	5.0
27650	110600000.0	3.0
27651	110604000.0	3.0
27652	110608000.0	10.0
27653	110612000.0	5.0
27654	110616000.0	1.0
27655	110620000.0	4.0
27656	110624000.0	3.0
27657	110628000.0	7.0
27658	110632000.0	5.0
27659	110636000.0	2.0
27660	110640000.0	3.0
27661	110644000.0	5.0
27662	110648000.0	3.0
27663	110652000.0	4.0
27664	110656000.0	4.0
27665	110660000.0	8.0
27666	110664000.0	6.0
27667	110668000.0	4.0
27668	110672000.0	3.0
27669	110676000.0	4.0
27670	110680000.0	5.0
27671	110684000.0	1.0
27672	110688000.0	6.0
27673	110692000.0	4.0
27674	110696000.0	1.0
27675	110700000.0	2.0
27676	110704000.0	1.0
27677	110708000.0	5.0
27678	110712000.0	5.0
27679	110716000.0	7.0
27680	110720000.0	4.0
27681	110724000.0	4.0
27682	110728000.0	5.0
27683	110732000.0	7.0
27684	110736000.0	4.0
27685	110740000.0	6.0
27686	110744000.0	3.0
27687	110748000.0	5.0
27688	110752000.0	2.0
27689	110756000.0	3.0
27690	110760000.0	10.0
27691	110764000.0	7.0
27692	110768000.0	4.0
27693	110772000.0	7.0
27694	110776000.0	6.0
27695	110780000.0	7.0
27696	110784000.0	2.0
27697	110788000.0	1.0
27698	110792000.0	3.0
27699	110796000.0	7.0
27700	110800000.0	7.0
27701	110804000.0	6.0
27702	110808000.0	7.0
27703	110812000.0	5.0
27704	110816000.0	6.0
27705	110820000.0	6.0
27706	110824000.0	5.0
27707	110828000.0	1.0
27708	110832000.0	7.0
27709	110836000.0	4.0
27710	110840000.0	5.0
27711	110844000.0	5.0
27712	110848000.0	12.0
27713	110852000.0	3.0
27714	110856000.0	6.0
27715	110860000.0	3.0
27716	110864000.0	6.0
27717	110868000.0	6.0
27718	110872000.0	2.0
27719	110876000.0	5.0
27720	110880000.0	5.0
27721	110884000.0	4.0
27722	110888000.0	5.0
27723	110892000.0	4.0
27724	110896000.0	8.0
27725	110900000.0	1.0
27726	110904000.0	3.0
27727	110908000.0	4.0
27728	110912000.0	3.0
27729	110916000.0	5.0
27730	110920000.0	3.0
27731	110924000.0	5.0
27732	110928000.0	7.0
27733	110932000.0	3.0
27734	110936000.0	4.0
27735	110940000.0	6.0
27736	110944000.0	2.0
27737	110948000.0	6.0
27738	110952000.0	4.0
27739	110956000.0	4.0
27740	110960000.0	8.0
27741	110964000.0	3.0
27742	110968000.0	1.0
27743	110972000.0	5.0
27744	110976000.0	4.0
27745	110980000.0	2.0
27746	110984000.0	4.0
27747	110988000.0	7.0
27748	110992000.0	5.0
27749	110996000.0	4.0
27750	111000000.0	6.0
27751	111004000.0	6.0
27752	111008000.0	4.0
27753	111012000.0	1.0
27754	111016000.0	5.0
27755	111020000.0	6.0
27756	111024000.0	3.0
27757	111028000.0	3.0
27758	111032000.0	6.0
27759	111036000.0	2.0
27760	111040000.0	9.0
27761	111044000.0	6.0
27762	111048000.0	5.0
27763	111052000.0	2.0
27764	111056000.0	4.0
27765	111060000.0	4.0
27766	111064000.0	5.0
27767	111068000.0	8.0
27768	111072000.0	5.0
27769	111076000.0	6.0
27770	111080000.0	3.0
27771	111084000.0	2.0
27772	111088000.0	3.0
27773	111092000.0	9.0
27774	111096000.0	4.0
27775	111100000.0	4.0
27776	111104000.0	3.0
27777	111108000.0	2.0
27778	111112000.0	7.0
27779	111116000.0	5.0
27780	111120000.0	3.0
27781	111124000.0	5.0
27782	111128000.0	3.0
27783	111132000.0	4.0
27784	111136000.0	3.0
27785	111140000.0	6.0
27786	111144000.0	8.0
27787	111148000.0	6.0
27788	111152000.0	3.0
27789	111156000.0	8.0
27790	111160000.0	5.0
27791	111164000.0	7.0
27792	111168000.0	4.0
27793	111172000.0	8.0
27794	111176000.0	8.0
27795	111180000.0	1.0
27796	111184000.0	8.0
27797	111188000.0	3.0
27798	111192000.0	2.0
27799	111196000.0	6.0
27800	111200000.0	4.0
27801	111204000.0	1.0
27802	111208000.0	5.0
27803	111212000.0	6.0
27804	111216000.0	9.0
27805	111220000.0	5.0
27806	111224000.0	5.0
27807	111228000.0	3.0
27808	111232000.0	6.0
27809	111236000.0	5.0
27810	111240000.0	4.0
27811	111244000.0	7.0
27812	111248000.0	2.0
27813	111252000.0	3.0
27814	111256000.0	5.0
27815	111260000.0	9.0
27816	111264000.0	4.0
27817	111268000.0	7.0
27818	111272000.0	5.0
27819	111276000.0	5.0
27820	111280000.0	5.0
27821	111284000.0	3.0
27822	111288000.0	9.0
27823	111292000.0	7.0
27824	111296000.0	5.0
27825	111300000.0	6.0
27826	111304000.0	6.0
27827	111308000.0	4.0
27828	111312000.0	5.0
27829	111316000.0	2.0
27830	111320000.0	3.0
27831	111324000.0	2.0
27832	111328000.0	2.0
27833	111332000.0	5.0
27834	111336000.0	6.0
27835	111340000.0	9.0
27836	111344000.0	6.0
27837	111348000.0	4.0
27838	111352000.0	3.0
27839	111356000.0	8.0
27840	111360000.0	6.0
27841	111364000.0	0.0
27842	111368000.0	3.0
27843	111372000.0	0.0
27844	111376000.0	1.0
27845	111380000.0	1.0
27846	111384000.0	2.0
27847	111388000.0	6.0
27848	111392000.0	4.0
27849	111396000.0	5.0
27850	111400000.0	4.0
27851	111404000.0	3.0
27852	111408000.0	4.0
27853	111412000.0	1.0
27854	111416000.0	6.0
27855	111420000.0	0.0
27856	111424000.0	5.0
27857	111428000.0	4.0
27858	111432000.0	6.0
27859	111436000.0	7.0
27860	111440000.0	4.0
27861	111444000.0	6.0
27862	111448000.0	6.0
27863	111452000.0	0.0
27864	111456000.0	5.0
27865	111460000.0	8.0
27866	111464000.0	5.0
27867	111468000.0	6.0
27868	111472000.0	7.0
27869	111476000.0	5.0
27870	111480000.0	6.0
27871	111484000.0	3.0
27872	111488000.0	1.0
27873	111492000.0	9.0
27874	111496000.0	5.0
27875	111500000.0	5.0
27876	111504000.0	3.0
27877	111508000.0	3.0
27878	111512000.0	3.0
27879	111516000.0	2.0
27880	111520000.0	5.0
27881	111524000.0	7.0
27882	111528000.0	3.0
27883	111532000.0	5.0
27884	111536000.0	2.0
27885	111540000.0	6.0
27886	111544000.0	8.0
27887	111548000.0	4.0
27888	111552000.0	3.0
27889	111556000.0	4.0
27890	111560000.0	4.0
27891	111564000.0	4.0
27892	111568000.0	3.0
27893	111572000.0	1.0
27894	111576000.0	11.0
27895	111580000.0	5.0
27896	111584000.0	7.0
27897	111588000.0	6.0
27898	111592000.0	10.0
27899	111596000.0	4.0
27900	111600000.0	4.0
27901	111604000.0	4.0
27902	111608000.0	4.0
27903	111612000.0	3.0
27904	111616000.0	3.0
27905	111620000.0	6.0
27906	111624000.0	1.0
27907	111628000.0	4.0
27908	111632000.0	5.0
27909	111636000.0	9.0
27910	111640000.0	3.0
27911	111644000.0	4.0
27912	111648000.0	4.0
27913	111652000.0	2.0
27914	111656000.0	7.0
27915	111660000.0	7.0
27916	111664000.0	2.0
27917	111668000.0	6.0
27918	111672000.0	0.0
27919	111676000.0	1.0
27920	111680000.0	7.0
27921	111684000.0	7.0
27922	111688000.0	2.0
27923	111692000.0	4.0
27924	111696000.0	4.0
27925	111700000.0	4.0
27926	111704000.0	7.0
27927	111708000.0	3.0
27928	111712000.0	2.0
27929	111716000.0	7.0
27930	111720000.0	1.0
27931	111724000.0	4.0
27932	111728000.0	6.0
27933	111732000.0	4.0
27934	111736000.0	4.0
27935	111740000.0	6.0
27936	111744000.0	7.0
27937	111748000.0	3.0
27938	111752000.0	4.0
27939	111756000.0	6.0
27940	111760000.0	4.0
27941	111764000.0	3.0
27942	111768000.0	7.0
27943	111772000.0	2.0
27944	111776000.0	8.0
27945	111780000.0	2.0
27946	111784000.0	11.0
27947	111788000.0	4.0
27948	111792000.0	6.0
27949	111796000.0	5.0
27950	111800000.0	3.0
27951	111804000.0	2.0
27952	111808000.0	1.0
27953	111812000.0	4.0
27954	111816000.0	4.0
27955	111820000.0	2.0
27956	111824000.0	5.0
27957	111828000.0	6.0
27958	111832000.0	7.0
27959	111836000.0	8.0
27960	111840000.0	2.0
27961	111844000.0	4.0
27962	111848000.0	5.0
27963	111852000.0	4.0
27964	111856000.0	7.0
27965	111860000.0	7.0
27966	111864000.0	6.0
27967	111868000.0	6.0
27968	111872000.0	4.0
27969	111876000.0	7.0
27970	111880000.0	5.0
27971	111884000.0	2.0
27972	111888000.0	5.0
27973	111892000.0	0.0
27974	111896000.0	3.0
27975	111900000.0	5.0
27976	111904000.0	4.0
27977	111908000.0	2.0
27978	111912000.0	4.0
27979	111916000.0	6.0
27980	111920000.0	7.0
27981	111924000.0	7.0
27982	111928000.0	2.0
27983	111932000.0	5.0
27984	111936000.0	5.0
27985	111940000.0	3.0
27986	111944000.0	2.0
27987	111948000.0	6.0
27988	111952000.0	4.0
27989	111956000.0	3.0
27990	111960000.0	4.0
27991	111964000.0	4.0
27992	111968000.0	8.0
27993	111972000.0	8.0
27994	111976000.0	5.0
27995	111980000.0	3.0
27996	111984000.0	6.0
27997	111988000.0	5.0
27998	111992000.0	6.0
27999	111996000.0	3.0
28000	112000000.0	9.0
28001	112004000.0	4.0
28002	112008000.0	1.0
28003	112012000.0	2.0
28004	112016000.0	7.0
28005	112020000.0	2.0
28006	112024000.0	8.0
28007	112028000.0	5.0
28008	112032000.0	7.0
28009	112036000.0	2.0
28010	112040000.0	8.0
28011	112044000.0	3.0
28012	112048000.0	5.0
28013	112052000.0	8.0
28014	112056000.0	7.0
28015	112060000.0	7.0
28016	112064000.0	3.0
28017	112068000.0	7.0
28018	112072000.0	3.0
28019	112076000.0	7.0
28020	112080000.0	7.0
28021	112084000.0	3.0
28022	112088000.0	4.0
28023	112092000.0	7.0
28024	112096000.0	4.0
28025	112100000.0	6.0
28026	112104000.0	3.0
28027	112108000.0	6.0
28028	112112000.0	2.0
28029	112116000.0	3.0
28030	112120000.0	3.0
28031	112124000.0	4.0
28032	112128000.0	3.0
28033	112132000.0	4.0
28034	112136000.0	11.0
28035	112140000.0	4.0
28036	112144000.0	4.0
28037	112148000.0	5.0
28038	112152000.0	7.0
28039	112156000.0	3.0
28040	112160000.0	3.0
28041	112164000.0	2.0
28042	112168000.0	11.0
28043	112172000.0	7.0
28044	112176000.0	3.0
28045	112180000.0	5.0
28046	112184000.0	5.0
28047	112188000.0	5.0
28048	112192000.0	6.0
28049	112196000.0	6.0
28050	112200000.0	2.0
28051	112204000.0	4.0
28052	112208000.0	12.0
28053	112212000.0	6.0
28054	112216000.0	7.0
28055	112220000.0	6.0
28056	112224000.0	4.0
28057	112228000.0	3.0
28058	112232000.0	3.0
28059	112236000.0	8.0
28060	112240000.0	11.0
28061	112244000.0	2.0
28062	112248000.0	7.0
28063	112252000.0	2.0
28064	112256000.0	4.0
28065	112260000.0	3.0
28066	112264000.0	4.0
28067	112268000.0	9.0
28068	112272000.0	6.0
28069	112276000.0	7.0
28070	112280000.0	5.0
28071	112284000.0	5.0
28072	112288000.0	4.0
28073	112292000.0	7.0
28074	112296000.0	4.0
28075	112300000.0	3.0
28076	112304000.0	4.0
28077	112308000.0	4.0
28078	112312000.0	6.0
28079	112316000.0	5.0
28080	112320000.0	7.0
28081	112324000.0	3.0
28082	112328000.0	5.0
28083	112332000.0	9.0
28084	112336000.0	8.0
28085	112340000.0	2.0
28086	112344000.0	2.0
28087	112348000.0	2.0
28088	112352000.0	1.0
28089	112356000.0	6.0
28090	112360000.0	1.0
28091	112364000.0	5.0
28092	112368000.0	5.0
28093	112372000.0	2.0
28094	112376000.0	7.0
28095	112380000.0	5.0
28096	112384000.0	4.0
28097	112388000.0	2.0
28098	112392000.0	3.0
28099	112396000.0	7.0
28100	112400000.0	4.0
28101	112404000.0	4.0
28102	112408000.0	5.0
28103	112412000.0	7.0
28104	112416000.0	4.0
28105	112420000.0	6.0
28106	112424000.0	4.0
28107	112428000.0	7.0
28108	112432000.0	5.0
28109	112436000.0	7.0
28110	112440000.0	1.0
28111	112444000.0	3.0
28112	112448000.0	4.0
28113	112452000.0	5.0
28114	112456000.0	4.0
28115	112460000.0	7.0
28116	112464000.0	6.0
28117	112468000.0	6.0
28118	112472000.0	3.0
28119	112476000.0	3.0
28120	112480000.0	2.0
28121	112484000.0	4.0
28122	112488000.0	8.0
28123	112492000.0	3.0
28124	112496000.0	7.0
28125	112500000.0	1.0
28126	112504000.0	3.0
28127	112508000.0	2.0
28128	112512000.0	3.0
28129	112516000.0	9.0
28130	112520000.0	4.0
28131	112524000.0	6.0
28132	112528000.0	5.0
28133	112532000.0	4.0
28134	112536000.0	3.0
28135	112540000.0	5.0
28136	112544000.0	3.0
28137	112548000.0	4.0
28138	112552000.0	7.0
28139	112556000.0	4.0
28140	112560000.0	10.0
28141	112564000.0	6.0
28142	112568000.0	3.0
28143	112572000.0	2.0
28144	112576000.0	4.0
28145	112580000.0	2.0
28146	112584000.0	3.0
28147	112588000.0	3.0
28148	112592000.0	5.0
28149	112596000.0	11.0
28150	112600000.0	2.0
28151	112604000.0	3.0
28152	112608000.0	4.0
28153	112612000.0	4.0
28154	112616000.0	3.0
28155	112620000.0	3.0
28156	112624000.0	5.0
28157	112628000.0	4.0
28158	112632000.0	4.0
28159	112636000.0	3.0
28160	112640000.0	7.0
28161	112644000.0	4.0
28162	112648000.0	3.0
28163	112652000.0	3.0
28164	112656000.0	3.0
28165	112660000.0	7.0
28166	112664000.0	3.0
28167	112668000.0	7.0
28168	112672000.0	1.0
28169	112676000.0	6.0
28170	112680000.0	6.0
28171	112684000.0	2.0
28172	112688000.0	1.0
28173	112692000.0	7.0
28174	112696000.0	3.0
28175	112700000.0	2.0
28176	112704000.0	4.0
28177	112708000.0	5.0
28178	112712000.0	10.0
28179	112716000.0	5.0
28180	112720000.0	4.0
28181	112724000.0	6.0
28182	112728000.0	3.0
28183	112732000.0	2.0
28184	112736000.0	0.0
28185	112740000.0	3.0
28186	112744000.0	4.0
28187	112748000.0	6.0
28188	112752000.0	6.0
28189	112756000.0	4.0
28190	112760000.0	1.0
28191	112764000.0	12.0
28192	112768000.0	4.0
28193	112772000.0	5.0
28194	112776000.0	4.0
28195	112780000.0	5.0
28196	112784000.0	4.0
28197	112788000.0	7.0
28198	112792000.0	7.0
28199	112796000.0	10.0
28200	112800000.0	7.0
28201	112804000.0	4.0
28202	112808000.0	2.0
28203	112812000.0	4.0
28204	112816000.0	7.0
28205	112820000.0	7.0
28206	112824000.0	8.0
28207	112828000.0	7.0
28208	112832000.0	6.0
28209	112836000.0	8.0
28210	112840000.0	5.0
28211	112844000.0	4.0
28212	112848000.0	9.0
28213	112852000.0	5.0
28214	112856000.0	6.0
28215	112860000.0	5.0
28216	112864000.0	6.0
28217	112868000.0	5.0
28218	112872000.0	4.0
28219	112876000.0	4.0
28220	112880000.0	0.0
28221	112884000.0	2.0
28222	112888000.0	3.0
28223	112892000.0	4.0
28224	112896000.0	6.0
28225	112900000.0	3.0
28226	112904000.0	5.0
28227	112908000.0	6.0
28228	112912000.0	4.0
28229	112916000.0	2.0
28230	112920000.0	2.0
28231	112924000.0	4.0
28232	112928000.0	5.0
28233	112932000.0	5.0
28234	112936000.0	7.0
28235	112940000.0	3.0
28236	112944000.0	1.0
28237	112948000.0	7.0
28238	112952000.0	6.0
28239	112956000.0	9.0
28240	112960000.0	4.0
28241	112964000.0	6.0
28242	112968000.0	3.0
28243	112972000.0	5.0
28244	112976000.0	8.0
28245	112980000.0	3.0
28246	112984000.0	5.0
28247	112988000.0	9.0
28248	112992000.0	6.0
28249	112996000.0	4.0
28250	113000000.0	4.0
28251	113004000.0	2.0
28252	113008000.0	1.0
28253	113012000.0	3.0
28254	113016000.0	5.0
28255	113020000.0	3.0
28256	113024000.0	5.0
28257	113028000.0	4.0
28258	113032000.0	9.0
28259	113036000.0	4.0
28260	113040000.0	6.0
28261	113044000.0	4.0
28262	113048000.0	6.0
28263	113052000.0	1.0
28264	113056000.0	4.0
28265	113060000.0	5.0
28266	113064000.0	8.0
28267	113068000.0	4.0
28268	113072000.0	2.0
28269	113076000.0	5.0
28270	113080000.0	3.0
28271	113084000.0	4.0
28272	113088000.0	4.0
28273	113092000.0	5.0
28274	113096000.0	6.0
28275	113100000.0	5.0
28276	113104000.0	8.0
28277	113108000.0	3.0
28278	113112000.0	5.0
28279	113116000.0	7.0
28280	113120000.0	3.0
28281	113124000.0	1.0
28282	113128000.0	8.0
28283	113132000.0	1.0
28284	113136000.0	3.0
28285	113140000.0	8.0
28286	113144000.0	4.0
28287	113148000.0	3.0
28288	113152000.0	3.0
28289	113156000.0	1.0
28290	113160000.0	7.0
28291	113164000.0	4.0
28292	113168000.0	2.0
28293	113172000.0	2.0
28294	113176000.0	5.0
28295	113180000.0	2.0
28296	113184000.0	4.0
28297	113188000.0	4.0
28298	113192000.0	5.0
28299	113196000.0	2.0
28300	113200000.0	5.0
28301	113204000.0	2.0
28302	113208000.0	8.0
28303	113212000.0	3.0
28304	113216000.0	3.0
28305	113220000.0	2.0
28306	113224000.0	4.0
28307	113228000.0	2.0
28308	113232000.0	4.0
28309	113236000.0	5.0
28310	113240000.0	10.0
28311	113244000.0	8.0
28312	113248000.0	4.0
28313	113252000.0	4.0
28314	113256000.0	1.0
28315	113260000.0	3.0
28316	113264000.0	4.0
28317	113268000.0	4.0
28318	113272000.0	7.0
28319	113276000.0	5.0
28320	113280000.0	4.0
28321	113284000.0	2.0
28322	113288000.0	6.0
28323	113292000.0	4.0
28324	113296000.0	3.0
28325	113300000.0	2.0
28326	113304000.0	1.0
28327	113308000.0	5.0
28328	113312000.0	3.0
28329	113316000.0	5.0
28330	113320000.0	7.0
28331	113324000.0	11.0
28332	113328000.0	4.0
28333	113332000.0	8.0
28334	113336000.0	2.0
28335	113340000.0	8.0
28336	113344000.0	6.0
28337	113348000.0	3.0
28338	113352000.0	5.0
28339	113356000.0	5.0
28340	113360000.0	10.0
28341	113364000.0	4.0
28342	113368000.0	4.0
28343	113372000.0	1.0
28344	113376000.0	4.0
28345	113380000.0	7.0
28346	113384000.0	3.0
28347	113388000.0	4.0
28348	113392000.0	3.0
28349	113396000.0	6.0
28350	113400000.0	7.0
28351	113404000.0	7.0
28352	113408000.0	4.0
28353	113412000.0	2.0
28354	113416000.0	5.0
28355	113420000.0	4.0
28356	113424000.0	4.0
28357	113428000.0	5.0
28358	113432000.0	0.0
28359	113436000.0	1.0
28360	113440000.0	10.0
28361	113444000.0	6.0
28362	113448000.0	2.0
28363	113452000.0	2.0
28364	113456000.0	5.0
28365	113460000.0	6.0
28366	113464000.0	5.0
28367	113468000.0	4.0
28368	113472000.0	4.0
28369	113476000.0	5.0
28370	113480000.0	2.0
28371	113484000.0	1.0
28372	113488000.0	8.0
28373	113492000.0	3.0
28374	113496000.0	4.0
28375	113500000.0	7.0
28376	113504000.0	5.0
28377	113508000.0	4.0
28378	113512000.0	4.0
28379	113516000.0	3.0
28380	113520000.0	6.0
28381	113524000.0	8.0
28382	113528000.0	6.0
28383	113532000.0	4.0
28384	113536000.0	4.0
28385	113540000.0	5.0
28386	113544000.0	4.0
28387	113548000.0	1.0
28388	113552000.0	4.0
28389	113556000.0	4.0
28390	113560000.0	1.0
28391	113564000.0	4.0
28392	113568000.0	1.0
28393	113572000.0	3.0
28394	113576000.0	5.0
28395	113580000.0	0.0
28396	113584000.0	7.0
28397	113588000.0	3.0
28398	113592000.0	1.0
28399	113596000.0	4.0
28400	113600000.0	2.0
28401	113604000.0	5.0
28402	113608000.0	4.0
28403	113612000.0	3.0
28404	113616000.0	6.0
28405	113620000.0	4.0
28406	113624000.0	4.0
28407	113628000.0	4.0
28408	113632000.0	4.0
28409	113636000.0	3.0
28410	113640000.0	1.0
28411	113644000.0	6.0
28412	113648000.0	5.0
28413	113652000.0	2.0
28414	113656000.0	1.0
28415	113660000.0	1.0
28416	113664000.0	5.0
28417	113668000.0	4.0
28418	113672000.0	6.0
28419	113676000.0	6.0
28420	113680000.0	4.0
28421	113684000.0	5.0
28422	113688000.0	1.0
28423	113692000.0	4.0
28424	113696000.0	7.0
28425	113700000.0	5.0
28426	113704000.0	3.0
28427	113708000.0	2.0
28428	113712000.0	3.0
28429	113716000.0	5.0
28430	113720000.0	6.0
28431	113724000.0	6.0
28432	113728000.0	2.0
28433	113732000.0	2.0
28434	113736000.0	6.0
28435	113740000.0	8.0
28436	113744000.0	2.0
28437	113748000.0	11.0
28438	113752000.0	2.0
28439	113756000.0	4.0
28440	113760000.0	3.0
28441	113764000.0	3.0
28442	113768000.0	5.0
28443	113772000.0	3.0
28444	113776000.0	4.0
28445	113780000.0	5.0
28446	113784000.0	5.0
28447	113788000.0	9.0
28448	113792000.0	4.0
28449	113796000.0	2.0
28450	113800000.0	4.0
28451	113804000.0	2.0
28452	113808000.0	2.0
28453	113812000.0	6.0
28454	113816000.0	4.0
28455	113820000.0	4.0
28456	113824000.0	6.0
28457	113828000.0	2.0
28458	113832000.0	8.0
28459	113836000.0	5.0
28460	113840000.0	2.0
28461	113844000.0	3.0
28462	113848000.0	3.0
28463	113852000.0	2.0
28464	113856000.0	7.0
28465	113860000.0	4.0
28466	113864000.0	7.0
28467	113868000.0	3.0
28468	113872000.0	6.0
28469	113876000.0	2.0
28470	113880000.0	3.0
28471	113884000.0	7.0
28472	113888000.0	4.0
28473	113892000.0	3.0
28474	113896000.0	8.0
28475	113900000.0	3.0
28476	113904000.0	9.0
28477	113908000.0	9.0
28478	113912000.0	3.0
28479	113916000.0	5.0
28480	113920000.0	4.0
28481	113924000.0	0.0
28482	113928000.0	3.0
28483	113932000.0	2.0
28484	113936000.0	4.0
28485	113940000.0	6.0
28486	113944000.0	6.0
28487	113948000.0	3.0
28488	113952000.0	3.0
28489	113956000.0	6.0
28490	113960000.0	10.0
28491	113964000.0	4.0
28492	113968000.0	7.0
28493	113972000.0	7.0
28494	113976000.0	2.0
28495	113980000.0	7.0
28496	113984000.0	5.0
28497	113988000.0	5.0
28498	113992000.0	9.0
28499	113996000.0	6.0
28500	114000000.0	1.0
28501	114004000.0	3.0
28502	114008000.0	6.0
28503	114012000.0	3.0
28504	114016000.0	3.0
28505	114020000.0	3.0
28506	114024000.0	3.0
28507	114028000.0	2.0
28508	114032000.0	5.0
28509	114036000.0	3.0
28510	114040000.0	4.0
28511	114044000.0	3.0
28512	114048000.0	1.0
28513	114052000.0	5.0
28514	114056000.0	2.0
28515	114060000.0	6.0
28516	114064000.0	8.0
28517	114068000.0	7.0
28518	114072000.0	7.0
28519	114076000.0	3.0
28520	114080000.0	5.0
28521	114084000.0	3.0
28522	114088000.0	2.0
28523	114092000.0	3.0
28524	114096000.0	3.0
28525	114100000.0	3.0
28526	114104000.0	4.0
28527	114108000.0	4.0
28528	114112000.0	8.0
28529	114116000.0	2.0
28530	114120000.0	1.0
28531	114124000.0	6.0
28532	114128000.0	7.0
28533	114132000.0	4.0
28534	114136000.0	5.0
28535	114140000.0	5.0
28536	114144000.0	3.0
28537	114148000.0	5.0
28538	114152000.0	6.0
28539	114156000.0	1.0
28540	114160000.0	3.0
28541	114164000.0	4.0
28542	114168000.0	4.0
28543	114172000.0	5.0
28544	114176000.0	5.0
28545	114180000.0	6.0
28546	114184000.0	4.0
28547	114188000.0	2.0
28548	114192000.0	9.0
28549	114196000.0	5.0
28550	114200000.0	2.0
28551	114204000.0	6.0
28552	114208000.0	4.0
28553	114212000.0	4.0
28554	114216000.0	3.0
28555	114220000.0	8.0
28556	114224000.0	6.0
28557	114228000.0	4.0
28558	114232000.0	4.0
28559	114236000.0	3.0
28560	114240000.0	4.0
28561	114244000.0	2.0
28562	114248000.0	7.0
28563	114252000.0	1.0
28564	114256000.0	8.0
28565	114260000.0	4.0
28566	114264000.0	6.0
28567	114268000.0	4.0
28568	114272000.0	7.0
28569	114276000.0	2.0
28570	114280000.0	3.0
28571	114284000.0	3.0
28572	114288000.0	6.0
28573	114292000.0	4.0
28574	114296000.0	7.0
28575	114300000.0	7.0
28576	114304000.0	6.0
28577	114308000.0	4.0
28578	114312000.0	3.0
28579	114316000.0	1.0
28580	114320000.0	4.0
28581	114324000.0	1.0
28582	114328000.0	5.0
28583	114332000.0	10.0
28584	114336000.0	2.0
28585	114340000.0	1.0
28586	114344000.0	6.0
28587	114348000.0	9.0
28588	114352000.0	5.0
28589	114356000.0	4.0
28590	114360000.0	1.0
28591	114364000.0	4.0
28592	114368000.0	6.0
28593	114372000.0	6.0
28594	114376000.0	5.0
28595	114380000.0	6.0
28596	114384000.0	5.0
28597	114388000.0	5.0
28598	114392000.0	7.0
28599	114396000.0	3.0
28600	114400000.0	4.0
28601	114404000.0	6.0
28602	114408000.0	8.0
28603	114412000.0	5.0
28604	114416000.0	3.0
28605	114420000.0	5.0
28606	114424000.0	3.0
28607	114428000.0	4.0
28608	114432000.0	4.0
28609	114436000.0	5.0
28610	114440000.0	3.0
28611	114444000.0	6.0
28612	114448000.0	4.0
28613	114452000.0	8.0
28614	114456000.0	7.0
28615	114460000.0	1.0
28616	114464000.0	4.0
28617	114468000.0	5.0
28618	114472000.0	6.0
28619	114476000.0	6.0
28620	114480000.0	5.0
28621	114484000.0	2.0
28622	114488000.0	5.0
28623	114492000.0	2.0
28624	114496000.0	3.0
28625	114500000.0	1.0
28626	114504000.0	4.0
28627	114508000.0	1.0
28628	114512000.0	6.0
28629	114516000.0	7.0
28630	114520000.0	5.0
28631	114524000.0	3.0
28632	114528000.0	2.0
28633	114532000.0	2.0
28634	114536000.0	5.0
28635	114540000.0	3.0
28636	114544000.0	3.0
28637	114548000.0	5.0
28638	114552000.0	1.0
28639	114556000.0	6.0
28640	114560000.0	2.0
28641	114564000.0	4.0
28642	114568000.0	2.0
28643	114572000.0	4.0
28644	114576000.0	5.0
28645	114580000.0	2.0
28646	114584000.0	8.0
28647	114588000.0	2.0
28648	114592000.0	7.0
28649	114596000.0	6.0
28650	114600000.0	3.0
28651	114604000.0	4.0
28652	114608000.0	6.0
28653	114612000.0	3.0
28654	114616000.0	6.0
28655	114620000.0	2.0
28656	114624000.0	3.0
28657	114628000.0	4.0
28658	114632000.0	4.0
28659	114636000.0	5.0
28660	114640000.0	6.0
28661	114644000.0	9.0
28662	114648000.0	3.0
28663	114652000.0	6.0
28664	114656000.0	5.0
28665	114660000.0	2.0
28666	114664000.0	6.0
28667	114668000.0	2.0
28668	114672000.0	6.0
28669	114676000.0	8.0
28670	114680000.0	3.0
28671	114684000.0	5.0
28672	114688000.0	6.0
28673	114692000.0	3.0
28674	114696000.0	3.0
28675	114700000.0	4.0
28676	114704000.0	8.0
28677	114708000.0	3.0
28678	114712000.0	4.0
28679	114716000.0	7.0
28680	114720000.0	5.0
28681	114724000.0	6.0
28682	114728000.0	6.0
28683	114732000.0	6.0
28684	114736000.0	5.0
28685	114740000.0	7.0
28686	114744000.0	3.0
28687	114748000.0	3.0
28688	114752000.0	5.0
28689	114756000.0	4.0
28690	114760000.0	5.0
28691	114764000.0	1.0
28692	114768000.0	4.0
28693	114772000.0	5.0
28694	114776000.0	5.0
28695	114780000.0	6.0
28696	114784000.0	3.0
28697	114788000.0	7.0
28698	114792000.0	3.0
28699	114796000.0	3.0
28700	114800000.0	5.0
28701	114804000.0	7.0
28702	114808000.0	4.0
28703	114812000.0	4.0
28704	114816000.0	4.0
28705	114820000.0	4.0
28706	114824000.0	5.0
28707	114828000.0	3.0
28708	114832000.0	8.0
28709	114836000.0	6.0
28710	114840000.0	3.0
28711	114844000.0	3.0
28712	114848000.0	0.0
28713	114852000.0	5.0
28714	114856000.0	4.0
28715	114860000.0	4.0
28716	114864000.0	3.0
28717	114868000.0	6.0
28718	114872000.0	5.0
28719	114876000.0	8.0
28720	114880000.0	4.0
28721	114884000.0	4.0
28722	114888000.0	5.0
28723	114892000.0	1.0
28724	114896000.0	4.0
28725	114900000.0	4.0
28726	114904000.0	3.0
28727	114908000.0	3.0
28728	114912000.0	4.0
28729	114916000.0	4.0
28730	114920000.0	4.0
28731	114924000.0	4.0
28732	114928000.0	4.0
28733	114932000.0	5.0
28734	114936000.0	3.0
28735	114940000.0	2.0
28736	114944000.0	3.0
28737	114948000.0	2.0
28738	114952000.0	7.0
28739	114956000.0	5.0
28740	114960000.0	5.0
28741	114964000.0	6.0
28742	114968000.0	6.0
28743	114972000.0	5.0
28744	114976000.0	1.0
28745	114980000.0	4.0
28746	114984000.0	4.0
28747	114988000.0	3.0
28748	114992000.0	5.0
28749	114996000.0	6.0
28750	115000000.0	4.0
28751	115004000.0	3.0
28752	115008000.0	3.0
28753	115012000.0	5.0
28754	115016000.0	4.0
28755	115020000.0	4.0
28756	115024000.0	4.0
28757	115028000.0	1.0
28758	115032000.0	8.0
28759	115036000.0	2.0
28760	115040000.0	4.0
28761	115044000.0	7.0
28762	115048000.0	4.0
28763	115052000.0	4.0
28764	115056000.0	6.0
28765	115060000.0	3.0
28766	115064000.0	5.0
28767	115068000.0	0.0
28768	115072000.0	3.0
28769	115076000.0	7.0
28770	115080000.0	5.0
28771	115084000.0	6.0
28772	115088000.0	3.0
28773	115092000.0	3.0
28774	115096000.0	8.0
28775	115100000.0	4.0
28776	115104000.0	2.0
28777	115108000.0	5.0
28778	115112000.0	4.0
28779	115116000.0	4.0
28780	115120000.0	4.0
28781	115124000.0	4.0
28782	115128000.0	4.0
28783	115132000.0	3.0
28784	115136000.0	3.0
28785	115140000.0	6.0
28786	115144000.0	2.0
28787	115148000.0	4.0
28788	115152000.0	6.0
28789	115156000.0	5.0
28790	115160000.0	4.0
28791	115164000.0	9.0
28792	115168000.0	2.0
28793	115172000.0	1.0
28794	115176000.0	3.0
28795	115180000.0	2.0
28796	115184000.0	5.0
28797	115188000.0	2.0
28798	115192000.0	3.0
28799	115196000.0	3.0
28800	115200000.0	7.0
28801	115204000.0	6.0
28802	115208000.0	1.0
28803	115212000.0	3.0
28804	115216000.0	3.0
28805	115220000.0	8.0
28806	115224000.0	4.0
28807	115228000.0	2.0
28808	115232000.0	4.0
28809	115236000.0	5.0
28810	115240000.0	8.0
28811	115244000.0	4.0
28812	115248000.0	5.0
28813	115252000.0	4.0
28814	115256000.0	4.0
28815	115260000.0	6.0
28816	115264000.0	5.0
28817	115268000.0	6.0
28818	115272000.0	6.0
28819	115276000.0	3.0
28820	115280000.0	7.0
28821	115284000.0	7.0
28822	115288000.0	7.0
28823	115292000.0	8.0
28824	115296000.0	3.0
28825	115300000.0	5.0
28826	115304000.0	3.0
28827	115308000.0	4.0
28828	115312000.0	7.0
28829	115316000.0	8.0
28830	115320000.0	2.0
28831	115324000.0	4.0
28832	115328000.0	6.0
28833	115332000.0	2.0
28834	115336000.0	3.0
28835	115340000.0	2.0
28836	115344000.0	5.0
28837	115348000.0	1.0
28838	115352000.0	6.0
28839	115356000.0	3.0
28840	115360000.0	1.0
28841	115364000.0	3.0
28842	115368000.0	2.0
28843	115372000.0	2.0
28844	115376000.0	3.0
28845	115380000.0	9.0
28846	115384000.0	7.0
28847	115388000.0	3.0
28848	115392000.0	3.0
28849	115396000.0	5.0
28850	115400000.0	10.0
28851	115404000.0	7.0
28852	115408000.0	4.0
28853	115412000.0	9.0
28854	115416000.0	3.0
28855	115420000.0	4.0
28856	115424000.0	5.0
28857	115428000.0	3.0
28858	115432000.0	6.0
28859	115436000.0	4.0
28860	115440000.0	2.0
28861	115444000.0	2.0
28862	115448000.0	4.0
28863	115452000.0	3.0
28864	115456000.0	5.0
28865	115460000.0	8.0
28866	115464000.0	3.0
28867	115468000.0	7.0
28868	115472000.0	4.0
28869	115476000.0	5.0
28870	115480000.0	5.0
28871	115484000.0	6.0
28872	115488000.0	7.0
28873	115492000.0	3.0
28874	115496000.0	7.0
28875	115500000.0	2.0
28876	115504000.0	4.0
28877	115508000.0	3.0
28878	115512000.0	3.0
28879	115516000.0	3.0
28880	115520000.0	4.0
28881	115524000.0	5.0
28882	115528000.0	5.0
28883	115532000.0	4.0
28884	115536000.0	4.0
28885	115540000.0	3.0
28886	115544000.0	2.0
28887	115548000.0	3.0
28888	115552000.0	3.0
28889	115556000.0	6.0
28890	115560000.0	0.0
28891	115564000.0	4.0
28892	115568000.0	1.0
28893	115572000.0	3.0
28894	115576000.0	5.0
28895	115580000.0	6.0
28896	115584000.0	5.0
28897	115588000.0	7.0
28898	115592000.0	0.0
28899	115596000.0	6.0
28900	115600000.0	5.0
28901	115604000.0	3.0
28902	115608000.0	2.0
28903	115612000.0	3.0
28904	115616000.0	7.0
28905	115620000.0	6.0
28906	115624000.0	4.0
28907	115628000.0	3.0
28908	115632000.0	5.0
28909	115636000.0	5.0
28910	115640000.0	3.0
28911	115644000.0	3.0
28912	115648000.0	4.0
28913	115652000.0	7.0
28914	115656000.0	6.0
28915	115660000.0	5.0
28916	115664000.0	2.0
28917	115668000.0	1.0
28918	115672000.0	5.0
28919	115676000.0	2.0
28920	115680000.0	7.0
28921	115684000.0	3.0
28922	115688000.0	6.0
28923	115692000.0	2.0
28924	115696000.0	3.0
28925	115700000.0	6.0
28926	115704000.0	6.0
28927	115708000.0	6.0
28928	115712000.0	4.0
28929	115716000.0	3.0
28930	115720000.0	3.0
28931	115724000.0	4.0
28932	115728000.0	7.0
28933	115732000.0	2.0
28934	115736000.0	7.0
28935	115740000.0	4.0
28936	115744000.0	3.0
28937	115748000.0	10.0
28938	115752000.0	3.0
28939	115756000.0	7.0
28940	115760000.0	5.0
28941	115764000.0	0.0
28942	115768000.0	5.0
28943	115772000.0	10.0
28944	115776000.0	2.0
28945	115780000.0	2.0
28946	115784000.0	8.0
28947	115788000.0	0.0
28948	115792000.0	3.0
28949	115796000.0	4.0
28950	115800000.0	3.0
28951	115804000.0	5.0
28952	115808000.0	3.0
28953	115812000.0	9.0
28954	115816000.0	2.0
28955	115820000.0	1.0
28956	115824000.0	6.0
28957	115828000.0	3.0
28958	115832000.0	4.0
28959	115836000.0	3.0
28960	115840000.0	3.0
28961	115844000.0	4.0
28962	115848000.0	1.0
28963	115852000.0	3.0
28964	115856000.0	7.0
28965	115860000.0	6.0
28966	115864000.0	3.0
28967	115868000.0	0.0
28968	115872000.0	8.0
28969	115876000.0	5.0
28970	115880000.0	3.0
28971	115884000.0	4.0
28972	115888000.0	4.0
28973	115892000.0	4.0
28974	115896000.0	5.0
28975	115900000.0	5.0
28976	115904000.0	5.0
28977	115908000.0	2.0
28978	115912000.0	4.0
28979	115916000.0	3.0
28980	115920000.0	3.0
28981	115924000.0	5.0
28982	115928000.0	4.0
28983	115932000.0	7.0
28984	115936000.0	3.0
28985	115940000.0	8.0
28986	115944000.0	7.0
28987	115948000.0	6.0
28988	115952000.0	4.0
28989	115956000.0	2.0
28990	115960000.0	4.0
28991	115964000.0	3.0
28992	115968000.0	3.0
28993	115972000.0	8.0
28994	115976000.0	7.0
28995	115980000.0	2.0
28996	115984000.0	4.0
28997	115988000.0	5.0
28998	115992000.0	8.0
28999	115996000.0	7.0
29000	116000000.0	5.0
29001	116004000.0	9.0
29002	116008000.0	3.0
29003	116012000.0	4.0
29004	116016000.0	5.0
29005	116020000.0	7.0
29006	116024000.0	7.0
29007	116028000.0	5.0
29008	116032000.0	5.0
29009	116036000.0	2.0
29010	116040000.0	3.0
29011	116044000.0	3.0
29012	116048000.0	1.0
29013	116052000.0	0.0
29014	116056000.0	4.0
29015	116060000.0	5.0
29016	116064000.0	4.0
29017	116068000.0	4.0
29018	116072000.0	3.0
29019	116076000.0	1.0
29020	116080000.0	5.0
29021	116084000.0	6.0
29022	116088000.0	4.0
29023	116092000.0	6.0
29024	116096000.0	9.0
29025	116100000.0	4.0
29026	116104000.0	3.0
29027	116108000.0	2.0
29028	116112000.0	4.0
29029	116116000.0	5.0
29030	116120000.0	6.0
29031	116124000.0	5.0
29032	116128000.0	3.0
29033	116132000.0	0.0
29034	116136000.0	1.0
29035	116140000.0	2.0
29036	116144000.0	4.0
29037	116148000.0	5.0
29038	116152000.0	4.0
29039	116156000.0	2.0
29040	116160000.0	6.0
29041	116164000.0	4.0
29042	116168000.0	5.0
29043	116172000.0	5.0
29044	116176000.0	5.0
29045	116180000.0	8.0
29046	116184000.0	6.0
29047	116188000.0	6.0
29048	116192000.0	6.0
29049	116196000.0	2.0
29050	116200000.0	7.0
29051	116204000.0	7.0
29052	116208000.0	6.0
29053	116212000.0	5.0
29054	116216000.0	5.0
29055	116220000.0	2.0
29056	116224000.0	7.0
29057	116228000.0	6.0
29058	116232000.0	4.0
29059	116236000.0	2.0
29060	116240000.0	2.0
29061	116244000.0	5.0
29062	116248000.0	5.0
29063	116252000.0	4.0
29064	116256000.0	3.0
29065	116260000.0	2.0
29066	116264000.0	5.0
29067	116268000.0	2.0
29068	116272000.0	4.0
29069	116276000.0	5.0
29070	116280000.0	1.0
29071	116284000.0	5.0
29072	116288000.0	1.0
29073	116292000.0	6.0
29074	116296000.0	7.0
29075	116300000.0	4.0
29076	116304000.0	2.0
29077	116308000.0	4.0
29078	116312000.0	5.0
29079	116316000.0	5.0
29080	116320000.0	2.0
29081	116324000.0	5.0
29082	116328000.0	3.0
29083	116332000.0	3.0
29084	116336000.0	6.0
29085	116340000.0	6.0
29086	116344000.0	5.0
29087	116348000.0	2.0
29088	116352000.0	3.0
29089	116356000.0	7.0
29090	116360000.0	4.0
29091	116364000.0	4.0
29092	116368000.0	4.0
29093	116372000.0	5.0
29094	116376000.0	2.0
29095	116380000.0	4.0
29096	116384000.0	6.0
29097	116388000.0	2.0
29098	116392000.0	7.0
29099	116396000.0	1.0
29100	116400000.0	6.0
29101	116404000.0	6.0
29102	116408000.0	4.0
29103	116412000.0	4.0
29104	116416000.0	4.0
29105	116420000.0	3.0
29106	116424000.0	4.0
29107	116428000.0	6.0
29108	116432000.0	1.0
29109	116436000.0	3.0
29110	116440000.0	4.0
29111	116444000.0	7.0
29112	116448000.0	5.0
29113	116452000.0	6.0
29114	116456000.0	6.0
29115	116460000.0	5.0
29116	116464000.0	7.0
29117	116468000.0	7.0
29118	116472000.0	2.0
29119	116476000.0	4.0
29120	116480000.0	4.0
29121	116484000.0	4.0
29122	116488000.0	4.0
29123	116492000.0	5.0
29124	116496000.0	6.0
29125	116500000.0	4.0
29126	116504000.0	9.0
29127	116508000.0	1.0
29128	116512000.0	3.0
29129	116516000.0	4.0
29130	116520000.0	3.0
29131	116524000.0	6.0
29132	116528000.0	4.0
29133	116532000.0	3.0
29134	116536000.0	4.0
29135	116540000.0	1.0
29136	116544000.0	4.0
29137	116548000.0	2.0
29138	116552000.0	3.0
29139	116556000.0	8.0
29140	116560000.0	3.0
29141	116564000.0	3.0
29142	116568000.0	6.0
29143	116572000.0	6.0
29144	116576000.0	2.0
29145	116580000.0	6.0
29146	116584000.0	8.0
29147	116588000.0	7.0
29148	116592000.0	8.0
29149	116596000.0	3.0
29150	116600000.0	7.0
29151	116604000.0	7.0
29152	116608000.0	6.0
29153	116612000.0	5.0
29154	116616000.0	3.0
29155	116620000.0	6.0
29156	116624000.0	4.0
29157	116628000.0	4.0
29158	116632000.0	3.0
29159	116636000.0	0.0
29160	116640000.0	2.0
29161	116644000.0	4.0
29162	116648000.0	7.0
29163	116652000.0	3.0
29164	116656000.0	0.0
29165	116660000.0	4.0
29166	116664000.0	3.0
29167	116668000.0	2.0
29168	116672000.0	4.0
29169	116676000.0	2.0
29170	116680000.0	3.0
29171	116684000.0	5.0
29172	116688000.0	2.0
29173	116692000.0	2.0
29174	116696000.0	4.0
29175	116700000.0	3.0
29176	116704000.0	2.0
29177	116708000.0	3.0
29178	116712000.0	2.0
29179	116716000.0	5.0
29180	116720000.0	7.0
29181	116724000.0	6.0
29182	116728000.0	6.0
29183	116732000.0	2.0
29184	116736000.0	3.0
29185	116740000.0	7.0
29186	116744000.0	5.0
29187	116748000.0	5.0
29188	116752000.0	12.0
29189	116756000.0	5.0
29190	116760000.0	10.0
29191	116764000.0	5.0
29192	116768000.0	4.0
29193	116772000.0	5.0
29194	116776000.0	6.0
29195	116780000.0	6.0
29196	116784000.0	5.0
29197	116788000.0	4.0
29198	116792000.0	4.0
29199	116796000.0	4.0
29200	116800000.0	4.0
29201	116804000.0	4.0
29202	116808000.0	3.0
29203	116812000.0	3.0
29204	116816000.0	4.0
29205	116820000.0	1.0
29206	116824000.0	2.0
29207	116828000.0	4.0
29208	116832000.0	6.0
29209	116836000.0	5.0
29210	116840000.0	4.0
29211	116844000.0	5.0
29212	116848000.0	6.0
29213	116852000.0	2.0
29214	116856000.0	5.0
29215	116860000.0	3.0
29216	116864000.0	5.0
29217	116868000.0	7.0
29218	116872000.0	7.0
29219	116876000.0	5.0
29220	116880000.0	3.0
29221	116884000.0	5.0
29222	116888000.0	4.0
29223	116892000.0	3.0
29224	116896000.0	1.0
29225	116900000.0	2.0
29226	116904000.0	2.0
29227	116908000.0	2.0
29228	116912000.0	6.0
29229	116916000.0	5.0
29230	116920000.0	2.0
29231	116924000.0	5.0
29232	116928000.0	5.0
29233	116932000.0	0.0
29234	116936000.0	6.0
29235	116940000.0	3.0
29236	116944000.0	7.0
29237	116948000.0	7.0
29238	116952000.0	5.0
29239	116956000.0	4.0
29240	116960000.0	1.0
29241	116964000.0	5.0
29242	116968000.0	4.0
29243	116972000.0	3.0
29244	116976000.0	6.0
29245	116980000.0	4.0
29246	116984000.0	8.0
29247	116988000.0	5.0
29248	116992000.0	3.0
29249	116996000.0	8.0
29250	117000000.0	2.0
29251	117004000.0	4.0
29252	117008000.0	4.0
29253	117012000.0	4.0
29254	117016000.0	1.0
29255	117020000.0	4.0
29256	117024000.0	4.0
29257	117028000.0	2.0
29258	117032000.0	3.0
29259	117036000.0	2.0
29260	117040000.0	2.0
29261	117044000.0	2.0
29262	117048000.0	4.0
29263	117052000.0	7.0
29264	117056000.0	7.0
29265	117060000.0	7.0
29266	117064000.0	0.0
29267	117068000.0	2.0
29268	117072000.0	5.0
29269	117076000.0	9.0
29270	117080000.0	3.0
29271	117084000.0	3.0
29272	117088000.0	3.0
29273	117092000.0	3.0
29274	117096000.0	5.0
29275	117100000.0	5.0
29276	117104000.0	4.0
29277	117108000.0	4.0
29278	117112000.0	4.0
29279	117116000.0	3.0
29280	117120000.0	4.0
29281	117124000.0	0.0
29282	117128000.0	5.0
29283	117132000.0	5.0
29284	117136000.0	2.0
29285	117140000.0	5.0
29286	117144000.0	4.0
29287	117148000.0	7.0
29288	117152000.0	2.0
29289	117156000.0	2.0
29290	117160000.0	3.0
29291	117164000.0	9.0
29292	117168000.0	4.0
29293	117172000.0	5.0
29294	117176000.0	6.0
29295	117180000.0	6.0
29296	117184000.0	6.0
29297	117188000.0	3.0
29298	117192000.0	2.0
29299	117196000.0	3.0
29300	117200000.0	2.0
29301	117204000.0	6.0
29302	117208000.0	4.0
29303	117212000.0	3.0
29304	117216000.0	8.0
29305	117220000.0	4.0
29306	117224000.0	3.0
29307	117228000.0	9.0
29308	117232000.0	3.0
29309	117236000.0	5.0
29310	117240000.0	2.0
29311	117244000.0	2.0
29312	117248000.0	5.0
29313	117252000.0	5.0
29314	117256000.0	3.0
29315	117260000.0	7.0
29316	117264000.0	2.0
29317	117268000.0	3.0
29318	117272000.0	1.0
29319	117276000.0	9.0
29320	117280000.0	4.0
29321	117284000.0	2.0
29322	117288000.0	2.0
29323	117292000.0	3.0
29324	117296000.0	2.0
29325	117300000.0	5.0
29326	117304000.0	6.0
29327	117308000.0	6.0
29328	117312000.0	6.0
29329	117316000.0	4.0
29330	117320000.0	3.0
29331	117324000.0	3.0
29332	117328000.0	7.0
29333	117332000.0	6.0
29334	117336000.0	5.0
29335	117340000.0	1.0
29336	117344000.0	5.0
29337	117348000.0	6.0
29338	117352000.0	4.0
29339	117356000.0	6.0
29340	117360000.0	5.0
29341	117364000.0	3.0
29342	117368000.0	4.0
29343	117372000.0	7.0
29344	117376000.0	2.0
29345	117380000.0	7.0
29346	117384000.0	1.0
29347	117388000.0	4.0
29348	117392000.0	2.0
29349	117396000.0	2.0
29350	117400000.0	1.0
29351	117404000.0	2.0
29352	117408000.0	3.0
29353	117412000.0	4.0
29354	117416000.0	5.0
29355	117420000.0	3.0
29356	117424000.0	8.0
29357	117428000.0	4.0
29358	117432000.0	3.0
29359	117436000.0	7.0
29360	117440000.0	6.0
29361	117444000.0	4.0
29362	117448000.0	3.0
29363	117452000.0	3.0
29364	117456000.0	5.0
29365	117460000.0	9.0
29366	117464000.0	6.0
29367	117468000.0	2.0
29368	117472000.0	1.0
29369	117476000.0	4.0
29370	117480000.0	8.0
29371	117484000.0	6.0
29372	117488000.0	4.0
29373	117492000.0	8.0
29374	117496000.0	4.0
29375	117500000.0	10.0
29376	117504000.0	2.0
29377	117508000.0	4.0
29378	117512000.0	5.0
29379	117516000.0	4.0
29380	117520000.0	3.0
29381	117524000.0	9.0
29382	117528000.0	2.0
29383	117532000.0	10.0
29384	117536000.0	6.0
29385	117540000.0	5.0
29386	117544000.0	3.0
29387	117548000.0	6.0
29388	117552000.0	1.0
29389	117556000.0	2.0
29390	117560000.0	7.0
29391	117564000.0	4.0
29392	117568000.0	5.0
29393	117572000.0	5.0
29394	117576000.0	3.0
29395	117580000.0	9.0
29396	117584000.0	2.0
29397	117588000.0	4.0
29398	117592000.0	4.0
29399	117596000.0	4.0
29400	117600000.0	2.0
29401	117604000.0	7.0
29402	117608000.0	4.0
29403	117612000.0	6.0
29404	117616000.0	6.0
29405	117620000.0	6.0
29406	117624000.0	5.0
29407	117628000.0	3.0
29408	117632000.0	2.0
29409	117636000.0	6.0
29410	117640000.0	1.0
29411	117644000.0	3.0
29412	117648000.0	4.0
29413	117652000.0	6.0
29414	117656000.0	1.0
29415	117660000.0	3.0
29416	117664000.0	8.0
29417	117668000.0	2.0
29418	117672000.0	4.0
29419	117676000.0	5.0
29420	117680000.0	2.0
29421	117684000.0	6.0
29422	117688000.0	6.0
29423	117692000.0	2.0
29424	117696000.0	1.0
29425	117700000.0	4.0
29426	117704000.0	7.0
29427	117708000.0	3.0
29428	117712000.0	2.0
29429	117716000.0	6.0
29430	117720000.0	2.0
29431	117724000.0	6.0
29432	117728000.0	3.0
29433	117732000.0	4.0
29434	117736000.0	1.0
29435	117740000.0	3.0
29436	117744000.0	9.0
29437	117748000.0	8.0
29438	117752000.0	1.0
29439	117756000.0	6.0
29440	117760000.0	2.0
29441	117764000.0	6.0
29442	117768000.0	4.0
29443	117772000.0	5.0
29444	117776000.0	3.0
29445	117780000.0	2.0
29446	117784000.0	2.0
29447	117788000.0	6.0
29448	117792000.0	4.0
29449	117796000.0	1.0
29450	117800000.0	5.0
29451	117804000.0	7.0
29452	117808000.0	5.0
29453	117812000.0	3.0
29454	117816000.0	5.0
29455	117820000.0	3.0
29456	117824000.0	5.0
29457	117828000.0	8.0
29458	117832000.0	5.0
29459	117836000.0	5.0
29460	117840000.0	3.0
29461	117844000.0	4.0
29462	117848000.0	4.0
29463	117852000.0	6.0
29464	117856000.0	2.0
29465	117860000.0	4.0
29466	117864000.0	2.0
29467	117868000.0	6.0
29468	117872000.0	4.0
29469	117876000.0	2.0
29470	117880000.0	2.0
29471	117884000.0	4.0
29472	117888000.0	4.0
29473	117892000.0	5.0
29474	117896000.0	6.0
29475	117900000.0	5.0
29476	117904000.0	6.0
29477	117908000.0	0.0
29478	117912000.0	7.0
29479	117916000.0	6.0
29480	117920000.0	4.0
29481	117924000.0	5.0
29482	117928000.0	1.0
29483	117932000.0	2.0
29484	117936000.0	2.0
29485	117940000.0	4.0
29486	117944000.0	3.0
29487	117948000.0	6.0
29488	117952000.0	6.0
29489	117956000.0	8.0
29490	117960000.0	2.0
29491	117964000.0	8.0
29492	117968000.0	5.0
29493	117972000.0	5.0
29494	117976000.0	3.0
29495	117980000.0	2.0
29496	117984000.0	1.0
29497	117988000.0	6.0
29498	117992000.0	4.0
29499	117996000.0	3.0
29500	118000000.0	3.0
29501	118004000.0	2.0
29502	118008000.0	4.0
29503	118012000.0	1.0
29504	118016000.0	2.0
29505	118020000.0	2.0
29506	118024000.0	3.0
29507	118028000.0	3.0
29508	118032000.0	2.0
29509	118036000.0	5.0
29510	118040000.0	4.0
29511	118044000.0	4.0
29512	118048000.0	4.0
29513	118052000.0	2.0
29514	118056000.0	5.0
29515	118060000.0	6.0
29516	118064000.0	8.0
29517	118068000.0	3.0
29518	118072000.0	4.0
29519	118076000.0	3.0
29520	118080000.0	3.0
29521	118084000.0	8.0
29522	118088000.0	4.0
29523	118092000.0	4.0
29524	118096000.0	5.0
29525	118100000.0	3.0
29526	118104000.0	5.0
29527	118108000.0	3.0
29528	118112000.0	3.0
29529	118116000.0	5.0
29530	118120000.0	5.0
29531	118124000.0	5.0
29532	118128000.0	1.0
29533	118132000.0	10.0
29534	118136000.0	8.0
29535	118140000.0	7.0
29536	118144000.0	2.0
29537	118148000.0	3.0
29538	118152000.0	2.0
29539	118156000.0	9.0
29540	118160000.0	6.0
29541	118164000.0	4.0
29542	118168000.0	6.0
29543	118172000.0	0.0
29544	118176000.0	9.0
29545	118180000.0	4.0
29546	118184000.0	2.0
29547	118188000.0	4.0
29548	118192000.0	4.0
29549	118196000.0	9.0
29550	118200000.0	6.0
29551	118204000.0	6.0
29552	118208000.0	4.0
29553	118212000.0	2.0
29554	118216000.0	5.0
29555	118220000.0	3.0
29556	118224000.0	5.0
29557	118228000.0	5.0
29558	118232000.0	2.0
29559	118236000.0	7.0
29560	118240000.0	1.0
29561	118244000.0	5.0
29562	118248000.0	3.0
29563	118252000.0	2.0
29564	118256000.0	4.0
29565	118260000.0	8.0
29566	118264000.0	2.0
29567	118268000.0	7.0
29568	118272000.0	5.0
29569	118276000.0	8.0
29570	118280000.0	7.0
29571	118284000.0	5.0
29572	118288000.0	5.0
29573	118292000.0	4.0
29574	118296000.0	7.0
29575	118300000.0	1.0
29576	118304000.0	4.0
29577	118308000.0	4.0
29578	118312000.0	6.0
29579	118316000.0	2.0
29580	118320000.0	4.0
29581	118324000.0	6.0
29582	118328000.0	5.0
29583	118332000.0	4.0
29584	118336000.0	6.0
29585	118340000.0	3.0
29586	118344000.0	4.0
29587	118348000.0	2.0
29588	118352000.0	2.0
29589	118356000.0	5.0
29590	118360000.0	5.0
29591	118364000.0	1.0
29592	118368000.0	4.0
29593	118372000.0	5.0
29594	118376000.0	5.0
29595	118380000.0	4.0
29596	118384000.0	6.0
29597	118388000.0	5.0
29598	118392000.0	5.0
29599	118396000.0	4.0
29600	118400000.0	3.0
29601	118404000.0	7.0
29602	118408000.0	1.0
29603	118412000.0	3.0
29604	118416000.0	2.0
29605	118420000.0	5.0
29606	118424000.0	1.0
29607	118428000.0	3.0
29608	118432000.0	6.0
29609	118436000.0	1.0
29610	118440000.0	5.0
29611	118444000.0	6.0
29612	118448000.0	3.0
29613	118452000.0	3.0
29614	118456000.0	4.0
29615	118460000.0	4.0
29616	118464000.0	1.0
29617	118468000.0	1.0
29618	118472000.0	4.0
29619	118476000.0	4.0
29620	118480000.0	3.0
29621	118484000.0	2.0
29622	118488000.0	3.0
29623	118492000.0	3.0
29624	118496000.0	11.0
29625	118500000.0	9.0
29626	118504000.0	5.0
29627	118508000.0	3.0
29628	118512000.0	3.0
29629	118516000.0	2.0
29630	118520000.0	7.0
29631	118524000.0	2.0
29632	118528000.0	6.0
29633	118532000.0	5.0
29634	118536000.0	3.0
29635	118540000.0	4.0
29636	118544000.0	3.0
29637	118548000.0	4.0
29638	118552000.0	3.0
29639	118556000.0	7.0
29640	118560000.0	2.0
29641	118564000.0	2.0
29642	118568000.0	3.0
29643	118572000.0	4.0
29644	118576000.0	6.0
29645	118580000.0	4.0
29646	118584000.0	5.0
29647	118588000.0	6.0
29648	118592000.0	1.0
29649	118596000.0	2.0
29650	118600000.0	3.0
29651	118604000.0	4.0
29652	118608000.0	3.0
29653	118612000.0	4.0
29654	118616000.0	5.0
29655	118620000.0	9.0
29656	118624000.0	2.0
29657	118628000.0	3.0
29658	118632000.0	5.0
29659	118636000.0	2.0
29660	118640000.0	5.0
29661	118644000.0	2.0
29662	118648000.0	4.0
29663	118652000.0	7.0
29664	118656000.0	4.0
29665	118660000.0	6.0
29666	118664000.0	2.0
29667	118668000.0	2.0
29668	118672000.0	7.0
29669	118676000.0	4.0
29670	118680000.0	5.0
29671	118684000.0	5.0
29672	118688000.0	5.0
29673	118692000.0	5.0
29674	118696000.0	4.0
29675	118700000.0	3.0
29676	118704000.0	4.0
29677	118708000.0	3.0
29678	118712000.0	4.0
29679	118716000.0	5.0
29680	118720000.0	4.0
29681	118724000.0	6.0
29682	118728000.0	7.0
29683	118732000.0	5.0
29684	118736000.0	5.0
29685	118740000.0	4.0
29686	118744000.0	5.0
29687	118748000.0	0.0
29688	118752000.0	4.0
29689	118756000.0	13.0
29690	118760000.0	3.0
29691	118764000.0	3.0
29692	118768000.0	3.0
29693	118772000.0	3.0
29694	118776000.0	5.0
29695	118780000.0	7.0
29696	118784000.0	7.0
29697	118788000.0	7.0
29698	118792000.0	5.0
29699	118796000.0	4.0
29700	118800000.0	7.0
29701	118804000.0	5.0
29702	118808000.0	5.0
29703	118812000.0	5.0
29704	118816000.0	4.0
29705	118820000.0	1.0
29706	118824000.0	3.0
29707	118828000.0	1.0
29708	118832000.0	4.0
29709	118836000.0	4.0
29710	118840000.0	2.0
29711	118844000.0	3.0
29712	118848000.0	10.0
29713	118852000.0	2.0
29714	118856000.0	4.0
29715	118860000.0	1.0
29716	118864000.0	5.0
29717	118868000.0	1.0
29718	118872000.0	2.0
29719	118876000.0	3.0
29720	118880000.0	6.0
29721	118884000.0	3.0
29722	118888000.0	8.0
29723	118892000.0	4.0
29724	118896000.0	3.0
29725	118900000.0	8.0
29726	118904000.0	7.0
29727	118908000.0	4.0
29728	118912000.0	6.0
29729	118916000.0	4.0
29730	118920000.0	7.0
29731	118924000.0	2.0
29732	118928000.0	6.0
29733	118932000.0	2.0
29734	118936000.0	4.0
29735	118940000.0	5.0
29736	118944000.0	3.0
29737	118948000.0	4.0
29738	118952000.0	4.0
29739	118956000.0	4.0
29740	118960000.0	4.0
29741	118964000.0	5.0
29742	118968000.0	3.0
29743	118972000.0	6.0
29744	118976000.0	3.0
29745	118980000.0	5.0
29746	118984000.0	5.0
29747	118988000.0	5.0
29748	118992000.0	2.0
29749	118996000.0	6.0
29750	119000000.0	5.0
29751	119004000.0	4.0
29752	119008000.0	6.0
29753	119012000.0	8.0
29754	119016000.0	5.0
29755	119020000.0	4.0
29756	119024000.0	7.0
29757	119028000.0	3.0
29758	119032000.0	6.0
29759	119036000.0	6.0
29760	119040000.0	3.0
29761	119044000.0	2.0
29762	119048000.0	3.0
29763	119052000.0	2.0
29764	119056000.0	1.0
29765	119060000.0	6.0
29766	119064000.0	3.0
29767	119068000.0	1.0
29768	119072000.0	6.0
29769	119076000.0	6.0
29770	119080000.0	6.0
29771	119084000.0	5.0
29772	119088000.0	5.0
29773	119092000.0	5.0
29774	119096000.0	1.0
29775	119100000.0	3.0
29776	119104000.0	8.0
29777	119108000.0	5.0
29778	119112000.0	2.0
29779	119116000.0	5.0
29780	119120000.0	2.0
29781	119124000.0	10.0
29782	119128000.0	3.0
29783	119132000.0	5.0
29784	119136000.0	1.0
29785	119140000.0	4.0
29786	119144000.0	3.0
29787	119148000.0	0.0
29788	119152000.0	3.0
29789	119156000.0	1.0
29790	119160000.0	6.0
29791	119164000.0	6.0
29792	119168000.0	4.0
29793	119172000.0	5.0
29794	119176000.0	1.0
29795	119180000.0	5.0
29796	119184000.0	8.0
29797	119188000.0	8.0
29798	119192000.0	2.0
29799	119196000.0	2.0
29800	119200000.0	4.0
29801	119204000.0	4.0
29802	119208000.0	9.0
29803	119212000.0	2.0
29804	119216000.0	5.0
29805	119220000.0	5.0
29806	119224000.0	6.0
29807	119228000.0	5.0
29808	119232000.0	7.0
29809	119236000.0	6.0
29810	119240000.0	2.0
29811	119244000.0	6.0
29812	119248000.0	4.0
29813	119252000.0	6.0
29814	119256000.0	2.0
29815	119260000.0	3.0
29816	119264000.0	5.0
29817	119268000.0	7.0
29818	119272000.0	7.0
29819	119276000.0	5.0
29820	119280000.0	7.0
29821	119284000.0	3.0
29822	119288000.0	7.0
29823	119292000.0	4.0
29824	119296000.0	4.0
29825	119300000.0	2.0
29826	119304000.0	8.0
29827	119308000.0	6.0
29828	119312000.0	1.0
29829	119316000.0	6.0
29830	119320000.0	4.0
29831	119324000.0	6.0
29832	119328000.0	3.0
29833	119332000.0	7.0
29834	119336000.0	6.0
29835	119340000.0	4.0
29836	119344000.0	3.0
29837	119348000.0	2.0
29838	119352000.0	3.0
29839	119356000.0	4.0
29840	119360000.0	7.0
29841	119364000.0	5.0
29842	119368000.0	2.0
29843	119372000.0	5.0
29844	119376000.0	4.0
29845	119380000.0	6.0
29846	119384000.0	7.0
29847	119388000.0	3.0
29848	119392000.0	5.0
29849	119396000.0	1.0
29850	119400000.0	2.0
29851	119404000.0	6.0
29852	119408000.0	0.0
29853	119412000.0	5.0
29854	119416000.0	1.0
29855	119420000.0	1.0
29856	119424000.0	6.0
29857	119428000.0	4.0
29858	119432000.0	2.0
29859	119436000.0	3.0
29860	119440000.0	2.0
29861	119444000.0	6.0
29862	119448000.0	3.0
29863	119452000.0	6.0
29864	119456000.0	4.0
29865	119460000.0	6.0
29866	119464000.0	5.0
29867	119468000.0	3.0
29868	119472000.0	5.0
29869	119476000.0	1.0
29870	119480000.0	3.0
29871	119484000.0	5.0
29872	119488000.0	8.0
29873	119492000.0	1.0
29874	119496000.0	5.0
29875	119500000.0	5.0
29876	119504000.0	7.0
29877	119508000.0	5.0
29878	119512000.0	6.0
29879	119516000.0	2.0
29880	119520000.0	3.0
29881	119524000.0	3.0
29882	119528000.0	2.0
29883	119532000.0	3.0
29884	119536000.0	3.0
29885	119540000.0	3.0
29886	119544000.0	5.0
29887	119548000.0	4.0
29888	119552000.0	1.0
29889	119556000.0	8.0
29890	119560000.0	7.0
29891	119564000.0	6.0
29892	119568000.0	3.0
29893	119572000.0	4.0
29894	119576000.0	4.0
29895	119580000.0	3.0
29896	119584000.0	3.0
29897	119588000.0	2.0
29898	119592000.0	5.0
29899	119596000.0	2.0
29900	119600000.0	6.0
29901	119604000.0	6.0
29902	119608000.0	2.0
29903	119612000.0	2.0
29904	119616000.0	6.0
29905	119620000.0	8.0
29906	119624000.0	3.0
29907	119628000.0	7.0
29908	119632000.0	4.0
29909	119636000.0	6.0
29910	119640000.0	4.0
29911	119644000.0	5.0
29912	119648000.0	3.0
29913	119652000.0	4.0
29914	119656000.0	2.0
29915	119660000.0	5.0
29916	119664000.0	5.0
29917	119668000.0	3.0
29918	119672000.0	0.0
29919	119676000.0	5.0
29920	119680000.0	4.0
29921	119684000.0	2.0
29922	119688000.0	8.0
29923	119692000.0	3.0
29924	119696000.0	4.0
29925	119700000.0	4.0
29926	119704000.0	7.0
29927	119708000.0	6.0
29928	119712000.0	3.0
29929	119716000.0	2.0
29930	119720000.0	3.0
29931	119724000.0	1.0
29932	119728000.0	3.0
29933	119732000.0	5.0
29934	119736000.0	3.0
29935	119740000.0	5.0
29936	119744000.0	4.0
29937	119748000.0	3.0
29938	119752000.0	6.0
29939	119756000.0	4.0
29940	119760000.0	2.0
29941	119764000.0	2.0
29942	119768000.0	6.0
29943	119772000.0	6.0
29944	119776000.0	5.0
29945	119780000.0	3.0
29946	119784000.0	2.0
29947	119788000.0	4.0
29948	119792000.0	2.0
29949	119796000.0	7.0
29950	119800000.0	3.0
29951	119804000.0	2.0
29952	119808000.0	4.0
29953	119812000.0	5.0
29954	119816000.0	6.0
29955	119820000.0	5.0
29956	119824000.0	3.0
29957	119828000.0	4.0
29958	119832000.0	2.0
29959	119836000.0	3.0
29960	119840000.0	5.0
29961	119844000.0	3.0
29962	119848000.0	4.0
29963	119852000.0	5.0
29964	119856000.0	6.0
29965	119860000.0	7.0
29966	119864000.0	5.0
29967	119868000.0	6.0
29968	119872000.0	9.0
29969	119876000.0	3.0
29970	119880000.0	4.0
29971	119884000.0	7.0
29972	119888000.0	7.0
29973	119892000.0	4.0
29974	119896000.0	6.0
29975	119900000.0	7.0
29976	119904000.0	7.0
29977	119908000.0	1.0
29978	119912000.0	6.0
29979	119916000.0	10.0
29980	119920000.0	2.0
29981	119924000.0	9.0
29982	119928000.0	2.0
29983	119932000.0	5.0
29984	119936000.0	1.0
29985	119940000.0	4.0
29986	119944000.0	3.0
29987	119948000.0	10.0
29988	119952000.0	2.0
29989	119956000.0	4.0
29990	119960000.0	3.0
29991	119964000.0	1.0
29992	119968000.0	3.0
29993	119972000.0	4.0
29994	119976000.0	5.0
29995	119980000.0	7.0
29996	119984000.0	4.0
29997	119988000.0	8.0
29998	119992000.0	1.0
29999	119996000.0	4.0
30000	120000000.0	6.0
30001	120004000.0	1.0
30002	120008000.0	3.0
30003	120012000.0	4.0
30004	120016000.0	5.0
30005	120020000.0	3.0
30006	120024000.0	5.0
30007	120028000.0	5.0
30008	120032000.0	3.0
30009	120036000.0	4.0
30010	120040000.0	2.0
30011	120044000.0	1.0
30012	120048000.0	5.0
30013	120052000.0	8.0
30014	120056000.0	3.0
30015	120060000.0	4.0
30016	120064000.0	5.0
30017	120068000.0	3.0
30018	120072000.0	4.0
30019	120076000.0	4.0
30020	120080000.0	7.0
30021	120084000.0	3.0
30022	120088000.0	3.0
30023	120092000.0	5.0
30024	120096000.0	5.0
30025	120100000.0	3.0
30026	120104000.0	6.0
30027	120108000.0	5.0
30028	120112000.0	0.0
30029	120116000.0	5.0
30030	120120000.0	3.0
30031	120124000.0	3.0
30032	120128000.0	4.0
30033	120132000.0	4.0
30034	120136000.0	5.0
30035	120140000.0	1.0
30036	120144000.0	4.0
30037	120148000.0	4.0
30038	120152000.0	5.0
30039	120156000.0	5.0
30040	120160000.0	4.0
30041	120164000.0	1.0
30042	120168000.0	9.0
30043	120172000.0	6.0
30044	120176000.0	5.0
30045	120180000.0	7.0
30046	120184000.0	5.0
30047	120188000.0	9.0
30048	120192000.0	3.0
30049	120196000.0	5.0
30050	120200000.0	6.0
30051	120204000.0	3.0
30052	120208000.0	2.0
30053	120212000.0	9.0
30054	120216000.0	5.0
30055	120220000.0	4.0
30056	120224000.0	5.0
30057	120228000.0	6.0
30058	120232000.0	4.0
30059	120236000.0	3.0
30060	120240000.0	3.0
30061	120244000.0	5.0
30062	120248000.0	7.0
30063	120252000.0	3.0
30064	120256000.0	6.0
30065	120260000.0	5.0
30066	120264000.0	5.0
30067	120268000.0	6.0
30068	120272000.0	4.0
30069	120276000.0	2.0
30070	120280000.0	2.0
30071	120284000.0	4.0
30072	120288000.0	2.0
30073	120292000.0	0.0
30074	120296000.0	4.0
30075	120300000.0	6.0
30076	120304000.0	6.0
30077	120308000.0	3.0
30078	120312000.0	2.0
30079	120316000.0	5.0
30080	120320000.0	8.0
30081	120324000.0	3.0
30082	120328000.0	4.0
30083	120332000.0	6.0
30084	120336000.0	2.0
30085	120340000.0	4.0
30086	120344000.0	2.0
30087	120348000.0	3.0
30088	120352000.0	5.0
30089	120356000.0	6.0
30090	120360000.0	8.0
30091	120364000.0	2.0
30092	120368000.0	3.0
30093	120372000.0	3.0
30094	120376000.0	8.0
30095	120380000.0	5.0
30096	120384000.0	2.0
30097	120388000.0	4.0
30098	120392000.0	6.0
30099	120396000.0	5.0
30100	120400000.0	2.0
30101	120404000.0	1.0
30102	120408000.0	3.0
30103	120412000.0	6.0
30104	120416000.0	2.0
30105	120420000.0	1.0
30106	120424000.0	5.0
30107	120428000.0	4.0
30108	120432000.0	5.0
30109	120436000.0	3.0
30110	120440000.0	4.0
30111	120444000.0	5.0
30112	120448000.0	5.0
30113	120452000.0	3.0
30114	120456000.0	5.0
30115	120460000.0	4.0
30116	120464000.0	3.0
30117	120468000.0	6.0
30118	120472000.0	8.0
30119	120476000.0	3.0
30120	120480000.0	5.0
30121	120484000.0	7.0
30122	120488000.0	4.0
30123	120492000.0	3.0
30124	120496000.0	7.0
30125	120500000.0	2.0
30126	120504000.0	2.0
30127	120508000.0	2.0
30128	120512000.0	6.0
30129	120516000.0	7.0
30130	120520000.0	4.0
30131	120524000.0	3.0
30132	120528000.0	8.0
30133	120532000.0	5.0
30134	120536000.0	7.0
30135	120540000.0	6.0
30136	120544000.0	4.0
30137	120548000.0	1.0
30138	120552000.0	2.0
30139	120556000.0	3.0
30140	120560000.0	4.0
30141	120564000.0	4.0
30142	120568000.0	10.0
30143	120572000.0	5.0
30144	120576000.0	7.0
30145	120580000.0	6.0
30146	120584000.0	4.0
30147	120588000.0	4.0
30148	120592000.0	2.0
30149	120596000.0	7.0
30150	120600000.0	5.0
30151	120604000.0	4.0
30152	120608000.0	7.0
30153	120612000.0	7.0
30154	120616000.0	7.0
30155	120620000.0	3.0
30156	120624000.0	1.0
30157	120628000.0	4.0
30158	120632000.0	2.0
30159	120636000.0	7.0
30160	120640000.0	4.0
30161	120644000.0	6.0
30162	120648000.0	8.0
30163	120652000.0	6.0
30164	120656000.0	4.0
30165	120660000.0	6.0
30166	120664000.0	6.0
30167	120668000.0	5.0
30168	120672000.0	5.0
30169	120676000.0	3.0
30170	120680000.0	5.0
30171	120684000.0	4.0
30172	120688000.0	5.0
30173	120692000.0	4.0
30174	120696000.0	6.0
30175	120700000.0	9.0
30176	120704000.0	7.0
30177	120708000.0	4.0
30178	120712000.0	4.0
30179	120716000.0	8.0
30180	120720000.0	2.0
30181	120724000.0	1.0
30182	120728000.0	6.0
30183	120732000.0	5.0
30184	120736000.0	2.0
30185	120740000.0	2.0
30186	120744000.0	3.0
30187	120748000.0	4.0
30188	120752000.0	5.0
30189	120756000.0	2.0
30190	120760000.0	7.0
30191	120764000.0	2.0
30192	120768000.0	3.0
30193	120772000.0	3.0
30194	120776000.0	6.0
30195	120780000.0	8.0
30196	120784000.0	2.0
30197	120788000.0	3.0
30198	120792000.0	5.0
30199	120796000.0	6.0
30200	120800000.0	3.0
30201	120804000.0	6.0
30202	120808000.0	4.0
30203	120812000.0	3.0
30204	120816000.0	6.0
30205	120820000.0	4.0
30206	120824000.0	8.0
30207	120828000.0	3.0
30208	120832000.0	2.0
30209	120836000.0	3.0
30210	120840000.0	6.0
30211	120844000.0	4.0
30212	120848000.0	4.0
30213	120852000.0	1.0
30214	120856000.0	3.0
30215	120860000.0	5.0
30216	120864000.0	6.0
30217	120868000.0	5.0
30218	120872000.0	5.0
30219	120876000.0	2.0
30220	120880000.0	3.0
30221	120884000.0	6.0
30222	120888000.0	6.0
30223	120892000.0	6.0
30224	120896000.0	1.0
30225	120900000.0	6.0
30226	120904000.0	5.0
30227	120908000.0	6.0
30228	120912000.0	5.0
30229	120916000.0	2.0
30230	120920000.0	2.0
30231	120924000.0	7.0
30232	120928000.0	7.0
30233	120932000.0	5.0
30234	120936000.0	9.0
30235	120940000.0	4.0
30236	120944000.0	5.0
30237	120948000.0	5.0
30238	120952000.0	5.0
30239	120956000.0	2.0
30240	120960000.0	4.0
30241	120964000.0	5.0
30242	120968000.0	4.0
30243	120972000.0	5.0
30244	120976000.0	1.0
30245	120980000.0	4.0
30246	120984000.0	4.0
30247	120988000.0	2.0
30248	120992000.0	2.0
30249	120996000.0	4.0
30250	121000000.0	7.0
30251	121004000.0	3.0
30252	121008000.0	5.0
30253	121012000.0	5.0
30254	121016000.0	6.0
30255	121020000.0	0.0
30256	121024000.0	3.0
30257	121028000.0	3.0
30258	121032000.0	3.0
30259	121036000.0	2.0
30260	121040000.0	1.0
30261	121044000.0	5.0
30262	121048000.0	4.0
30263	121052000.0	5.0
30264	121056000.0	5.0
30265	121060000.0	6.0
30266	121064000.0	7.0
30267	121068000.0	5.0
30268	121072000.0	6.0
30269	121076000.0	6.0
30270	121080000.0	4.0
30271	121084000.0	5.0
30272	121088000.0	6.0
30273	121092000.0	2.0
30274	121096000.0	4.0
30275	121100000.0	2.0
30276	121104000.0	3.0
30277	121108000.0	4.0
30278	121112000.0	3.0
30279	121116000.0	3.0
30280	121120000.0	3.0
30281	121124000.0	5.0
30282	121128000.0	2.0
30283	121132000.0	4.0
30284	121136000.0	5.0
30285	121140000.0	6.0
30286	121144000.0	3.0
30287	121148000.0	9.0
30288	121152000.0	6.0
30289	121156000.0	3.0
30290	121160000.0	4.0
30291	121164000.0	2.0
30292	121168000.0	7.0
30293	121172000.0	3.0
30294	121176000.0	6.0
30295	121180000.0	7.0
30296	121184000.0	2.0
30297	121188000.0	13.0
30298	121192000.0	3.0
30299	121196000.0	4.0
30300	121200000.0	2.0
30301	121204000.0	3.0
30302	121208000.0	1.0
30303	121212000.0	5.0
30304	121216000.0	3.0
30305	121220000.0	6.0
30306	121224000.0	3.0
30307	121228000.0	3.0
30308	121232000.0	8.0
30309	121236000.0	9.0
30310	121240000.0	6.0
30311	121244000.0	7.0
30312	121248000.0	4.0
30313	121252000.0	1.0
30314	121256000.0	2.0
30315	121260000.0	1.0
30316	121264000.0	2.0
30317	121268000.0	3.0
30318	121272000.0	7.0
30319	121276000.0	6.0
30320	121280000.0	6.0
30321	121284000.0	4.0
30322	121288000.0	2.0
30323	121292000.0	2.0
30324	121296000.0	4.0
30325	121300000.0	2.0
30326	121304000.0	8.0
30327	121308000.0	7.0
30328	121312000.0	6.0
30329	121316000.0	5.0
30330	121320000.0	3.0
30331	121324000.0	4.0
30332	121328000.0	5.0
30333	121332000.0	5.0
30334	121336000.0	1.0
30335	121340000.0	4.0
30336	121344000.0	4.0
30337	121348000.0	3.0
30338	121352000.0	1.0
30339	121356000.0	2.0
30340	121360000.0	3.0
30341	121364000.0	2.0
30342	121368000.0	2.0
30343	121372000.0	5.0
30344	121376000.0	12.0
30345	121380000.0	2.0
30346	121384000.0	8.0
30347	121388000.0	7.0
30348	121392000.0	4.0
30349	121396000.0	5.0
30350	121400000.0	4.0
30351	121404000.0	8.0
30352	121408000.0	6.0
30353	121412000.0	5.0
30354	121416000.0	3.0
30355	121420000.0	6.0
30356	121424000.0	3.0
30357	121428000.0	6.0
30358	121432000.0	5.0
30359	121436000.0	8.0
30360	121440000.0	6.0
30361	121444000.0	4.0
30362	121448000.0	6.0
30363	121452000.0	2.0
30364	121456000.0	5.0
30365	121460000.0	4.0
30366	121464000.0	8.0
30367	121468000.0	2.0
30368	121472000.0	9.0
30369	121476000.0	3.0
30370	121480000.0	3.0
30371	121484000.0	3.0
30372	121488000.0	3.0
30373	121492000.0	4.0
30374	121496000.0	6.0
30375	121500000.0	2.0
30376	121504000.0	3.0
30377	121508000.0	6.0
30378	121512000.0	3.0
30379	121516000.0	6.0
30380	121520000.0	4.0
30381	121524000.0	5.0
30382	121528000.0	2.0
30383	121532000.0	4.0
30384	121536000.0	5.0
30385	121540000.0	5.0
30386	121544000.0	2.0
30387	121548000.0	4.0
30388	121552000.0	1.0
30389	121556000.0	5.0
30390	121560000.0	1.0
30391	121564000.0	5.0
30392	121568000.0	3.0
30393	121572000.0	2.0
30394	121576000.0	4.0
30395	121580000.0	6.0
30396	121584000.0	9.0
30397	121588000.0	5.0
30398	121592000.0	3.0
30399	121596000.0	4.0
30400	121600000.0	6.0
30401	121604000.0	7.0
30402	121608000.0	2.0
30403	121612000.0	5.0
30404	121616000.0	3.0
30405	121620000.0	6.0
30406	121624000.0	6.0
30407	121628000.0	6.0
30408	121632000.0	3.0
30409	121636000.0	1.0
30410	121640000.0	5.0
30411	121644000.0	3.0
30412	121648000.0	6.0
30413	121652000.0	2.0
30414	121656000.0	3.0
30415	121660000.0	5.0
30416	121664000.0	8.0
30417	121668000.0	2.0
30418	121672000.0	2.0
30419	121676000.0	3.0
30420	121680000.0	4.0
30421	121684000.0	6.0
30422	121688000.0	2.0
30423	121692000.0	2.0
30424	121696000.0	4.0
30425	121700000.0	3.0
30426	121704000.0	10.0
30427	121708000.0	3.0
30428	121712000.0	3.0
30429	121716000.0	2.0
30430	121720000.0	3.0
30431	121724000.0	1.0
30432	121728000.0	4.0
30433	121732000.0	2.0
30434	121736000.0	5.0
30435	121740000.0	3.0
30436	121744000.0	4.0
30437	121748000.0	2.0
30438	121752000.0	8.0
30439	121756000.0	3.0
30440	121760000.0	2.0
30441	121764000.0	8.0
30442	121768000.0	7.0
30443	121772000.0	6.0
30444	121776000.0	4.0
30445	121780000.0	6.0
30446	121784000.0	5.0
30447	121788000.0	3.0
30448	121792000.0	7.0
30449	121796000.0	4.0
30450	121800000.0	3.0
30451	121804000.0	2.0
30452	121808000.0	2.0
30453	121812000.0	3.0
30454	121816000.0	2.0
30455	121820000.0	3.0
30456	121824000.0	4.0
30457	121828000.0	5.0
30458	121832000.0	2.0
30459	121836000.0	4.0
30460	121840000.0	4.0
30461	121844000.0	7.0
30462	121848000.0	7.0
30463	121852000.0	4.0
30464	121856000.0	3.0
30465	121860000.0	3.0
30466	121864000.0	6.0
30467	121868000.0	4.0
30468	121872000.0	4.0
30469	121876000.0	3.0
30470	121880000.0	5.0
30471	121884000.0	3.0
30472	121888000.0	4.0
30473	121892000.0	3.0
30474	121896000.0	3.0
30475	121900000.0	5.0
30476	121904000.0	4.0
30477	121908000.0	3.0
30478	121912000.0	3.0
30479	121916000.0	5.0
30480	121920000.0	3.0
30481	121924000.0	3.0
30482	121928000.0	5.0
30483	121932000.0	1.0
30484	121936000.0	11.0
30485	121940000.0	5.0
30486	121944000.0	2.0
30487	121948000.0	8.0
30488	121952000.0	4.0
30489	121956000.0	6.0
30490	121960000.0	2.0
30491	121964000.0	5.0
30492	121968000.0	6.0
30493	121972000.0	7.0
30494	121976000.0	4.0
30495	121980000.0	3.0
30496	121984000.0	3.0
30497	121988000.0	4.0
30498	121992000.0	6.0
30499	121996000.0	4.0
30500	122000000.0	5.0
30501	122004000.0	5.0
30502	122008000.0	4.0
30503	122012000.0	4.0
30504	122016000.0	4.0
30505	122020000.0	5.0
30506	122024000.0	2.0
30507	122028000.0	4.0
30508	122032000.0	3.0
30509	122036000.0	3.0
30510	122040000.0	6.0
30511	122044000.0	7.0
30512	122048000.0	4.0
30513	122052000.0	4.0
30514	122056000.0	4.0
30515	122060000.0	8.0
30516	122064000.0	6.0
30517	122068000.0	2.0
30518	122072000.0	2.0
30519	122076000.0	3.0
30520	122080000.0	8.0
30521	122084000.0	5.0
30522	122088000.0	3.0
30523	122092000.0	4.0
30524	122096000.0	5.0
30525	122100000.0	3.0
30526	122104000.0	6.0
30527	122108000.0	3.0
30528	122112000.0	6.0
30529	122116000.0	2.0
30530	122120000.0	6.0
30531	122124000.0	9.0
30532	122128000.0	3.0
30533	122132000.0	6.0
30534	122136000.0	6.0
30535	122140000.0	4.0
30536	122144000.0	3.0
30537	122148000.0	5.0
30538	122152000.0	3.0
30539	122156000.0	0.0
30540	122160000.0	5.0
30541	122164000.0	2.0
30542	122168000.0	3.0
30543	122172000.0	4.0
30544	122176000.0	6.0
30545	122180000.0	9.0
30546	122184000.0	3.0
30547	122188000.0	3.0
30548	122192000.0	4.0
30549	122196000.0	2.0
30550	122200000.0	3.0
30551	122204000.0	1.0
30552	122208000.0	5.0
30553	122212000.0	4.0
30554	122216000.0	5.0
30555	122220000.0	5.0
30556	122224000.0	5.0
30557	122228000.0	3.0
30558	122232000.0	3.0
30559	122236000.0	1.0
30560	122240000.0	4.0
30561	122244000.0	7.0
30562	122248000.0	4.0
30563	122252000.0	1.0
30564	122256000.0	2.0
30565	122260000.0	5.0
30566	122264000.0	3.0
30567	122268000.0	4.0
30568	122272000.0	4.0
30569	122276000.0	5.0
30570	122280000.0	4.0
30571	122284000.0	5.0
30572	122288000.0	6.0
30573	122292000.0	11.0
30574	122296000.0	6.0
30575	122300000.0	5.0
30576	122304000.0	7.0
30577	122308000.0	9.0
30578	122312000.0	2.0
30579	122316000.0	3.0
30580	122320000.0	3.0
30581	122324000.0	8.0
30582	122328000.0	5.0
30583	122332000.0	3.0
30584	122336000.0	0.0
30585	122340000.0	5.0
30586	122344000.0	1.0
30587	122348000.0	4.0
30588	122352000.0	6.0
30589	122356000.0	6.0
30590	122360000.0	5.0
30591	122364000.0	2.0
30592	122368000.0	3.0
30593	122372000.0	4.0
30594	122376000.0	0.0
30595	122380000.0	4.0
30596	122384000.0	2.0
30597	122388000.0	11.0
30598	122392000.0	6.0
30599	122396000.0	4.0
30600	122400000.0	3.0
30601	122404000.0	5.0
30602	122408000.0	2.0
30603	122412000.0	4.0
30604	122416000.0	4.0
30605	122420000.0	4.0
30606	122424000.0	3.0
30607	122428000.0	6.0
30608	122432000.0	3.0
30609	122436000.0	1.0
30610	122440000.0	2.0
30611	122444000.0	3.0
30612	122448000.0	6.0
30613	122452000.0	2.0
30614	122456000.0	2.0
30615	122460000.0	3.0
30616	122464000.0	7.0
30617	122468000.0	4.0
30618	122472000.0	2.0
30619	122476000.0	3.0
30620	122480000.0	4.0
30621	122484000.0	3.0
30622	122488000.0	5.0
30623	122492000.0	5.0
30624	122496000.0	4.0
30625	122500000.0	5.0
30626	122504000.0	7.0
30627	122508000.0	4.0
30628	122512000.0	5.0
30629	122516000.0	7.0
30630	122520000.0	2.0
30631	122524000.0	6.0
30632	122528000.0	5.0
30633	122532000.0	3.0
30634	122536000.0	2.0
30635	122540000.0	4.0
30636	122544000.0	1.0
30637	122548000.0	4.0
30638	122552000.0	3.0
30639	122556000.0	5.0
30640	122560000.0	1.0
30641	122564000.0	3.0
30642	122568000.0	3.0
30643	122572000.0	5.0
30644	122576000.0	3.0
30645	122580000.0	5.0
30646	122584000.0	2.0
30647	122588000.0	4.0
30648	122592000.0	3.0
30649	122596000.0	2.0
30650	122600000.0	1.0
30651	122604000.0	6.0
30652	122608000.0	3.0
30653	122612000.0	1.0
30654	122616000.0	4.0
30655	122620000.0	7.0
30656	122624000.0	3.0
30657	122628000.0	2.0
30658	122632000.0	5.0
30659	122636000.0	4.0
30660	122640000.0	3.0
30661	122644000.0	6.0
30662	122648000.0	8.0
30663	122652000.0	3.0
30664	122656000.0	4.0
30665	122660000.0	6.0
30666	122664000.0	0.0
30667	122668000.0	3.0
30668	122672000.0	3.0
30669	122676000.0	4.0
30670	122680000.0	4.0
30671	122684000.0	4.0
30672	122688000.0	4.0
30673	122692000.0	2.0
30674	122696000.0	2.0
30675	122700000.0	7.0
30676	122704000.0	1.0
30677	122708000.0	1.0
30678	122712000.0	4.0
30679	122716000.0	3.0
30680	122720000.0	5.0
30681	122724000.0	5.0
30682	122728000.0	3.0
30683	122732000.0	4.0
30684	122736000.0	4.0
30685	122740000.0	4.0
30686	122744000.0	5.0
30687	122748000.0	5.0
30688	122752000.0	3.0
30689	122756000.0	4.0
30690	122760000.0	7.0
30691	122764000.0	4.0
30692	122768000.0	4.0
30693	122772000.0	2.0
30694	122776000.0	1.0
30695	122780000.0	2.0
30696	122784000.0	2.0
30697	122788000.0	10.0
30698	122792000.0	3.0
30699	122796000.0	1.0
30700	122800000.0	3.0
30701	122804000.0	11.0
30702	122808000.0	6.0
30703	122812000.0	6.0
30704	122816000.0	5.0
30705	122820000.0	5.0
30706	122824000.0	6.0
30707	122828000.0	3.0
30708	122832000.0	2.0
30709	122836000.0	3.0
30710	122840000.0	5.0
30711	122844000.0	4.0
30712	122848000.0	1.0
30713	122852000.0	2.0
30714	122856000.0	7.0
30715	122860000.0	3.0
30716	122864000.0	5.0
30717	122868000.0	7.0
30718	122872000.0	4.0
30719	122876000.0	5.0
30720	122880000.0	0.0
30721	122884000.0	2.0
30722	122888000.0	4.0
30723	122892000.0	6.0
30724	122896000.0	8.0
30725	122900000.0	4.0
30726	122904000.0	5.0
30727	122908000.0	5.0
30728	122912000.0	2.0
30729	122916000.0	2.0
30730	122920000.0	6.0
30731	122924000.0	6.0
30732	122928000.0	4.0
30733	122932000.0	3.0
30734	122936000.0	3.0
30735	122940000.0	5.0
30736	122944000.0	7.0
30737	122948000.0	2.0
30738	122952000.0	0.0
30739	122956000.0	2.0
30740	122960000.0	4.0
30741	122964000.0	5.0
30742	122968000.0	3.0
30743	122972000.0	4.0
30744	122976000.0	2.0
30745	122980000.0	2.0
30746	122984000.0	1.0
30747	122988000.0	3.0
30748	122992000.0	6.0
30749	122996000.0	3.0
30750	123000000.0	4.0
30751	123004000.0	4.0
30752	123008000.0	6.0
30753	123012000.0	4.0
30754	123016000.0	4.0
30755	123020000.0	2.0
30756	123024000.0	4.0
30757	123028000.0	3.0
30758	123032000.0	1.0
30759	123036000.0	6.0
30760	123040000.0	2.0
30761	123044000.0	2.0
30762	123048000.0	5.0
30763	123052000.0	9.0
30764	123056000.0	3.0
30765	123060000.0	1.0
30766	123064000.0	0.0
30767	123068000.0	9.0
30768	123072000.0	3.0
30769	123076000.0	4.0
30770	123080000.0	3.0
30771	123084000.0	3.0
30772	123088000.0	6.0
30773	123092000.0	2.0
30774	123096000.0	4.0
30775	123100000.0	3.0
30776	123104000.0	4.0
30777	123108000.0	2.0
30778	123112000.0	5.0
30779	123116000.0	10.0
30780	123120000.0	10.0
30781	123124000.0	5.0
30782	123128000.0	6.0
30783	123132000.0	6.0
30784	123136000.0	1.0
30785	123140000.0	4.0
30786	123144000.0	1.0
30787	123148000.0	5.0
30788	123152000.0	2.0
30789	123156000.0	5.0
30790	123160000.0	3.0
30791	123164000.0	3.0
30792	123168000.0	8.0
30793	123172000.0	4.0
30794	123176000.0	2.0
30795	123180000.0	4.0
30796	123184000.0	4.0
30797	123188000.0	3.0
30798	123192000.0	4.0
30799	123196000.0	5.0
30800	123200000.0	2.0
30801	123204000.0	2.0
30802	123208000.0	5.0
30803	123212000.0	5.0
30804	123216000.0	4.0
30805	123220000.0	3.0
30806	123224000.0	5.0
30807	123228000.0	5.0
30808	123232000.0	3.0
30809	123236000.0	4.0
30810	123240000.0	3.0
30811	123244000.0	6.0
30812	123248000.0	6.0
30813	123252000.0	3.0
30814	123256000.0	6.0
30815	123260000.0	6.0
30816	123264000.0	7.0
30817	123268000.0	2.0
30818	123272000.0	5.0
30819	123276000.0	7.0
30820	123280000.0	2.0
30821	123284000.0	2.0
30822	123288000.0	5.0
30823	123292000.0	4.0
30824	123296000.0	5.0
30825	123300000.0	3.0
30826	123304000.0	4.0
30827	123308000.0	5.0
30828	123312000.0	5.0
30829	123316000.0	1.0
30830	123320000.0	4.0
30831	123324000.0	10.0
30832	123328000.0	3.0
30833	123332000.0	3.0
30834	123336000.0	0.0
30835	123340000.0	4.0
30836	123344000.0	6.0
30837	123348000.0	6.0
30838	123352000.0	6.0
30839	123356000.0	2.0
30840	123360000.0	2.0
30841	123364000.0	3.0
30842	123368000.0	4.0
30843	123372000.0	7.0
30844	123376000.0	5.0
30845	123380000.0	7.0
30846	123384000.0	3.0
30847	123388000.0	4.0
30848	123392000.0	4.0
30849	123396000.0	4.0
30850	123400000.0	6.0
30851	123404000.0	4.0
30852	123408000.0	7.0
30853	123412000.0	7.0
30854	123416000.0	3.0
30855	123420000.0	4.0
30856	123424000.0	2.0
30857	123428000.0	3.0
30858	123432000.0	1.0
30859	123436000.0	10.0
30860	123440000.0	5.0
30861	123444000.0	7.0
30862	123448000.0	5.0
30863	123452000.0	4.0
30864	123456000.0	2.0
30865	123460000.0	6.0
30866	123464000.0	2.0
30867	123468000.0	0.0
30868	123472000.0	2.0
30869	123476000.0	3.0
30870	123480000.0	5.0
30871	123484000.0	8.0
30872	123488000.0	6.0
30873	123492000.0	7.0
30874	123496000.0	4.0
30875	123500000.0	4.0
30876	123504000.0	0.0
30877	123508000.0	7.0
30878	123512000.0	2.0
30879	123516000.0	7.0
30880	123520000.0	3.0
30881	123524000.0	5.0
30882	123528000.0	2.0
30883	123532000.0	2.0
30884	123536000.0	5.0
30885	123540000.0	4.0
30886	123544000.0	7.0
30887	123548000.0	2.0
30888	123552000.0	7.0
30889	123556000.0	5.0
30890	123560000.0	3.0
30891	123564000.0	8.0
30892	123568000.0	3.0
30893	123572000.0	4.0
30894	123576000.0	5.0
30895	123580000.0	6.0
30896	123584000.0	1.0
30897	123588000.0	6.0
30898	123592000.0	2.0
30899	123596000.0	6.0
30900	123600000.0	3.0
30901	123604000.0	5.0
30902	123608000.0	5.0
30903	123612000.0	6.0
30904	123616000.0	6.0
30905	123620000.0	3.0
30906	123624000.0	5.0
30907	123628000.0	4.0
30908	123632000.0	1.0
30909	123636000.0	4.0
30910	123640000.0	6.0
30911	123644000.0	3.0
30912	123648000.0	5.0
30913	123652000.0	4.0
30914	123656000.0	3.0
30915	123660000.0	3.0
30916	123664000.0	4.0
30917	123668000.0	3.0
30918	123672000.0	1.0
30919	123676000.0	6.0
30920	123680000.0	2.0
30921	123684000.0	3.0
30922	123688000.0	5.0
30923	123692000.0	3.0
30924	123696000.0	3.0
30925	123700000.0	2.0
30926	123704000.0	2.0
30927	123708000.0	6.0
30928	123712000.0	3.0
30929	123716000.0	6.0
30930	123720000.0	4.0
30931	123724000.0	3.0
30932	123728000.0	5.0
30933	123732000.0	9.0
30934	123736000.0	2.0
30935	123740000.0	3.0
30936	123744000.0	3.0
30937	123748000.0	2.0
30938	123752000.0	4.0
30939	123756000.0	3.0
30940	123760000.0	4.0
30941	123764000.0	6.0
30942	123768000.0	6.0
30943	123772000.0	3.0
30944	123776000.0	5.0
30945	123780000.0	1.0
30946	123784000.0	3.0
30947	123788000.0	7.0
30948	123792000.0	1.0
30949	123796000.0	5.0
30950	123800000.0	2.0
30951	123804000.0	3.0
30952	123808000.0	2.0
30953	123812000.0	3.0
30954	123816000.0	1.0
30955	123820000.0	2.0
30956	123824000.0	5.0
30957	123828000.0	1.0
30958	123832000.0	10.0
30959	123836000.0	5.0
30960	123840000.0	3.0
30961	123844000.0	3.0
30962	123848000.0	2.0
30963	123852000.0	2.0
30964	123856000.0	1.0
30965	123860000.0	3.0
30966	123864000.0	4.0
30967	123868000.0	1.0
30968	123872000.0	10.0
30969	123876000.0	3.0
30970	123880000.0	4.0
30971	123884000.0	3.0
30972	123888000.0	4.0
30973	123892000.0	5.0
30974	123896000.0	4.0
30975	123900000.0	1.0
30976	123904000.0	2.0
30977	123908000.0	1.0
30978	123912000.0	2.0
30979	123916000.0	4.0
30980	123920000.0	6.0
30981	123924000.0	3.0
30982	123928000.0	5.0
30983	123932000.0	3.0
30984	123936000.0	1.0
30985	123940000.0	3.0
30986	123944000.0	1.0
30987	123948000.0	3.0
30988	123952000.0	6.0
30989	123956000.0	2.0
30990	123960000.0	1.0
30991	123964000.0	6.0
30992	123968000.0	1.0
30993	123972000.0	4.0
30994	123976000.0	4.0
30995	123980000.0	4.0
30996	123984000.0	6.0
30997	123988000.0	5.0
30998	123992000.0	6.0
30999	123996000.0	7.0
31000	124000000.0	4.0
31001	124004000.0	7.0
31002	124008000.0	2.0
31003	124012000.0	3.0
31004	124016000.0	3.0
31005	124020000.0	3.0
31006	124024000.0	4.0
31007	124028000.0	4.0
31008	124032000.0	8.0
31009	124036000.0	3.0
31010	124040000.0	6.0
31011	124044000.0	4.0
31012	124048000.0	8.0
31013	124052000.0	2.0
31014	124056000.0	1.0
31015	124060000.0	3.0
31016	124064000.0	1.0
31017	124068000.0	6.0
31018	124072000.0	3.0
31019	124076000.0	4.0
31020	124080000.0	3.0
31021	124084000.0	6.0
31022	124088000.0	1.0
31023	124092000.0	4.0
31024	124096000.0	3.0
31025	124100000.0	3.0
31026	124104000.0	5.0
31027	124108000.0	2.0
31028	124112000.0	6.0
31029	124116000.0	5.0
31030	124120000.0	5.0
31031	124124000.0	4.0
31032	124128000.0	5.0
31033	124132000.0	3.0
31034	124136000.0	3.0
31035	124140000.0	5.0
31036	124144000.0	5.0
31037	124148000.0	5.0
31038	124152000.0	8.0
31039	124156000.0	4.0
31040	124160000.0	1.0
31041	124164000.0	1.0
31042	124168000.0	2.0
31043	124172000.0	5.0
31044	124176000.0	3.0
31045	124180000.0	3.0
31046	124184000.0	3.0
31047	124188000.0	5.0
31048	124192000.0	5.0
31049	124196000.0	4.0
31050	124200000.0	1.0
31051	124204000.0	3.0
31052	124208000.0	5.0
31053	124212000.0	2.0
31054	124216000.0	1.0
31055	124220000.0	1.0
31056	124224000.0	4.0
31057	124228000.0	7.0
31058	124232000.0	4.0
31059	124236000.0	5.0
31060	124240000.0	7.0
31061	124244000.0	6.0
31062	124248000.0	4.0
31063	124252000.0	4.0
31064	124256000.0	7.0
31065	124260000.0	7.0
31066	124264000.0	4.0
31067	124268000.0	5.0
31068	124272000.0	6.0
31069	124276000.0	5.0
31070	124280000.0	5.0
31071	124284000.0	7.0
31072	124288000.0	4.0
31073	124292000.0	7.0
31074	124296000.0	8.0
31075	124300000.0	3.0
31076	124304000.0	7.0
31077	124308000.0	2.0
31078	124312000.0	3.0
31079	124316000.0	4.0
31080	124320000.0	2.0
31081	124324000.0	2.0
31082	124328000.0	5.0
31083	124332000.0	5.0
31084	124336000.0	4.0
31085	124340000.0	2.0
31086	124344000.0	3.0
31087	124348000.0	4.0
31088	124352000.0	3.0
31089	124356000.0	4.0
31090	124360000.0	8.0
31091	124364000.0	5.0
31092	124368000.0	4.0
31093	124372000.0	1.0
31094	124376000.0	5.0
31095	124380000.0	5.0
31096	124384000.0	5.0
31097	124388000.0	4.0
31098	124392000.0	2.0
31099	124396000.0	4.0
31100	124400000.0	4.0
31101	124404000.0	6.0
31102	124408000.0	3.0
31103	124412000.0	3.0
31104	124416000.0	4.0
31105	124420000.0	0.0
31106	124424000.0	5.0
31107	124428000.0	4.0
31108	124432000.0	2.0
31109	124436000.0	7.0
31110	124440000.0	3.0
31111	124444000.0	5.0
31112	124448000.0	3.0
31113	124452000.0	2.0
31114	124456000.0	5.0
31115	124460000.0	7.0
31116	124464000.0	1.0
31117	124468000.0	5.0
31118	124472000.0	2.0
31119	124476000.0	3.0
31120	124480000.0	3.0
31121	124484000.0	6.0
31122	124488000.0	5.0
31123	124492000.0	4.0
31124	124496000.0	5.0
31125	124500000.0	7.0
31126	124504000.0	3.0
31127	124508000.0	4.0
31128	124512000.0	4.0
31129	124516000.0	3.0
31130	124520000.0	9.0
31131	124524000.0	9.0
31132	124528000.0	6.0
31133	124532000.0	4.0
31134	124536000.0	8.0
31135	124540000.0	6.0
31136	124544000.0	3.0
31137	124548000.0	7.0
31138	124552000.0	4.0
31139	124556000.0	4.0
31140	124560000.0	1.0
31141	124564000.0	4.0
31142	124568000.0	5.0
31143	124572000.0	7.0
31144	124576000.0	2.0
31145	124580000.0	4.0
31146	124584000.0	4.0
31147	124588000.0	6.0
31148	124592000.0	5.0
31149	124596000.0	3.0
31150	124600000.0	3.0
31151	124604000.0	6.0
31152	124608000.0	3.0
31153	124612000.0	4.0
31154	124616000.0	4.0
31155	124620000.0	7.0
31156	124624000.0	2.0
31157	124628000.0	0.0
31158	124632000.0	3.0
31159	124636000.0	3.0
31160	124640000.0	4.0
31161	124644000.0	3.0
31162	124648000.0	6.0
31163	124652000.0	5.0
31164	124656000.0	4.0
31165	124660000.0	5.0
31166	124664000.0	2.0
31167	124668000.0	9.0
31168	124672000.0	4.0
31169	124676000.0	2.0
31170	124680000.0	4.0
31171	124684000.0	7.0
31172	124688000.0	2.0
31173	124692000.0	9.0
31174	124696000.0	1.0
31175	124700000.0	5.0
31176	124704000.0	4.0
31177	124708000.0	3.0
31178	124712000.0	6.0
31179	124716000.0	7.0
31180	124720000.0	3.0
31181	124724000.0	8.0
31182	124728000.0	3.0
31183	124732000.0	6.0
31184	124736000.0	3.0
31185	124740000.0	5.0
31186	124744000.0	5.0
31187	124748000.0	6.0
31188	124752000.0	7.0
31189	124756000.0	7.0
31190	124760000.0	4.0
31191	124764000.0	2.0
31192	124768000.0	2.0
31193	124772000.0	5.0
31194	124776000.0	5.0
31195	124780000.0	4.0
31196	124784000.0	4.0
31197	124788000.0	6.0
31198	124792000.0	4.0
31199	124796000.0	5.0
31200	124800000.0	3.0
31201	124804000.0	6.0
31202	124808000.0	5.0
31203	124812000.0	5.0
31204	124816000.0	1.0
31205	124820000.0	5.0
31206	124824000.0	4.0
31207	124828000.0	4.0
31208	124832000.0	6.0
31209	124836000.0	2.0
31210	124840000.0	6.0
31211	124844000.0	4.0
31212	124848000.0	3.0
31213	124852000.0	2.0
31214	124856000.0	9.0
31215	124860000.0	5.0
31216	124864000.0	4.0
31217	124868000.0	3.0
31218	124872000.0	6.0
31219	124876000.0	4.0
31220	124880000.0	7.0
31221	124884000.0	3.0
31222	124888000.0	5.0
31223	124892000.0	6.0
31224	124896000.0	4.0
31225	124900000.0	4.0
31226	124904000.0	2.0
31227	124908000.0	5.0
31228	124912000.0	7.0
31229	124916000.0	3.0
31230	124920000.0	3.0
31231	124924000.0	4.0
31232	124928000.0	5.0
31233	124932000.0	4.0
31234	124936000.0	5.0
31235	124940000.0	2.0
31236	124944000.0	4.0
31237	124948000.0	4.0
31238	124952000.0	3.0
31239	124956000.0	5.0
31240	124960000.0	4.0
31241	124964000.0	5.0
31242	124968000.0	0.0
31243	124972000.0	6.0
31244	124976000.0	5.0
31245	124980000.0	7.0
31246	124984000.0	5.0
31247	124988000.0	9.0
31248	124992000.0	2.0
31249	124996000.0	6.0
31250	125000000.0	7.0
31251	125004000.0	2.0
31252	125008000.0	3.0
31253	125012000.0	3.0
31254	125016000.0	3.0
31255	125020000.0	5.0
31256	125024000.0	5.0
31257	125028000.0	3.0
31258	125032000.0	6.0
31259	125036000.0	5.0
31260	125040000.0	5.0
31261	125044000.0	6.0
31262	125048000.0	1.0
31263	125052000.0	4.0
31264	125056000.0	4.0
31265	125060000.0	6.0
31266	125064000.0	3.0
31267	125068000.0	1.0
31268	125072000.0	5.0
31269	125076000.0	6.0
31270	125080000.0	2.0
31271	125084000.0	3.0
31272	125088000.0	8.0
31273	125092000.0	3.0
31274	125096000.0	4.0
31275	125100000.0	5.0
31276	125104000.0	4.0
31277	125108000.0	1.0
31278	125112000.0	5.0
31279	125116000.0	6.0
31280	125120000.0	4.0
31281	125124000.0	4.0
31282	125128000.0	2.0
31283	125132000.0	2.0
31284	125136000.0	1.0
31285	125140000.0	7.0
31286	125144000.0	6.0
31287	125148000.0	7.0
31288	125152000.0	4.0
31289	125156000.0	1.0
31290	125160000.0	6.0
31291	125164000.0	6.0
31292	125168000.0	6.0
31293	125172000.0	6.0
31294	125176000.0	11.0
31295	125180000.0	8.0
31296	125184000.0	3.0
31297	125188000.0	4.0
31298	125192000.0	4.0
31299	125196000.0	6.0
31300	125200000.0	2.0
31301	125204000.0	6.0
31302	125208000.0	4.0
31303	125212000.0	3.0
31304	125216000.0	2.0
31305	125220000.0	4.0
31306	125224000.0	3.0
31307	125228000.0	3.0
31308	125232000.0	3.0
31309	125236000.0	3.0
31310	125240000.0	4.0
31311	125244000.0	2.0
31312	125248000.0	6.0
31313	125252000.0	4.0
31314	125256000.0	6.0
31315	125260000.0	5.0
31316	125264000.0	3.0
31317	125268000.0	3.0
31318	125272000.0	1.0
31319	125276000.0	4.0
31320	125280000.0	3.0
31321	125284000.0	2.0
31322	125288000.0	3.0
31323	125292000.0	3.0
31324	125296000.0	9.0
31325	125300000.0	1.0
31326	125304000.0	6.0
31327	125308000.0	6.0
31328	125312000.0	4.0
31329	125316000.0	4.0
31330	125320000.0	3.0
31331	125324000.0	3.0
31332	125328000.0	3.0
31333	125332000.0	9.0
31334	125336000.0	4.0
31335	125340000.0	7.0
31336	125344000.0	4.0
31337	125348000.0	1.0
31338	125352000.0	2.0
31339	125356000.0	5.0
31340	125360000.0	6.0
31341	125364000.0	2.0
31342	125368000.0	7.0
31343	125372000.0	4.0
31344	125376000.0	1.0
31345	125380000.0	3.0
31346	125384000.0	3.0
31347	125388000.0	4.0
31348	125392000.0	2.0
31349	125396000.0	7.0
31350	125400000.0	9.0
31351	125404000.0	3.0
31352	125408000.0	0.0
31353	125412000.0	3.0
31354	125416000.0	6.0
31355	125420000.0	3.0
31356	125424000.0	5.0
31357	125428000.0	4.0
31358	125432000.0	8.0
31359	125436000.0	4.0
31360	125440000.0	5.0
31361	125444000.0	2.0
31362	125448000.0	1.0
31363	125452000.0	5.0
31364	125456000.0	3.0
31365	125460000.0	5.0
31366	125464000.0	5.0
31367	125468000.0	4.0
31368	125472000.0	4.0
31369	125476000.0	4.0
31370	125480000.0	0.0
31371	125484000.0	6.0
31372	125488000.0	3.0
31373	125492000.0	1.0
31374	125496000.0	4.0
31375	125500000.0	6.0
31376	125504000.0	9.0
31377	125508000.0	2.0
31378	125512000.0	4.0
31379	125516000.0	5.0
31380	125520000.0	6.0
31381	125524000.0	3.0
31382	125528000.0	2.0
31383	125532000.0	5.0
31384	125536000.0	4.0
31385	125540000.0	5.0
31386	125544000.0	3.0
31387	125548000.0	5.0
31388	125552000.0	3.0
31389	125556000.0	4.0
31390	125560000.0	4.0
31391	125564000.0	2.0
31392	125568000.0	3.0
31393	125572000.0	6.0
31394	125576000.0	7.0
31395	125580000.0	3.0
31396	125584000.0	2.0
31397	125588000.0	4.0
31398	125592000.0	5.0
31399	125596000.0	6.0
31400	125600000.0	5.0
31401	125604000.0	4.0
31402	125608000.0	6.0
31403	125612000.0	1.0
31404	125616000.0	5.0
31405	125620000.0	4.0
31406	125624000.0	3.0
31407	125628000.0	2.0
31408	125632000.0	4.0
31409	125636000.0	4.0
31410	125640000.0	7.0
31411	125644000.0	7.0
31412	125648000.0	5.0
31413	125652000.0	5.0
31414	125656000.0	3.0
31415	125660000.0	4.0
31416	125664000.0	3.0
31417	125668000.0	5.0
31418	125672000.0	4.0
31419	125676000.0	3.0
31420	125680000.0	3.0
31421	125684000.0	2.0
31422	125688000.0	5.0
31423	125692000.0	6.0
31424	125696000.0	3.0
31425	125700000.0	2.0
31426	125704000.0	5.0
31427	125708000.0	1.0
31428	125712000.0	2.0
31429	125716000.0	7.0
31430	125720000.0	3.0
31431	125724000.0	4.0
31432	125728000.0	6.0
31433	125732000.0	3.0
31434	125736000.0	3.0
31435	125740000.0	6.0
31436	125744000.0	1.0
31437	125748000.0	1.0
31438	125752000.0	3.0
31439	125756000.0	6.0
31440	125760000.0	5.0
31441	125764000.0	4.0
31442	125768000.0	3.0
31443	125772000.0	2.0
31444	125776000.0	1.0
31445	125780000.0	2.0
31446	125784000.0	5.0
31447	125788000.0	4.0
31448	125792000.0	4.0
31449	125796000.0	7.0
31450	125800000.0	1.0
31451	125804000.0	2.0
31452	125808000.0	3.0
31453	125812000.0	4.0
31454	125816000.0	11.0
31455	125820000.0	3.0
31456	125824000.0	2.0
31457	125828000.0	2.0
31458	125832000.0	6.0
31459	125836000.0	6.0
31460	125840000.0	5.0
31461	125844000.0	4.0
31462	125848000.0	4.0
31463	125852000.0	7.0
31464	125856000.0	5.0
31465	125860000.0	3.0
31466	125864000.0	3.0
31467	125868000.0	3.0
31468	125872000.0	3.0
31469	125876000.0	2.0
31470	125880000.0	5.0
31471	125884000.0	2.0
31472	125888000.0	2.0
31473	125892000.0	1.0
31474	125896000.0	8.0
31475	125900000.0	5.0
31476	125904000.0	4.0
31477	125908000.0	2.0
31478	125912000.0	6.0
31479	125916000.0	5.0
31480	125920000.0	8.0
31481	125924000.0	6.0
31482	125928000.0	7.0
31483	125932000.0	7.0
31484	125936000.0	2.0
31485	125940000.0	6.0
31486	125944000.0	2.0
31487	125948000.0	7.0
31488	125952000.0	3.0
31489	125956000.0	2.0
31490	125960000.0	2.0
31491	125964000.0	4.0
31492	125968000.0	4.0
31493	125972000.0	5.0
31494	125976000.0	2.0
31495	125980000.0	4.0
31496	125984000.0	3.0
31497	125988000.0	2.0
31498	125992000.0	6.0
31499	125996000.0	4.0
31500	126000000.0	3.0
31501	126004000.0	3.0
31502	126008000.0	3.0
31503	126012000.0	2.0
31504	126016000.0	5.0
31505	126020000.0	4.0
31506	126024000.0	5.0
31507	126028000.0	4.0
31508	126032000.0	3.0
31509	126036000.0	3.0
31510	126040000.0	2.0
31511	126044000.0	7.0
31512	126048000.0	4.0
31513	126052000.0	4.0
31514	126056000.0	6.0
31515	126060000.0	2.0
31516	126064000.0	3.0
31517	126068000.0	8.0
31518	126072000.0	5.0
31519	126076000.0	4.0
31520	126080000.0	5.0
31521	126084000.0	5.0
31522	126088000.0	3.0
31523	126092000.0	3.0
31524	126096000.0	8.0
31525	126100000.0	4.0
31526	126104000.0	5.0
31527	126108000.0	2.0
31528	126112000.0	3.0
31529	126116000.0	5.0
31530	126120000.0	4.0
31531	126124000.0	4.0
31532	126128000.0	7.0
31533	126132000.0	4.0
31534	126136000.0	4.0
31535	126140000.0	4.0
31536	126144000.0	1.0
31537	126148000.0	6.0
31538	126152000.0	4.0
31539	126156000.0	2.0
31540	126160000.0	6.0
31541	126164000.0	7.0
31542	126168000.0	4.0
31543	126172000.0	2.0
31544	126176000.0	4.0
31545	126180000.0	4.0
31546	126184000.0	4.0
31547	126188000.0	0.0
31548	126192000.0	4.0
31549	126196000.0	2.0
31550	126200000.0	3.0
31551	126204000.0	4.0
31552	126208000.0	4.0
31553	126212000.0	5.0
31554	126216000.0	5.0
31555	126220000.0	4.0
31556	126224000.0	2.0
31557	126228000.0	3.0
31558	126232000.0	5.0
31559	126236000.0	5.0
31560	126240000.0	3.0
31561	126244000.0	5.0
31562	126248000.0	7.0
31563	126252000.0	4.0
31564	126256000.0	3.0
31565	126260000.0	2.0
31566	126264000.0	6.0
31567	126268000.0	4.0
31568	126272000.0	6.0
31569	126276000.0	4.0
31570	126280000.0	3.0
31571	126284000.0	6.0
31572	126288000.0	5.0
31573	126292000.0	3.0
31574	126296000.0	2.0
31575	126300000.0	5.0
31576	126304000.0	2.0
31577	126308000.0	2.0
31578	126312000.0	5.0
31579	126316000.0	2.0
31580	126320000.0	1.0
31581	126324000.0	1.0
31582	126328000.0	3.0
31583	126332000.0	2.0
31584	126336000.0	2.0
31585	126340000.0	2.0
31586	126344000.0	1.0
31587	126348000.0	2.0
31588	126352000.0	4.0
31589	126356000.0	3.0
31590	126360000.0	1.0
31591	126364000.0	1.0
31592	126368000.0	1.0
31593	126372000.0	3.0
31594	126376000.0	1.0
31595	126380000.0	7.0
31596	126384000.0	5.0
31597	126388000.0	0.0
31598	126392000.0	5.0
31599	126396000.0	3.0
31600	126400000.0	4.0
31601	126404000.0	6.0
31602	126408000.0	1.0
31603	126412000.0	3.0
31604	126416000.0	6.0
31605	126420000.0	3.0
31606	126424000.0	1.0
31607	126428000.0	3.0
31608	126432000.0	3.0
31609	126436000.0	4.0
31610	126440000.0	3.0
31611	126444000.0	7.0
31612	126448000.0	7.0
31613	126452000.0	2.0
31614	126456000.0	4.0
31615	126460000.0	5.0
31616	126464000.0	3.0
31617	126468000.0	3.0
31618	126472000.0	1.0
31619	126476000.0	3.0
31620	126480000.0	0.0
31621	126484000.0	4.0
31622	126488000.0	2.0
31623	126492000.0	6.0
31624	126496000.0	6.0
31625	126500000.0	6.0
31626	126504000.0	0.0
31627	126508000.0	3.0
31628	126512000.0	4.0
31629	126516000.0	2.0
31630	126520000.0	7.0
31631	126524000.0	6.0
31632	126528000.0	3.0
31633	126532000.0	3.0
31634	126536000.0	7.0
31635	126540000.0	3.0
31636	126544000.0	1.0
31637	126548000.0	2.0
31638	126552000.0	7.0
31639	126556000.0	4.0
31640	126560000.0	7.0
31641	126564000.0	7.0
31642	126568000.0	6.0
31643	126572000.0	2.0
31644	126576000.0	1.0
31645	126580000.0	3.0
31646	126584000.0	8.0
31647	126588000.0	3.0
31648	126592000.0	3.0
31649	126596000.0	3.0
31650	126600000.0	8.0
31651	126604000.0	5.0
31652	126608000.0	2.0
31653	126612000.0	5.0
31654	126616000.0	4.0
31655	126620000.0	3.0
31656	126624000.0	4.0
31657	126628000.0	2.0
31658	126632000.0	3.0
31659	126636000.0	4.0
31660	126640000.0	1.0
31661	126644000.0	5.0
31662	126648000.0	2.0
31663	126652000.0	5.0
31664	126656000.0	5.0
31665	126660000.0	5.0
31666	126664000.0	1.0
31667	126668000.0	4.0
31668	126672000.0	2.0
31669	126676000.0	2.0
31670	126680000.0	1.0
31671	126684000.0	2.0
31672	126688000.0	3.0
31673	126692000.0	7.0
31674	126696000.0	6.0
31675	126700000.0	5.0
31676	126704000.0	2.0
31677	126708000.0	5.0
31678	126712000.0	4.0
31679	126716000.0	3.0
31680	126720000.0	4.0
31681	126724000.0	4.0
31682	126728000.0	2.0
31683	126732000.0	3.0
31684	126736000.0	3.0
31685	126740000.0	4.0
31686	126744000.0	3.0
31687	126748000.0	3.0
31688	126752000.0	2.0
31689	126756000.0	6.0
31690	126760000.0	6.0
31691	126764000.0	2.0
31692	126768000.0	3.0
31693	126772000.0	10.0
31694	126776000.0	7.0
31695	126780000.0	5.0
31696	126784000.0	4.0
31697	126788000.0	5.0
31698	126792000.0	4.0
31699	126796000.0	3.0
31700	126800000.0	3.0
31701	126804000.0	0.0
31702	126808000.0	7.0
31703	126812000.0	4.0
31704	126816000.0	4.0
31705	126820000.0	0.0
31706	126824000.0	8.0
31707	126828000.0	5.0
31708	126832000.0	4.0
31709	126836000.0	6.0
31710	126840000.0	2.0
31711	126844000.0	1.0
31712	126848000.0	5.0
31713	126852000.0	5.0
31714	126856000.0	8.0
31715	126860000.0	3.0
31716	126864000.0	2.0
31717	126868000.0	3.0
31718	126872000.0	3.0
31719	126876000.0	4.0
31720	126880000.0	3.0
31721	126884000.0	5.0
31722	126888000.0	2.0
31723	126892000.0	3.0
31724	126896000.0	7.0
31725	126900000.0	6.0
31726	126904000.0	1.0
31727	126908000.0	6.0
31728	126912000.0	5.0
31729	126916000.0	5.0
31730	126920000.0	4.0
31731	126924000.0	3.0
31732	126928000.0	4.0
31733	126932000.0	2.0
31734	126936000.0	2.0
31735	126940000.0	4.0
31736	126944000.0	3.0
31737	126948000.0	3.0
31738	126952000.0	3.0
31739	126956000.0	4.0
31740	126960000.0	5.0
31741	126964000.0	1.0
31742	126968000.0	6.0
31743	126972000.0	8.0
31744	126976000.0	3.0
31745	126980000.0	3.0
31746	126984000.0	5.0
31747	126988000.0	3.0
31748	126992000.0	2.0
31749	126996000.0	2.0
31750	127000000.0	6.0
31751	127004000.0	6.0
31752	127008000.0	3.0
31753	127012000.0	0.0
31754	127016000.0	0.0
31755	127020000.0	5.0
31756	127024000.0	5.0
31757	127028000.0	3.0
31758	127032000.0	4.0
31759	127036000.0	4.0
31760	127040000.0	4.0
31761	127044000.0	6.0
31762	127048000.0	4.0
31763	127052000.0	1.0
31764	127056000.0	2.0
31765	127060000.0	3.0
31766	127064000.0	5.0
31767	127068000.0	5.0
31768	127072000.0	2.0
31769	127076000.0	3.0
31770	127080000.0	4.0
31771	127084000.0	4.0
31772	127088000.0	2.0
31773	127092000.0	2.0
31774	127096000.0	1.0
31775	127100000.0	6.0
31776	127104000.0	4.0
31777	127108000.0	4.0
31778	127112000.0	2.0
31779	127116000.0	2.0
31780	127120000.0	4.0
31781	127124000.0	1.0
31782	127128000.0	2.0
31783	127132000.0	3.0
31784	127136000.0	4.0
31785	127140000.0	3.0
31786	127144000.0	3.0
31787	127148000.0	5.0
31788	127152000.0	3.0
31789	127156000.0	7.0
31790	127160000.0	3.0
31791	127164000.0	0.0
31792	127168000.0	2.0
31793	127172000.0	1.0
31794	127176000.0	4.0
31795	127180000.0	2.0
31796	127184000.0	2.0
31797	127188000.0	3.0
31798	127192000.0	1.0
31799	127196000.0	2.0
31800	127200000.0	6.0
31801	127204000.0	2.0
31802	127208000.0	6.0
31803	127212000.0	6.0
31804	127216000.0	3.0
31805	127220000.0	3.0
31806	127224000.0	8.0
31807	127228000.0	0.0
31808	127232000.0	5.0
31809	127236000.0	2.0
31810	127240000.0	2.0
31811	127244000.0	5.0
31812	127248000.0	5.0
31813	127252000.0	3.0
31814	127256000.0	3.0
31815	127260000.0	4.0
31816	127264000.0	7.0
31817	127268000.0	2.0
31818	127272000.0	2.0
31819	127276000.0	3.0
31820	127280000.0	2.0
31821	127284000.0	9.0
31822	127288000.0	1.0
31823	127292000.0	7.0
31824	127296000.0	9.0
31825	127300000.0	5.0
31826	127304000.0	3.0
31827	127308000.0	4.0
31828	127312000.0	1.0
31829	127316000.0	1.0
31830	127320000.0	4.0
31831	127324000.0	7.0
31832	127328000.0	3.0
31833	127332000.0	3.0
31834	127336000.0	6.0
31835	127340000.0	2.0
31836	127344000.0	5.0
31837	127348000.0	6.0
31838	127352000.0	6.0
31839	127356000.0	2.0
31840	127360000.0	3.0
31841	127364000.0	2.0
31842	127368000.0	4.0
31843	127372000.0	6.0
31844	127376000.0	3.0
31845	127380000.0	2.0
31846	127384000.0	4.0
31847	127388000.0	8.0
31848	127392000.0	4.0
31849	127396000.0	5.0
31850	127400000.0	2.0
31851	127404000.0	4.0
31852	127408000.0	2.0
31853	127412000.0	3.0
31854	127416000.0	7.0
31855	127420000.0	3.0
31856	127424000.0	1.0
31857	127428000.0	3.0
31858	127432000.0	7.0
31859	127436000.0	6.0
31860	127440000.0	4.0
31861	127444000.0	4.0
31862	127448000.0	3.0
31863	127452000.0	3.0
31864	127456000.0	8.0
31865	127460000.0	1.0
31866	127464000.0	1.0
31867	127468000.0	6.0
31868	127472000.0	4.0
31869	127476000.0	2.0
31870	127480000.0	3.0
31871	127484000.0	2.0
31872	127488000.0	4.0
31873	127492000.0	3.0
31874	127496000.0	5.0
31875	127500000.0	4.0
31876	127504000.0	1.0
31877	127508000.0	4.0
31878	127512000.0	0.0
31879	127516000.0	3.0
31880	127520000.0	3.0
31881	127524000.0	2.0
31882	127528000.0	5.0
31883	127532000.0	6.0
31884	127536000.0	1.0
31885	127540000.0	4.0
31886	127544000.0	2.0
31887	127548000.0	1.0
31888	127552000.0	4.0
31889	127556000.0	7.0
31890	127560000.0	4.0
31891	127564000.0	2.0
31892	127568000.0	2.0
31893	127572000.0	2.0
31894	127576000.0	5.0
31895	127580000.0	3.0
31896	127584000.0	2.0
31897	127588000.0	7.0
31898	127592000.0	3.0
31899	127596000.0	6.0
31900	127600000.0	5.0
31901	127604000.0	4.0
31902	127608000.0	7.0
31903	127612000.0	4.0
31904	127616000.0	7.0
31905	127620000.0	5.0
31906	127624000.0	2.0
31907	127628000.0	3.0
31908	127632000.0	3.0
31909	127636000.0	4.0
31910	127640000.0	3.0
31911	127644000.0	5.0
31912	127648000.0	7.0
31913	127652000.0	6.0
31914	127656000.0	2.0
31915	127660000.0	0.0
31916	127664000.0	3.0
31917	127668000.0	2.0
31918	127672000.0	5.0
31919	127676000.0	8.0
31920	127680000.0	3.0
31921	127684000.0	6.0
31922	127688000.0	6.0
31923	127692000.0	9.0
31924	127696000.0	4.0
31925	127700000.0	3.0
31926	127704000.0	2.0
31927	127708000.0	2.0
31928	127712000.0	6.0
31929	127716000.0	4.0
31930	127720000.0	4.0
31931	127724000.0	3.0
31932	127728000.0	2.0
31933	127732000.0	3.0
31934	127736000.0	4.0
31935	127740000.0	10.0
31936	127744000.0	1.0
31937	127748000.0	2.0
31938	127752000.0	3.0
31939	127756000.0	4.0
31940	127760000.0	3.0
31941	127764000.0	3.0
31942	127768000.0	3.0
31943	127772000.0	2.0
31944	127776000.0	5.0
31945	127780000.0	5.0
31946	127784000.0	6.0
31947	127788000.0	3.0
31948	127792000.0	3.0
31949	127796000.0	9.0
31950	127800000.0	1.0
31951	127804000.0	3.0
31952	127808000.0	4.0
31953	127812000.0	3.0
31954	127816000.0	2.0
31955	127820000.0	4.0
31956	127824000.0	2.0
31957	127828000.0	2.0
31958	127832000.0	2.0
31959	127836000.0	5.0
31960	127840000.0	5.0
31961	127844000.0	8.0
31962	127848000.0	4.0
31963	127852000.0	4.0
31964	127856000.0	0.0
31965	127860000.0	2.0
31966	127864000.0	2.0
31967	127868000.0	5.0
31968	127872000.0	3.0
31969	127876000.0	6.0
31970	127880000.0	3.0
31971	127884000.0	3.0
31972	127888000.0	5.0
31973	127892000.0	2.0
31974	127896000.0	5.0
31975	127900000.0	2.0
31976	127904000.0	4.0
31977	127908000.0	3.0
31978	127912000.0	5.0
31979	127916000.0	7.0
31980	127920000.0	0.0
31981	127924000.0	2.0
31982	127928000.0	3.0
31983	127932000.0	6.0
31984	127936000.0	4.0
31985	127940000.0	2.0
31986	127944000.0	1.0
31987	127948000.0	4.0
31988	127952000.0	2.0
31989	127956000.0	2.0
31990	127960000.0	5.0
31991	127964000.0	1.0
31992	127968000.0	4.0
31993	127972000.0	4.0
31994	127976000.0	5.0
31995	127980000.0	2.0
31996	127984000.0	0.0
31997	127988000.0	4.0
31998	127992000.0	5.0
31999	127996000.0	4.0
32000	128000000.0	4.0
32001	128004000.0	3.0
32002	128008000.0	3.0
32003	128012000.0	7.0
32004	128016000.0	5.0
32005	128020000.0	7.0
32006	128024000.0	4.0
32007	128028000.0	6.0
32008	128032000.0	1.0
32009	128036000.0	5.0
32010	128040000.0	1.0
32011	128044000.0	5.0
32012	128048000.0	1.0
32013	128052000.0	1.0
32014	128056000.0	4.0
32015	128060000.0	5.0
32016	128064000.0	8.0
32017	128068000.0	1.0
32018	128072000.0	4.0
32019	128076000.0	3.0
32020	128080000.0	3.0
32021	128084000.0	3.0
32022	128088000.0	4.0
32023	128092000.0	8.0
32024	128096000.0	2.0
32025	128100000.0	3.0
32026	128104000.0	1.0
32027	128108000.0	1.0
32028	128112000.0	3.0
32029	128116000.0	6.0
32030	128120000.0	3.0
32031	128124000.0	3.0
32032	128128000.0	4.0
32033	128132000.0	5.0
32034	128136000.0	3.0
32035	128140000.0	2.0
32036	128144000.0	3.0
32037	128148000.0	5.0
32038	128152000.0	5.0
32039	128156000.0	2.0
32040	128160000.0	1.0
32041	128164000.0	5.0
32042	128168000.0	6.0
32043	128172000.0	1.0
32044	128176000.0	3.0
32045	128180000.0	1.0
32046	128184000.0	7.0
32047	128188000.0	4.0
32048	128192000.0	6.0
32049	128196000.0	4.0
32050	128200000.0	2.0
32051	128204000.0	3.0
32052	128208000.0	4.0
32053	128212000.0	1.0
32054	128216000.0	4.0
32055	128220000.0	6.0
32056	128224000.0	6.0
32057	128228000.0	6.0
32058	128232000.0	4.0
32059	128236000.0	4.0
32060	128240000.0	7.0
32061	128244000.0	4.0
32062	128248000.0	3.0
32063	128252000.0	3.0
32064	128256000.0	1.0
32065	128260000.0	4.0
32066	128264000.0	7.0
32067	128268000.0	1.0
32068	128272000.0	7.0
32069	128276000.0	1.0
32070	128280000.0	5.0
32071	128284000.0	3.0
32072	128288000.0	3.0
32073	128292000.0	7.0
32074	128296000.0	5.0
32075	128300000.0	9.0
32076	128304000.0	2.0
32077	128308000.0	3.0
32078	128312000.0	2.0
32079	128316000.0	3.0
32080	128320000.0	8.0
32081	128324000.0	5.0
32082	128328000.0	6.0
32083	128332000.0	7.0
32084	128336000.0	7.0
32085	128340000.0	2.0
32086	128344000.0	3.0
32087	128348000.0	7.0
32088	128352000.0	5.0
32089	128356000.0	3.0
32090	128360000.0	6.0
32091	128364000.0	7.0
32092	128368000.0	3.0
32093	128372000.0	4.0
32094	128376000.0	1.0
32095	128380000.0	5.0
32096	128384000.0	7.0
32097	128388000.0	3.0
32098	128392000.0	6.0
32099	128396000.0	4.0
32100	128400000.0	6.0
32101	128404000.0	3.0
32102	128408000.0	3.0
32103	128412000.0	3.0
32104	128416000.0	5.0
32105	128420000.0	6.0
32106	128424000.0	3.0
32107	128428000.0	2.0
32108	128432000.0	4.0
32109	128436000.0	3.0
32110	128440000.0	2.0
32111	128444000.0	4.0
32112	128448000.0	1.0
32113	128452000.0	5.0
32114	128456000.0	1.0
32115	128460000.0	3.0
32116	128464000.0	5.0
32117	128468000.0	3.0
32118	128472000.0	3.0
32119	128476000.0	7.0
32120	128480000.0	4.0
32121	128484000.0	4.0
32122	128488000.0	10.0
32123	128492000.0	6.0
32124	128496000.0	6.0
32125	128500000.0	5.0
32126	128504000.0	4.0
32127	128508000.0	3.0
32128	128512000.0	7.0
32129	128516000.0	8.0
32130	128520000.0	3.0
32131	128524000.0	5.0
32132	128528000.0	7.0
32133	128532000.0	5.0
32134	128536000.0	5.0
32135	128540000.0	4.0
32136	128544000.0	0.0
32137	128548000.0	5.0
32138	128552000.0	3.0
32139	128556000.0	3.0
32140	128560000.0	7.0
32141	128564000.0	3.0
32142	128568000.0	5.0
32143	128572000.0	5.0
32144	128576000.0	5.0
32145	128580000.0	6.0
32146	128584000.0	7.0
32147	128588000.0	5.0
32148	128592000.0	3.0
32149	128596000.0	5.0
32150	128600000.0	4.0
32151	128604000.0	4.0
32152	128608000.0	8.0
32153	128612000.0	1.0
32154	128616000.0	4.0
32155	128620000.0	5.0
32156	128624000.0	1.0
32157	128628000.0	6.0
32158	128632000.0	4.0
32159	128636000.0	4.0
32160	128640000.0	6.0
32161	128644000.0	4.0
32162	128648000.0	7.0
32163	128652000.0	6.0
32164	128656000.0	5.0
32165	128660000.0	2.0
32166	128664000.0	5.0
32167	128668000.0	6.0
32168	128672000.0	3.0
32169	128676000.0	3.0
32170	128680000.0	4.0
32171	128684000.0	5.0
32172	128688000.0	2.0
32173	128692000.0	3.0
32174	128696000.0	0.0
32175	128700000.0	4.0
32176	128704000.0	4.0
32177	128708000.0	4.0
32178	128712000.0	6.0
32179	128716000.0	3.0
32180	128720000.0	3.0
32181	128724000.0	3.0
32182	128728000.0	2.0
32183	128732000.0	3.0
32184	128736000.0	4.0
32185	128740000.0	4.0
32186	128744000.0	5.0
32187	128748000.0	3.0
32188	128752000.0	2.0
32189	128756000.0	7.0
32190	128760000.0	2.0
32191	128764000.0	3.0
32192	128768000.0	3.0
32193	128772000.0	3.0
32194	128776000.0	5.0
32195	128780000.0	4.0
32196	128784000.0	5.0
32197	128788000.0	2.0
32198	128792000.0	2.0
32199	128796000.0	4.0
32200	128800000.0	8.0
32201	128804000.0	3.0
32202	128808000.0	1.0
32203	128812000.0	4.0
32204	128816000.0	3.0
32205	128820000.0	8.0
32206	128824000.0	4.0
32207	128828000.0	4.0
32208	128832000.0	3.0
32209	128836000.0	6.0
32210	128840000.0	4.0
32211	128844000.0	3.0
32212	128848000.0	6.0
32213	128852000.0	3.0
32214	128856000.0	4.0
32215	128860000.0	5.0
32216	128864000.0	3.0
32217	128868000.0	5.0
32218	128872000.0	7.0
32219	128876000.0	4.0
32220	128880000.0	2.0
32221	128884000.0	4.0
32222	128888000.0	1.0
32223	128892000.0	4.0
32224	128896000.0	4.0
32225	128900000.0	6.0
32226	128904000.0	4.0
32227	128908000.0	3.0
32228	128912000.0	7.0
32229	128916000.0	7.0
32230	128920000.0	1.0
32231	128924000.0	8.0
32232	128928000.0	2.0
32233	128932000.0	4.0
32234	128936000.0	7.0
32235	128940000.0	9.0
32236	128944000.0	2.0
32237	128948000.0	3.0
32238	128952000.0	3.0
32239	128956000.0	6.0
32240	128960000.0	1.0
32241	128964000.0	2.0
32242	128968000.0	2.0
32243	128972000.0	8.0
32244	128976000.0	1.0
32245	128980000.0	4.0
32246	128984000.0	4.0
32247	128988000.0	3.0
32248	128992000.0	4.0
32249	128996000.0	1.0
32250	129000000.0	2.0
32251	129004000.0	2.0
32252	129008000.0	6.0
32253	129012000.0	4.0
32254	129016000.0	3.0
32255	129020000.0	6.0
32256	129024000.0	5.0
32257	129028000.0	0.0
32258	129032000.0	6.0
32259	129036000.0	3.0
32260	129040000.0	2.0
32261	129044000.0	2.0
32262	129048000.0	4.0
32263	129052000.0	5.0
32264	129056000.0	3.0
32265	129060000.0	5.0
32266	129064000.0	3.0
32267	129068000.0	2.0
32268	129072000.0	3.0
32269	129076000.0	4.0
32270	129080000.0	4.0
32271	129084000.0	4.0
32272	129088000.0	2.0
32273	129092000.0	5.0
32274	129096000.0	2.0
32275	129100000.0	2.0
32276	129104000.0	5.0
32277	129108000.0	4.0
32278	129112000.0	3.0
32279	129116000.0	5.0
32280	129120000.0	5.0
32281	129124000.0	0.0
32282	129128000.0	2.0
32283	129132000.0	4.0
32284	129136000.0	5.0
32285	129140000.0	8.0
32286	129144000.0	6.0
32287	129148000.0	4.0
32288	129152000.0	1.0
32289	129156000.0	3.0
32290	129160000.0	4.0
32291	129164000.0	5.0
32292	129168000.0	4.0
32293	129172000.0	5.0
32294	129176000.0	5.0
32295	129180000.0	1.0
32296	129184000.0	5.0
32297	129188000.0	5.0
32298	129192000.0	5.0
32299	129196000.0	2.0
32300	129200000.0	2.0
32301	129204000.0	2.0
32302	129208000.0	3.0
32303	129212000.0	2.0
32304	129216000.0	6.0
32305	129220000.0	2.0
32306	129224000.0	4.0
32307	129228000.0	3.0
32308	129232000.0	1.0
32309	129236000.0	3.0
32310	129240000.0	4.0
32311	129244000.0	2.0
32312	129248000.0	5.0
32313	129252000.0	4.0
32314	129256000.0	6.0
32315	129260000.0	4.0
32316	129264000.0	5.0
32317	129268000.0	3.0
32318	129272000.0	6.0
32319	129276000.0	4.0
32320	129280000.0	1.0
32321	129284000.0	2.0
32322	129288000.0	10.0
32323	129292000.0	6.0
32324	129296000.0	5.0
32325	129300000.0	3.0
32326	129304000.0	2.0
32327	129308000.0	2.0
32328	129312000.0	3.0
32329	129316000.0	2.0
32330	129320000.0	2.0
32331	129324000.0	4.0
32332	129328000.0	3.0
32333	129332000.0	5.0
32334	129336000.0	1.0
32335	129340000.0	1.0
32336	129344000.0	2.0
32337	129348000.0	2.0
32338	129352000.0	5.0
32339	129356000.0	2.0
32340	129360000.0	4.0
32341	129364000.0	3.0
32342	129368000.0	4.0
32343	129372000.0	4.0
32344	129376000.0	2.0
32345	129380000.0	3.0
32346	129384000.0	5.0
32347	129388000.0	1.0
32348	129392000.0	3.0
32349	129396000.0	3.0
32350	129400000.0	3.0
32351	129404000.0	1.0
32352	129408000.0	8.0
32353	129412000.0	5.0
32354	129416000.0	3.0
32355	129420000.0	5.0
32356	129424000.0	7.0
32357	129428000.0	4.0
32358	129432000.0	6.0
32359	129436000.0	6.0
32360	129440000.0	6.0
32361	129444000.0	3.0
32362	129448000.0	1.0
32363	129452000.0	3.0
32364	129456000.0	5.0
32365	129460000.0	3.0
32366	129464000.0	5.0
32367	129468000.0	4.0
32368	129472000.0	1.0
32369	129476000.0	1.0
32370	129480000.0	6.0
32371	129484000.0	5.0
32372	129488000.0	3.0
32373	129492000.0	6.0
32374	129496000.0	4.0
32375	129500000.0	1.0
32376	129504000.0	4.0
32377	129508000.0	3.0
32378	129512000.0	2.0
32379	129516000.0	2.0
32380	129520000.0	1.0
32381	129524000.0	4.0
32382	129528000.0	3.0
32383	129532000.0	5.0
32384	129536000.0	5.0
32385	129540000.0	5.0
32386	129544000.0	5.0
32387	129548000.0	4.0
32388	129552000.0	1.0
32389	129556000.0	2.0
32390	129560000.0	7.0
32391	129564000.0	2.0
32392	129568000.0	3.0
32393	129572000.0	1.0
32394	129576000.0	1.0
32395	129580000.0	2.0
32396	129584000.0	3.0
32397	129588000.0	4.0
32398	129592000.0	3.0
32399	129596000.0	5.0
32400	129600000.0	2.0
32401	129604000.0	2.0
32402	129608000.0	1.0
32403	129612000.0	0.0
32404	129616000.0	4.0
32405	129620000.0	2.0
32406	129624000.0	3.0
32407	129628000.0	4.0
32408	129632000.0	1.0
32409	129636000.0	4.0
32410	129640000.0	2.0
32411	129644000.0	1.0
32412	129648000.0	7.0
32413	129652000.0	6.0
32414	129656000.0	2.0
32415	129660000.0	4.0
32416	129664000.0	1.0
32417	129668000.0	6.0
32418	129672000.0	1.0
32419	129676000.0	3.0
32420	129680000.0	1.0
32421	129684000.0	2.0
32422	129688000.0	3.0
32423	129692000.0	4.0
32424	129696000.0	6.0
32425	129700000.0	5.0
32426	129704000.0	6.0
32427	129708000.0	6.0
32428	129712000.0	2.0
32429	129716000.0	4.0
32430	129720000.0	4.0
32431	129724000.0	8.0
32432	129728000.0	3.0
32433	129732000.0	4.0
32434	129736000.0	3.0
32435	129740000.0	1.0
32436	129744000.0	8.0
32437	129748000.0	3.0
32438	129752000.0	6.0
32439	129756000.0	5.0
32440	129760000.0	6.0
32441	129764000.0	3.0
32442	129768000.0	1.0
32443	129772000.0	2.0
32444	129776000.0	4.0
32445	129780000.0	6.0
32446	129784000.0	2.0
32447	129788000.0	6.0
32448	129792000.0	2.0
32449	129796000.0	4.0
32450	129800000.0	6.0
32451	129804000.0	5.0
32452	129808000.0	3.0
32453	129812000.0	3.0
32454	129816000.0	3.0
32455	129820000.0	8.0
32456	129824000.0	2.0
32457	129828000.0	5.0
32458	129832000.0	4.0
32459	129836000.0	4.0
32460	129840000.0	4.0
32461	129844000.0	2.0
32462	129848000.0	1.0
32463	129852000.0	9.0
32464	129856000.0	2.0
32465	129860000.0	5.0
32466	129864000.0	1.0
32467	129868000.0	4.0
32468	129872000.0	6.0
32469	129876000.0	2.0
32470	129880000.0	3.0
32471	129884000.0	3.0
32472	129888000.0	2.0
32473	129892000.0	3.0
32474	129896000.0	2.0
32475	129900000.0	3.0
32476	129904000.0	1.0
32477	129908000.0	2.0
32478	129912000.0	4.0
32479	129916000.0	1.0
32480	129920000.0	4.0
32481	129924000.0	3.0
32482	129928000.0	4.0
32483	129932000.0	3.0
32484	129936000.0	7.0
32485	129940000.0	4.0
32486	129944000.0	2.0
32487	129948000.0	6.0
32488	129952000.0	3.0
32489	129956000.0	2.0
32490	129960000.0	9.0
32491	129964000.0	2.0
32492	129968000.0	8.0
32493	129972000.0	1.0
32494	129976000.0	6.0
32495	129980000.0	1.0
32496	129984000.0	4.0
32497	129988000.0	2.0
32498	129992000.0	4.0
32499	129996000.0	7.0
32500	130000000.0	3.0
32501	130004000.0	6.0
32502	130008000.0	5.0
32503	130012000.0	3.0
32504	130016000.0	6.0
32505	130020000.0	0.0
32506	130024000.0	4.0
32507	130028000.0	5.0
32508	130032000.0	4.0
32509	130036000.0	5.0
32510	130040000.0	1.0
32511	130044000.0	2.0
32512	130048000.0	5.0
32513	130052000.0	7.0
32514	130056000.0	6.0
32515	130060000.0	4.0
32516	130064000.0	4.0
32517	130068000.0	4.0
32518	130072000.0	7.0
32519	130076000.0	3.0
32520	130080000.0	5.0
32521	130084000.0	7.0
32522	130088000.0	3.0
32523	130092000.0	7.0
32524	130096000.0	2.0
32525	130100000.0	2.0
32526	130104000.0	2.0
32527	130108000.0	6.0
32528	130112000.0	5.0
32529	130116000.0	8.0
32530	130120000.0	3.0
32531	130124000.0	5.0
32532	130128000.0	3.0
32533	130132000.0	3.0
32534	130136000.0	3.0
32535	130140000.0	7.0
32536	130144000.0	4.0
32537	130148000.0	4.0
32538	130152000.0	2.0
32539	130156000.0	8.0
32540	130160000.0	1.0
32541	130164000.0	7.0
32542	130168000.0	2.0
32543	130172000.0	3.0
32544	130176000.0	0.0
32545	130180000.0	3.0
32546	130184000.0	2.0
32547	130188000.0	3.0
32548	130192000.0	3.0
32549	130196000.0	3.0
32550	130200000.0	6.0
32551	130204000.0	4.0
32552	130208000.0	8.0
32553	130212000.0	4.0
32554	130216000.0	4.0
32555	130220000.0	5.0
32556	130224000.0	4.0
32557	130228000.0	3.0
32558	130232000.0	3.0
32559	130236000.0	5.0
32560	130240000.0	5.0
32561	130244000.0	2.0
32562	130248000.0	8.0
32563	130252000.0	6.0
32564	130256000.0	2.0
32565	130260000.0	5.0
32566	130264000.0	7.0
32567	130268000.0	2.0
32568	130272000.0	9.0
32569	130276000.0	4.0
32570	130280000.0	6.0
32571	130284000.0	3.0
32572	130288000.0	2.0
32573	130292000.0	9.0
32574	130296000.0	5.0
32575	130300000.0	5.0
32576	130304000.0	2.0
32577	130308000.0	6.0
32578	130312000.0	6.0
32579	130316000.0	1.0
32580	130320000.0	3.0
32581	130324000.0	3.0
32582	130328000.0	2.0
32583	130332000.0	3.0
32584	130336000.0	3.0
32585	130340000.0	5.0
32586	130344000.0	2.0
32587	130348000.0	3.0
32588	130352000.0	6.0
32589	130356000.0	0.0
32590	130360000.0	6.0
32591	130364000.0	2.0
32592	130368000.0	3.0
32593	130372000.0	6.0
32594	130376000.0	0.0
32595	130380000.0	2.0
32596	130384000.0	1.0
32597	130388000.0	3.0
32598	130392000.0	2.0
32599	130396000.0	4.0
32600	130400000.0	7.0
32601	130404000.0	2.0
32602	130408000.0	5.0
32603	130412000.0	6.0
32604	130416000.0	3.0
32605	130420000.0	3.0
32606	130424000.0	4.0
32607	130428000.0	3.0
32608	130432000.0	4.0
32609	130436000.0	2.0
32610	130440000.0	5.0
32611	130444000.0	4.0
32612	130448000.0	6.0
32613	130452000.0	3.0
32614	130456000.0	6.0
32615	130460000.0	4.0
32616	130464000.0	3.0
32617	130468000.0	2.0
32618	130472000.0	3.0
32619	130476000.0	5.0
32620	130480000.0	6.0
32621	130484000.0	2.0
32622	130488000.0	3.0
32623	130492000.0	2.0
32624	130496000.0	3.0
32625	130500000.0	3.0
32626	130504000.0	2.0
32627	130508000.0	5.0
32628	130512000.0	6.0
32629	130516000.0	4.0
32630	130520000.0	2.0
32631	130524000.0	1.0
32632	130528000.0	7.0
32633	130532000.0	2.0
32634	130536000.0	5.0
32635	130540000.0	3.0
32636	130544000.0	2.0
32637	130548000.0	6.0
32638	130552000.0	1.0
32639	130556000.0	4.0
32640	130560000.0	3.0
32641	130564000.0	6.0
32642	130568000.0	2.0
32643	130572000.0	4.0
32644	130576000.0	5.0
32645	130580000.0	6.0
32646	130584000.0	2.0
32647	130588000.0	5.0
32648	130592000.0	2.0
32649	130596000.0	3.0
32650	130600000.0	4.0
32651	130604000.0	7.0
32652	130608000.0	2.0
32653	130612000.0	6.0
32654	130616000.0	1.0
32655	130620000.0	2.0
32656	130624000.0	2.0
32657	130628000.0	3.0
32658	130632000.0	4.0
32659	130636000.0	4.0
32660	130640000.0	3.0
32661	130644000.0	4.0
32662	130648000.0	4.0
32663	130652000.0	2.0
32664	130656000.0	8.0
32665	130660000.0	4.0
32666	130664000.0	3.0
32667	130668000.0	7.0
32668	130672000.0	2.0
32669	130676000.0	8.0
32670	130680000.0	3.0
32671	130684000.0	4.0
32672	130688000.0	7.0
32673	130692000.0	8.0
32674	130696000.0	3.0
32675	130700000.0	3.0
32676	130704000.0	7.0
32677	130708000.0	1.0
32678	130712000.0	4.0
32679	130716000.0	4.0
32680	130720000.0	4.0
32681	130724000.0	4.0
32682	130728000.0	0.0
32683	130732000.0	3.0
32684	130736000.0	2.0
32685	130740000.0	2.0
32686	130744000.0	2.0
32687	130748000.0	5.0
32688	130752000.0	5.0
32689	130756000.0	0.0
32690	130760000.0	3.0
32691	130764000.0	1.0
32692	130768000.0	1.0
32693	130772000.0	9.0
32694	130776000.0	2.0
32695	130780000.0	3.0
32696	130784000.0	7.0
32697	130788000.0	6.0
32698	130792000.0	3.0
32699	130796000.0	4.0
32700	130800000.0	3.0
32701	130804000.0	7.0
32702	130808000.0	5.0
32703	130812000.0	2.0
32704	130816000.0	1.0
32705	130820000.0	3.0
32706	130824000.0	5.0
32707	130828000.0	7.0
32708	130832000.0	6.0
32709	130836000.0	5.0
32710	130840000.0	4.0
32711	130844000.0	6.0
32712	130848000.0	4.0
32713	130852000.0	3.0
32714	130856000.0	4.0
32715	130860000.0	8.0
32716	130864000.0	4.0
32717	130868000.0	2.0
32718	130872000.0	2.0
32719	130876000.0	4.0
32720	130880000.0	4.0
32721	130884000.0	7.0
32722	130888000.0	3.0
32723	130892000.0	5.0
32724	130896000.0	4.0
32725	130900000.0	5.0
32726	130904000.0	4.0
32727	130908000.0	2.0
32728	130912000.0	3.0
32729	130916000.0	3.0
32730	130920000.0	8.0
32731	130924000.0	4.0
32732	130928000.0	3.0
32733	130932000.0	2.0
32734	130936000.0	5.0
32735	130940000.0	2.0
32736	130944000.0	4.0
32737	130948000.0	7.0
32738	130952000.0	2.0
32739	130956000.0	6.0
32740	130960000.0	3.0
32741	130964000.0	3.0
32742	130968000.0	3.0
32743	130972000.0	1.0
32744	130976000.0	8.0
32745	130980000.0	2.0
32746	130984000.0	6.0
32747	130988000.0	8.0
32748	130992000.0	4.0
32749	130996000.0	3.0
32750	131000000.0	4.0
32751	131004000.0	7.0
32752	131008000.0	1.0
32753	131012000.0	6.0
32754	131016000.0	2.0
32755	131020000.0	4.0
32756	131024000.0	3.0
32757	131028000.0	3.0
32758	131032000.0	3.0
32759	131036000.0	1.0
32760	131040000.0	3.0
32761	131044000.0	2.0
32762	131048000.0	4.0
32763	131052000.0	3.0
32764	131056000.0	3.0
32765	131060000.0	3.0
32766	131064000.0	5.0
32767	131068000.0	5.0
