	bins [ps]	counts [#]
0	0.0	3.0
1	2000.0	2.0
2	4000.0	2.0
3	6000.0	3.0
4	8000.0	5.0
5	10000.0	6.0
6	12000.0	6.0
7	14000.0	5.0
8	16000.0	6.0
9	18000.0	2.0
10	20000.0	3.0
11	22000.0	4.0
12	24000.0	3.0
13	26000.0	8.0
14	28000.0	6.0
15	30000.0	1.0
16	32000.0	2.0
17	34000.0	2.0
18	36000.0	5.0
19	38000.0	4.0
20	40000.0	2.0
21	42000.0	5.0
22	44000.0	3.0
23	46000.0	2.0
24	48000.0	3.0
25	50000.0	4.0
26	52000.0	3.0
27	54000.0	6.0
28	56000.0	1655.0
29	58000.0	123429.0
30	60000.0	134650.0
31	62000.0	94040.0
32	64000.0	73281.0
33	66000.0	61835.0
34	68000.0	53839.0
35	70000.0	48481.0
36	72000.0	43708.0
37	74000.0	40104.0
38	76000.0	37146.0
39	78000.0	34205.0
40	80000.0	32008.0
41	82000.0	30598.0
42	84000.0	28386.0
43	86000.0	26984.0
44	88000.0	25587.0
45	90000.0	24183.0
46	92000.0	23431.0
47	94000.0	22440.0
48	96000.0	21241.0
49	98000.0	20366.0
50	100000.0	19662.0
51	102000.0	19038.0
52	104000.0	19077.0
53	106000.0	18368.0
54	108000.0	17351.0
55	110000.0	16815.0
56	112000.0	16684.0
57	114000.0	16125.0
58	116000.0	15418.0
59	118000.0	15076.0
60	120000.0	14742.0
61	122000.0	14337.0
62	124000.0	13807.0
63	126000.0	13574.0
64	128000.0	13367.0
65	130000.0	12720.0
66	132000.0	12462.0
67	134000.0	12258.0
68	136000.0	11827.0
69	138000.0	11851.0
70	140000.0	11463.0
71	142000.0	11312.0
72	144000.0	11020.0
73	146000.0	10750.0
74	148000.0	10525.0
75	150000.0	10274.0
76	152000.0	10306.0
77	154000.0	9879.0
78	156000.0	9534.0
79	158000.0	9606.0
80	160000.0	9347.0
81	162000.0	9387.0
82	164000.0	8927.0
83	166000.0	8780.0
84	168000.0	8595.0
85	170000.0	8448.0
86	172000.0	8427.0
87	174000.0	8117.0
88	176000.0	8053.0
89	178000.0	7939.0
90	180000.0	7756.0
91	182000.0	7789.0
92	184000.0	7569.0
93	186000.0	7450.0
94	188000.0	7291.0
95	190000.0	7083.0
96	192000.0	7122.0
97	194000.0	7041.0
98	196000.0	6941.0
99	198000.0	6878.0
100	200000.0	6619.0
101	202000.0	6538.0
102	204000.0	6452.0
103	206000.0	6350.0
104	208000.0	6335.0
105	210000.0	6177.0
106	212000.0	6278.0
107	214000.0	6003.0
108	216000.0	5983.0
109	218000.0	5954.0
110	220000.0	5858.0
111	222000.0	5710.0
112	224000.0	5722.0
113	226000.0	5681.0
114	228000.0	5558.0
115	230000.0	5537.0
116	232000.0	5456.0
117	234000.0	5351.0
118	236000.0	5220.0
119	238000.0	5206.0
120	240000.0	5070.0
121	242000.0	5054.0
122	244000.0	5148.0
123	246000.0	4973.0
124	248000.0	4853.0
125	250000.0	4893.0
126	252000.0	4838.0
127	254000.0	4826.0
128	256000.0	4717.0
129	258000.0	4614.0
130	260000.0	4709.0
131	262000.0	4434.0
132	264000.0	4490.0
133	266000.0	4495.0
134	268000.0	4265.0
135	270000.0	4318.0
136	272000.0	4380.0
137	274000.0	4184.0
138	276000.0	4338.0
139	278000.0	4233.0
140	280000.0	4207.0
141	282000.0	4042.0
142	284000.0	4178.0
143	286000.0	4135.0
144	288000.0	4021.0
145	290000.0	4037.0
146	292000.0	3958.0
147	294000.0	3895.0
148	296000.0	3753.0
149	298000.0	3876.0
150	300000.0	3772.0
151	302000.0	3787.0
152	304000.0	3725.0
153	306000.0	3678.0
154	308000.0	3590.0
155	310000.0	3640.0
156	312000.0	3588.0
157	314000.0	3641.0
158	316000.0	3537.0
159	318000.0	3525.0
160	320000.0	3430.0
161	322000.0	3455.0
162	324000.0	3347.0
163	326000.0	3393.0
164	328000.0	3240.0
165	330000.0	3275.0
166	332000.0	3389.0
167	334000.0	3327.0
168	336000.0	3201.0
169	338000.0	3230.0
170	340000.0	3109.0
171	342000.0	3200.0
172	344000.0	3164.0
173	346000.0	3112.0
174	348000.0	3138.0
175	350000.0	3071.0
176	352000.0	3008.0
177	354000.0	2930.0
178	356000.0	3000.0
179	358000.0	3055.0
180	360000.0	2929.0
181	362000.0	2951.0
182	364000.0	2900.0
183	366000.0	2896.0
184	368000.0	2849.0
185	370000.0	2776.0
186	372000.0	2858.0
187	374000.0	2781.0
188	376000.0	2735.0
189	378000.0	2674.0
190	380000.0	2803.0
191	382000.0	2707.0
192	384000.0	2664.0
193	386000.0	2626.0
194	388000.0	2631.0
195	390000.0	2651.0
196	392000.0	2679.0
197	394000.0	2639.0
198	396000.0	2575.0
199	398000.0	2657.0
200	400000.0	2618.0
201	402000.0	2444.0
202	404000.0	2586.0
203	406000.0	2521.0
204	408000.0	2487.0
205	410000.0	2451.0
206	412000.0	2647.0
207	414000.0	2443.0
208	416000.0	2502.0
209	418000.0	2289.0
210	420000.0	2431.0
211	422000.0	2369.0
212	424000.0	2378.0
213	426000.0	2311.0
214	428000.0	2382.0
215	430000.0	2309.0
216	432000.0	2265.0
217	434000.0	2372.0
218	436000.0	2266.0
219	438000.0	2303.0
220	440000.0	2240.0
221	442000.0	2233.0
222	444000.0	2262.0
223	446000.0	2223.0
224	448000.0	2260.0
225	450000.0	2216.0
226	452000.0	2213.0
227	454000.0	2143.0
228	456000.0	2146.0
229	458000.0	2077.0
230	460000.0	2069.0
231	462000.0	2159.0
232	464000.0	2101.0
233	466000.0	2131.0
234	468000.0	2076.0
235	470000.0	1988.0
236	472000.0	1991.0
237	474000.0	2019.0
238	476000.0	2096.0
239	478000.0	2009.0
240	480000.0	1952.0
241	482000.0	1924.0
242	484000.0	2030.0
243	486000.0	1944.0
244	488000.0	1924.0
245	490000.0	2029.0
246	492000.0	1901.0
247	494000.0	1920.0
248	496000.0	1938.0
249	498000.0	1907.0
250	500000.0	1852.0
251	502000.0	1903.0
252	504000.0	1879.0
253	506000.0	1818.0
254	508000.0	1915.0
255	510000.0	1804.0
256	512000.0	1775.0
257	514000.0	1854.0
258	516000.0	1807.0
259	518000.0	1809.0
260	520000.0	1849.0
261	522000.0	1798.0
262	524000.0	1850.0
263	526000.0	1751.0
264	528000.0	1870.0
265	530000.0	1775.0
266	532000.0	1727.0
267	534000.0	1710.0
268	536000.0	1752.0
269	538000.0	1797.0
270	540000.0	1667.0
271	542000.0	1632.0
272	544000.0	1697.0
273	546000.0	1686.0
274	548000.0	1683.0
275	550000.0	1678.0
276	552000.0	1679.0
277	554000.0	1700.0
278	556000.0	1671.0
279	558000.0	1633.0
280	560000.0	1593.0
281	562000.0	1624.0
282	564000.0	1552.0
283	566000.0	1557.0
284	568000.0	1597.0
285	570000.0	1559.0
286	572000.0	1597.0
287	574000.0	1546.0
288	576000.0	1621.0
289	578000.0	1573.0
290	580000.0	1598.0
291	582000.0	1500.0
292	584000.0	1463.0
293	586000.0	1480.0
294	588000.0	1551.0
295	590000.0	1482.0
296	592000.0	1482.0
297	594000.0	1481.0
298	596000.0	1517.0
299	598000.0	1484.0
300	600000.0	1448.0
301	602000.0	1559.0
302	604000.0	1445.0
303	606000.0	1453.0
304	608000.0	1429.0
305	610000.0	1415.0
306	612000.0	1371.0
307	614000.0	1363.0
308	616000.0	1375.0
309	618000.0	1366.0
310	620000.0	1435.0
311	622000.0	1473.0
312	624000.0	1429.0
313	626000.0	1392.0
314	628000.0	1380.0
315	630000.0	1366.0
316	632000.0	1314.0
317	634000.0	1342.0
318	636000.0	1364.0
319	638000.0	1377.0
320	640000.0	1365.0
321	642000.0	1323.0
322	644000.0	1343.0
323	646000.0	1389.0
324	648000.0	1355.0
325	650000.0	1351.0
326	652000.0	1372.0
327	654000.0	1336.0
328	656000.0	1318.0
329	658000.0	1303.0
330	660000.0	1346.0
331	662000.0	1281.0
332	664000.0	1364.0
333	666000.0	1288.0
334	668000.0	1223.0
335	670000.0	1288.0
336	672000.0	1284.0
337	674000.0	1336.0
338	676000.0	1286.0
339	678000.0	1248.0
340	680000.0	1300.0
341	682000.0	1275.0
342	684000.0	1219.0
343	686000.0	1247.0
344	688000.0	1255.0
345	690000.0	1256.0
346	692000.0	1247.0
347	694000.0	1239.0
348	696000.0	1227.0
349	698000.0	1179.0
350	700000.0	1205.0
351	702000.0	1203.0
352	704000.0	1184.0
353	706000.0	1203.0
354	708000.0	1222.0
355	710000.0	1134.0
356	712000.0	1193.0
357	714000.0	1166.0
358	716000.0	1194.0
359	718000.0	1209.0
360	720000.0	1168.0
361	722000.0	1214.0
362	724000.0	1148.0
363	726000.0	1211.0
364	728000.0	1151.0
365	730000.0	1124.0
366	732000.0	1112.0
367	734000.0	1122.0
368	736000.0	1144.0
369	738000.0	1119.0
370	740000.0	1134.0
371	742000.0	1190.0
372	744000.0	1094.0
373	746000.0	1061.0
374	748000.0	1168.0
375	750000.0	1153.0
376	752000.0	1149.0
377	754000.0	1090.0
378	756000.0	1141.0
379	758000.0	1103.0
380	760000.0	1081.0
381	762000.0	1068.0
382	764000.0	1144.0
383	766000.0	1095.0
384	768000.0	1068.0
385	770000.0	1104.0
386	772000.0	1099.0
387	774000.0	1055.0
388	776000.0	1126.0
389	778000.0	1074.0
390	780000.0	1107.0
391	782000.0	1103.0
392	784000.0	1097.0
393	786000.0	1037.0
394	788000.0	1062.0
395	790000.0	1059.0
396	792000.0	1024.0
397	794000.0	1025.0
398	796000.0	1028.0
399	798000.0	1049.0
400	800000.0	1036.0
401	802000.0	1057.0
402	804000.0	1018.0
403	806000.0	999.0
404	808000.0	989.0
405	810000.0	966.0
406	812000.0	981.0
407	814000.0	1016.0
408	816000.0	1032.0
409	818000.0	985.0
410	820000.0	1053.0
411	822000.0	1029.0
412	824000.0	981.0
413	826000.0	935.0
414	828000.0	1018.0
415	830000.0	978.0
416	832000.0	989.0
417	834000.0	995.0
418	836000.0	957.0
419	838000.0	979.0
420	840000.0	951.0
421	842000.0	934.0
422	844000.0	886.0
423	846000.0	874.0
424	848000.0	898.0
425	850000.0	922.0
426	852000.0	871.0
427	854000.0	926.0
428	856000.0	938.0
429	858000.0	912.0
430	860000.0	933.0
431	862000.0	895.0
432	864000.0	893.0
433	866000.0	881.0
434	868000.0	890.0
435	870000.0	927.0
436	872000.0	884.0
437	874000.0	895.0
438	876000.0	929.0
439	878000.0	883.0
440	880000.0	923.0
441	882000.0	878.0
442	884000.0	896.0
443	886000.0	859.0
444	888000.0	894.0
445	890000.0	875.0
446	892000.0	879.0
447	894000.0	891.0
448	896000.0	895.0
449	898000.0	869.0
450	900000.0	853.0
451	902000.0	876.0
452	904000.0	842.0
453	906000.0	833.0
454	908000.0	832.0
455	910000.0	847.0
456	912000.0	869.0
457	914000.0	771.0
458	916000.0	879.0
459	918000.0	867.0
460	920000.0	865.0
461	922000.0	843.0
462	924000.0	862.0
463	926000.0	838.0
464	928000.0	818.0
465	930000.0	852.0
466	932000.0	801.0
467	934000.0	847.0
468	936000.0	850.0
469	938000.0	821.0
470	940000.0	853.0
471	942000.0	816.0
472	944000.0	831.0
473	946000.0	791.0
474	948000.0	742.0
475	950000.0	778.0
476	952000.0	808.0
477	954000.0	828.0
478	956000.0	775.0
479	958000.0	808.0
480	960000.0	800.0
481	962000.0	836.0
482	964000.0	818.0
483	966000.0	760.0
484	968000.0	829.0
485	970000.0	853.0
486	972000.0	804.0
487	974000.0	788.0
488	976000.0	769.0
489	978000.0	740.0
490	980000.0	777.0
491	982000.0	754.0
492	984000.0	788.0
493	986000.0	703.0
494	988000.0	781.0
495	990000.0	748.0
496	992000.0	744.0
497	994000.0	766.0
498	996000.0	778.0
499	998000.0	757.0
500	1000000.0	761.0
501	1002000.0	775.0
502	1004000.0	712.0
503	1006000.0	804.0
504	1008000.0	756.0
505	1010000.0	763.0
506	1012000.0	774.0
507	1014000.0	727.0
508	1016000.0	739.0
509	1018000.0	741.0
510	1020000.0	770.0
511	1022000.0	663.0
512	1024000.0	764.0
513	1026000.0	753.0
514	1028000.0	695.0
515	1030000.0	734.0
516	1032000.0	737.0
517	1034000.0	759.0
518	1036000.0	699.0
519	1038000.0	685.0
520	1040000.0	716.0
521	1042000.0	719.0
522	1044000.0	678.0
523	1046000.0	678.0
524	1048000.0	697.0
525	1050000.0	661.0
526	1052000.0	744.0
527	1054000.0	650.0
528	1056000.0	682.0
529	1058000.0	714.0
530	1060000.0	708.0
531	1062000.0	705.0
532	1064000.0	688.0
533	1066000.0	677.0
534	1068000.0	747.0
535	1070000.0	721.0
536	1072000.0	731.0
537	1074000.0	683.0
538	1076000.0	714.0
539	1078000.0	686.0
540	1080000.0	702.0
541	1082000.0	679.0
542	1084000.0	653.0
543	1086000.0	700.0
544	1088000.0	670.0
545	1090000.0	677.0
546	1092000.0	664.0
547	1094000.0	643.0
548	1096000.0	658.0
549	1098000.0	665.0
550	1100000.0	658.0
551	1102000.0	667.0
552	1104000.0	668.0
553	1106000.0	639.0
554	1108000.0	642.0
555	1110000.0	646.0
556	1112000.0	691.0
557	1114000.0	696.0
558	1116000.0	671.0
559	1118000.0	653.0
560	1120000.0	637.0
561	1122000.0	662.0
562	1124000.0	656.0
563	1126000.0	632.0
564	1128000.0	655.0
565	1130000.0	635.0
566	1132000.0	665.0
567	1134000.0	646.0
568	1136000.0	683.0
569	1138000.0	704.0
570	1140000.0	612.0
571	1142000.0	643.0
572	1144000.0	653.0
573	1146000.0	602.0
574	1148000.0	596.0
575	1150000.0	648.0
576	1152000.0	624.0
577	1154000.0	667.0
578	1156000.0	642.0
579	1158000.0	622.0
580	1160000.0	670.0
581	1162000.0	623.0
582	1164000.0	604.0
583	1166000.0	656.0
584	1168000.0	640.0
585	1170000.0	606.0
586	1172000.0	608.0
587	1174000.0	555.0
588	1176000.0	636.0
589	1178000.0	643.0
590	1180000.0	619.0
591	1182000.0	656.0
592	1184000.0	576.0
593	1186000.0	589.0
594	1188000.0	615.0
595	1190000.0	596.0
596	1192000.0	600.0
597	1194000.0	614.0
598	1196000.0	591.0
599	1198000.0	591.0
600	1200000.0	604.0
601	1202000.0	608.0
602	1204000.0	603.0
603	1206000.0	585.0
604	1208000.0	582.0
605	1210000.0	617.0
606	1212000.0	626.0
607	1214000.0	590.0
608	1216000.0	597.0
609	1218000.0	577.0
610	1220000.0	566.0
611	1222000.0	576.0
612	1224000.0	581.0
613	1226000.0	635.0
614	1228000.0	580.0
615	1230000.0	567.0
616	1232000.0	576.0
617	1234000.0	548.0
618	1236000.0	549.0
619	1238000.0	549.0
620	1240000.0	542.0
621	1242000.0	596.0
622	1244000.0	591.0
623	1246000.0	535.0
624	1248000.0	561.0
625	1250000.0	557.0
626	1252000.0	553.0
627	1254000.0	560.0
628	1256000.0	597.0
629	1258000.0	574.0
630	1260000.0	598.0
631	1262000.0	577.0
632	1264000.0	548.0
633	1266000.0	545.0
634	1268000.0	555.0
635	1270000.0	542.0
636	1272000.0	573.0
637	1274000.0	510.0
638	1276000.0	542.0
639	1278000.0	551.0
640	1280000.0	567.0
641	1282000.0	567.0
642	1284000.0	521.0
643	1286000.0	557.0
644	1288000.0	567.0
645	1290000.0	549.0
646	1292000.0	542.0
647	1294000.0	508.0
648	1296000.0	561.0
649	1298000.0	541.0
650	1300000.0	511.0
651	1302000.0	534.0
652	1304000.0	561.0
653	1306000.0	532.0
654	1308000.0	544.0
655	1310000.0	530.0
656	1312000.0	525.0
657	1314000.0	554.0
658	1316000.0	510.0
659	1318000.0	512.0
660	1320000.0	520.0
661	1322000.0	490.0
662	1324000.0	538.0
663	1326000.0	541.0
664	1328000.0	551.0
665	1330000.0	555.0
666	1332000.0	524.0
667	1334000.0	551.0
668	1336000.0	566.0
669	1338000.0	483.0
670	1340000.0	545.0
671	1342000.0	552.0
672	1344000.0	512.0
673	1346000.0	511.0
674	1348000.0	494.0
675	1350000.0	568.0
676	1352000.0	498.0
677	1354000.0	507.0
678	1356000.0	533.0
679	1358000.0	521.0
680	1360000.0	521.0
681	1362000.0	506.0
682	1364000.0	562.0
683	1366000.0	546.0
684	1368000.0	500.0
685	1370000.0	488.0
686	1372000.0	459.0
687	1374000.0	502.0
688	1376000.0	495.0
689	1378000.0	518.0
690	1380000.0	484.0
691	1382000.0	482.0
692	1384000.0	471.0
693	1386000.0	490.0
694	1388000.0	478.0
695	1390000.0	507.0
696	1392000.0	480.0
697	1394000.0	446.0
698	1396000.0	485.0
699	1398000.0	490.0
700	1400000.0	459.0
701	1402000.0	502.0
702	1404000.0	501.0
703	1406000.0	479.0
704	1408000.0	496.0
705	1410000.0	501.0
706	1412000.0	458.0
707	1414000.0	493.0
708	1416000.0	476.0
709	1418000.0	509.0
710	1420000.0	475.0
711	1422000.0	472.0
712	1424000.0	452.0
713	1426000.0	426.0
714	1428000.0	474.0
715	1430000.0	510.0
716	1432000.0	500.0
717	1434000.0	474.0
718	1436000.0	448.0
719	1438000.0	453.0
720	1440000.0	461.0
721	1442000.0	458.0
722	1444000.0	487.0
723	1446000.0	488.0
724	1448000.0	493.0
725	1450000.0	496.0
726	1452000.0	488.0
727	1454000.0	463.0
728	1456000.0	451.0
729	1458000.0	420.0
730	1460000.0	458.0
731	1462000.0	452.0
732	1464000.0	479.0
733	1466000.0	447.0
734	1468000.0	493.0
735	1470000.0	482.0
736	1472000.0	463.0
737	1474000.0	444.0
738	1476000.0	450.0
739	1478000.0	491.0
740	1480000.0	450.0
741	1482000.0	481.0
742	1484000.0	448.0
743	1486000.0	484.0
744	1488000.0	474.0
745	1490000.0	427.0
746	1492000.0	446.0
747	1494000.0	471.0
748	1496000.0	436.0
749	1498000.0	462.0
750	1500000.0	488.0
751	1502000.0	494.0
752	1504000.0	489.0
753	1506000.0	475.0
754	1508000.0	445.0
755	1510000.0	457.0
756	1512000.0	435.0
757	1514000.0	489.0
758	1516000.0	429.0
759	1518000.0	469.0
760	1520000.0	436.0
761	1522000.0	464.0
762	1524000.0	463.0
763	1526000.0	466.0
764	1528000.0	416.0
765	1530000.0	448.0
766	1532000.0	427.0
767	1534000.0	486.0
768	1536000.0	464.0
769	1538000.0	435.0
770	1540000.0	403.0
771	1542000.0	433.0
772	1544000.0	387.0
773	1546000.0	458.0
774	1548000.0	465.0
775	1550000.0	416.0
776	1552000.0	417.0
777	1554000.0	397.0
778	1556000.0	417.0
779	1558000.0	437.0
780	1560000.0	405.0
781	1562000.0	399.0
782	1564000.0	378.0
783	1566000.0	423.0
784	1568000.0	422.0
785	1570000.0	420.0
786	1572000.0	422.0
787	1574000.0	457.0
788	1576000.0	421.0
789	1578000.0	396.0
790	1580000.0	422.0
791	1582000.0	379.0
792	1584000.0	389.0
793	1586000.0	379.0
794	1588000.0	418.0
795	1590000.0	433.0
796	1592000.0	410.0
797	1594000.0	423.0
798	1596000.0	386.0
799	1598000.0	428.0
800	1600000.0	422.0
801	1602000.0	411.0
802	1604000.0	412.0
803	1606000.0	443.0
804	1608000.0	412.0
805	1610000.0	399.0
806	1612000.0	408.0
807	1614000.0	413.0
808	1616000.0	368.0
809	1618000.0	408.0
810	1620000.0	403.0
811	1622000.0	424.0
812	1624000.0	429.0
813	1626000.0	453.0
814	1628000.0	433.0
815	1630000.0	415.0
816	1632000.0	402.0
817	1634000.0	364.0
818	1636000.0	420.0
819	1638000.0	398.0
820	1640000.0	410.0
821	1642000.0	432.0
822	1644000.0	429.0
823	1646000.0	394.0
824	1648000.0	413.0
825	1650000.0	390.0
826	1652000.0	386.0
827	1654000.0	395.0
828	1656000.0	372.0
829	1658000.0	388.0
830	1660000.0	385.0
831	1662000.0	402.0
832	1664000.0	395.0
833	1666000.0	407.0
834	1668000.0	393.0
835	1670000.0	381.0
836	1672000.0	399.0
837	1674000.0	382.0
838	1676000.0	390.0
839	1678000.0	410.0
840	1680000.0	388.0
841	1682000.0	394.0
842	1684000.0	389.0
843	1686000.0	383.0
844	1688000.0	375.0
845	1690000.0	383.0
846	1692000.0	386.0
847	1694000.0	391.0
848	1696000.0	394.0
849	1698000.0	390.0
850	1700000.0	395.0
851	1702000.0	395.0
852	1704000.0	386.0
853	1706000.0	372.0
854	1708000.0	351.0
855	1710000.0	379.0
856	1712000.0	406.0
857	1714000.0	377.0
858	1716000.0	356.0
859	1718000.0	367.0
860	1720000.0	355.0
861	1722000.0	398.0
862	1724000.0	373.0
863	1726000.0	337.0
864	1728000.0	383.0
865	1730000.0	381.0
866	1732000.0	368.0
867	1734000.0	395.0
868	1736000.0	362.0
869	1738000.0	352.0
870	1740000.0	387.0
871	1742000.0	355.0
872	1744000.0	380.0
873	1746000.0	397.0
874	1748000.0	402.0
875	1750000.0	381.0
876	1752000.0	353.0
877	1754000.0	391.0
878	1756000.0	374.0
879	1758000.0	395.0
880	1760000.0	356.0
881	1762000.0	366.0
882	1764000.0	360.0
883	1766000.0	374.0
884	1768000.0	321.0
885	1770000.0	357.0
886	1772000.0	388.0
887	1774000.0	375.0
888	1776000.0	395.0
889	1778000.0	365.0
890	1780000.0	350.0
891	1782000.0	388.0
892	1784000.0	356.0
893	1786000.0	357.0
894	1788000.0	336.0
895	1790000.0	372.0
896	1792000.0	350.0
897	1794000.0	372.0
898	1796000.0	394.0
899	1798000.0	366.0
900	1800000.0	371.0
901	1802000.0	351.0
902	1804000.0	363.0
903	1806000.0	370.0
904	1808000.0	339.0
905	1810000.0	363.0
906	1812000.0	358.0
907	1814000.0	361.0
908	1816000.0	348.0
909	1818000.0	366.0
910	1820000.0	366.0
911	1822000.0	363.0
912	1824000.0	351.0
913	1826000.0	341.0
914	1828000.0	357.0
915	1830000.0	333.0
916	1832000.0	333.0
917	1834000.0	345.0
918	1836000.0	367.0
919	1838000.0	345.0
920	1840000.0	348.0
921	1842000.0	370.0
922	1844000.0	379.0
923	1846000.0	375.0
924	1848000.0	374.0
925	1850000.0	335.0
926	1852000.0	339.0
927	1854000.0	349.0
928	1856000.0	337.0
929	1858000.0	347.0
930	1860000.0	331.0
931	1862000.0	338.0
932	1864000.0	340.0
933	1866000.0	317.0
934	1868000.0	318.0
935	1870000.0	303.0
936	1872000.0	352.0
937	1874000.0	347.0
938	1876000.0	333.0
939	1878000.0	312.0
940	1880000.0	349.0
941	1882000.0	325.0
942	1884000.0	346.0
943	1886000.0	344.0
944	1888000.0	336.0
945	1890000.0	290.0
946	1892000.0	350.0
947	1894000.0	337.0
948	1896000.0	313.0
949	1898000.0	349.0
950	1900000.0	299.0
951	1902000.0	350.0
952	1904000.0	311.0
953	1906000.0	357.0
954	1908000.0	336.0
955	1910000.0	319.0
956	1912000.0	326.0
957	1914000.0	321.0
958	1916000.0	350.0
959	1918000.0	323.0
960	1920000.0	330.0
961	1922000.0	314.0
962	1924000.0	300.0
963	1926000.0	326.0
964	1928000.0	308.0
965	1930000.0	335.0
966	1932000.0	340.0
967	1934000.0	318.0
968	1936000.0	325.0
969	1938000.0	345.0
970	1940000.0	317.0
971	1942000.0	334.0
972	1944000.0	332.0
973	1946000.0	327.0
974	1948000.0	323.0
975	1950000.0	327.0
976	1952000.0	312.0
977	1954000.0	335.0
978	1956000.0	325.0
979	1958000.0	316.0
980	1960000.0	334.0
981	1962000.0	326.0
982	1964000.0	301.0
983	1966000.0	328.0
984	1968000.0	312.0
985	1970000.0	301.0
986	1972000.0	293.0
987	1974000.0	318.0
988	1976000.0	314.0
989	1978000.0	322.0
990	1980000.0	316.0
991	1982000.0	290.0
992	1984000.0	311.0
993	1986000.0	322.0
994	1988000.0	296.0
995	1990000.0	343.0
996	1992000.0	325.0
997	1994000.0	348.0
998	1996000.0	307.0
999	1998000.0	305.0
1000	2000000.0	293.0
1001	2002000.0	313.0
1002	2004000.0	337.0
1003	2006000.0	334.0
1004	2008000.0	295.0
1005	2010000.0	302.0
1006	2012000.0	289.0
1007	2014000.0	318.0
1008	2016000.0	316.0
1009	2018000.0	283.0
1010	2020000.0	320.0
1011	2022000.0	259.0
1012	2024000.0	294.0
1013	2026000.0	312.0
1014	2028000.0	308.0
1015	2030000.0	331.0
1016	2032000.0	321.0
1017	2034000.0	315.0
1018	2036000.0	291.0
1019	2038000.0	313.0
1020	2040000.0	279.0
1021	2042000.0	357.0
1022	2044000.0	334.0
1023	2046000.0	299.0
1024	2048000.0	310.0
1025	2050000.0	280.0
1026	2052000.0	314.0
1027	2054000.0	302.0
1028	2056000.0	302.0
1029	2058000.0	276.0
1030	2060000.0	298.0
1031	2062000.0	299.0
1032	2064000.0	300.0
1033	2066000.0	307.0
1034	2068000.0	301.0
1035	2070000.0	272.0
1036	2072000.0	312.0
1037	2074000.0	280.0
1038	2076000.0	287.0
1039	2078000.0	341.0
1040	2080000.0	284.0
1041	2082000.0	311.0
1042	2084000.0	297.0
1043	2086000.0	305.0
1044	2088000.0	283.0
1045	2090000.0	299.0
1046	2092000.0	293.0
1047	2094000.0	280.0
1048	2096000.0	290.0
1049	2098000.0	265.0
1050	2100000.0	284.0
1051	2102000.0	267.0
1052	2104000.0	309.0
1053	2106000.0	285.0
1054	2108000.0	284.0
1055	2110000.0	297.0
1056	2112000.0	292.0
1057	2114000.0	283.0
1058	2116000.0	317.0
1059	2118000.0	319.0
1060	2120000.0	297.0
1061	2122000.0	253.0
1062	2124000.0	292.0
1063	2126000.0	282.0
1064	2128000.0	297.0
1065	2130000.0	252.0
1066	2132000.0	310.0
1067	2134000.0	290.0
1068	2136000.0	309.0
1069	2138000.0	273.0
1070	2140000.0	269.0
1071	2142000.0	292.0
1072	2144000.0	300.0
1073	2146000.0	262.0
1074	2148000.0	290.0
1075	2150000.0	262.0
1076	2152000.0	293.0
1077	2154000.0	273.0
1078	2156000.0	289.0
1079	2158000.0	275.0
1080	2160000.0	279.0
1081	2162000.0	277.0
1082	2164000.0	276.0
1083	2166000.0	282.0
1084	2168000.0	282.0
1085	2170000.0	268.0
1086	2172000.0	282.0
1087	2174000.0	297.0
1088	2176000.0	294.0
1089	2178000.0	290.0
1090	2180000.0	301.0
1091	2182000.0	258.0
1092	2184000.0	252.0
1093	2186000.0	275.0
1094	2188000.0	277.0
1095	2190000.0	245.0
1096	2192000.0	269.0
1097	2194000.0	272.0
1098	2196000.0	258.0
1099	2198000.0	283.0
1100	2200000.0	274.0
1101	2202000.0	277.0
1102	2204000.0	276.0
1103	2206000.0	274.0
1104	2208000.0	286.0
1105	2210000.0	279.0
1106	2212000.0	266.0
1107	2214000.0	282.0
1108	2216000.0	275.0
1109	2218000.0	274.0
1110	2220000.0	249.0
1111	2222000.0	283.0
1112	2224000.0	251.0
1113	2226000.0	291.0
1114	2228000.0	308.0
1115	2230000.0	267.0
1116	2232000.0	263.0
1117	2234000.0	279.0
1118	2236000.0	262.0
1119	2238000.0	284.0
1120	2240000.0	241.0
1121	2242000.0	276.0
1122	2244000.0	259.0
1123	2246000.0	264.0
1124	2248000.0	301.0
1125	2250000.0	287.0
1126	2252000.0	272.0
1127	2254000.0	293.0
1128	2256000.0	233.0
1129	2258000.0	282.0
1130	2260000.0	261.0
1131	2262000.0	262.0
1132	2264000.0	273.0
1133	2266000.0	235.0
1134	2268000.0	248.0
1135	2270000.0	260.0
1136	2272000.0	245.0
1137	2274000.0	262.0
1138	2276000.0	250.0
1139	2278000.0	239.0
1140	2280000.0	265.0
1141	2282000.0	271.0
1142	2284000.0	264.0
1143	2286000.0	263.0
1144	2288000.0	276.0
1145	2290000.0	302.0
1146	2292000.0	255.0
1147	2294000.0	254.0
1148	2296000.0	291.0
1149	2298000.0	293.0
1150	2300000.0	266.0
1151	2302000.0	247.0
1152	2304000.0	266.0
1153	2306000.0	240.0
1154	2308000.0	244.0
1155	2310000.0	243.0
1156	2312000.0	256.0
1157	2314000.0	278.0
1158	2316000.0	274.0
1159	2318000.0	230.0
1160	2320000.0	247.0
1161	2322000.0	255.0
1162	2324000.0	262.0
1163	2326000.0	245.0
1164	2328000.0	264.0
1165	2330000.0	234.0
1166	2332000.0	265.0
1167	2334000.0	266.0
1168	2336000.0	257.0
1169	2338000.0	242.0
1170	2340000.0	243.0
1171	2342000.0	251.0
1172	2344000.0	245.0
1173	2346000.0	261.0
1174	2348000.0	234.0
1175	2350000.0	270.0
1176	2352000.0	264.0
1177	2354000.0	253.0
1178	2356000.0	241.0
1179	2358000.0	247.0
1180	2360000.0	270.0
1181	2362000.0	269.0
1182	2364000.0	267.0
1183	2366000.0	244.0
1184	2368000.0	251.0
1185	2370000.0	242.0
1186	2372000.0	278.0
1187	2374000.0	264.0
1188	2376000.0	257.0
1189	2378000.0	256.0
1190	2380000.0	259.0
1191	2382000.0	256.0
1192	2384000.0	269.0
1193	2386000.0	240.0
1194	2388000.0	203.0
1195	2390000.0	258.0
1196	2392000.0	238.0
1197	2394000.0	253.0
1198	2396000.0	237.0
1199	2398000.0	275.0
1200	2400000.0	260.0
1201	2402000.0	248.0
1202	2404000.0	217.0
1203	2406000.0	262.0
1204	2408000.0	241.0
1205	2410000.0	252.0
1206	2412000.0	245.0
1207	2414000.0	248.0
1208	2416000.0	234.0
1209	2418000.0	255.0
1210	2420000.0	231.0
1211	2422000.0	253.0
1212	2424000.0	249.0
1213	2426000.0	259.0
1214	2428000.0	232.0
1215	2430000.0	263.0
1216	2432000.0	247.0
1217	2434000.0	245.0
1218	2436000.0	249.0
1219	2438000.0	232.0
1220	2440000.0	242.0
1221	2442000.0	233.0
1222	2444000.0	251.0
1223	2446000.0	216.0
1224	2448000.0	203.0
1225	2450000.0	252.0
1226	2452000.0	219.0
1227	2454000.0	221.0
1228	2456000.0	249.0
1229	2458000.0	258.0
1230	2460000.0	244.0
1231	2462000.0	230.0
1232	2464000.0	238.0
1233	2466000.0	256.0
1234	2468000.0	230.0
1235	2470000.0	220.0
1236	2472000.0	234.0
1237	2474000.0	259.0
1238	2476000.0	222.0
1239	2478000.0	220.0
1240	2480000.0	215.0
1241	2482000.0	241.0
1242	2484000.0	228.0
1243	2486000.0	225.0
1244	2488000.0	250.0
1245	2490000.0	207.0
1246	2492000.0	229.0
1247	2494000.0	219.0
1248	2496000.0	220.0
1249	2498000.0	257.0
1250	2500000.0	230.0
1251	2502000.0	245.0
1252	2504000.0	211.0
1253	2506000.0	229.0
1254	2508000.0	224.0
1255	2510000.0	237.0
1256	2512000.0	255.0
1257	2514000.0	235.0
1258	2516000.0	233.0
1259	2518000.0	234.0
1260	2520000.0	229.0
1261	2522000.0	200.0
1262	2524000.0	235.0
1263	2526000.0	224.0
1264	2528000.0	202.0
1265	2530000.0	225.0
1266	2532000.0	242.0
1267	2534000.0	219.0
1268	2536000.0	236.0
1269	2538000.0	234.0
1270	2540000.0	230.0
1271	2542000.0	237.0
1272	2544000.0	225.0
1273	2546000.0	213.0
1274	2548000.0	262.0
1275	2550000.0	211.0
1276	2552000.0	226.0
1277	2554000.0	243.0
1278	2556000.0	216.0
1279	2558000.0	221.0
1280	2560000.0	209.0
1281	2562000.0	228.0
1282	2564000.0	211.0
1283	2566000.0	212.0
1284	2568000.0	240.0
1285	2570000.0	214.0
1286	2572000.0	219.0
1287	2574000.0	224.0
1288	2576000.0	196.0
1289	2578000.0	225.0
1290	2580000.0	217.0
1291	2582000.0	197.0
1292	2584000.0	222.0
1293	2586000.0	202.0
1294	2588000.0	252.0
1295	2590000.0	209.0
1296	2592000.0	227.0
1297	2594000.0	231.0
1298	2596000.0	211.0
1299	2598000.0	207.0
1300	2600000.0	227.0
1301	2602000.0	248.0
1302	2604000.0	219.0
1303	2606000.0	218.0
1304	2608000.0	206.0
1305	2610000.0	217.0
1306	2612000.0	213.0
1307	2614000.0	222.0
1308	2616000.0	227.0
1309	2618000.0	229.0
1310	2620000.0	232.0
1311	2622000.0	222.0
1312	2624000.0	216.0
1313	2626000.0	227.0
1314	2628000.0	222.0
1315	2630000.0	201.0
1316	2632000.0	199.0
1317	2634000.0	243.0
1318	2636000.0	221.0
1319	2638000.0	237.0
1320	2640000.0	198.0
1321	2642000.0	210.0
1322	2644000.0	215.0
1323	2646000.0	210.0
1324	2648000.0	236.0
1325	2650000.0	220.0
1326	2652000.0	226.0
1327	2654000.0	202.0
1328	2656000.0	202.0
1329	2658000.0	209.0
1330	2660000.0	215.0
1331	2662000.0	216.0
1332	2664000.0	190.0
1333	2666000.0	212.0
1334	2668000.0	214.0
1335	2670000.0	242.0
1336	2672000.0	224.0
1337	2674000.0	209.0
1338	2676000.0	192.0
1339	2678000.0	233.0
1340	2680000.0	235.0
1341	2682000.0	200.0
1342	2684000.0	176.0
1343	2686000.0	183.0
1344	2688000.0	191.0
1345	2690000.0	174.0
1346	2692000.0	221.0
1347	2694000.0	208.0
1348	2696000.0	214.0
1349	2698000.0	199.0
1350	2700000.0	202.0
1351	2702000.0	178.0
1352	2704000.0	232.0
1353	2706000.0	221.0
1354	2708000.0	203.0
1355	2710000.0	208.0
1356	2712000.0	213.0
1357	2714000.0	199.0
1358	2716000.0	209.0
1359	2718000.0	208.0
1360	2720000.0	176.0
1361	2722000.0	195.0
1362	2724000.0	195.0
1363	2726000.0	222.0
1364	2728000.0	212.0
1365	2730000.0	208.0
1366	2732000.0	214.0
1367	2734000.0	186.0
1368	2736000.0	228.0
1369	2738000.0	202.0
1370	2740000.0	239.0
1371	2742000.0	202.0
1372	2744000.0	198.0
1373	2746000.0	174.0
1374	2748000.0	197.0
1375	2750000.0	211.0
1376	2752000.0	198.0
1377	2754000.0	217.0
1378	2756000.0	188.0
1379	2758000.0	206.0
1380	2760000.0	207.0
1381	2762000.0	219.0
1382	2764000.0	203.0
1383	2766000.0	186.0
1384	2768000.0	182.0
1385	2770000.0	219.0
1386	2772000.0	193.0
1387	2774000.0	205.0
1388	2776000.0	204.0
1389	2778000.0	221.0
1390	2780000.0	211.0
1391	2782000.0	211.0
1392	2784000.0	192.0
1393	2786000.0	190.0
1394	2788000.0	199.0
1395	2790000.0	241.0
1396	2792000.0	210.0
1397	2794000.0	206.0
1398	2796000.0	216.0
1399	2798000.0	179.0
1400	2800000.0	204.0
1401	2802000.0	186.0
1402	2804000.0	192.0
1403	2806000.0	178.0
1404	2808000.0	211.0
1405	2810000.0	177.0
1406	2812000.0	205.0
1407	2814000.0	154.0
1408	2816000.0	222.0
1409	2818000.0	217.0
1410	2820000.0	181.0
1411	2822000.0	204.0
1412	2824000.0	213.0
1413	2826000.0	194.0
1414	2828000.0	206.0
1415	2830000.0	187.0
1416	2832000.0	216.0
1417	2834000.0	199.0
1418	2836000.0	160.0
1419	2838000.0	194.0
1420	2840000.0	188.0
1421	2842000.0	198.0
1422	2844000.0	204.0
1423	2846000.0	199.0
1424	2848000.0	205.0
1425	2850000.0	180.0
1426	2852000.0	200.0
1427	2854000.0	210.0
1428	2856000.0	194.0
1429	2858000.0	186.0
1430	2860000.0	196.0
1431	2862000.0	196.0
1432	2864000.0	202.0
1433	2866000.0	192.0
1434	2868000.0	172.0
1435	2870000.0	174.0
1436	2872000.0	202.0
1437	2874000.0	188.0
1438	2876000.0	212.0
1439	2878000.0	179.0
1440	2880000.0	204.0
1441	2882000.0	214.0
1442	2884000.0	177.0
1443	2886000.0	168.0
1444	2888000.0	204.0
1445	2890000.0	227.0
1446	2892000.0	178.0
1447	2894000.0	199.0
1448	2896000.0	180.0
1449	2898000.0	216.0
1450	2900000.0	188.0
1451	2902000.0	181.0
1452	2904000.0	186.0
1453	2906000.0	215.0
1454	2908000.0	201.0
1455	2910000.0	192.0
1456	2912000.0	176.0
1457	2914000.0	213.0
1458	2916000.0	189.0
1459	2918000.0	182.0
1460	2920000.0	178.0
1461	2922000.0	151.0
1462	2924000.0	166.0
1463	2926000.0	196.0
1464	2928000.0	193.0
1465	2930000.0	205.0
1466	2932000.0	196.0
1467	2934000.0	172.0
1468	2936000.0	179.0
1469	2938000.0	196.0
1470	2940000.0	190.0
1471	2942000.0	167.0
1472	2944000.0	196.0
1473	2946000.0	203.0
1474	2948000.0	189.0
1475	2950000.0	191.0
1476	2952000.0	193.0
1477	2954000.0	191.0
1478	2956000.0	191.0
1479	2958000.0	182.0
1480	2960000.0	185.0
1481	2962000.0	186.0
1482	2964000.0	186.0
1483	2966000.0	190.0
1484	2968000.0	186.0
1485	2970000.0	165.0
1486	2972000.0	196.0
1487	2974000.0	210.0
1488	2976000.0	191.0
1489	2978000.0	198.0
1490	2980000.0	193.0
1491	2982000.0	192.0
1492	2984000.0	185.0
1493	2986000.0	173.0
1494	2988000.0	189.0
1495	2990000.0	192.0
1496	2992000.0	160.0
1497	2994000.0	185.0
1498	2996000.0	204.0
1499	2998000.0	200.0
1500	3000000.0	185.0
1501	3002000.0	195.0
1502	3004000.0	189.0
1503	3006000.0	182.0
1504	3008000.0	194.0
1505	3010000.0	180.0
1506	3012000.0	187.0
1507	3014000.0	201.0
1508	3016000.0	196.0
1509	3018000.0	187.0
1510	3020000.0	168.0
1511	3022000.0	191.0
1512	3024000.0	175.0
1513	3026000.0	185.0
1514	3028000.0	172.0
1515	3030000.0	177.0
1516	3032000.0	209.0
1517	3034000.0	192.0
1518	3036000.0	167.0
1519	3038000.0	196.0
1520	3040000.0	178.0
1521	3042000.0	200.0
1522	3044000.0	172.0
1523	3046000.0	195.0
1524	3048000.0	211.0
1525	3050000.0	196.0
1526	3052000.0	151.0
1527	3054000.0	174.0
1528	3056000.0	177.0
1529	3058000.0	192.0
1530	3060000.0	191.0
1531	3062000.0	203.0
1532	3064000.0	174.0
1533	3066000.0	184.0
1534	3068000.0	168.0
1535	3070000.0	192.0
1536	3072000.0	176.0
1537	3074000.0	174.0
1538	3076000.0	177.0
1539	3078000.0	171.0
1540	3080000.0	162.0
1541	3082000.0	183.0
1542	3084000.0	184.0
1543	3086000.0	172.0
1544	3088000.0	175.0
1545	3090000.0	165.0
1546	3092000.0	180.0
1547	3094000.0	164.0
1548	3096000.0	165.0
1549	3098000.0	151.0
1550	3100000.0	192.0
1551	3102000.0	185.0
1552	3104000.0	166.0
1553	3106000.0	156.0
1554	3108000.0	179.0
1555	3110000.0	169.0
1556	3112000.0	175.0
1557	3114000.0	172.0
1558	3116000.0	167.0
1559	3118000.0	180.0
1560	3120000.0	174.0
1561	3122000.0	193.0
1562	3124000.0	181.0
1563	3126000.0	174.0
1564	3128000.0	166.0
1565	3130000.0	224.0
1566	3132000.0	168.0
1567	3134000.0	150.0
1568	3136000.0	177.0
1569	3138000.0	162.0
1570	3140000.0	182.0
1571	3142000.0	179.0
1572	3144000.0	182.0
1573	3146000.0	193.0
1574	3148000.0	187.0
1575	3150000.0	158.0
1576	3152000.0	163.0
1577	3154000.0	153.0
1578	3156000.0	196.0
1579	3158000.0	181.0
1580	3160000.0	170.0
1581	3162000.0	159.0
1582	3164000.0	173.0
1583	3166000.0	188.0
1584	3168000.0	188.0
1585	3170000.0	158.0
1586	3172000.0	166.0
1587	3174000.0	157.0
1588	3176000.0	165.0
1589	3178000.0	171.0
1590	3180000.0	167.0
1591	3182000.0	172.0
1592	3184000.0	162.0
1593	3186000.0	188.0
1594	3188000.0	191.0
1595	3190000.0	163.0
1596	3192000.0	171.0
1597	3194000.0	170.0
1598	3196000.0	167.0
1599	3198000.0	154.0
1600	3200000.0	186.0
1601	3202000.0	161.0
1602	3204000.0	167.0
1603	3206000.0	185.0
1604	3208000.0	162.0
1605	3210000.0	165.0
1606	3212000.0	170.0
1607	3214000.0	176.0
1608	3216000.0	171.0
1609	3218000.0	156.0
1610	3220000.0	158.0
1611	3222000.0	170.0
1612	3224000.0	192.0
1613	3226000.0	163.0
1614	3228000.0	176.0
1615	3230000.0	176.0
1616	3232000.0	197.0
1617	3234000.0	179.0
1618	3236000.0	181.0
1619	3238000.0	166.0
1620	3240000.0	157.0
1621	3242000.0	177.0
1622	3244000.0	173.0
1623	3246000.0	135.0
1624	3248000.0	176.0
1625	3250000.0	174.0
1626	3252000.0	154.0
1627	3254000.0	175.0
1628	3256000.0	157.0
1629	3258000.0	160.0
1630	3260000.0	148.0
1631	3262000.0	158.0
1632	3264000.0	177.0
1633	3266000.0	164.0
1634	3268000.0	168.0
1635	3270000.0	146.0
1636	3272000.0	156.0
1637	3274000.0	159.0
1638	3276000.0	172.0
1639	3278000.0	171.0
1640	3280000.0	177.0
1641	3282000.0	166.0
1642	3284000.0	150.0
1643	3286000.0	176.0
1644	3288000.0	149.0
1645	3290000.0	162.0
1646	3292000.0	138.0
1647	3294000.0	158.0
1648	3296000.0	167.0
1649	3298000.0	164.0
1650	3300000.0	159.0
1651	3302000.0	146.0
1652	3304000.0	153.0
1653	3306000.0	173.0
1654	3308000.0	157.0
1655	3310000.0	162.0
1656	3312000.0	177.0
1657	3314000.0	173.0
1658	3316000.0	169.0
1659	3318000.0	159.0
1660	3320000.0	153.0
1661	3322000.0	171.0
1662	3324000.0	163.0
1663	3326000.0	161.0
1664	3328000.0	160.0
1665	3330000.0	142.0
1666	3332000.0	189.0
1667	3334000.0	150.0
1668	3336000.0	164.0
1669	3338000.0	180.0
1670	3340000.0	150.0
1671	3342000.0	153.0
1672	3344000.0	169.0
1673	3346000.0	159.0
1674	3348000.0	152.0
1675	3350000.0	144.0
1676	3352000.0	151.0
1677	3354000.0	151.0
1678	3356000.0	150.0
1679	3358000.0	166.0
1680	3360000.0	192.0
1681	3362000.0	157.0
1682	3364000.0	167.0
1683	3366000.0	153.0
1684	3368000.0	161.0
1685	3370000.0	160.0
1686	3372000.0	142.0
1687	3374000.0	175.0
1688	3376000.0	164.0
1689	3378000.0	164.0
1690	3380000.0	180.0
1691	3382000.0	155.0
1692	3384000.0	180.0
1693	3386000.0	160.0
1694	3388000.0	147.0
1695	3390000.0	133.0
1696	3392000.0	154.0
1697	3394000.0	158.0
1698	3396000.0	156.0
1699	3398000.0	167.0
1700	3400000.0	149.0
1701	3402000.0	158.0
1702	3404000.0	147.0
1703	3406000.0	150.0
1704	3408000.0	138.0
1705	3410000.0	162.0
1706	3412000.0	169.0
1707	3414000.0	166.0
1708	3416000.0	151.0
1709	3418000.0	144.0
1710	3420000.0	180.0
1711	3422000.0	150.0
1712	3424000.0	149.0
1713	3426000.0	182.0
1714	3428000.0	169.0
1715	3430000.0	127.0
1716	3432000.0	146.0
1717	3434000.0	154.0
1718	3436000.0	171.0
1719	3438000.0	164.0
1720	3440000.0	155.0
1721	3442000.0	175.0
1722	3444000.0	151.0
1723	3446000.0	132.0
1724	3448000.0	141.0
1725	3450000.0	138.0
1726	3452000.0	158.0
1727	3454000.0	145.0
1728	3456000.0	137.0
1729	3458000.0	158.0
1730	3460000.0	146.0
1731	3462000.0	141.0
1732	3464000.0	127.0
1733	3466000.0	141.0
1734	3468000.0	148.0
1735	3470000.0	146.0
1736	3472000.0	158.0
1737	3474000.0	146.0
1738	3476000.0	134.0
1739	3478000.0	156.0
1740	3480000.0	137.0
1741	3482000.0	153.0
1742	3484000.0	157.0
1743	3486000.0	182.0
1744	3488000.0	139.0
1745	3490000.0	162.0
1746	3492000.0	141.0
1747	3494000.0	148.0
1748	3496000.0	153.0
1749	3498000.0	133.0
1750	3500000.0	142.0
1751	3502000.0	181.0
1752	3504000.0	146.0
1753	3506000.0	161.0
1754	3508000.0	140.0
1755	3510000.0	145.0
1756	3512000.0	142.0
1757	3514000.0	144.0
1758	3516000.0	135.0
1759	3518000.0	147.0
1760	3520000.0	150.0
1761	3522000.0	161.0
1762	3524000.0	177.0
1763	3526000.0	140.0
1764	3528000.0	155.0
1765	3530000.0	155.0
1766	3532000.0	164.0
1767	3534000.0	124.0
1768	3536000.0	141.0
1769	3538000.0	144.0
1770	3540000.0	147.0
1771	3542000.0	131.0
1772	3544000.0	163.0
1773	3546000.0	137.0
1774	3548000.0	132.0
1775	3550000.0	131.0
1776	3552000.0	144.0
1777	3554000.0	146.0
1778	3556000.0	177.0
1779	3558000.0	128.0
1780	3560000.0	128.0
1781	3562000.0	161.0
1782	3564000.0	146.0
1783	3566000.0	148.0
1784	3568000.0	146.0
1785	3570000.0	146.0
1786	3572000.0	147.0
1787	3574000.0	144.0
1788	3576000.0	160.0
1789	3578000.0	148.0
1790	3580000.0	138.0
1791	3582000.0	143.0
1792	3584000.0	153.0
1793	3586000.0	139.0
1794	3588000.0	144.0
1795	3590000.0	134.0
1796	3592000.0	139.0
1797	3594000.0	145.0
1798	3596000.0	142.0
1799	3598000.0	132.0
1800	3600000.0	141.0
1801	3602000.0	127.0
1802	3604000.0	140.0
1803	3606000.0	161.0
1804	3608000.0	163.0
1805	3610000.0	161.0
1806	3612000.0	143.0
1807	3614000.0	130.0
1808	3616000.0	132.0
1809	3618000.0	138.0
1810	3620000.0	130.0
1811	3622000.0	139.0
1812	3624000.0	144.0
1813	3626000.0	136.0
1814	3628000.0	163.0
1815	3630000.0	153.0
1816	3632000.0	127.0
1817	3634000.0	133.0
1818	3636000.0	143.0
1819	3638000.0	147.0
1820	3640000.0	129.0
1821	3642000.0	111.0
1822	3644000.0	153.0
1823	3646000.0	148.0
1824	3648000.0	167.0
1825	3650000.0	141.0
1826	3652000.0	136.0
1827	3654000.0	150.0
1828	3656000.0	134.0
1829	3658000.0	154.0
1830	3660000.0	140.0
1831	3662000.0	142.0
1832	3664000.0	140.0
1833	3666000.0	140.0
1834	3668000.0	121.0
1835	3670000.0	153.0
1836	3672000.0	135.0
1837	3674000.0	156.0
1838	3676000.0	159.0
1839	3678000.0	139.0
1840	3680000.0	124.0
1841	3682000.0	148.0
1842	3684000.0	144.0
1843	3686000.0	141.0
1844	3688000.0	115.0
1845	3690000.0	149.0
1846	3692000.0	129.0
1847	3694000.0	150.0
1848	3696000.0	129.0
1849	3698000.0	135.0
1850	3700000.0	117.0
1851	3702000.0	135.0
1852	3704000.0	135.0
1853	3706000.0	142.0
1854	3708000.0	134.0
1855	3710000.0	130.0
1856	3712000.0	139.0
1857	3714000.0	140.0
1858	3716000.0	151.0
1859	3718000.0	174.0
1860	3720000.0	131.0
1861	3722000.0	156.0
1862	3724000.0	118.0
1863	3726000.0	143.0
1864	3728000.0	137.0
1865	3730000.0	141.0
1866	3732000.0	123.0
1867	3734000.0	122.0
1868	3736000.0	152.0
1869	3738000.0	130.0
1870	3740000.0	151.0
1871	3742000.0	128.0
1872	3744000.0	119.0
1873	3746000.0	144.0
1874	3748000.0	144.0
1875	3750000.0	151.0
1876	3752000.0	141.0
1877	3754000.0	164.0
1878	3756000.0	138.0
1879	3758000.0	138.0
1880	3760000.0	145.0
1881	3762000.0	125.0
1882	3764000.0	143.0
1883	3766000.0	138.0
1884	3768000.0	130.0
1885	3770000.0	138.0
1886	3772000.0	157.0
1887	3774000.0	127.0
1888	3776000.0	148.0
1889	3778000.0	145.0
1890	3780000.0	137.0
1891	3782000.0	142.0
1892	3784000.0	112.0
1893	3786000.0	134.0
1894	3788000.0	146.0
1895	3790000.0	152.0
1896	3792000.0	142.0
1897	3794000.0	123.0
1898	3796000.0	143.0
1899	3798000.0	148.0
1900	3800000.0	117.0
1901	3802000.0	130.0
1902	3804000.0	137.0
1903	3806000.0	142.0
1904	3808000.0	140.0
1905	3810000.0	131.0
1906	3812000.0	134.0
1907	3814000.0	130.0
1908	3816000.0	124.0
1909	3818000.0	116.0
1910	3820000.0	129.0
1911	3822000.0	126.0
1912	3824000.0	161.0
1913	3826000.0	117.0
1914	3828000.0	135.0
1915	3830000.0	144.0
1916	3832000.0	144.0
1917	3834000.0	132.0
1918	3836000.0	136.0
1919	3838000.0	136.0
1920	3840000.0	104.0
1921	3842000.0	136.0
1922	3844000.0	143.0
1923	3846000.0	154.0
1924	3848000.0	133.0
1925	3850000.0	129.0
1926	3852000.0	140.0
1927	3854000.0	148.0
1928	3856000.0	116.0
1929	3858000.0	114.0
1930	3860000.0	123.0
1931	3862000.0	126.0
1932	3864000.0	140.0
1933	3866000.0	130.0
1934	3868000.0	131.0
1935	3870000.0	123.0
1936	3872000.0	132.0
1937	3874000.0	153.0
1938	3876000.0	123.0
1939	3878000.0	129.0
1940	3880000.0	145.0
1941	3882000.0	116.0
1942	3884000.0	150.0
1943	3886000.0	135.0
1944	3888000.0	124.0
1945	3890000.0	140.0
1946	3892000.0	123.0
1947	3894000.0	138.0
1948	3896000.0	130.0
1949	3898000.0	137.0
1950	3900000.0	122.0
1951	3902000.0	116.0
1952	3904000.0	139.0
1953	3906000.0	90.0
1954	3908000.0	134.0
1955	3910000.0	129.0
1956	3912000.0	147.0
1957	3914000.0	129.0
1958	3916000.0	141.0
1959	3918000.0	120.0
1960	3920000.0	132.0
1961	3922000.0	127.0
1962	3924000.0	134.0
1963	3926000.0	137.0
1964	3928000.0	145.0
1965	3930000.0	130.0
1966	3932000.0	119.0
1967	3934000.0	133.0
1968	3936000.0	132.0
1969	3938000.0	137.0
1970	3940000.0	128.0
1971	3942000.0	114.0
1972	3944000.0	131.0
1973	3946000.0	124.0
1974	3948000.0	142.0
1975	3950000.0	122.0
1976	3952000.0	135.0
1977	3954000.0	121.0
1978	3956000.0	108.0
1979	3958000.0	131.0
1980	3960000.0	130.0
1981	3962000.0	135.0
1982	3964000.0	142.0
1983	3966000.0	122.0
1984	3968000.0	115.0
1985	3970000.0	130.0
1986	3972000.0	127.0
1987	3974000.0	104.0
1988	3976000.0	114.0
1989	3978000.0	162.0
1990	3980000.0	128.0
1991	3982000.0	120.0
1992	3984000.0	138.0
1993	3986000.0	118.0
1994	3988000.0	122.0
1995	3990000.0	109.0
1996	3992000.0	106.0
1997	3994000.0	112.0
1998	3996000.0	115.0
1999	3998000.0	110.0
2000	4000000.0	125.0
2001	4002000.0	112.0
2002	4004000.0	121.0
2003	4006000.0	138.0
2004	4008000.0	127.0
2005	4010000.0	107.0
2006	4012000.0	123.0
2007	4014000.0	119.0
2008	4016000.0	130.0
2009	4018000.0	122.0
2010	4020000.0	131.0
2011	4022000.0	134.0
2012	4024000.0	134.0
2013	4026000.0	127.0
2014	4028000.0	122.0
2015	4030000.0	135.0
2016	4032000.0	148.0
2017	4034000.0	105.0
2018	4036000.0	130.0
2019	4038000.0	126.0
2020	4040000.0	128.0
2021	4042000.0	112.0
2022	4044000.0	107.0
2023	4046000.0	151.0
2024	4048000.0	137.0
2025	4050000.0	129.0
2026	4052000.0	110.0
2027	4054000.0	118.0
2028	4056000.0	137.0
2029	4058000.0	124.0
2030	4060000.0	118.0
2031	4062000.0	125.0
2032	4064000.0	115.0
2033	4066000.0	123.0
2034	4068000.0	102.0
2035	4070000.0	134.0
2036	4072000.0	120.0
2037	4074000.0	121.0
2038	4076000.0	121.0
2039	4078000.0	122.0
2040	4080000.0	117.0
2041	4082000.0	111.0
2042	4084000.0	111.0
2043	4086000.0	107.0
2044	4088000.0	121.0
2045	4090000.0	104.0
2046	4092000.0	125.0
2047	4094000.0	133.0
2048	4096000.0	129.0
2049	4098000.0	119.0
2050	4100000.0	128.0
2051	4102000.0	116.0
2052	4104000.0	107.0
2053	4106000.0	117.0
2054	4108000.0	118.0
2055	4110000.0	135.0
2056	4112000.0	111.0
2057	4114000.0	128.0
2058	4116000.0	131.0
2059	4118000.0	136.0
2060	4120000.0	101.0
2061	4122000.0	114.0
2062	4124000.0	123.0
2063	4126000.0	124.0
2064	4128000.0	110.0
2065	4130000.0	136.0
2066	4132000.0	129.0
2067	4134000.0	115.0
2068	4136000.0	124.0
2069	4138000.0	126.0
2070	4140000.0	134.0
2071	4142000.0	116.0
2072	4144000.0	113.0
2073	4146000.0	125.0
2074	4148000.0	119.0
2075	4150000.0	130.0
2076	4152000.0	116.0
2077	4154000.0	126.0
2078	4156000.0	117.0
2079	4158000.0	134.0
2080	4160000.0	112.0
2081	4162000.0	122.0
2082	4164000.0	109.0
2083	4166000.0	119.0
2084	4168000.0	122.0
2085	4170000.0	120.0
2086	4172000.0	128.0
2087	4174000.0	126.0
2088	4176000.0	138.0
2089	4178000.0	103.0
2090	4180000.0	122.0
2091	4182000.0	123.0
2092	4184000.0	125.0
2093	4186000.0	130.0
2094	4188000.0	126.0
2095	4190000.0	96.0
2096	4192000.0	130.0
2097	4194000.0	110.0
2098	4196000.0	111.0
2099	4198000.0	120.0
2100	4200000.0	105.0
2101	4202000.0	98.0
2102	4204000.0	126.0
2103	4206000.0	137.0
2104	4208000.0	104.0
2105	4210000.0	107.0
2106	4212000.0	107.0
2107	4214000.0	112.0
2108	4216000.0	120.0
2109	4218000.0	109.0
2110	4220000.0	116.0
2111	4222000.0	107.0
2112	4224000.0	113.0
2113	4226000.0	129.0
2114	4228000.0	113.0
2115	4230000.0	112.0
2116	4232000.0	125.0
2117	4234000.0	112.0
2118	4236000.0	116.0
2119	4238000.0	133.0
2120	4240000.0	108.0
2121	4242000.0	125.0
2122	4244000.0	135.0
2123	4246000.0	132.0
2124	4248000.0	105.0
2125	4250000.0	118.0
2126	4252000.0	110.0
2127	4254000.0	116.0
2128	4256000.0	131.0
2129	4258000.0	128.0
2130	4260000.0	100.0
2131	4262000.0	122.0
2132	4264000.0	127.0
2133	4266000.0	120.0
2134	4268000.0	95.0
2135	4270000.0	112.0
2136	4272000.0	121.0
2137	4274000.0	131.0
2138	4276000.0	111.0
2139	4278000.0	112.0
2140	4280000.0	118.0
2141	4282000.0	130.0
2142	4284000.0	116.0
2143	4286000.0	104.0
2144	4288000.0	112.0
2145	4290000.0	116.0
2146	4292000.0	122.0
2147	4294000.0	105.0
2148	4296000.0	119.0
2149	4298000.0	127.0
2150	4300000.0	116.0
2151	4302000.0	114.0
2152	4304000.0	106.0
2153	4306000.0	103.0
2154	4308000.0	97.0
2155	4310000.0	122.0
2156	4312000.0	104.0
2157	4314000.0	107.0
2158	4316000.0	114.0
2159	4318000.0	101.0
2160	4320000.0	127.0
2161	4322000.0	108.0
2162	4324000.0	100.0
2163	4326000.0	107.0
2164	4328000.0	98.0
2165	4330000.0	121.0
2166	4332000.0	133.0
2167	4334000.0	121.0
2168	4336000.0	125.0
2169	4338000.0	124.0
2170	4340000.0	109.0
2171	4342000.0	116.0
2172	4344000.0	128.0
2173	4346000.0	110.0
2174	4348000.0	122.0
2175	4350000.0	96.0
2176	4352000.0	122.0
2177	4354000.0	98.0
2178	4356000.0	124.0
2179	4358000.0	114.0
2180	4360000.0	99.0
2181	4362000.0	119.0
2182	4364000.0	105.0
2183	4366000.0	106.0
2184	4368000.0	116.0
2185	4370000.0	109.0
2186	4372000.0	112.0
2187	4374000.0	102.0
2188	4376000.0	87.0
2189	4378000.0	117.0
2190	4380000.0	91.0
2191	4382000.0	107.0
2192	4384000.0	90.0
2193	4386000.0	111.0
2194	4388000.0	104.0
2195	4390000.0	117.0
2196	4392000.0	120.0
2197	4394000.0	119.0
2198	4396000.0	103.0
2199	4398000.0	122.0
2200	4400000.0	108.0
2201	4402000.0	128.0
2202	4404000.0	113.0
2203	4406000.0	124.0
2204	4408000.0	121.0
2205	4410000.0	107.0
2206	4412000.0	109.0
2207	4414000.0	117.0
2208	4416000.0	93.0
2209	4418000.0	106.0
2210	4420000.0	125.0
2211	4422000.0	116.0
2212	4424000.0	104.0
2213	4426000.0	96.0
2214	4428000.0	99.0
2215	4430000.0	101.0
2216	4432000.0	111.0
2217	4434000.0	102.0
2218	4436000.0	102.0
2219	4438000.0	93.0
2220	4440000.0	112.0
2221	4442000.0	102.0
2222	4444000.0	107.0
2223	4446000.0	107.0
2224	4448000.0	121.0
2225	4450000.0	104.0
2226	4452000.0	119.0
2227	4454000.0	114.0
2228	4456000.0	124.0
2229	4458000.0	105.0
2230	4460000.0	119.0
2231	4462000.0	114.0
2232	4464000.0	104.0
2233	4466000.0	88.0
2234	4468000.0	104.0
2235	4470000.0	110.0
2236	4472000.0	124.0
2237	4474000.0	126.0
2238	4476000.0	116.0
2239	4478000.0	116.0
2240	4480000.0	115.0
2241	4482000.0	95.0
2242	4484000.0	104.0
2243	4486000.0	114.0
2244	4488000.0	101.0
2245	4490000.0	104.0
2246	4492000.0	108.0
2247	4494000.0	114.0
2248	4496000.0	99.0
2249	4498000.0	114.0
2250	4500000.0	107.0
2251	4502000.0	111.0
2252	4504000.0	102.0
2253	4506000.0	105.0
2254	4508000.0	110.0
2255	4510000.0	92.0
2256	4512000.0	107.0
2257	4514000.0	107.0
2258	4516000.0	108.0
2259	4518000.0	103.0
2260	4520000.0	116.0
2261	4522000.0	104.0
2262	4524000.0	111.0
2263	4526000.0	128.0
2264	4528000.0	87.0
2265	4530000.0	105.0
2266	4532000.0	121.0
2267	4534000.0	99.0
2268	4536000.0	102.0
2269	4538000.0	102.0
2270	4540000.0	121.0
2271	4542000.0	102.0
2272	4544000.0	104.0
2273	4546000.0	117.0
2274	4548000.0	91.0
2275	4550000.0	111.0
2276	4552000.0	95.0
2277	4554000.0	105.0
2278	4556000.0	116.0
2279	4558000.0	113.0
2280	4560000.0	111.0
2281	4562000.0	104.0
2282	4564000.0	100.0
2283	4566000.0	105.0
2284	4568000.0	98.0
2285	4570000.0	104.0
2286	4572000.0	105.0
2287	4574000.0	105.0
2288	4576000.0	103.0
2289	4578000.0	102.0
2290	4580000.0	110.0
2291	4582000.0	100.0
2292	4584000.0	97.0
2293	4586000.0	96.0
2294	4588000.0	115.0
2295	4590000.0	97.0
2296	4592000.0	108.0
2297	4594000.0	108.0
2298	4596000.0	97.0
2299	4598000.0	109.0
2300	4600000.0	134.0
2301	4602000.0	96.0
2302	4604000.0	108.0
2303	4606000.0	107.0
2304	4608000.0	93.0
2305	4610000.0	121.0
2306	4612000.0	100.0
2307	4614000.0	89.0
2308	4616000.0	123.0
2309	4618000.0	109.0
2310	4620000.0	95.0
2311	4622000.0	102.0
2312	4624000.0	111.0
2313	4626000.0	100.0
2314	4628000.0	116.0
2315	4630000.0	99.0
2316	4632000.0	82.0
2317	4634000.0	96.0
2318	4636000.0	92.0
2319	4638000.0	109.0
2320	4640000.0	100.0
2321	4642000.0	109.0
2322	4644000.0	101.0
2323	4646000.0	92.0
2324	4648000.0	110.0
2325	4650000.0	109.0
2326	4652000.0	91.0
2327	4654000.0	100.0
2328	4656000.0	104.0
2329	4658000.0	102.0
2330	4660000.0	97.0
2331	4662000.0	106.0
2332	4664000.0	86.0
2333	4666000.0	94.0
2334	4668000.0	91.0
2335	4670000.0	100.0
2336	4672000.0	117.0
2337	4674000.0	93.0
2338	4676000.0	82.0
2339	4678000.0	106.0
2340	4680000.0	104.0
2341	4682000.0	102.0
2342	4684000.0	101.0
2343	4686000.0	97.0
2344	4688000.0	99.0
2345	4690000.0	99.0
2346	4692000.0	96.0
2347	4694000.0	95.0
2348	4696000.0	111.0
2349	4698000.0	124.0
2350	4700000.0	109.0
2351	4702000.0	99.0
2352	4704000.0	91.0
2353	4706000.0	100.0
2354	4708000.0	103.0
2355	4710000.0	100.0
2356	4712000.0	79.0
2357	4714000.0	85.0
2358	4716000.0	99.0
2359	4718000.0	115.0
2360	4720000.0	91.0
2361	4722000.0	110.0
2362	4724000.0	84.0
2363	4726000.0	98.0
2364	4728000.0	111.0
2365	4730000.0	111.0
2366	4732000.0	91.0
2367	4734000.0	80.0
2368	4736000.0	112.0
2369	4738000.0	96.0
2370	4740000.0	99.0
2371	4742000.0	96.0
2372	4744000.0	110.0
2373	4746000.0	104.0
2374	4748000.0	109.0
2375	4750000.0	118.0
2376	4752000.0	95.0
2377	4754000.0	101.0
2378	4756000.0	98.0
2379	4758000.0	115.0
2380	4760000.0	103.0
2381	4762000.0	98.0
2382	4764000.0	102.0
2383	4766000.0	104.0
2384	4768000.0	78.0
2385	4770000.0	101.0
2386	4772000.0	98.0
2387	4774000.0	98.0
2388	4776000.0	103.0
2389	4778000.0	93.0
2390	4780000.0	92.0
2391	4782000.0	89.0
2392	4784000.0	98.0
2393	4786000.0	103.0
2394	4788000.0	84.0
2395	4790000.0	92.0
2396	4792000.0	111.0
2397	4794000.0	104.0
2398	4796000.0	101.0
2399	4798000.0	108.0
2400	4800000.0	96.0
2401	4802000.0	106.0
2402	4804000.0	113.0
2403	4806000.0	108.0
2404	4808000.0	90.0
2405	4810000.0	93.0
2406	4812000.0	97.0
2407	4814000.0	98.0
2408	4816000.0	99.0
2409	4818000.0	108.0
2410	4820000.0	98.0
2411	4822000.0	108.0
2412	4824000.0	100.0
2413	4826000.0	131.0
2414	4828000.0	96.0
2415	4830000.0	92.0
2416	4832000.0	102.0
2417	4834000.0	90.0
2418	4836000.0	94.0
2419	4838000.0	75.0
2420	4840000.0	92.0
2421	4842000.0	89.0
2422	4844000.0	102.0
2423	4846000.0	91.0
2424	4848000.0	113.0
2425	4850000.0	99.0
2426	4852000.0	126.0
2427	4854000.0	88.0
2428	4856000.0	105.0
2429	4858000.0	78.0
2430	4860000.0	96.0
2431	4862000.0	97.0
2432	4864000.0	85.0
2433	4866000.0	90.0
2434	4868000.0	113.0
2435	4870000.0	91.0
2436	4872000.0	108.0
2437	4874000.0	113.0
2438	4876000.0	107.0
2439	4878000.0	98.0
2440	4880000.0	102.0
2441	4882000.0	97.0
2442	4884000.0	103.0
2443	4886000.0	100.0
2444	4888000.0	94.0
2445	4890000.0	86.0
2446	4892000.0	106.0
2447	4894000.0	119.0
2448	4896000.0	89.0
2449	4898000.0	81.0
2450	4900000.0	102.0
2451	4902000.0	109.0
2452	4904000.0	91.0
2453	4906000.0	99.0
2454	4908000.0	86.0
2455	4910000.0	99.0
2456	4912000.0	98.0
2457	4914000.0	104.0
2458	4916000.0	121.0
2459	4918000.0	74.0
2460	4920000.0	100.0
2461	4922000.0	75.0
2462	4924000.0	88.0
2463	4926000.0	103.0
2464	4928000.0	76.0
2465	4930000.0	90.0
2466	4932000.0	98.0
2467	4934000.0	81.0
2468	4936000.0	93.0
2469	4938000.0	96.0
2470	4940000.0	81.0
2471	4942000.0	92.0
2472	4944000.0	100.0
2473	4946000.0	85.0
2474	4948000.0	96.0
2475	4950000.0	86.0
2476	4952000.0	92.0
2477	4954000.0	92.0
2478	4956000.0	97.0
2479	4958000.0	111.0
2480	4960000.0	103.0
2481	4962000.0	106.0
2482	4964000.0	93.0
2483	4966000.0	79.0
2484	4968000.0	81.0
2485	4970000.0	88.0
2486	4972000.0	80.0
2487	4974000.0	94.0
2488	4976000.0	85.0
2489	4978000.0	90.0
2490	4980000.0	87.0
2491	4982000.0	89.0
2492	4984000.0	80.0
2493	4986000.0	96.0
2494	4988000.0	98.0
2495	4990000.0	102.0
2496	4992000.0	86.0
2497	4994000.0	90.0
2498	4996000.0	103.0
2499	4998000.0	110.0
2500	5000000.0	100.0
2501	5002000.0	85.0
2502	5004000.0	96.0
2503	5006000.0	89.0
2504	5008000.0	88.0
2505	5010000.0	91.0
2506	5012000.0	90.0
2507	5014000.0	93.0
2508	5016000.0	89.0
2509	5018000.0	95.0
2510	5020000.0	104.0
2511	5022000.0	106.0
2512	5024000.0	93.0
2513	5026000.0	92.0
2514	5028000.0	85.0
2515	5030000.0	95.0
2516	5032000.0	107.0
2517	5034000.0	108.0
2518	5036000.0	93.0
2519	5038000.0	95.0
2520	5040000.0	98.0
2521	5042000.0	89.0
2522	5044000.0	92.0
2523	5046000.0	77.0
2524	5048000.0	85.0
2525	5050000.0	98.0
2526	5052000.0	103.0
2527	5054000.0	101.0
2528	5056000.0	78.0
2529	5058000.0	101.0
2530	5060000.0	79.0
2531	5062000.0	84.0
2532	5064000.0	98.0
2533	5066000.0	88.0
2534	5068000.0	77.0
2535	5070000.0	94.0
2536	5072000.0	101.0
2537	5074000.0	99.0
2538	5076000.0	91.0
2539	5078000.0	96.0
2540	5080000.0	107.0
2541	5082000.0	86.0
2542	5084000.0	78.0
2543	5086000.0	96.0
2544	5088000.0	85.0
2545	5090000.0	112.0
2546	5092000.0	89.0
2547	5094000.0	75.0
2548	5096000.0	79.0
2549	5098000.0	89.0
2550	5100000.0	98.0
2551	5102000.0	79.0
2552	5104000.0	90.0
2553	5106000.0	91.0
2554	5108000.0	91.0
2555	5110000.0	78.0
2556	5112000.0	87.0
2557	5114000.0	104.0
2558	5116000.0	91.0
2559	5118000.0	85.0
2560	5120000.0	99.0
2561	5122000.0	102.0
2562	5124000.0	94.0
2563	5126000.0	89.0
2564	5128000.0	101.0
2565	5130000.0	84.0
2566	5132000.0	84.0
2567	5134000.0	93.0
2568	5136000.0	103.0
2569	5138000.0	67.0
2570	5140000.0	74.0
2571	5142000.0	96.0
2572	5144000.0	86.0
2573	5146000.0	100.0
2574	5148000.0	90.0
2575	5150000.0	77.0
2576	5152000.0	102.0
2577	5154000.0	94.0
2578	5156000.0	106.0
2579	5158000.0	99.0
2580	5160000.0	100.0
2581	5162000.0	84.0
2582	5164000.0	82.0
2583	5166000.0	83.0
2584	5168000.0	79.0
2585	5170000.0	80.0
2586	5172000.0	98.0
2587	5174000.0	107.0
2588	5176000.0	106.0
2589	5178000.0	90.0
2590	5180000.0	89.0
2591	5182000.0	115.0
2592	5184000.0	80.0
2593	5186000.0	96.0
2594	5188000.0	78.0
2595	5190000.0	93.0
2596	5192000.0	88.0
2597	5194000.0	74.0
2598	5196000.0	90.0
2599	5198000.0	96.0
2600	5200000.0	71.0
2601	5202000.0	78.0
2602	5204000.0	112.0
2603	5206000.0	78.0
2604	5208000.0	71.0
2605	5210000.0	81.0
2606	5212000.0	105.0
2607	5214000.0	101.0
2608	5216000.0	87.0
2609	5218000.0	94.0
2610	5220000.0	101.0
2611	5222000.0	79.0
2612	5224000.0	70.0
2613	5226000.0	99.0
2614	5228000.0	78.0
2615	5230000.0	95.0
2616	5232000.0	64.0
2617	5234000.0	88.0
2618	5236000.0	102.0
2619	5238000.0	98.0
2620	5240000.0	91.0
2621	5242000.0	89.0
2622	5244000.0	94.0
2623	5246000.0	79.0
2624	5248000.0	90.0
2625	5250000.0	86.0
2626	5252000.0	77.0
2627	5254000.0	82.0
2628	5256000.0	99.0
2629	5258000.0	89.0
2630	5260000.0	88.0
2631	5262000.0	93.0
2632	5264000.0	81.0
2633	5266000.0	73.0
2634	5268000.0	83.0
2635	5270000.0	86.0
2636	5272000.0	89.0
2637	5274000.0	90.0
2638	5276000.0	77.0
2639	5278000.0	79.0
2640	5280000.0	90.0
2641	5282000.0	90.0
2642	5284000.0	77.0
2643	5286000.0	72.0
2644	5288000.0	75.0
2645	5290000.0	107.0
2646	5292000.0	85.0
2647	5294000.0	105.0
2648	5296000.0	99.0
2649	5298000.0	70.0
2650	5300000.0	77.0
2651	5302000.0	85.0
2652	5304000.0	104.0
2653	5306000.0	101.0
2654	5308000.0	89.0
2655	5310000.0	75.0
2656	5312000.0	84.0
2657	5314000.0	77.0
2658	5316000.0	90.0
2659	5318000.0	85.0
2660	5320000.0	83.0
2661	5322000.0	93.0
2662	5324000.0	89.0
2663	5326000.0	84.0
2664	5328000.0	97.0
2665	5330000.0	85.0
2666	5332000.0	90.0
2667	5334000.0	75.0
2668	5336000.0	90.0
2669	5338000.0	91.0
2670	5340000.0	87.0
2671	5342000.0	90.0
2672	5344000.0	82.0
2673	5346000.0	87.0
2674	5348000.0	65.0
2675	5350000.0	80.0
2676	5352000.0	90.0
2677	5354000.0	68.0
2678	5356000.0	75.0
2679	5358000.0	92.0
2680	5360000.0	102.0
2681	5362000.0	83.0
2682	5364000.0	64.0
2683	5366000.0	85.0
2684	5368000.0	90.0
2685	5370000.0	82.0
2686	5372000.0	94.0
2687	5374000.0	93.0
2688	5376000.0	92.0
2689	5378000.0	78.0
2690	5380000.0	84.0
2691	5382000.0	81.0
2692	5384000.0	65.0
2693	5386000.0	90.0
2694	5388000.0	103.0
2695	5390000.0	86.0
2696	5392000.0	82.0
2697	5394000.0	78.0
2698	5396000.0	82.0
2699	5398000.0	91.0
2700	5400000.0	81.0
2701	5402000.0	79.0
2702	5404000.0	89.0
2703	5406000.0	69.0
2704	5408000.0	73.0
2705	5410000.0	78.0
2706	5412000.0	93.0
2707	5414000.0	70.0
2708	5416000.0	96.0
2709	5418000.0	91.0
2710	5420000.0	69.0
2711	5422000.0	79.0
2712	5424000.0	87.0
2713	5426000.0	89.0
2714	5428000.0	72.0
2715	5430000.0	94.0
2716	5432000.0	107.0
2717	5434000.0	84.0
2718	5436000.0	91.0
2719	5438000.0	77.0
2720	5440000.0	91.0
2721	5442000.0	88.0
2722	5444000.0	84.0
2723	5446000.0	72.0
2724	5448000.0	88.0
2725	5450000.0	78.0
2726	5452000.0	81.0
2727	5454000.0	71.0
2728	5456000.0	91.0
2729	5458000.0	72.0
2730	5460000.0	81.0
2731	5462000.0	77.0
2732	5464000.0	82.0
2733	5466000.0	86.0
2734	5468000.0	90.0
2735	5470000.0	75.0
2736	5472000.0	94.0
2737	5474000.0	91.0
2738	5476000.0	82.0
2739	5478000.0	89.0
2740	5480000.0	79.0
2741	5482000.0	85.0
2742	5484000.0	90.0
2743	5486000.0	77.0
2744	5488000.0	77.0
2745	5490000.0	71.0
2746	5492000.0	74.0
2747	5494000.0	76.0
2748	5496000.0	82.0
2749	5498000.0	76.0
2750	5500000.0	72.0
2751	5502000.0	91.0
2752	5504000.0	71.0
2753	5506000.0	114.0
2754	5508000.0	97.0
2755	5510000.0	91.0
2756	5512000.0	71.0
2757	5514000.0	86.0
2758	5516000.0	74.0
2759	5518000.0	88.0
2760	5520000.0	87.0
2761	5522000.0	87.0
2762	5524000.0	85.0
2763	5526000.0	84.0
2764	5528000.0	84.0
2765	5530000.0	70.0
2766	5532000.0	75.0
2767	5534000.0	76.0
2768	5536000.0	84.0
2769	5538000.0	72.0
2770	5540000.0	67.0
2771	5542000.0	77.0
2772	5544000.0	80.0
2773	5546000.0	65.0
2774	5548000.0	69.0
2775	5550000.0	88.0
2776	5552000.0	86.0
2777	5554000.0	81.0
2778	5556000.0	88.0
2779	5558000.0	72.0
2780	5560000.0	78.0
2781	5562000.0	92.0
2782	5564000.0	89.0
2783	5566000.0	83.0
2784	5568000.0	72.0
2785	5570000.0	89.0
2786	5572000.0	61.0
2787	5574000.0	70.0
2788	5576000.0	68.0
2789	5578000.0	84.0
2790	5580000.0	86.0
2791	5582000.0	66.0
2792	5584000.0	89.0
2793	5586000.0	88.0
2794	5588000.0	93.0
2795	5590000.0	94.0
2796	5592000.0	74.0
2797	5594000.0	78.0
2798	5596000.0	76.0
2799	5598000.0	82.0
2800	5600000.0	94.0
2801	5602000.0	71.0
2802	5604000.0	77.0
2803	5606000.0	92.0
2804	5608000.0	85.0
2805	5610000.0	88.0
2806	5612000.0	75.0
2807	5614000.0	79.0
2808	5616000.0	77.0
2809	5618000.0	89.0
2810	5620000.0	73.0
2811	5622000.0	110.0
2812	5624000.0	76.0
2813	5626000.0	65.0
2814	5628000.0	79.0
2815	5630000.0	88.0
2816	5632000.0	77.0
2817	5634000.0	97.0
2818	5636000.0	81.0
2819	5638000.0	81.0
2820	5640000.0	87.0
2821	5642000.0	81.0
2822	5644000.0	82.0
2823	5646000.0	84.0
2824	5648000.0	93.0
2825	5650000.0	75.0
2826	5652000.0	90.0
2827	5654000.0	85.0
2828	5656000.0	79.0
2829	5658000.0	81.0
2830	5660000.0	81.0
2831	5662000.0	84.0
2832	5664000.0	76.0
2833	5666000.0	88.0
2834	5668000.0	81.0
2835	5670000.0	76.0
2836	5672000.0	75.0
2837	5674000.0	58.0
2838	5676000.0	82.0
2839	5678000.0	83.0
2840	5680000.0	89.0
2841	5682000.0	82.0
2842	5684000.0	85.0
2843	5686000.0	56.0
2844	5688000.0	81.0
2845	5690000.0	89.0
2846	5692000.0	68.0
2847	5694000.0	90.0
2848	5696000.0	89.0
2849	5698000.0	86.0
2850	5700000.0	78.0
2851	5702000.0	71.0
2852	5704000.0	62.0
2853	5706000.0	70.0
2854	5708000.0	79.0
2855	5710000.0	81.0
2856	5712000.0	65.0
2857	5714000.0	89.0
2858	5716000.0	72.0
2859	5718000.0	90.0
2860	5720000.0	89.0
2861	5722000.0	76.0
2862	5724000.0	74.0
2863	5726000.0	78.0
2864	5728000.0	75.0
2865	5730000.0	92.0
2866	5732000.0	74.0
2867	5734000.0	77.0
2868	5736000.0	76.0
2869	5738000.0	82.0
2870	5740000.0	84.0
2871	5742000.0	94.0
2872	5744000.0	73.0
2873	5746000.0	67.0
2874	5748000.0	73.0
2875	5750000.0	75.0
2876	5752000.0	67.0
2877	5754000.0	79.0
2878	5756000.0	67.0
2879	5758000.0	81.0
2880	5760000.0	70.0
2881	5762000.0	83.0
2882	5764000.0	66.0
2883	5766000.0	66.0
2884	5768000.0	91.0
2885	5770000.0	75.0
2886	5772000.0	93.0
2887	5774000.0	77.0
2888	5776000.0	85.0
2889	5778000.0	64.0
2890	5780000.0	63.0
2891	5782000.0	74.0
2892	5784000.0	100.0
2893	5786000.0	81.0
2894	5788000.0	69.0
2895	5790000.0	77.0
2896	5792000.0	81.0
2897	5794000.0	60.0
2898	5796000.0	60.0
2899	5798000.0	98.0
2900	5800000.0	74.0
2901	5802000.0	79.0
2902	5804000.0	75.0
2903	5806000.0	81.0
2904	5808000.0	74.0
2905	5810000.0	68.0
2906	5812000.0	88.0
2907	5814000.0	64.0
2908	5816000.0	74.0
2909	5818000.0	78.0
2910	5820000.0	72.0
2911	5822000.0	90.0
2912	5824000.0	70.0
2913	5826000.0	76.0
2914	5828000.0	76.0
2915	5830000.0	96.0
2916	5832000.0	73.0
2917	5834000.0	71.0
2918	5836000.0	80.0
2919	5838000.0	91.0
2920	5840000.0	74.0
2921	5842000.0	73.0
2922	5844000.0	79.0
2923	5846000.0	75.0
2924	5848000.0	90.0
2925	5850000.0	62.0
2926	5852000.0	71.0
2927	5854000.0	93.0
2928	5856000.0	55.0
2929	5858000.0	85.0
2930	5860000.0	71.0
2931	5862000.0	81.0
2932	5864000.0	73.0
2933	5866000.0	73.0
2934	5868000.0	81.0
2935	5870000.0	94.0
2936	5872000.0	96.0
2937	5874000.0	87.0
2938	5876000.0	76.0
2939	5878000.0	76.0
2940	5880000.0	73.0
2941	5882000.0	62.0
2942	5884000.0	73.0
2943	5886000.0	83.0
2944	5888000.0	86.0
2945	5890000.0	81.0
2946	5892000.0	61.0
2947	5894000.0	82.0
2948	5896000.0	64.0
2949	5898000.0	81.0
2950	5900000.0	77.0
2951	5902000.0	72.0
2952	5904000.0	100.0
2953	5906000.0	86.0
2954	5908000.0	67.0
2955	5910000.0	88.0
2956	5912000.0	74.0
2957	5914000.0	62.0
2958	5916000.0	75.0
2959	5918000.0	82.0
2960	5920000.0	66.0
2961	5922000.0	86.0
2962	5924000.0	84.0
2963	5926000.0	72.0
2964	5928000.0	84.0
2965	5930000.0	57.0
2966	5932000.0	70.0
2967	5934000.0	78.0
2968	5936000.0	75.0
2969	5938000.0	83.0
2970	5940000.0	88.0
2971	5942000.0	66.0
2972	5944000.0	69.0
2973	5946000.0	80.0
2974	5948000.0	77.0
2975	5950000.0	79.0
2976	5952000.0	85.0
2977	5954000.0	86.0
2978	5956000.0	70.0
2979	5958000.0	87.0
2980	5960000.0	70.0
2981	5962000.0	84.0
2982	5964000.0	87.0
2983	5966000.0	82.0
2984	5968000.0	82.0
2985	5970000.0	70.0
2986	5972000.0	62.0
2987	5974000.0	69.0
2988	5976000.0	72.0
2989	5978000.0	69.0
2990	5980000.0	71.0
2991	5982000.0	52.0
2992	5984000.0	74.0
2993	5986000.0	72.0
2994	5988000.0	106.0
2995	5990000.0	72.0
2996	5992000.0	72.0
2997	5994000.0	80.0
2998	5996000.0	65.0
2999	5998000.0	71.0
3000	6000000.0	73.0
3001	6002000.0	86.0
3002	6004000.0	81.0
3003	6006000.0	76.0
3004	6008000.0	69.0
3005	6010000.0	80.0
3006	6012000.0	82.0
3007	6014000.0	68.0
3008	6016000.0	63.0
3009	6018000.0	70.0
3010	6020000.0	75.0
3011	6022000.0	60.0
3012	6024000.0	68.0
3013	6026000.0	76.0
3014	6028000.0	67.0
3015	6030000.0	70.0
3016	6032000.0	80.0
3017	6034000.0	80.0
3018	6036000.0	72.0
3019	6038000.0	74.0
3020	6040000.0	84.0
3021	6042000.0	73.0
3022	6044000.0	70.0
3023	6046000.0	65.0
3024	6048000.0	64.0
3025	6050000.0	73.0
3026	6052000.0	75.0
3027	6054000.0	65.0
3028	6056000.0	69.0
3029	6058000.0	92.0
3030	6060000.0	78.0
3031	6062000.0	84.0
3032	6064000.0	50.0
3033	6066000.0	74.0
3034	6068000.0	77.0
3035	6070000.0	71.0
3036	6072000.0	64.0
3037	6074000.0	49.0
3038	6076000.0	90.0
3039	6078000.0	75.0
3040	6080000.0	66.0
3041	6082000.0	82.0
3042	6084000.0	75.0
3043	6086000.0	60.0
3044	6088000.0	63.0
3045	6090000.0	64.0
3046	6092000.0	78.0
3047	6094000.0	76.0
3048	6096000.0	57.0
3049	6098000.0	80.0
3050	6100000.0	60.0
3051	6102000.0	77.0
3052	6104000.0	86.0
3053	6106000.0	82.0
3054	6108000.0	85.0
3055	6110000.0	59.0
3056	6112000.0	86.0
3057	6114000.0	60.0
3058	6116000.0	77.0
3059	6118000.0	81.0
3060	6120000.0	80.0
3061	6122000.0	69.0
3062	6124000.0	73.0
3063	6126000.0	90.0
3064	6128000.0	78.0
3065	6130000.0	61.0
3066	6132000.0	69.0
3067	6134000.0	79.0
3068	6136000.0	73.0
3069	6138000.0	77.0
3070	6140000.0	60.0
3071	6142000.0	70.0
3072	6144000.0	63.0
3073	6146000.0	77.0
3074	6148000.0	81.0
3075	6150000.0	74.0
3076	6152000.0	78.0
3077	6154000.0	68.0
3078	6156000.0	64.0
3079	6158000.0	79.0
3080	6160000.0	88.0
3081	6162000.0	55.0
3082	6164000.0	73.0
3083	6166000.0	70.0
3084	6168000.0	62.0
3085	6170000.0	68.0
3086	6172000.0	64.0
3087	6174000.0	78.0
3088	6176000.0	66.0
3089	6178000.0	76.0
3090	6180000.0	62.0
3091	6182000.0	68.0
3092	6184000.0	71.0
3093	6186000.0	65.0
3094	6188000.0	71.0
3095	6190000.0	74.0
3096	6192000.0	56.0
3097	6194000.0	57.0
3098	6196000.0	63.0
3099	6198000.0	60.0
3100	6200000.0	68.0
3101	6202000.0	71.0
3102	6204000.0	57.0
3103	6206000.0	70.0
3104	6208000.0	68.0
3105	6210000.0	78.0
3106	6212000.0	74.0
3107	6214000.0	77.0
3108	6216000.0	59.0
3109	6218000.0	81.0
3110	6220000.0	66.0
3111	6222000.0	61.0
3112	6224000.0	57.0
3113	6226000.0	77.0
3114	6228000.0	70.0
3115	6230000.0	59.0
3116	6232000.0	73.0
3117	6234000.0	71.0
3118	6236000.0	69.0
3119	6238000.0	81.0
3120	6240000.0	71.0
3121	6242000.0	64.0
3122	6244000.0	71.0
3123	6246000.0	65.0
3124	6248000.0	72.0
3125	6250000.0	66.0
3126	6252000.0	62.0
3127	6254000.0	69.0
3128	6256000.0	64.0
3129	6258000.0	56.0
3130	6260000.0	67.0
3131	6262000.0	84.0
3132	6264000.0	77.0
3133	6266000.0	63.0
3134	6268000.0	61.0
3135	6270000.0	57.0
3136	6272000.0	64.0
3137	6274000.0	67.0
3138	6276000.0	62.0
3139	6278000.0	82.0
3140	6280000.0	72.0
3141	6282000.0	72.0
3142	6284000.0	77.0
3143	6286000.0	73.0
3144	6288000.0	57.0
3145	6290000.0	75.0
3146	6292000.0	74.0
3147	6294000.0	57.0
3148	6296000.0	86.0
3149	6298000.0	72.0
3150	6300000.0	70.0
3151	6302000.0	65.0
3152	6304000.0	83.0
3153	6306000.0	68.0
3154	6308000.0	73.0
3155	6310000.0	75.0
3156	6312000.0	91.0
3157	6314000.0	70.0
3158	6316000.0	33.0
3159	6318000.0	78.0
3160	6320000.0	71.0
3161	6322000.0	73.0
3162	6324000.0	82.0
3163	6326000.0	73.0
3164	6328000.0	74.0
3165	6330000.0	69.0
3166	6332000.0	74.0
3167	6334000.0	76.0
3168	6336000.0	70.0
3169	6338000.0	67.0
3170	6340000.0	63.0
3171	6342000.0	60.0
3172	6344000.0	57.0
3173	6346000.0	71.0
3174	6348000.0	59.0
3175	6350000.0	50.0
3176	6352000.0	70.0
3177	6354000.0	78.0
3178	6356000.0	76.0
3179	6358000.0	67.0
3180	6360000.0	73.0
3181	6362000.0	59.0
3182	6364000.0	76.0
3183	6366000.0	75.0
3184	6368000.0	63.0
3185	6370000.0	68.0
3186	6372000.0	68.0
3187	6374000.0	68.0
3188	6376000.0	76.0
3189	6378000.0	71.0
3190	6380000.0	59.0
3191	6382000.0	54.0
3192	6384000.0	65.0
3193	6386000.0	63.0
3194	6388000.0	61.0
3195	6390000.0	78.0
3196	6392000.0	69.0
3197	6394000.0	67.0
3198	6396000.0	72.0
3199	6398000.0	53.0
3200	6400000.0	72.0
3201	6402000.0	56.0
3202	6404000.0	73.0
3203	6406000.0	71.0
3204	6408000.0	75.0
3205	6410000.0	67.0
3206	6412000.0	65.0
3207	6414000.0	73.0
3208	6416000.0	54.0
3209	6418000.0	69.0
3210	6420000.0	74.0
3211	6422000.0	67.0
3212	6424000.0	61.0
3213	6426000.0	71.0
3214	6428000.0	77.0
3215	6430000.0	65.0
3216	6432000.0	64.0
3217	6434000.0	57.0
3218	6436000.0	75.0
3219	6438000.0	65.0
3220	6440000.0	71.0
3221	6442000.0	55.0
3222	6444000.0	80.0
3223	6446000.0	69.0
3224	6448000.0	57.0
3225	6450000.0	50.0
3226	6452000.0	53.0
3227	6454000.0	60.0
3228	6456000.0	78.0
3229	6458000.0	54.0
3230	6460000.0	68.0
3231	6462000.0	66.0
3232	6464000.0	78.0
3233	6466000.0	59.0
3234	6468000.0	64.0
3235	6470000.0	69.0
3236	6472000.0	66.0
3237	6474000.0	66.0
3238	6476000.0	67.0
3239	6478000.0	74.0
3240	6480000.0	54.0
3241	6482000.0	66.0
3242	6484000.0	69.0
3243	6486000.0	60.0
3244	6488000.0	68.0
3245	6490000.0	68.0
3246	6492000.0	63.0
3247	6494000.0	75.0
3248	6496000.0	74.0
3249	6498000.0	45.0
3250	6500000.0	59.0
3251	6502000.0	68.0
3252	6504000.0	76.0
3253	6506000.0	71.0
3254	6508000.0	67.0
3255	6510000.0	74.0
3256	6512000.0	60.0
3257	6514000.0	66.0
3258	6516000.0	81.0
3259	6518000.0	82.0
3260	6520000.0	62.0
3261	6522000.0	83.0
3262	6524000.0	53.0
3263	6526000.0	79.0
3264	6528000.0	56.0
3265	6530000.0	64.0
3266	6532000.0	68.0
3267	6534000.0	57.0
3268	6536000.0	61.0
3269	6538000.0	61.0
3270	6540000.0	60.0
3271	6542000.0	77.0
3272	6544000.0	66.0
3273	6546000.0	49.0
3274	6548000.0	70.0
3275	6550000.0	59.0
3276	6552000.0	65.0
3277	6554000.0	74.0
3278	6556000.0	65.0
3279	6558000.0	52.0
3280	6560000.0	65.0
3281	6562000.0	72.0
3282	6564000.0	73.0
3283	6566000.0	65.0
3284	6568000.0	45.0
3285	6570000.0	56.0
3286	6572000.0	74.0
3287	6574000.0	54.0
3288	6576000.0	73.0
3289	6578000.0	82.0
3290	6580000.0	63.0
3291	6582000.0	62.0
3292	6584000.0	76.0
3293	6586000.0	53.0
3294	6588000.0	70.0
3295	6590000.0	65.0
3296	6592000.0	83.0
3297	6594000.0	63.0
3298	6596000.0	75.0
3299	6598000.0	64.0
3300	6600000.0	75.0
3301	6602000.0	64.0
3302	6604000.0	71.0
3303	6606000.0	69.0
3304	6608000.0	69.0
3305	6610000.0	64.0
3306	6612000.0	55.0
3307	6614000.0	44.0
3308	6616000.0	64.0
3309	6618000.0	59.0
3310	6620000.0	73.0
3311	6622000.0	81.0
3312	6624000.0	59.0
3313	6626000.0	71.0
3314	6628000.0	74.0
3315	6630000.0	60.0
3316	6632000.0	68.0
3317	6634000.0	59.0
3318	6636000.0	65.0
3319	6638000.0	45.0
3320	6640000.0	57.0
3321	6642000.0	82.0
3322	6644000.0	63.0
3323	6646000.0	59.0
3324	6648000.0	68.0
3325	6650000.0	75.0
3326	6652000.0	63.0
3327	6654000.0	73.0
3328	6656000.0	65.0
3329	6658000.0	64.0
3330	6660000.0	71.0
3331	6662000.0	67.0
3332	6664000.0	58.0
3333	6666000.0	58.0
3334	6668000.0	62.0
3335	6670000.0	49.0
3336	6672000.0	79.0
3337	6674000.0	70.0
3338	6676000.0	62.0
3339	6678000.0	51.0
3340	6680000.0	59.0
3341	6682000.0	53.0
3342	6684000.0	75.0
3343	6686000.0	66.0
3344	6688000.0	65.0
3345	6690000.0	63.0
3346	6692000.0	72.0
3347	6694000.0	74.0
3348	6696000.0	63.0
3349	6698000.0	72.0
3350	6700000.0	58.0
3351	6702000.0	64.0
3352	6704000.0	69.0
3353	6706000.0	73.0
3354	6708000.0	60.0
3355	6710000.0	63.0
3356	6712000.0	67.0
3357	6714000.0	68.0
3358	6716000.0	53.0
3359	6718000.0	62.0
3360	6720000.0	68.0
3361	6722000.0	75.0
3362	6724000.0	71.0
3363	6726000.0	65.0
3364	6728000.0	65.0
3365	6730000.0	60.0
3366	6732000.0	50.0
3367	6734000.0	60.0
3368	6736000.0	59.0
3369	6738000.0	65.0
3370	6740000.0	60.0
3371	6742000.0	72.0
3372	6744000.0	58.0
3373	6746000.0	70.0
3374	6748000.0	41.0
3375	6750000.0	64.0
3376	6752000.0	62.0
3377	6754000.0	67.0
3378	6756000.0	58.0
3379	6758000.0	62.0
3380	6760000.0	81.0
3381	6762000.0	52.0
3382	6764000.0	59.0
3383	6766000.0	62.0
3384	6768000.0	54.0
3385	6770000.0	61.0
3386	6772000.0	70.0
3387	6774000.0	44.0
3388	6776000.0	52.0
3389	6778000.0	64.0
3390	6780000.0	47.0
3391	6782000.0	64.0
3392	6784000.0	71.0
3393	6786000.0	63.0
3394	6788000.0	62.0
3395	6790000.0	65.0
3396	6792000.0	53.0
3397	6794000.0	60.0
3398	6796000.0	64.0
3399	6798000.0	57.0
3400	6800000.0	81.0
3401	6802000.0	63.0
3402	6804000.0	67.0
3403	6806000.0	63.0
3404	6808000.0	55.0
3405	6810000.0	59.0
3406	6812000.0	60.0
3407	6814000.0	63.0
3408	6816000.0	67.0
3409	6818000.0	80.0
3410	6820000.0	58.0
3411	6822000.0	69.0
3412	6824000.0	58.0
3413	6826000.0	50.0
3414	6828000.0	71.0
3415	6830000.0	60.0
3416	6832000.0	73.0
3417	6834000.0	52.0
3418	6836000.0	56.0
3419	6838000.0	68.0
3420	6840000.0	69.0
3421	6842000.0	57.0
3422	6844000.0	52.0
3423	6846000.0	69.0
3424	6848000.0	59.0
3425	6850000.0	56.0
3426	6852000.0	57.0
3427	6854000.0	65.0
3428	6856000.0	61.0
3429	6858000.0	48.0
3430	6860000.0	58.0
3431	6862000.0	46.0
3432	6864000.0	67.0
3433	6866000.0	53.0
3434	6868000.0	57.0
3435	6870000.0	67.0
3436	6872000.0	60.0
3437	6874000.0	61.0
3438	6876000.0	53.0
3439	6878000.0	59.0
3440	6880000.0	68.0
3441	6882000.0	62.0
3442	6884000.0	74.0
3443	6886000.0	62.0
3444	6888000.0	57.0
3445	6890000.0	48.0
3446	6892000.0	61.0
3447	6894000.0	61.0
3448	6896000.0	73.0
3449	6898000.0	56.0
3450	6900000.0	64.0
3451	6902000.0	54.0
3452	6904000.0	66.0
3453	6906000.0	62.0
3454	6908000.0	75.0
3455	6910000.0	57.0
3456	6912000.0	58.0
3457	6914000.0	62.0
3458	6916000.0	60.0
3459	6918000.0	68.0
3460	6920000.0	62.0
3461	6922000.0	64.0
3462	6924000.0	54.0
3463	6926000.0	69.0
3464	6928000.0	54.0
3465	6930000.0	75.0
3466	6932000.0	63.0
3467	6934000.0	87.0
3468	6936000.0	44.0
3469	6938000.0	54.0
3470	6940000.0	67.0
3471	6942000.0	60.0
3472	6944000.0	57.0
3473	6946000.0	57.0
3474	6948000.0	59.0
3475	6950000.0	59.0
3476	6952000.0	66.0
3477	6954000.0	74.0
3478	6956000.0	57.0
3479	6958000.0	60.0
3480	6960000.0	54.0
3481	6962000.0	53.0
3482	6964000.0	70.0
3483	6966000.0	53.0
3484	6968000.0	56.0
3485	6970000.0	53.0
3486	6972000.0	66.0
3487	6974000.0	68.0
3488	6976000.0	55.0
3489	6978000.0	62.0
3490	6980000.0	71.0
3491	6982000.0	66.0
3492	6984000.0	75.0
3493	6986000.0	71.0
3494	6988000.0	64.0
3495	6990000.0	52.0
3496	6992000.0	58.0
3497	6994000.0	62.0
3498	6996000.0	58.0
3499	6998000.0	68.0
3500	7000000.0	46.0
3501	7002000.0	55.0
3502	7004000.0	51.0
3503	7006000.0	82.0
3504	7008000.0	57.0
3505	7010000.0	72.0
3506	7012000.0	52.0
3507	7014000.0	63.0
3508	7016000.0	60.0
3509	7018000.0	61.0
3510	7020000.0	65.0
3511	7022000.0	61.0
3512	7024000.0	67.0
3513	7026000.0	61.0
3514	7028000.0	57.0
3515	7030000.0	58.0
3516	7032000.0	70.0
3517	7034000.0	61.0
3518	7036000.0	47.0
3519	7038000.0	58.0
3520	7040000.0	66.0
3521	7042000.0	63.0
3522	7044000.0	61.0
3523	7046000.0	65.0
3524	7048000.0	63.0
3525	7050000.0	54.0
3526	7052000.0	56.0
3527	7054000.0	55.0
3528	7056000.0	51.0
3529	7058000.0	61.0
3530	7060000.0	60.0
3531	7062000.0	58.0
3532	7064000.0	56.0
3533	7066000.0	64.0
3534	7068000.0	51.0
3535	7070000.0	62.0
3536	7072000.0	69.0
3537	7074000.0	52.0
3538	7076000.0	72.0
3539	7078000.0	52.0
3540	7080000.0	52.0
3541	7082000.0	50.0
3542	7084000.0	56.0
3543	7086000.0	65.0
3544	7088000.0	43.0
3545	7090000.0	65.0
3546	7092000.0	61.0
3547	7094000.0	53.0
3548	7096000.0	53.0
3549	7098000.0	50.0
3550	7100000.0	55.0
3551	7102000.0	54.0
3552	7104000.0	47.0
3553	7106000.0	70.0
3554	7108000.0	47.0
3555	7110000.0	53.0
3556	7112000.0	49.0
3557	7114000.0	59.0
3558	7116000.0	52.0
3559	7118000.0	58.0
3560	7120000.0	68.0
3561	7122000.0	65.0
3562	7124000.0	78.0
3563	7126000.0	55.0
3564	7128000.0	64.0
3565	7130000.0	58.0
3566	7132000.0	57.0
3567	7134000.0	56.0
3568	7136000.0	61.0
3569	7138000.0	74.0
3570	7140000.0	64.0
3571	7142000.0	70.0
3572	7144000.0	62.0
3573	7146000.0	39.0
3574	7148000.0	54.0
3575	7150000.0	59.0
3576	7152000.0	67.0
3577	7154000.0	59.0
3578	7156000.0	55.0
3579	7158000.0	65.0
3580	7160000.0	69.0
3581	7162000.0	54.0
3582	7164000.0	56.0
3583	7166000.0	53.0
3584	7168000.0	50.0
3585	7170000.0	62.0
3586	7172000.0	68.0
3587	7174000.0	65.0
3588	7176000.0	47.0
3589	7178000.0	65.0
3590	7180000.0	61.0
3591	7182000.0	58.0
3592	7184000.0	61.0
3593	7186000.0	53.0
3594	7188000.0	59.0
3595	7190000.0	49.0
3596	7192000.0	47.0
3597	7194000.0	53.0
3598	7196000.0	46.0
3599	7198000.0	52.0
3600	7200000.0	63.0
3601	7202000.0	58.0
3602	7204000.0	65.0
3603	7206000.0	65.0
3604	7208000.0	61.0
3605	7210000.0	53.0
3606	7212000.0	48.0
3607	7214000.0	59.0
3608	7216000.0	64.0
3609	7218000.0	52.0
3610	7220000.0	69.0
3611	7222000.0	65.0
3612	7224000.0	53.0
3613	7226000.0	63.0
3614	7228000.0	60.0
3615	7230000.0	54.0
3616	7232000.0	57.0
3617	7234000.0	55.0
3618	7236000.0	56.0
3619	7238000.0	59.0
3620	7240000.0	60.0
3621	7242000.0	60.0
3622	7244000.0	45.0
3623	7246000.0	53.0
3624	7248000.0	55.0
3625	7250000.0	57.0
3626	7252000.0	56.0
3627	7254000.0	58.0
3628	7256000.0	66.0
3629	7258000.0	56.0
3630	7260000.0	49.0
3631	7262000.0	59.0
3632	7264000.0	42.0
3633	7266000.0	55.0
3634	7268000.0	64.0
3635	7270000.0	58.0
3636	7272000.0	61.0
3637	7274000.0	58.0
3638	7276000.0	72.0
3639	7278000.0	61.0
3640	7280000.0	60.0
3641	7282000.0	52.0
3642	7284000.0	51.0
3643	7286000.0	59.0
3644	7288000.0	50.0
3645	7290000.0	56.0
3646	7292000.0	55.0
3647	7294000.0	59.0
3648	7296000.0	54.0
3649	7298000.0	45.0
3650	7300000.0	60.0
3651	7302000.0	71.0
3652	7304000.0	49.0
3653	7306000.0	66.0
3654	7308000.0	55.0
3655	7310000.0	62.0
3656	7312000.0	52.0
3657	7314000.0	51.0
3658	7316000.0	53.0
3659	7318000.0	68.0
3660	7320000.0	49.0
3661	7322000.0	63.0
3662	7324000.0	49.0
3663	7326000.0	50.0
3664	7328000.0	61.0
3665	7330000.0	48.0
3666	7332000.0	60.0
3667	7334000.0	46.0
3668	7336000.0	58.0
3669	7338000.0	53.0
3670	7340000.0	60.0
3671	7342000.0	55.0
3672	7344000.0	63.0
3673	7346000.0	61.0
3674	7348000.0	54.0
3675	7350000.0	58.0
3676	7352000.0	57.0
3677	7354000.0	49.0
3678	7356000.0	46.0
3679	7358000.0	62.0
3680	7360000.0	46.0
3681	7362000.0	52.0
3682	7364000.0	61.0
3683	7366000.0	50.0
3684	7368000.0	65.0
3685	7370000.0	60.0
3686	7372000.0	55.0
3687	7374000.0	63.0
3688	7376000.0	52.0
3689	7378000.0	60.0
3690	7380000.0	54.0
3691	7382000.0	52.0
3692	7384000.0	51.0
3693	7386000.0	68.0
3694	7388000.0	62.0
3695	7390000.0	59.0
3696	7392000.0	59.0
3697	7394000.0	54.0
3698	7396000.0	55.0
3699	7398000.0	56.0
3700	7400000.0	47.0
3701	7402000.0	53.0
3702	7404000.0	44.0
3703	7406000.0	64.0
3704	7408000.0	62.0
3705	7410000.0	57.0
3706	7412000.0	47.0
3707	7414000.0	57.0
3708	7416000.0	58.0
3709	7418000.0	46.0
3710	7420000.0	56.0
3711	7422000.0	57.0
3712	7424000.0	54.0
3713	7426000.0	74.0
3714	7428000.0	64.0
3715	7430000.0	50.0
3716	7432000.0	54.0
3717	7434000.0	55.0
3718	7436000.0	54.0
3719	7438000.0	65.0
3720	7440000.0	57.0
3721	7442000.0	53.0
3722	7444000.0	51.0
3723	7446000.0	55.0
3724	7448000.0	62.0
3725	7450000.0	59.0
3726	7452000.0	61.0
3727	7454000.0	68.0
3728	7456000.0	54.0
3729	7458000.0	59.0
3730	7460000.0	51.0
3731	7462000.0	49.0
3732	7464000.0	48.0
3733	7466000.0	63.0
3734	7468000.0	60.0
3735	7470000.0	52.0
3736	7472000.0	49.0
3737	7474000.0	54.0
3738	7476000.0	54.0
3739	7478000.0	49.0
3740	7480000.0	61.0
3741	7482000.0	64.0
3742	7484000.0	43.0
3743	7486000.0	54.0
3744	7488000.0	55.0
3745	7490000.0	51.0
3746	7492000.0	57.0
3747	7494000.0	55.0
3748	7496000.0	49.0
3749	7498000.0	48.0
3750	7500000.0	52.0
3751	7502000.0	53.0
3752	7504000.0	49.0
3753	7506000.0	68.0
3754	7508000.0	40.0
3755	7510000.0	55.0
3756	7512000.0	55.0
3757	7514000.0	46.0
3758	7516000.0	50.0
3759	7518000.0	67.0
3760	7520000.0	56.0
3761	7522000.0	53.0
3762	7524000.0	51.0
3763	7526000.0	63.0
3764	7528000.0	60.0
3765	7530000.0	48.0
3766	7532000.0	62.0
3767	7534000.0	52.0
3768	7536000.0	57.0
3769	7538000.0	39.0
3770	7540000.0	63.0
3771	7542000.0	40.0
3772	7544000.0	69.0
3773	7546000.0	65.0
3774	7548000.0	59.0
3775	7550000.0	53.0
3776	7552000.0	61.0
3777	7554000.0	58.0
3778	7556000.0	42.0
3779	7558000.0	57.0
3780	7560000.0	53.0
3781	7562000.0	53.0
3782	7564000.0	46.0
3783	7566000.0	64.0
3784	7568000.0	44.0
3785	7570000.0	44.0
3786	7572000.0	58.0
3787	7574000.0	37.0
3788	7576000.0	39.0
3789	7578000.0	55.0
3790	7580000.0	47.0
3791	7582000.0	53.0
3792	7584000.0	54.0
3793	7586000.0	57.0
3794	7588000.0	41.0
3795	7590000.0	56.0
3796	7592000.0	48.0
3797	7594000.0	59.0
3798	7596000.0	56.0
3799	7598000.0	56.0
3800	7600000.0	60.0
3801	7602000.0	54.0
3802	7604000.0	58.0
3803	7606000.0	50.0
3804	7608000.0	50.0
3805	7610000.0	66.0
3806	7612000.0	50.0
3807	7614000.0	64.0
3808	7616000.0	53.0
3809	7618000.0	56.0
3810	7620000.0	37.0
3811	7622000.0	43.0
3812	7624000.0	51.0
3813	7626000.0	62.0
3814	7628000.0	52.0
3815	7630000.0	54.0
3816	7632000.0	44.0
3817	7634000.0	50.0
3818	7636000.0	40.0
3819	7638000.0	67.0
3820	7640000.0	55.0
3821	7642000.0	56.0
3822	7644000.0	48.0
3823	7646000.0	63.0
3824	7648000.0	55.0
3825	7650000.0	56.0
3826	7652000.0	54.0
3827	7654000.0	51.0
3828	7656000.0	59.0
3829	7658000.0	45.0
3830	7660000.0	45.0
3831	7662000.0	58.0
3832	7664000.0	43.0
3833	7666000.0	66.0
3834	7668000.0	60.0
3835	7670000.0	47.0
3836	7672000.0	55.0
3837	7674000.0	59.0
3838	7676000.0	59.0
3839	7678000.0	48.0
3840	7680000.0	51.0
3841	7682000.0	60.0
3842	7684000.0	58.0
3843	7686000.0	52.0
3844	7688000.0	50.0
3845	7690000.0	46.0
3846	7692000.0	60.0
3847	7694000.0	60.0
3848	7696000.0	55.0
3849	7698000.0	56.0
3850	7700000.0	59.0
3851	7702000.0	57.0
3852	7704000.0	44.0
3853	7706000.0	55.0
3854	7708000.0	48.0
3855	7710000.0	59.0
3856	7712000.0	54.0
3857	7714000.0	49.0
3858	7716000.0	37.0
3859	7718000.0	63.0
3860	7720000.0	63.0
3861	7722000.0	50.0
3862	7724000.0	47.0
3863	7726000.0	54.0
3864	7728000.0	46.0
3865	7730000.0	46.0
3866	7732000.0	58.0
3867	7734000.0	45.0
3868	7736000.0	50.0
3869	7738000.0	56.0
3870	7740000.0	51.0
3871	7742000.0	41.0
3872	7744000.0	45.0
3873	7746000.0	59.0
3874	7748000.0	58.0
3875	7750000.0	43.0
3876	7752000.0	48.0
3877	7754000.0	52.0
3878	7756000.0	55.0
3879	7758000.0	47.0
3880	7760000.0	56.0
3881	7762000.0	63.0
3882	7764000.0	53.0
3883	7766000.0	55.0
3884	7768000.0	49.0
3885	7770000.0	44.0
3886	7772000.0	37.0
3887	7774000.0	37.0
3888	7776000.0	40.0
3889	7778000.0	47.0
3890	7780000.0	54.0
3891	7782000.0	43.0
3892	7784000.0	58.0
3893	7786000.0	52.0
3894	7788000.0	55.0
3895	7790000.0	41.0
3896	7792000.0	55.0
3897	7794000.0	51.0
3898	7796000.0	55.0
3899	7798000.0	57.0
3900	7800000.0	45.0
3901	7802000.0	46.0
3902	7804000.0	52.0
3903	7806000.0	43.0
3904	7808000.0	37.0
3905	7810000.0	54.0
3906	7812000.0	47.0
3907	7814000.0	46.0
3908	7816000.0	62.0
3909	7818000.0	58.0
3910	7820000.0	46.0
3911	7822000.0	47.0
3912	7824000.0	50.0
3913	7826000.0	67.0
3914	7828000.0	45.0
3915	7830000.0	69.0
3916	7832000.0	55.0
3917	7834000.0	47.0
3918	7836000.0	56.0
3919	7838000.0	53.0
3920	7840000.0	46.0
3921	7842000.0	55.0
3922	7844000.0	53.0
3923	7846000.0	58.0
3924	7848000.0	45.0
3925	7850000.0	56.0
3926	7852000.0	54.0
3927	7854000.0	58.0
3928	7856000.0	61.0
3929	7858000.0	51.0
3930	7860000.0	53.0
3931	7862000.0	60.0
3932	7864000.0	42.0
3933	7866000.0	38.0
3934	7868000.0	31.0
3935	7870000.0	52.0
3936	7872000.0	51.0
3937	7874000.0	44.0
3938	7876000.0	65.0
3939	7878000.0	42.0
3940	7880000.0	60.0
3941	7882000.0	50.0
3942	7884000.0	56.0
3943	7886000.0	44.0
3944	7888000.0	40.0
3945	7890000.0	50.0
3946	7892000.0	55.0
3947	7894000.0	38.0
3948	7896000.0	66.0
3949	7898000.0	49.0
3950	7900000.0	48.0
3951	7902000.0	43.0
3952	7904000.0	53.0
3953	7906000.0	54.0
3954	7908000.0	53.0
3955	7910000.0	52.0
3956	7912000.0	33.0
3957	7914000.0	61.0
3958	7916000.0	49.0
3959	7918000.0	45.0
3960	7920000.0	44.0
3961	7922000.0	46.0
3962	7924000.0	63.0
3963	7926000.0	55.0
3964	7928000.0	41.0
3965	7930000.0	60.0
3966	7932000.0	65.0
3967	7934000.0	49.0
3968	7936000.0	41.0
3969	7938000.0	50.0
3970	7940000.0	56.0
3971	7942000.0	67.0
3972	7944000.0	44.0
3973	7946000.0	48.0
3974	7948000.0	48.0
3975	7950000.0	44.0
3976	7952000.0	44.0
3977	7954000.0	37.0
3978	7956000.0	45.0
3979	7958000.0	45.0
3980	7960000.0	43.0
3981	7962000.0	44.0
3982	7964000.0	56.0
3983	7966000.0	59.0
3984	7968000.0	58.0
3985	7970000.0	47.0
3986	7972000.0	56.0
3987	7974000.0	43.0
3988	7976000.0	53.0
3989	7978000.0	45.0
3990	7980000.0	63.0
3991	7982000.0	53.0
3992	7984000.0	55.0
3993	7986000.0	60.0
3994	7988000.0	46.0
3995	7990000.0	40.0
3996	7992000.0	49.0
3997	7994000.0	59.0
3998	7996000.0	48.0
3999	7998000.0	52.0
4000	8000000.0	36.0
4001	8002000.0	59.0
4002	8004000.0	53.0
4003	8006000.0	52.0
4004	8008000.0	47.0
4005	8010000.0	55.0
4006	8012000.0	62.0
4007	8014000.0	45.0
4008	8016000.0	41.0
4009	8018000.0	52.0
4010	8020000.0	42.0
4011	8022000.0	47.0
4012	8024000.0	36.0
4013	8026000.0	46.0
4014	8028000.0	41.0
4015	8030000.0	42.0
4016	8032000.0	44.0
4017	8034000.0	48.0
4018	8036000.0	55.0
4019	8038000.0	51.0
4020	8040000.0	42.0
4021	8042000.0	60.0
4022	8044000.0	49.0
4023	8046000.0	54.0
4024	8048000.0	31.0
4025	8050000.0	51.0
4026	8052000.0	62.0
4027	8054000.0	46.0
4028	8056000.0	57.0
4029	8058000.0	56.0
4030	8060000.0	48.0
4031	8062000.0	54.0
4032	8064000.0	47.0
4033	8066000.0	49.0
4034	8068000.0	56.0
4035	8070000.0	46.0
4036	8072000.0	50.0
4037	8074000.0	45.0
4038	8076000.0	31.0
4039	8078000.0	52.0
4040	8080000.0	41.0
4041	8082000.0	41.0
4042	8084000.0	51.0
4043	8086000.0	49.0
4044	8088000.0	42.0
4045	8090000.0	59.0
4046	8092000.0	50.0
4047	8094000.0	50.0
4048	8096000.0	48.0
4049	8098000.0	51.0
4050	8100000.0	50.0
4051	8102000.0	55.0
4052	8104000.0	46.0
4053	8106000.0	34.0
4054	8108000.0	55.0
4055	8110000.0	44.0
4056	8112000.0	53.0
4057	8114000.0	47.0
4058	8116000.0	48.0
4059	8118000.0	47.0
4060	8120000.0	56.0
4061	8122000.0	33.0
4062	8124000.0	49.0
4063	8126000.0	37.0
4064	8128000.0	50.0
4065	8130000.0	44.0
4066	8132000.0	47.0
4067	8134000.0	60.0
4068	8136000.0	43.0
4069	8138000.0	50.0
4070	8140000.0	53.0
4071	8142000.0	36.0
4072	8144000.0	60.0
4073	8146000.0	52.0
4074	8148000.0	39.0
4075	8150000.0	56.0
4076	8152000.0	36.0
4077	8154000.0	55.0
4078	8156000.0	46.0
4079	8158000.0	45.0
4080	8160000.0	54.0
4081	8162000.0	48.0
4082	8164000.0	48.0
4083	8166000.0	52.0
4084	8168000.0	35.0
4085	8170000.0	52.0
4086	8172000.0	49.0
4087	8174000.0	49.0
4088	8176000.0	46.0
4089	8178000.0	48.0
4090	8180000.0	38.0
4091	8182000.0	48.0
4092	8184000.0	49.0
4093	8186000.0	44.0
4094	8188000.0	51.0
4095	8190000.0	51.0
4096	8192000.0	47.0
4097	8194000.0	48.0
4098	8196000.0	54.0
4099	8198000.0	49.0
4100	8200000.0	52.0
4101	8202000.0	50.0
4102	8204000.0	49.0
4103	8206000.0	49.0
4104	8208000.0	55.0
4105	8210000.0	43.0
4106	8212000.0	48.0
4107	8214000.0	58.0
4108	8216000.0	62.0
4109	8218000.0	46.0
4110	8220000.0	40.0
4111	8222000.0	41.0
4112	8224000.0	53.0
4113	8226000.0	36.0
4114	8228000.0	54.0
4115	8230000.0	55.0
4116	8232000.0	49.0
4117	8234000.0	42.0
4118	8236000.0	42.0
4119	8238000.0	35.0
4120	8240000.0	34.0
4121	8242000.0	44.0
4122	8244000.0	52.0
4123	8246000.0	47.0
4124	8248000.0	58.0
4125	8250000.0	43.0
4126	8252000.0	50.0
4127	8254000.0	51.0
4128	8256000.0	39.0
4129	8258000.0	53.0
4130	8260000.0	43.0
4131	8262000.0	59.0
4132	8264000.0	44.0
4133	8266000.0	58.0
4134	8268000.0	45.0
4135	8270000.0	54.0
4136	8272000.0	45.0
4137	8274000.0	52.0
4138	8276000.0	44.0
4139	8278000.0	36.0
4140	8280000.0	45.0
4141	8282000.0	58.0
4142	8284000.0	45.0
4143	8286000.0	37.0
4144	8288000.0	48.0
4145	8290000.0	55.0
4146	8292000.0	58.0
4147	8294000.0	54.0
4148	8296000.0	42.0
4149	8298000.0	43.0
4150	8300000.0	69.0
4151	8302000.0	50.0
4152	8304000.0	50.0
4153	8306000.0	45.0
4154	8308000.0	46.0
4155	8310000.0	51.0
4156	8312000.0	36.0
4157	8314000.0	43.0
4158	8316000.0	56.0
4159	8318000.0	57.0
4160	8320000.0	42.0
4161	8322000.0	48.0
4162	8324000.0	41.0
4163	8326000.0	43.0
4164	8328000.0	45.0
4165	8330000.0	50.0
4166	8332000.0	58.0
4167	8334000.0	42.0
4168	8336000.0	48.0
4169	8338000.0	54.0
4170	8340000.0	49.0
4171	8342000.0	57.0
4172	8344000.0	47.0
4173	8346000.0	40.0
4174	8348000.0	39.0
4175	8350000.0	40.0
4176	8352000.0	44.0
4177	8354000.0	52.0
4178	8356000.0	40.0
4179	8358000.0	49.0
4180	8360000.0	40.0
4181	8362000.0	37.0
4182	8364000.0	51.0
4183	8366000.0	48.0
4184	8368000.0	52.0
4185	8370000.0	44.0
4186	8372000.0	53.0
4187	8374000.0	49.0
4188	8376000.0	55.0
4189	8378000.0	52.0
4190	8380000.0	50.0
4191	8382000.0	49.0
4192	8384000.0	33.0
4193	8386000.0	53.0
4194	8388000.0	41.0
4195	8390000.0	36.0
4196	8392000.0	38.0
4197	8394000.0	49.0
4198	8396000.0	57.0
4199	8398000.0	54.0
4200	8400000.0	41.0
4201	8402000.0	43.0
4202	8404000.0	47.0
4203	8406000.0	45.0
4204	8408000.0	43.0
4205	8410000.0	45.0
4206	8412000.0	39.0
4207	8414000.0	48.0
4208	8416000.0	35.0
4209	8418000.0	39.0
4210	8420000.0	57.0
4211	8422000.0	56.0
4212	8424000.0	44.0
4213	8426000.0	46.0
4214	8428000.0	49.0
4215	8430000.0	43.0
4216	8432000.0	51.0
4217	8434000.0	42.0
4218	8436000.0	40.0
4219	8438000.0	53.0
4220	8440000.0	54.0
4221	8442000.0	49.0
4222	8444000.0	42.0
4223	8446000.0	42.0
4224	8448000.0	42.0
4225	8450000.0	37.0
4226	8452000.0	48.0
4227	8454000.0	50.0
4228	8456000.0	34.0
4229	8458000.0	44.0
4230	8460000.0	46.0
4231	8462000.0	61.0
4232	8464000.0	56.0
4233	8466000.0	41.0
4234	8468000.0	55.0
4235	8470000.0	51.0
4236	8472000.0	51.0
4237	8474000.0	53.0
4238	8476000.0	50.0
4239	8478000.0	45.0
4240	8480000.0	52.0
4241	8482000.0	40.0
4242	8484000.0	43.0
4243	8486000.0	41.0
4244	8488000.0	52.0
4245	8490000.0	45.0
4246	8492000.0	50.0
4247	8494000.0	57.0
4248	8496000.0	37.0
4249	8498000.0	46.0
4250	8500000.0	59.0
4251	8502000.0	56.0
4252	8504000.0	52.0
4253	8506000.0	38.0
4254	8508000.0	39.0
4255	8510000.0	34.0
4256	8512000.0	59.0
4257	8514000.0	38.0
4258	8516000.0	39.0
4259	8518000.0	45.0
4260	8520000.0	40.0
4261	8522000.0	44.0
4262	8524000.0	40.0
4263	8526000.0	38.0
4264	8528000.0	34.0
4265	8530000.0	46.0
4266	8532000.0	37.0
4267	8534000.0	39.0
4268	8536000.0	51.0
4269	8538000.0	49.0
4270	8540000.0	36.0
4271	8542000.0	38.0
4272	8544000.0	50.0
4273	8546000.0	55.0
4274	8548000.0	41.0
4275	8550000.0	37.0
4276	8552000.0	45.0
4277	8554000.0	43.0
4278	8556000.0	51.0
4279	8558000.0	62.0
4280	8560000.0	43.0
4281	8562000.0	55.0
4282	8564000.0	43.0
4283	8566000.0	44.0
4284	8568000.0	46.0
4285	8570000.0	42.0
4286	8572000.0	35.0
4287	8574000.0	44.0
4288	8576000.0	46.0
4289	8578000.0	57.0
4290	8580000.0	47.0
4291	8582000.0	51.0
4292	8584000.0	40.0
4293	8586000.0	43.0
4294	8588000.0	31.0
4295	8590000.0	52.0
4296	8592000.0	45.0
4297	8594000.0	51.0
4298	8596000.0	50.0
4299	8598000.0	44.0
4300	8600000.0	51.0
4301	8602000.0	40.0
4302	8604000.0	40.0
4303	8606000.0	41.0
4304	8608000.0	49.0
4305	8610000.0	40.0
4306	8612000.0	48.0
4307	8614000.0	43.0
4308	8616000.0	35.0
4309	8618000.0	41.0
4310	8620000.0	44.0
4311	8622000.0	45.0
4312	8624000.0	37.0
4313	8626000.0	50.0
4314	8628000.0	60.0
4315	8630000.0	49.0
4316	8632000.0	36.0
4317	8634000.0	38.0
4318	8636000.0	45.0
4319	8638000.0	33.0
4320	8640000.0	54.0
4321	8642000.0	43.0
4322	8644000.0	42.0
4323	8646000.0	45.0
4324	8648000.0	53.0
4325	8650000.0	44.0
4326	8652000.0	53.0
4327	8654000.0	45.0
4328	8656000.0	35.0
4329	8658000.0	43.0
4330	8660000.0	49.0
4331	8662000.0	46.0
4332	8664000.0	38.0
4333	8666000.0	42.0
4334	8668000.0	45.0
4335	8670000.0	32.0
4336	8672000.0	30.0
4337	8674000.0	42.0
4338	8676000.0	53.0
4339	8678000.0	41.0
4340	8680000.0	39.0
4341	8682000.0	39.0
4342	8684000.0	49.0
4343	8686000.0	49.0
4344	8688000.0	45.0
4345	8690000.0	33.0
4346	8692000.0	44.0
4347	8694000.0	34.0
4348	8696000.0	43.0
4349	8698000.0	38.0
4350	8700000.0	34.0
4351	8702000.0	37.0
4352	8704000.0	52.0
4353	8706000.0	46.0
4354	8708000.0	35.0
4355	8710000.0	38.0
4356	8712000.0	67.0
4357	8714000.0	42.0
4358	8716000.0	55.0
4359	8718000.0	37.0
4360	8720000.0	56.0
4361	8722000.0	52.0
4362	8724000.0	59.0
4363	8726000.0	45.0
4364	8728000.0	50.0
4365	8730000.0	33.0
4366	8732000.0	48.0
4367	8734000.0	44.0
4368	8736000.0	40.0
4369	8738000.0	41.0
4370	8740000.0	46.0
4371	8742000.0	44.0
4372	8744000.0	43.0
4373	8746000.0	51.0
4374	8748000.0	36.0
4375	8750000.0	44.0
4376	8752000.0	44.0
4377	8754000.0	39.0
4378	8756000.0	43.0
4379	8758000.0	63.0
4380	8760000.0	40.0
4381	8762000.0	45.0
4382	8764000.0	48.0
4383	8766000.0	40.0
4384	8768000.0	49.0
4385	8770000.0	40.0
4386	8772000.0	29.0
4387	8774000.0	47.0
4388	8776000.0	39.0
4389	8778000.0	40.0
4390	8780000.0	38.0
4391	8782000.0	36.0
4392	8784000.0	47.0
4393	8786000.0	42.0
4394	8788000.0	49.0
4395	8790000.0	54.0
4396	8792000.0	45.0
4397	8794000.0	49.0
4398	8796000.0	46.0
4399	8798000.0	38.0
4400	8800000.0	43.0
4401	8802000.0	41.0
4402	8804000.0	38.0
4403	8806000.0	55.0
4404	8808000.0	38.0
4405	8810000.0	31.0
4406	8812000.0	48.0
4407	8814000.0	39.0
4408	8816000.0	53.0
4409	8818000.0	44.0
4410	8820000.0	43.0
4411	8822000.0	56.0
4412	8824000.0	39.0
4413	8826000.0	63.0
4414	8828000.0	37.0
4415	8830000.0	48.0
4416	8832000.0	51.0
4417	8834000.0	46.0
4418	8836000.0	43.0
4419	8838000.0	55.0
4420	8840000.0	47.0
4421	8842000.0	43.0
4422	8844000.0	48.0
4423	8846000.0	40.0
4424	8848000.0	34.0
4425	8850000.0	40.0
4426	8852000.0	43.0
4427	8854000.0	36.0
4428	8856000.0	48.0
4429	8858000.0	40.0
4430	8860000.0	34.0
4431	8862000.0	53.0
4432	8864000.0	40.0
4433	8866000.0	41.0
4434	8868000.0	37.0
4435	8870000.0	55.0
4436	8872000.0	47.0
4437	8874000.0	44.0
4438	8876000.0	52.0
4439	8878000.0	45.0
4440	8880000.0	32.0
4441	8882000.0	41.0
4442	8884000.0	42.0
4443	8886000.0	31.0
4444	8888000.0	23.0
4445	8890000.0	35.0
4446	8892000.0	35.0
4447	8894000.0	41.0
4448	8896000.0	43.0
4449	8898000.0	45.0
4450	8900000.0	49.0
4451	8902000.0	40.0
4452	8904000.0	39.0
4453	8906000.0	44.0
4454	8908000.0	37.0
4455	8910000.0	40.0
4456	8912000.0	50.0
4457	8914000.0	40.0
4458	8916000.0	46.0
4459	8918000.0	39.0
4460	8920000.0	44.0
4461	8922000.0	45.0
4462	8924000.0	46.0
4463	8926000.0	49.0
4464	8928000.0	48.0
4465	8930000.0	51.0
4466	8932000.0	41.0
4467	8934000.0	45.0
4468	8936000.0	41.0
4469	8938000.0	45.0
4470	8940000.0	56.0
4471	8942000.0	52.0
4472	8944000.0	56.0
4473	8946000.0	45.0
4474	8948000.0	37.0
4475	8950000.0	42.0
4476	8952000.0	29.0
4477	8954000.0	34.0
4478	8956000.0	40.0
4479	8958000.0	40.0
4480	8960000.0	42.0
4481	8962000.0	36.0
4482	8964000.0	50.0
4483	8966000.0	36.0
4484	8968000.0	44.0
4485	8970000.0	36.0
4486	8972000.0	45.0
4487	8974000.0	45.0
4488	8976000.0	40.0
4489	8978000.0	47.0
4490	8980000.0	40.0
4491	8982000.0	40.0
4492	8984000.0	53.0
4493	8986000.0	49.0
4494	8988000.0	33.0
4495	8990000.0	56.0
4496	8992000.0	46.0
4497	8994000.0	37.0
4498	8996000.0	39.0
4499	8998000.0	39.0
4500	9000000.0	37.0
4501	9002000.0	37.0
4502	9004000.0	47.0
4503	9006000.0	49.0
4504	9008000.0	42.0
4505	9010000.0	34.0
4506	9012000.0	30.0
4507	9014000.0	49.0
4508	9016000.0	53.0
4509	9018000.0	41.0
4510	9020000.0	38.0
4511	9022000.0	45.0
4512	9024000.0	47.0
4513	9026000.0	39.0
4514	9028000.0	41.0
4515	9030000.0	51.0
4516	9032000.0	33.0
4517	9034000.0	45.0
4518	9036000.0	32.0
4519	9038000.0	48.0
4520	9040000.0	36.0
4521	9042000.0	43.0
4522	9044000.0	42.0
4523	9046000.0	42.0
4524	9048000.0	46.0
4525	9050000.0	43.0
4526	9052000.0	43.0
4527	9054000.0	45.0
4528	9056000.0	36.0
4529	9058000.0	44.0
4530	9060000.0	29.0
4531	9062000.0	44.0
4532	9064000.0	39.0
4533	9066000.0	37.0
4534	9068000.0	34.0
4535	9070000.0	46.0
4536	9072000.0	35.0
4537	9074000.0	53.0
4538	9076000.0	55.0
4539	9078000.0	30.0
4540	9080000.0	42.0
4541	9082000.0	31.0
4542	9084000.0	35.0
4543	9086000.0	38.0
4544	9088000.0	48.0
4545	9090000.0	42.0
4546	9092000.0	42.0
4547	9094000.0	45.0
4548	9096000.0	41.0
4549	9098000.0	34.0
4550	9100000.0	47.0
4551	9102000.0	42.0
4552	9104000.0	33.0
4553	9106000.0	47.0
4554	9108000.0	39.0
4555	9110000.0	42.0
4556	9112000.0	42.0
4557	9114000.0	43.0
4558	9116000.0	38.0
4559	9118000.0	34.0
4560	9120000.0	38.0
4561	9122000.0	43.0
4562	9124000.0	34.0
4563	9126000.0	35.0
4564	9128000.0	46.0
4565	9130000.0	36.0
4566	9132000.0	57.0
4567	9134000.0	43.0
4568	9136000.0	39.0
4569	9138000.0	39.0
4570	9140000.0	44.0
4571	9142000.0	41.0
4572	9144000.0	53.0
4573	9146000.0	47.0
4574	9148000.0	41.0
4575	9150000.0	35.0
4576	9152000.0	38.0
4577	9154000.0	44.0
4578	9156000.0	38.0
4579	9158000.0	45.0
4580	9160000.0	35.0
4581	9162000.0	52.0
4582	9164000.0	38.0
4583	9166000.0	39.0
4584	9168000.0	44.0
4585	9170000.0	31.0
4586	9172000.0	36.0
4587	9174000.0	53.0
4588	9176000.0	49.0
4589	9178000.0	33.0
4590	9180000.0	56.0
4591	9182000.0	22.0
4592	9184000.0	33.0
4593	9186000.0	45.0
4594	9188000.0	51.0
4595	9190000.0	39.0
4596	9192000.0	41.0
4597	9194000.0	35.0
4598	9196000.0	43.0
4599	9198000.0	60.0
4600	9200000.0	49.0
4601	9202000.0	39.0
4602	9204000.0	33.0
4603	9206000.0	26.0
4604	9208000.0	46.0
4605	9210000.0	34.0
4606	9212000.0	25.0
4607	9214000.0	30.0
4608	9216000.0	43.0
4609	9218000.0	51.0
4610	9220000.0	39.0
4611	9222000.0	50.0
4612	9224000.0	42.0
4613	9226000.0	47.0
4614	9228000.0	39.0
4615	9230000.0	36.0
4616	9232000.0	35.0
4617	9234000.0	52.0
4618	9236000.0	27.0
4619	9238000.0	39.0
4620	9240000.0	54.0
4621	9242000.0	35.0
4622	9244000.0	47.0
4623	9246000.0	34.0
4624	9248000.0	22.0
4625	9250000.0	45.0
4626	9252000.0	41.0
4627	9254000.0	41.0
4628	9256000.0	41.0
4629	9258000.0	33.0
4630	9260000.0	38.0
4631	9262000.0	61.0
4632	9264000.0	44.0
4633	9266000.0	41.0
4634	9268000.0	36.0
4635	9270000.0	38.0
4636	9272000.0	42.0
4637	9274000.0	37.0
4638	9276000.0	37.0
4639	9278000.0	32.0
4640	9280000.0	44.0
4641	9282000.0	31.0
4642	9284000.0	27.0
4643	9286000.0	41.0
4644	9288000.0	46.0
4645	9290000.0	39.0
4646	9292000.0	33.0
4647	9294000.0	43.0
4648	9296000.0	53.0
4649	9298000.0	35.0
4650	9300000.0	41.0
4651	9302000.0	32.0
4652	9304000.0	32.0
4653	9306000.0	34.0
4654	9308000.0	42.0
4655	9310000.0	36.0
4656	9312000.0	36.0
4657	9314000.0	38.0
4658	9316000.0	42.0
4659	9318000.0	29.0
4660	9320000.0	43.0
4661	9322000.0	54.0
4662	9324000.0	42.0
4663	9326000.0	41.0
4664	9328000.0	37.0
4665	9330000.0	42.0
4666	9332000.0	36.0
4667	9334000.0	37.0
4668	9336000.0	36.0
4669	9338000.0	40.0
4670	9340000.0	38.0
4671	9342000.0	48.0
4672	9344000.0	38.0
4673	9346000.0	38.0
4674	9348000.0	43.0
4675	9350000.0	46.0
4676	9352000.0	33.0
4677	9354000.0	36.0
4678	9356000.0	42.0
4679	9358000.0	41.0
4680	9360000.0	35.0
4681	9362000.0	46.0
4682	9364000.0	51.0
4683	9366000.0	38.0
4684	9368000.0	26.0
4685	9370000.0	40.0
4686	9372000.0	46.0
4687	9374000.0	40.0
4688	9376000.0	35.0
4689	9378000.0	36.0
4690	9380000.0	52.0
4691	9382000.0	52.0
4692	9384000.0	27.0
4693	9386000.0	37.0
4694	9388000.0	44.0
4695	9390000.0	25.0
4696	9392000.0	36.0
4697	9394000.0	37.0
4698	9396000.0	34.0
4699	9398000.0	47.0
4700	9400000.0	40.0
4701	9402000.0	35.0
4702	9404000.0	37.0
4703	9406000.0	46.0
4704	9408000.0	32.0
4705	9410000.0	31.0
4706	9412000.0	26.0
4707	9414000.0	54.0
4708	9416000.0	39.0
4709	9418000.0	36.0
4710	9420000.0	42.0
4711	9422000.0	28.0
4712	9424000.0	43.0
4713	9426000.0	30.0
4714	9428000.0	41.0
4715	9430000.0	47.0
4716	9432000.0	48.0
4717	9434000.0	40.0
4718	9436000.0	38.0
4719	9438000.0	42.0
4720	9440000.0	45.0
4721	9442000.0	30.0
4722	9444000.0	42.0
4723	9446000.0	49.0
4724	9448000.0	42.0
4725	9450000.0	36.0
4726	9452000.0	45.0
4727	9454000.0	40.0
4728	9456000.0	48.0
4729	9458000.0	28.0
4730	9460000.0	39.0
4731	9462000.0	36.0
4732	9464000.0	51.0
4733	9466000.0	36.0
4734	9468000.0	44.0
4735	9470000.0	48.0
4736	9472000.0	41.0
4737	9474000.0	37.0
4738	9476000.0	40.0
4739	9478000.0	35.0
4740	9480000.0	40.0
4741	9482000.0	43.0
4742	9484000.0	39.0
4743	9486000.0	48.0
4744	9488000.0	43.0
4745	9490000.0	39.0
4746	9492000.0	42.0
4747	9494000.0	34.0
4748	9496000.0	42.0
4749	9498000.0	34.0
4750	9500000.0	30.0
4751	9502000.0	42.0
4752	9504000.0	40.0
4753	9506000.0	32.0
4754	9508000.0	41.0
4755	9510000.0	35.0
4756	9512000.0	42.0
4757	9514000.0	37.0
4758	9516000.0	44.0
4759	9518000.0	34.0
4760	9520000.0	39.0
4761	9522000.0	47.0
4762	9524000.0	33.0
4763	9526000.0	43.0
4764	9528000.0	41.0
4765	9530000.0	40.0
4766	9532000.0	36.0
4767	9534000.0	38.0
4768	9536000.0	32.0
4769	9538000.0	38.0
4770	9540000.0	49.0
4771	9542000.0	37.0
4772	9544000.0	46.0
4773	9546000.0	37.0
4774	9548000.0	42.0
4775	9550000.0	43.0
4776	9552000.0	38.0
4777	9554000.0	30.0
4778	9556000.0	50.0
4779	9558000.0	39.0
4780	9560000.0	30.0
4781	9562000.0	47.0
4782	9564000.0	46.0
4783	9566000.0	45.0
4784	9568000.0	38.0
4785	9570000.0	42.0
4786	9572000.0	30.0
4787	9574000.0	38.0
4788	9576000.0	37.0
4789	9578000.0	41.0
4790	9580000.0	27.0
4791	9582000.0	31.0
4792	9584000.0	31.0
4793	9586000.0	39.0
4794	9588000.0	38.0
4795	9590000.0	38.0
4796	9592000.0	37.0
4797	9594000.0	43.0
4798	9596000.0	52.0
4799	9598000.0	37.0
4800	9600000.0	40.0
4801	9602000.0	35.0
4802	9604000.0	26.0
4803	9606000.0	39.0
4804	9608000.0	42.0
4805	9610000.0	44.0
4806	9612000.0	46.0
4807	9614000.0	33.0
4808	9616000.0	50.0
4809	9618000.0	39.0
4810	9620000.0	33.0
4811	9622000.0	39.0
4812	9624000.0	31.0
4813	9626000.0	39.0
4814	9628000.0	49.0
4815	9630000.0	38.0
4816	9632000.0	30.0
4817	9634000.0	38.0
4818	9636000.0	49.0
4819	9638000.0	43.0
4820	9640000.0	46.0
4821	9642000.0	40.0
4822	9644000.0	40.0
4823	9646000.0	44.0
4824	9648000.0	33.0
4825	9650000.0	36.0
4826	9652000.0	44.0
4827	9654000.0	37.0
4828	9656000.0	34.0
4829	9658000.0	32.0
4830	9660000.0	39.0
4831	9662000.0	31.0
4832	9664000.0	43.0
4833	9666000.0	37.0
4834	9668000.0	47.0
4835	9670000.0	37.0
4836	9672000.0	47.0
4837	9674000.0	39.0
4838	9676000.0	55.0
4839	9678000.0	47.0
4840	9680000.0	36.0
4841	9682000.0	46.0
4842	9684000.0	39.0
4843	9686000.0	34.0
4844	9688000.0	43.0
4845	9690000.0	46.0
4846	9692000.0	41.0
4847	9694000.0	40.0
4848	9696000.0	34.0
4849	9698000.0	41.0
4850	9700000.0	50.0
4851	9702000.0	40.0
4852	9704000.0	37.0
4853	9706000.0	37.0
4854	9708000.0	33.0
4855	9710000.0	43.0
4856	9712000.0	47.0
4857	9714000.0	30.0
4858	9716000.0	38.0
4859	9718000.0	38.0
4860	9720000.0	50.0
4861	9722000.0	48.0
4862	9724000.0	45.0
4863	9726000.0	32.0
4864	9728000.0	36.0
4865	9730000.0	28.0
4866	9732000.0	35.0
4867	9734000.0	47.0
4868	9736000.0	44.0
4869	9738000.0	44.0
4870	9740000.0	41.0
4871	9742000.0	41.0
4872	9744000.0	36.0
4873	9746000.0	28.0
4874	9748000.0	37.0
4875	9750000.0	40.0
4876	9752000.0	30.0
4877	9754000.0	27.0
4878	9756000.0	53.0
4879	9758000.0	47.0
4880	9760000.0	33.0
4881	9762000.0	33.0
4882	9764000.0	39.0
4883	9766000.0	35.0
4884	9768000.0	38.0
4885	9770000.0	36.0
4886	9772000.0	46.0
4887	9774000.0	33.0
4888	9776000.0	45.0
4889	9778000.0	48.0
4890	9780000.0	30.0
4891	9782000.0	35.0
4892	9784000.0	41.0
4893	9786000.0	34.0
4894	9788000.0	48.0
4895	9790000.0	33.0
4896	9792000.0	46.0
4897	9794000.0	45.0
4898	9796000.0	45.0
4899	9798000.0	38.0
4900	9800000.0	36.0
4901	9802000.0	48.0
4902	9804000.0	40.0
4903	9806000.0	43.0
4904	9808000.0	31.0
4905	9810000.0	47.0
4906	9812000.0	37.0
4907	9814000.0	32.0
4908	9816000.0	35.0
4909	9818000.0	33.0
4910	9820000.0	42.0
4911	9822000.0	33.0
4912	9824000.0	40.0
4913	9826000.0	46.0
4914	9828000.0	35.0
4915	9830000.0	34.0
4916	9832000.0	28.0
4917	9834000.0	37.0
4918	9836000.0	44.0
4919	9838000.0	41.0
4920	9840000.0	32.0
4921	9842000.0	33.0
4922	9844000.0	32.0
4923	9846000.0	35.0
4924	9848000.0	38.0
4925	9850000.0	37.0
4926	9852000.0	43.0
4927	9854000.0	35.0
4928	9856000.0	33.0
4929	9858000.0	40.0
4930	9860000.0	47.0
4931	9862000.0	36.0
4932	9864000.0	47.0
4933	9866000.0	30.0
4934	9868000.0	40.0
4935	9870000.0	39.0
4936	9872000.0	29.0
4937	9874000.0	30.0
4938	9876000.0	34.0
4939	9878000.0	50.0
4940	9880000.0	37.0
4941	9882000.0	40.0
4942	9884000.0	49.0
4943	9886000.0	36.0
4944	9888000.0	35.0
4945	9890000.0	37.0
4946	9892000.0	34.0
4947	9894000.0	43.0
4948	9896000.0	43.0
4949	9898000.0	32.0
4950	9900000.0	40.0
4951	9902000.0	44.0
4952	9904000.0	32.0
4953	9906000.0	34.0
4954	9908000.0	35.0
4955	9910000.0	33.0
4956	9912000.0	46.0
4957	9914000.0	37.0
4958	9916000.0	28.0
4959	9918000.0	35.0
4960	9920000.0	41.0
4961	9922000.0	39.0
4962	9924000.0	35.0
4963	9926000.0	37.0
4964	9928000.0	38.0
4965	9930000.0	32.0
4966	9932000.0	57.0
4967	9934000.0	37.0
4968	9936000.0	28.0
4969	9938000.0	38.0
4970	9940000.0	33.0
4971	9942000.0	33.0
4972	9944000.0	46.0
4973	9946000.0	31.0
4974	9948000.0	42.0
4975	9950000.0	45.0
4976	9952000.0	36.0
4977	9954000.0	39.0
4978	9956000.0	42.0
4979	9958000.0	41.0
4980	9960000.0	29.0
4981	9962000.0	28.0
4982	9964000.0	35.0
4983	9966000.0	42.0
4984	9968000.0	42.0
4985	9970000.0	33.0
4986	9972000.0	41.0
4987	9974000.0	29.0
4988	9976000.0	37.0
4989	9978000.0	45.0
4990	9980000.0	38.0
4991	9982000.0	30.0
4992	9984000.0	29.0
4993	9986000.0	33.0
4994	9988000.0	31.0
4995	9990000.0	35.0
4996	9992000.0	38.0
4997	9994000.0	48.0
4998	9996000.0	34.0
4999	9998000.0	36.0
5000	10000000.0	39.0
5001	10002000.0	35.0
5002	10004000.0	34.0
5003	10006000.0	35.0
5004	10008000.0	31.0
5005	10010000.0	22.0
5006	10012000.0	44.0
5007	10014000.0	33.0
5008	10016000.0	34.0
5009	10018000.0	30.0
5010	10020000.0	43.0
5011	10022000.0	39.0
5012	10024000.0	34.0
5013	10026000.0	33.0
5014	10028000.0	36.0
5015	10030000.0	38.0
5016	10032000.0	25.0
5017	10034000.0	38.0
5018	10036000.0	34.0
5019	10038000.0	32.0
5020	10040000.0	30.0
5021	10042000.0	34.0
5022	10044000.0	31.0
5023	10046000.0	37.0
5024	10048000.0	35.0
5025	10050000.0	41.0
5026	10052000.0	34.0
5027	10054000.0	39.0
5028	10056000.0	36.0
5029	10058000.0	43.0
5030	10060000.0	43.0
5031	10062000.0	32.0
5032	10064000.0	31.0
5033	10066000.0	38.0
5034	10068000.0	39.0
5035	10070000.0	36.0
5036	10072000.0	40.0
5037	10074000.0	28.0
5038	10076000.0	37.0
5039	10078000.0	32.0
5040	10080000.0	45.0
5041	10082000.0	38.0
5042	10084000.0	42.0
5043	10086000.0	37.0
5044	10088000.0	57.0
5045	10090000.0	29.0
5046	10092000.0	26.0
5047	10094000.0	42.0
5048	10096000.0	42.0
5049	10098000.0	30.0
5050	10100000.0	39.0
5051	10102000.0	39.0
5052	10104000.0	37.0
5053	10106000.0	27.0
5054	10108000.0	35.0
5055	10110000.0	34.0
5056	10112000.0	43.0
5057	10114000.0	41.0
5058	10116000.0	38.0
5059	10118000.0	42.0
5060	10120000.0	43.0
5061	10122000.0	46.0
5062	10124000.0	37.0
5063	10126000.0	22.0
5064	10128000.0	40.0
5065	10130000.0	25.0
5066	10132000.0	38.0
5067	10134000.0	33.0
5068	10136000.0	28.0
5069	10138000.0	29.0
5070	10140000.0	35.0
5071	10142000.0	31.0
5072	10144000.0	30.0
5073	10146000.0	47.0
5074	10148000.0	44.0
5075	10150000.0	41.0
5076	10152000.0	36.0
5077	10154000.0	30.0
5078	10156000.0	33.0
5079	10158000.0	37.0
5080	10160000.0	38.0
5081	10162000.0	36.0
5082	10164000.0	32.0
5083	10166000.0	34.0
5084	10168000.0	32.0
5085	10170000.0	33.0
5086	10172000.0	46.0
5087	10174000.0	40.0
5088	10176000.0	29.0
5089	10178000.0	39.0
5090	10180000.0	27.0
5091	10182000.0	45.0
5092	10184000.0	42.0
5093	10186000.0	43.0
5094	10188000.0	30.0
5095	10190000.0	34.0
5096	10192000.0	31.0
5097	10194000.0	35.0
5098	10196000.0	33.0
5099	10198000.0	41.0
5100	10200000.0	29.0
5101	10202000.0	34.0
5102	10204000.0	39.0
5103	10206000.0	41.0
5104	10208000.0	38.0
5105	10210000.0	27.0
5106	10212000.0	38.0
5107	10214000.0	37.0
5108	10216000.0	36.0
5109	10218000.0	40.0
5110	10220000.0	32.0
5111	10222000.0	32.0
5112	10224000.0	31.0
5113	10226000.0	37.0
5114	10228000.0	38.0
5115	10230000.0	37.0
5116	10232000.0	36.0
5117	10234000.0	33.0
5118	10236000.0	35.0
5119	10238000.0	30.0
5120	10240000.0	39.0
5121	10242000.0	33.0
5122	10244000.0	37.0
5123	10246000.0	34.0
5124	10248000.0	26.0
5125	10250000.0	39.0
5126	10252000.0	33.0
5127	10254000.0	31.0
5128	10256000.0	29.0
5129	10258000.0	43.0
5130	10260000.0	24.0
5131	10262000.0	30.0
5132	10264000.0	30.0
5133	10266000.0	37.0
5134	10268000.0	40.0
5135	10270000.0	32.0
5136	10272000.0	36.0
5137	10274000.0	27.0
5138	10276000.0	38.0
5139	10278000.0	46.0
5140	10280000.0	38.0
5141	10282000.0	39.0
5142	10284000.0	42.0
5143	10286000.0	30.0
5144	10288000.0	43.0
5145	10290000.0	47.0
5146	10292000.0	35.0
5147	10294000.0	43.0
5148	10296000.0	37.0
5149	10298000.0	42.0
5150	10300000.0	41.0
5151	10302000.0	40.0
5152	10304000.0	28.0
5153	10306000.0	28.0
5154	10308000.0	29.0
5155	10310000.0	34.0
5156	10312000.0	31.0
5157	10314000.0	31.0
5158	10316000.0	42.0
5159	10318000.0	27.0
5160	10320000.0	40.0
5161	10322000.0	34.0
5162	10324000.0	40.0
5163	10326000.0	35.0
5164	10328000.0	33.0
5165	10330000.0	34.0
5166	10332000.0	33.0
5167	10334000.0	26.0
5168	10336000.0	33.0
5169	10338000.0	36.0
5170	10340000.0	37.0
5171	10342000.0	35.0
5172	10344000.0	37.0
5173	10346000.0	38.0
5174	10348000.0	28.0
5175	10350000.0	35.0
5176	10352000.0	34.0
5177	10354000.0	50.0
5178	10356000.0	32.0
5179	10358000.0	46.0
5180	10360000.0	47.0
5181	10362000.0	35.0
5182	10364000.0	33.0
5183	10366000.0	39.0
5184	10368000.0	38.0
5185	10370000.0	35.0
5186	10372000.0	31.0
5187	10374000.0	30.0
5188	10376000.0	32.0
5189	10378000.0	46.0
5190	10380000.0	34.0
5191	10382000.0	39.0
5192	10384000.0	32.0
5193	10386000.0	33.0
5194	10388000.0	32.0
5195	10390000.0	42.0
5196	10392000.0	36.0
5197	10394000.0	28.0
5198	10396000.0	36.0
5199	10398000.0	28.0
5200	10400000.0	35.0
5201	10402000.0	33.0
5202	10404000.0	44.0
5203	10406000.0	32.0
5204	10408000.0	33.0
5205	10410000.0	33.0
5206	10412000.0	41.0
5207	10414000.0	39.0
5208	10416000.0	35.0
5209	10418000.0	36.0
5210	10420000.0	47.0
5211	10422000.0	35.0
5212	10424000.0	22.0
5213	10426000.0	35.0
5214	10428000.0	29.0
5215	10430000.0	30.0
5216	10432000.0	34.0
5217	10434000.0	41.0
5218	10436000.0	33.0
5219	10438000.0	38.0
5220	10440000.0	29.0
5221	10442000.0	35.0
5222	10444000.0	40.0
5223	10446000.0	36.0
5224	10448000.0	40.0
5225	10450000.0	46.0
5226	10452000.0	42.0
5227	10454000.0	24.0
5228	10456000.0	39.0
5229	10458000.0	32.0
5230	10460000.0	33.0
5231	10462000.0	39.0
5232	10464000.0	40.0
5233	10466000.0	38.0
5234	10468000.0	53.0
5235	10470000.0	34.0
5236	10472000.0	34.0
5237	10474000.0	42.0
5238	10476000.0	39.0
5239	10478000.0	44.0
5240	10480000.0	39.0
5241	10482000.0	24.0
5242	10484000.0	26.0
5243	10486000.0	32.0
5244	10488000.0	33.0
5245	10490000.0	35.0
5246	10492000.0	31.0
5247	10494000.0	19.0
5248	10496000.0	30.0
5249	10498000.0	42.0
5250	10500000.0	25.0
5251	10502000.0	27.0
5252	10504000.0	43.0
5253	10506000.0	35.0
5254	10508000.0	34.0
5255	10510000.0	33.0
5256	10512000.0	42.0
5257	10514000.0	38.0
5258	10516000.0	40.0
5259	10518000.0	28.0
5260	10520000.0	39.0
5261	10522000.0	27.0
5262	10524000.0	39.0
5263	10526000.0	29.0
5264	10528000.0	31.0
5265	10530000.0	39.0
5266	10532000.0	28.0
5267	10534000.0	25.0
5268	10536000.0	29.0
5269	10538000.0	42.0
5270	10540000.0	31.0
5271	10542000.0	39.0
5272	10544000.0	34.0
5273	10546000.0	32.0
5274	10548000.0	31.0
5275	10550000.0	31.0
5276	10552000.0	41.0
5277	10554000.0	39.0
5278	10556000.0	28.0
5279	10558000.0	40.0
5280	10560000.0	31.0
5281	10562000.0	44.0
5282	10564000.0	37.0
5283	10566000.0	29.0
5284	10568000.0	34.0
5285	10570000.0	29.0
5286	10572000.0	33.0
5287	10574000.0	44.0
5288	10576000.0	55.0
5289	10578000.0	36.0
5290	10580000.0	35.0
5291	10582000.0	37.0
5292	10584000.0	20.0
5293	10586000.0	43.0
5294	10588000.0	22.0
5295	10590000.0	35.0
5296	10592000.0	30.0
5297	10594000.0	28.0
5298	10596000.0	35.0
5299	10598000.0	39.0
5300	10600000.0	34.0
5301	10602000.0	40.0
5302	10604000.0	39.0
5303	10606000.0	32.0
5304	10608000.0	38.0
5305	10610000.0	32.0
5306	10612000.0	37.0
5307	10614000.0	27.0
5308	10616000.0	26.0
5309	10618000.0	24.0
5310	10620000.0	37.0
5311	10622000.0	43.0
5312	10624000.0	42.0
5313	10626000.0	37.0
5314	10628000.0	37.0
5315	10630000.0	24.0
5316	10632000.0	27.0
5317	10634000.0	30.0
5318	10636000.0	29.0
5319	10638000.0	30.0
5320	10640000.0	28.0
5321	10642000.0	26.0
5322	10644000.0	33.0
5323	10646000.0	39.0
5324	10648000.0	31.0
5325	10650000.0	29.0
5326	10652000.0	36.0
5327	10654000.0	37.0
5328	10656000.0	36.0
5329	10658000.0	41.0
5330	10660000.0	32.0
5331	10662000.0	35.0
5332	10664000.0	31.0
5333	10666000.0	38.0
5334	10668000.0	37.0
5335	10670000.0	51.0
5336	10672000.0	34.0
5337	10674000.0	41.0
5338	10676000.0	48.0
5339	10678000.0	33.0
5340	10680000.0	37.0
5341	10682000.0	27.0
5342	10684000.0	41.0
5343	10686000.0	26.0
5344	10688000.0	41.0
5345	10690000.0	42.0
5346	10692000.0	27.0
5347	10694000.0	43.0
5348	10696000.0	30.0
5349	10698000.0	32.0
5350	10700000.0	37.0
5351	10702000.0	39.0
5352	10704000.0	47.0
5353	10706000.0	29.0
5354	10708000.0	33.0
5355	10710000.0	37.0
5356	10712000.0	30.0
5357	10714000.0	34.0
5358	10716000.0	32.0
5359	10718000.0	40.0
5360	10720000.0	40.0
5361	10722000.0	34.0
5362	10724000.0	35.0
5363	10726000.0	22.0
5364	10728000.0	35.0
5365	10730000.0	32.0
5366	10732000.0	30.0
5367	10734000.0	38.0
5368	10736000.0	30.0
5369	10738000.0	33.0
5370	10740000.0	33.0
5371	10742000.0	40.0
5372	10744000.0	32.0
5373	10746000.0	43.0
5374	10748000.0	32.0
5375	10750000.0	42.0
5376	10752000.0	39.0
5377	10754000.0	32.0
5378	10756000.0	38.0
5379	10758000.0	30.0
5380	10760000.0	42.0
5381	10762000.0	19.0
5382	10764000.0	30.0
5383	10766000.0	32.0
5384	10768000.0	34.0
5385	10770000.0	41.0
5386	10772000.0	25.0
5387	10774000.0	29.0
5388	10776000.0	45.0
5389	10778000.0	22.0
5390	10780000.0	33.0
5391	10782000.0	44.0
5392	10784000.0	32.0
5393	10786000.0	40.0
5394	10788000.0	35.0
5395	10790000.0	35.0
5396	10792000.0	35.0
5397	10794000.0	33.0
5398	10796000.0	26.0
5399	10798000.0	25.0
5400	10800000.0	41.0
5401	10802000.0	24.0
5402	10804000.0	28.0
5403	10806000.0	43.0
5404	10808000.0	35.0
5405	10810000.0	40.0
5406	10812000.0	37.0
5407	10814000.0	28.0
5408	10816000.0	34.0
5409	10818000.0	30.0
5410	10820000.0	29.0
5411	10822000.0	37.0
5412	10824000.0	26.0
5413	10826000.0	25.0
5414	10828000.0	33.0
5415	10830000.0	31.0
5416	10832000.0	41.0
5417	10834000.0	44.0
5418	10836000.0	33.0
5419	10838000.0	37.0
5420	10840000.0	39.0
5421	10842000.0	31.0
5422	10844000.0	27.0
5423	10846000.0	32.0
5424	10848000.0	41.0
5425	10850000.0	33.0
5426	10852000.0	45.0
5427	10854000.0	37.0
5428	10856000.0	39.0
5429	10858000.0	37.0
5430	10860000.0	36.0
5431	10862000.0	28.0
5432	10864000.0	32.0
5433	10866000.0	41.0
5434	10868000.0	30.0
5435	10870000.0	38.0
5436	10872000.0	42.0
5437	10874000.0	25.0
5438	10876000.0	33.0
5439	10878000.0	38.0
5440	10880000.0	34.0
5441	10882000.0	31.0
5442	10884000.0	37.0
5443	10886000.0	29.0
5444	10888000.0	34.0
5445	10890000.0	32.0
5446	10892000.0	26.0
5447	10894000.0	37.0
5448	10896000.0	43.0
5449	10898000.0	36.0
5450	10900000.0	33.0
5451	10902000.0	27.0
5452	10904000.0	40.0
5453	10906000.0	39.0
5454	10908000.0	30.0
5455	10910000.0	34.0
5456	10912000.0	26.0
5457	10914000.0	28.0
5458	10916000.0	28.0
5459	10918000.0	42.0
5460	10920000.0	28.0
5461	10922000.0	28.0
5462	10924000.0	27.0
5463	10926000.0	28.0
5464	10928000.0	34.0
5465	10930000.0	36.0
5466	10932000.0	32.0
5467	10934000.0	30.0
5468	10936000.0	37.0
5469	10938000.0	37.0
5470	10940000.0	27.0
5471	10942000.0	38.0
5472	10944000.0	41.0
5473	10946000.0	40.0
5474	10948000.0	29.0
5475	10950000.0	33.0
5476	10952000.0	38.0
5477	10954000.0	36.0
5478	10956000.0	23.0
5479	10958000.0	36.0
5480	10960000.0	23.0
5481	10962000.0	32.0
5482	10964000.0	26.0
5483	10966000.0	18.0
5484	10968000.0	31.0
5485	10970000.0	45.0
5486	10972000.0	35.0
5487	10974000.0	38.0
5488	10976000.0	33.0
5489	10978000.0	31.0
5490	10980000.0	32.0
5491	10982000.0	30.0
5492	10984000.0	27.0
5493	10986000.0	33.0
5494	10988000.0	24.0
5495	10990000.0	39.0
5496	10992000.0	29.0
5497	10994000.0	32.0
5498	10996000.0	28.0
5499	10998000.0	32.0
5500	11000000.0	48.0
5501	11002000.0	27.0
5502	11004000.0	29.0
5503	11006000.0	31.0
5504	11008000.0	33.0
5505	11010000.0	44.0
5506	11012000.0	26.0
5507	11014000.0	24.0
5508	11016000.0	48.0
5509	11018000.0	37.0
5510	11020000.0	33.0
5511	11022000.0	31.0
5512	11024000.0	38.0
5513	11026000.0	34.0
5514	11028000.0	29.0
5515	11030000.0	30.0
5516	11032000.0	32.0
5517	11034000.0	39.0
5518	11036000.0	34.0
5519	11038000.0	34.0
5520	11040000.0	31.0
5521	11042000.0	40.0
5522	11044000.0	33.0
5523	11046000.0	37.0
5524	11048000.0	28.0
5525	11050000.0	31.0
5526	11052000.0	30.0
5527	11054000.0	36.0
5528	11056000.0	41.0
5529	11058000.0	23.0
5530	11060000.0	31.0
5531	11062000.0	41.0
5532	11064000.0	28.0
5533	11066000.0	26.0
5534	11068000.0	38.0
5535	11070000.0	28.0
5536	11072000.0	35.0
5537	11074000.0	26.0
5538	11076000.0	26.0
5539	11078000.0	38.0
5540	11080000.0	28.0
5541	11082000.0	34.0
5542	11084000.0	27.0
5543	11086000.0	35.0
5544	11088000.0	37.0
5545	11090000.0	38.0
5546	11092000.0	35.0
5547	11094000.0	21.0
5548	11096000.0	38.0
5549	11098000.0	29.0
5550	11100000.0	30.0
5551	11102000.0	28.0
5552	11104000.0	21.0
5553	11106000.0	23.0
5554	11108000.0	32.0
5555	11110000.0	48.0
5556	11112000.0	29.0
5557	11114000.0	26.0
5558	11116000.0	25.0
5559	11118000.0	20.0
5560	11120000.0	40.0
5561	11122000.0	32.0
5562	11124000.0	35.0
5563	11126000.0	25.0
5564	11128000.0	31.0
5565	11130000.0	31.0
5566	11132000.0	31.0
5567	11134000.0	35.0
5568	11136000.0	29.0
5569	11138000.0	35.0
5570	11140000.0	29.0
5571	11142000.0	39.0
5572	11144000.0	34.0
5573	11146000.0	36.0
5574	11148000.0	30.0
5575	11150000.0	39.0
5576	11152000.0	23.0
5577	11154000.0	22.0
5578	11156000.0	44.0
5579	11158000.0	34.0
5580	11160000.0	26.0
5581	11162000.0	25.0
5582	11164000.0	27.0
5583	11166000.0	27.0
5584	11168000.0	47.0
5585	11170000.0	33.0
5586	11172000.0	28.0
5587	11174000.0	42.0
5588	11176000.0	30.0
5589	11178000.0	34.0
5590	11180000.0	27.0
5591	11182000.0	25.0
5592	11184000.0	30.0
5593	11186000.0	33.0
5594	11188000.0	29.0
5595	11190000.0	26.0
5596	11192000.0	30.0
5597	11194000.0	29.0
5598	11196000.0	26.0
5599	11198000.0	29.0
5600	11200000.0	20.0
5601	11202000.0	31.0
5602	11204000.0	34.0
5603	11206000.0	34.0
5604	11208000.0	30.0
5605	11210000.0	31.0
5606	11212000.0	28.0
5607	11214000.0	42.0
5608	11216000.0	31.0
5609	11218000.0	27.0
5610	11220000.0	27.0
5611	11222000.0	30.0
5612	11224000.0	26.0
5613	11226000.0	31.0
5614	11228000.0	22.0
5615	11230000.0	25.0
5616	11232000.0	31.0
5617	11234000.0	28.0
5618	11236000.0	31.0
5619	11238000.0	25.0
5620	11240000.0	34.0
5621	11242000.0	27.0
5622	11244000.0	25.0
5623	11246000.0	33.0
5624	11248000.0	43.0
5625	11250000.0	37.0
5626	11252000.0	24.0
5627	11254000.0	26.0
5628	11256000.0	24.0
5629	11258000.0	34.0
5630	11260000.0	26.0
5631	11262000.0	32.0
5632	11264000.0	33.0
5633	11266000.0	28.0
5634	11268000.0	31.0
5635	11270000.0	36.0
5636	11272000.0	43.0
5637	11274000.0	17.0
5638	11276000.0	24.0
5639	11278000.0	32.0
5640	11280000.0	22.0
5641	11282000.0	26.0
5642	11284000.0	33.0
5643	11286000.0	33.0
5644	11288000.0	45.0
5645	11290000.0	41.0
5646	11292000.0	36.0
5647	11294000.0	30.0
5648	11296000.0	28.0
5649	11298000.0	40.0
5650	11300000.0	29.0
5651	11302000.0	33.0
5652	11304000.0	38.0
5653	11306000.0	31.0
5654	11308000.0	33.0
5655	11310000.0	29.0
5656	11312000.0	31.0
5657	11314000.0	35.0
5658	11316000.0	31.0
5659	11318000.0	37.0
5660	11320000.0	36.0
5661	11322000.0	36.0
5662	11324000.0	34.0
5663	11326000.0	30.0
5664	11328000.0	28.0
5665	11330000.0	32.0
5666	11332000.0	31.0
5667	11334000.0	37.0
5668	11336000.0	39.0
5669	11338000.0	28.0
5670	11340000.0	32.0
5671	11342000.0	28.0
5672	11344000.0	23.0
5673	11346000.0	29.0
5674	11348000.0	35.0
5675	11350000.0	29.0
5676	11352000.0	27.0
5677	11354000.0	24.0
5678	11356000.0	34.0
5679	11358000.0	34.0
5680	11360000.0	47.0
5681	11362000.0	35.0
5682	11364000.0	34.0
5683	11366000.0	24.0
5684	11368000.0	29.0
5685	11370000.0	29.0
5686	11372000.0	28.0
5687	11374000.0	34.0
5688	11376000.0	34.0
5689	11378000.0	34.0
5690	11380000.0	28.0
5691	11382000.0	22.0
5692	11384000.0	31.0
5693	11386000.0	29.0
5694	11388000.0	30.0
5695	11390000.0	44.0
5696	11392000.0	43.0
5697	11394000.0	34.0
5698	11396000.0	26.0
5699	11398000.0	29.0
5700	11400000.0	24.0
5701	11402000.0	30.0
5702	11404000.0	29.0
5703	11406000.0	34.0
5704	11408000.0	35.0
5705	11410000.0	25.0
5706	11412000.0	25.0
5707	11414000.0	28.0
5708	11416000.0	28.0
5709	11418000.0	30.0
5710	11420000.0	31.0
5711	11422000.0	29.0
5712	11424000.0	36.0
5713	11426000.0	37.0
5714	11428000.0	28.0
5715	11430000.0	24.0
5716	11432000.0	30.0
5717	11434000.0	25.0
5718	11436000.0	34.0
5719	11438000.0	29.0
5720	11440000.0	21.0
5721	11442000.0	24.0
5722	11444000.0	31.0
5723	11446000.0	30.0
5724	11448000.0	34.0
5725	11450000.0	46.0
5726	11452000.0	28.0
5727	11454000.0	29.0
5728	11456000.0	27.0
5729	11458000.0	28.0
5730	11460000.0	27.0
5731	11462000.0	34.0
5732	11464000.0	29.0
5733	11466000.0	35.0
5734	11468000.0	26.0
5735	11470000.0	27.0
5736	11472000.0	25.0
5737	11474000.0	46.0
5738	11476000.0	32.0
5739	11478000.0	24.0
5740	11480000.0	27.0
5741	11482000.0	24.0
5742	11484000.0	26.0
5743	11486000.0	29.0
5744	11488000.0	33.0
5745	11490000.0	19.0
5746	11492000.0	27.0
5747	11494000.0	36.0
5748	11496000.0	34.0
5749	11498000.0	20.0
5750	11500000.0	33.0
5751	11502000.0	28.0
5752	11504000.0	23.0
5753	11506000.0	33.0
5754	11508000.0	37.0
5755	11510000.0	24.0
5756	11512000.0	31.0
5757	11514000.0	45.0
5758	11516000.0	36.0
5759	11518000.0	25.0
5760	11520000.0	37.0
5761	11522000.0	36.0
5762	11524000.0	25.0
5763	11526000.0	30.0
5764	11528000.0	29.0
5765	11530000.0	39.0
5766	11532000.0	27.0
5767	11534000.0	31.0
5768	11536000.0	33.0
5769	11538000.0	38.0
5770	11540000.0	32.0
5771	11542000.0	27.0
5772	11544000.0	28.0
5773	11546000.0	27.0
5774	11548000.0	29.0
5775	11550000.0	27.0
5776	11552000.0	19.0
5777	11554000.0	28.0
5778	11556000.0	33.0
5779	11558000.0	25.0
5780	11560000.0	34.0
5781	11562000.0	35.0
5782	11564000.0	29.0
5783	11566000.0	34.0
5784	11568000.0	27.0
5785	11570000.0	33.0
5786	11572000.0	29.0
5787	11574000.0	28.0
5788	11576000.0	38.0
5789	11578000.0	41.0
5790	11580000.0	35.0
5791	11582000.0	33.0
5792	11584000.0	41.0
5793	11586000.0	18.0
5794	11588000.0	34.0
5795	11590000.0	22.0
5796	11592000.0	33.0
5797	11594000.0	40.0
5798	11596000.0	40.0
5799	11598000.0	24.0
5800	11600000.0	35.0
5801	11602000.0	22.0
5802	11604000.0	28.0
5803	11606000.0	32.0
5804	11608000.0	24.0
5805	11610000.0	27.0
5806	11612000.0	40.0
5807	11614000.0	31.0
5808	11616000.0	27.0
5809	11618000.0	25.0
5810	11620000.0	31.0
5811	11622000.0	30.0
5812	11624000.0	27.0
5813	11626000.0	31.0
5814	11628000.0	20.0
5815	11630000.0	35.0
5816	11632000.0	34.0
5817	11634000.0	33.0
5818	11636000.0	20.0
5819	11638000.0	27.0
5820	11640000.0	26.0
5821	11642000.0	33.0
5822	11644000.0	28.0
5823	11646000.0	24.0
5824	11648000.0	25.0
5825	11650000.0	31.0
5826	11652000.0	25.0
5827	11654000.0	29.0
5828	11656000.0	32.0
5829	11658000.0	22.0
5830	11660000.0	25.0
5831	11662000.0	37.0
5832	11664000.0	27.0
5833	11666000.0	43.0
5834	11668000.0	42.0
5835	11670000.0	20.0
5836	11672000.0	34.0
5837	11674000.0	24.0
5838	11676000.0	33.0
5839	11678000.0	21.0
5840	11680000.0	33.0
5841	11682000.0	32.0
5842	11684000.0	27.0
5843	11686000.0	28.0
5844	11688000.0	33.0
5845	11690000.0	28.0
5846	11692000.0	31.0
5847	11694000.0	29.0
5848	11696000.0	31.0
5849	11698000.0	25.0
5850	11700000.0	32.0
5851	11702000.0	26.0
5852	11704000.0	25.0
5853	11706000.0	35.0
5854	11708000.0	33.0
5855	11710000.0	32.0
5856	11712000.0	30.0
5857	11714000.0	21.0
5858	11716000.0	28.0
5859	11718000.0	27.0
5860	11720000.0	34.0
5861	11722000.0	28.0
5862	11724000.0	31.0
5863	11726000.0	35.0
5864	11728000.0	21.0
5865	11730000.0	35.0
5866	11732000.0	32.0
5867	11734000.0	27.0
5868	11736000.0	31.0
5869	11738000.0	35.0
5870	11740000.0	34.0
5871	11742000.0	34.0
5872	11744000.0	32.0
5873	11746000.0	38.0
5874	11748000.0	29.0
5875	11750000.0	29.0
5876	11752000.0	33.0
5877	11754000.0	34.0
5878	11756000.0	28.0
5879	11758000.0	21.0
5880	11760000.0	24.0
5881	11762000.0	27.0
5882	11764000.0	31.0
5883	11766000.0	30.0
5884	11768000.0	25.0
5885	11770000.0	31.0
5886	11772000.0	36.0
5887	11774000.0	34.0
5888	11776000.0	20.0
5889	11778000.0	28.0
5890	11780000.0	31.0
5891	11782000.0	27.0
5892	11784000.0	30.0
5893	11786000.0	37.0
5894	11788000.0	28.0
5895	11790000.0	33.0
5896	11792000.0	32.0
5897	11794000.0	29.0
5898	11796000.0	34.0
5899	11798000.0	23.0
5900	11800000.0	25.0
5901	11802000.0	47.0
5902	11804000.0	34.0
5903	11806000.0	28.0
5904	11808000.0	19.0
5905	11810000.0	33.0
5906	11812000.0	35.0
5907	11814000.0	33.0
5908	11816000.0	36.0
5909	11818000.0	28.0
5910	11820000.0	31.0
5911	11822000.0	18.0
5912	11824000.0	41.0
5913	11826000.0	30.0
5914	11828000.0	39.0
5915	11830000.0	32.0
5916	11832000.0	23.0
5917	11834000.0	39.0
5918	11836000.0	30.0
5919	11838000.0	23.0
5920	11840000.0	26.0
5921	11842000.0	40.0
5922	11844000.0	30.0
5923	11846000.0	24.0
5924	11848000.0	37.0
5925	11850000.0	32.0
5926	11852000.0	31.0
5927	11854000.0	24.0
5928	11856000.0	24.0
5929	11858000.0	22.0
5930	11860000.0	21.0
5931	11862000.0	23.0
5932	11864000.0	32.0
5933	11866000.0	33.0
5934	11868000.0	28.0
5935	11870000.0	31.0
5936	11872000.0	32.0
5937	11874000.0	29.0
5938	11876000.0	27.0
5939	11878000.0	30.0
5940	11880000.0	18.0
5941	11882000.0	30.0
5942	11884000.0	35.0
5943	11886000.0	25.0
5944	11888000.0	36.0
5945	11890000.0	32.0
5946	11892000.0	33.0
5947	11894000.0	37.0
5948	11896000.0	25.0
5949	11898000.0	27.0
5950	11900000.0	32.0
5951	11902000.0	36.0
5952	11904000.0	20.0
5953	11906000.0	26.0
5954	11908000.0	29.0
5955	11910000.0	29.0
5956	11912000.0	24.0
5957	11914000.0	30.0
5958	11916000.0	33.0
5959	11918000.0	33.0
5960	11920000.0	26.0
5961	11922000.0	35.0
5962	11924000.0	38.0
5963	11926000.0	33.0
5964	11928000.0	25.0
5965	11930000.0	38.0
5966	11932000.0	29.0
5967	11934000.0	33.0
5968	11936000.0	32.0
5969	11938000.0	19.0
5970	11940000.0	30.0
5971	11942000.0	35.0
5972	11944000.0	28.0
5973	11946000.0	30.0
5974	11948000.0	20.0
5975	11950000.0	30.0
5976	11952000.0	29.0
5977	11954000.0	28.0
5978	11956000.0	26.0
5979	11958000.0	23.0
5980	11960000.0	33.0
5981	11962000.0	23.0
5982	11964000.0	25.0
5983	11966000.0	33.0
5984	11968000.0	27.0
5985	11970000.0	36.0
5986	11972000.0	32.0
5987	11974000.0	24.0
5988	11976000.0	30.0
5989	11978000.0	29.0
5990	11980000.0	24.0
5991	11982000.0	29.0
5992	11984000.0	29.0
5993	11986000.0	30.0
5994	11988000.0	29.0
5995	11990000.0	29.0
5996	11992000.0	33.0
5997	11994000.0	28.0
5998	11996000.0	27.0
5999	11998000.0	23.0
6000	12000000.0	31.0
6001	12002000.0	33.0
6002	12004000.0	36.0
6003	12006000.0	24.0
6004	12008000.0	28.0
6005	12010000.0	27.0
6006	12012000.0	17.0
6007	12014000.0	26.0
6008	12016000.0	37.0
6009	12018000.0	26.0
6010	12020000.0	35.0
6011	12022000.0	26.0
6012	12024000.0	35.0
6013	12026000.0	25.0
6014	12028000.0	27.0
6015	12030000.0	38.0
6016	12032000.0	42.0
6017	12034000.0	25.0
6018	12036000.0	40.0
6019	12038000.0	31.0
6020	12040000.0	34.0
6021	12042000.0	24.0
6022	12044000.0	24.0
6023	12046000.0	36.0
6024	12048000.0	31.0
6025	12050000.0	26.0
6026	12052000.0	28.0
6027	12054000.0	38.0
6028	12056000.0	32.0
6029	12058000.0	25.0
6030	12060000.0	21.0
6031	12062000.0	29.0
6032	12064000.0	24.0
6033	12066000.0	36.0
6034	12068000.0	29.0
6035	12070000.0	32.0
6036	12072000.0	31.0
6037	12074000.0	27.0
6038	12076000.0	35.0
6039	12078000.0	28.0
6040	12080000.0	27.0
6041	12082000.0	37.0
6042	12084000.0	23.0
6043	12086000.0	30.0
6044	12088000.0	24.0
6045	12090000.0	23.0
6046	12092000.0	27.0
6047	12094000.0	37.0
6048	12096000.0	23.0
6049	12098000.0	36.0
6050	12100000.0	24.0
6051	12102000.0	26.0
6052	12104000.0	23.0
6053	12106000.0	30.0
6054	12108000.0	36.0
6055	12110000.0	22.0
6056	12112000.0	33.0
6057	12114000.0	38.0
6058	12116000.0	32.0
6059	12118000.0	25.0
6060	12120000.0	24.0
6061	12122000.0	21.0
6062	12124000.0	29.0
6063	12126000.0	23.0
6064	12128000.0	35.0
6065	12130000.0	35.0
6066	12132000.0	28.0
6067	12134000.0	26.0
6068	12136000.0	24.0
6069	12138000.0	31.0
6070	12140000.0	32.0
6071	12142000.0	28.0
6072	12144000.0	30.0
6073	12146000.0	31.0
6074	12148000.0	36.0
6075	12150000.0	27.0
6076	12152000.0	23.0
6077	12154000.0	23.0
6078	12156000.0	40.0
6079	12158000.0	32.0
6080	12160000.0	30.0
6081	12162000.0	20.0
6082	12164000.0	37.0
6083	12166000.0	18.0
6084	12168000.0	24.0
6085	12170000.0	23.0
6086	12172000.0	25.0
6087	12174000.0	27.0
6088	12176000.0	29.0
6089	12178000.0	29.0
6090	12180000.0	20.0
6091	12182000.0	33.0
6092	12184000.0	27.0
6093	12186000.0	32.0
6094	12188000.0	30.0
6095	12190000.0	24.0
6096	12192000.0	22.0
6097	12194000.0	31.0
6098	12196000.0	26.0
6099	12198000.0	38.0
6100	12200000.0	34.0
6101	12202000.0	32.0
6102	12204000.0	19.0
6103	12206000.0	28.0
6104	12208000.0	33.0
6105	12210000.0	28.0
6106	12212000.0	35.0
6107	12214000.0	35.0
6108	12216000.0	26.0
6109	12218000.0	30.0
6110	12220000.0	36.0
6111	12222000.0	29.0
6112	12224000.0	40.0
6113	12226000.0	21.0
6114	12228000.0	25.0
6115	12230000.0	27.0
6116	12232000.0	25.0
6117	12234000.0	32.0
6118	12236000.0	36.0
6119	12238000.0	18.0
6120	12240000.0	34.0
6121	12242000.0	25.0
6122	12244000.0	34.0
6123	12246000.0	32.0
6124	12248000.0	26.0
6125	12250000.0	45.0
6126	12252000.0	33.0
6127	12254000.0	14.0
6128	12256000.0	32.0
6129	12258000.0	21.0
6130	12260000.0	24.0
6131	12262000.0	31.0
6132	12264000.0	31.0
6133	12266000.0	28.0
6134	12268000.0	19.0
6135	12270000.0	21.0
6136	12272000.0	28.0
6137	12274000.0	27.0
6138	12276000.0	28.0
6139	12278000.0	36.0
6140	12280000.0	29.0
6141	12282000.0	25.0
6142	12284000.0	36.0
6143	12286000.0	22.0
6144	12288000.0	39.0
6145	12290000.0	35.0
6146	12292000.0	23.0
6147	12294000.0	22.0
6148	12296000.0	20.0
6149	12298000.0	28.0
6150	12300000.0	33.0
6151	12302000.0	27.0
6152	12304000.0	33.0
6153	12306000.0	23.0
6154	12308000.0	24.0
6155	12310000.0	27.0
6156	12312000.0	26.0
6157	12314000.0	28.0
6158	12316000.0	28.0
6159	12318000.0	24.0
6160	12320000.0	26.0
6161	12322000.0	23.0
6162	12324000.0	32.0
6163	12326000.0	19.0
6164	12328000.0	30.0
6165	12330000.0	17.0
6166	12332000.0	24.0
6167	12334000.0	32.0
6168	12336000.0	21.0
6169	12338000.0	21.0
6170	12340000.0	23.0
6171	12342000.0	23.0
6172	12344000.0	31.0
6173	12346000.0	30.0
6174	12348000.0	29.0
6175	12350000.0	24.0
6176	12352000.0	30.0
6177	12354000.0	28.0
6178	12356000.0	33.0
6179	12358000.0	30.0
6180	12360000.0	30.0
6181	12362000.0	23.0
6182	12364000.0	36.0
6183	12366000.0	37.0
6184	12368000.0	30.0
6185	12370000.0	29.0
6186	12372000.0	37.0
6187	12374000.0	26.0
6188	12376000.0	23.0
6189	12378000.0	34.0
6190	12380000.0	30.0
6191	12382000.0	27.0
6192	12384000.0	32.0
6193	12386000.0	44.0
6194	12388000.0	28.0
6195	12390000.0	22.0
6196	12392000.0	23.0
6197	12394000.0	32.0
6198	12396000.0	19.0
6199	12398000.0	31.0
6200	12400000.0	29.0
6201	12402000.0	23.0
6202	12404000.0	26.0
6203	12406000.0	27.0
6204	12408000.0	18.0
6205	12410000.0	19.0
6206	12412000.0	25.0
6207	12414000.0	30.0
6208	12416000.0	27.0
6209	12418000.0	26.0
6210	12420000.0	32.0
6211	12422000.0	29.0
6212	12424000.0	29.0
6213	12426000.0	31.0
6214	12428000.0	26.0
6215	12430000.0	25.0
6216	12432000.0	22.0
6217	12434000.0	21.0
6218	12436000.0	22.0
6219	12438000.0	30.0
6220	12440000.0	25.0
6221	12442000.0	31.0
6222	12444000.0	19.0
6223	12446000.0	25.0
6224	12448000.0	24.0
6225	12450000.0	24.0
6226	12452000.0	33.0
6227	12454000.0	28.0
6228	12456000.0	30.0
6229	12458000.0	28.0
6230	12460000.0	27.0
6231	12462000.0	31.0
6232	12464000.0	27.0
6233	12466000.0	33.0
6234	12468000.0	32.0
6235	12470000.0	23.0
6236	12472000.0	39.0
6237	12474000.0	28.0
6238	12476000.0	32.0
6239	12478000.0	25.0
6240	12480000.0	21.0
6241	12482000.0	33.0
6242	12484000.0	17.0
6243	12486000.0	25.0
6244	12488000.0	41.0
6245	12490000.0	23.0
6246	12492000.0	30.0
6247	12494000.0	30.0
6248	12496000.0	29.0
6249	12498000.0	32.0
6250	12500000.0	22.0
6251	12502000.0	22.0
6252	12504000.0	20.0
6253	12506000.0	28.0
6254	12508000.0	26.0
6255	12510000.0	28.0
6256	12512000.0	35.0
6257	12514000.0	28.0
6258	12516000.0	25.0
6259	12518000.0	29.0
6260	12520000.0	32.0
6261	12522000.0	25.0
6262	12524000.0	25.0
6263	12526000.0	28.0
6264	12528000.0	25.0
6265	12530000.0	34.0
6266	12532000.0	33.0
6267	12534000.0	27.0
6268	12536000.0	30.0
6269	12538000.0	35.0
6270	12540000.0	22.0
6271	12542000.0	21.0
6272	12544000.0	26.0
6273	12546000.0	31.0
6274	12548000.0	23.0
6275	12550000.0	26.0
6276	12552000.0	30.0
6277	12554000.0	31.0
6278	12556000.0	21.0
6279	12558000.0	24.0
6280	12560000.0	24.0
6281	12562000.0	29.0
6282	12564000.0	20.0
6283	12566000.0	27.0
6284	12568000.0	26.0
6285	12570000.0	36.0
6286	12572000.0	30.0
6287	12574000.0	27.0
6288	12576000.0	20.0
6289	12578000.0	26.0
6290	12580000.0	23.0
6291	12582000.0	21.0
6292	12584000.0	22.0
6293	12586000.0	33.0
6294	12588000.0	21.0
6295	12590000.0	27.0
6296	12592000.0	32.0
6297	12594000.0	22.0
6298	12596000.0	22.0
6299	12598000.0	25.0
6300	12600000.0	25.0
6301	12602000.0	32.0
6302	12604000.0	19.0
6303	12606000.0	32.0
6304	12608000.0	24.0
6305	12610000.0	32.0
6306	12612000.0	21.0
6307	12614000.0	31.0
6308	12616000.0	19.0
6309	12618000.0	23.0
6310	12620000.0	29.0
6311	12622000.0	35.0
6312	12624000.0	30.0
6313	12626000.0	33.0
6314	12628000.0	26.0
6315	12630000.0	32.0
6316	12632000.0	23.0
6317	12634000.0	25.0
6318	12636000.0	33.0
6319	12638000.0	25.0
6320	12640000.0	27.0
6321	12642000.0	20.0
6322	12644000.0	20.0
6323	12646000.0	19.0
6324	12648000.0	29.0
6325	12650000.0	36.0
6326	12652000.0	34.0
6327	12654000.0	33.0
6328	12656000.0	34.0
6329	12658000.0	33.0
6330	12660000.0	30.0
6331	12662000.0	23.0
6332	12664000.0	33.0
6333	12666000.0	15.0
6334	12668000.0	19.0
6335	12670000.0	25.0
6336	12672000.0	28.0
6337	12674000.0	25.0
6338	12676000.0	31.0
6339	12678000.0	33.0
6340	12680000.0	24.0
6341	12682000.0	19.0
6342	12684000.0	18.0
6343	12686000.0	29.0
6344	12688000.0	24.0
6345	12690000.0	32.0
6346	12692000.0	34.0
6347	12694000.0	25.0
6348	12696000.0	26.0
6349	12698000.0	21.0
6350	12700000.0	33.0
6351	12702000.0	25.0
6352	12704000.0	30.0
6353	12706000.0	18.0
6354	12708000.0	36.0
6355	12710000.0	22.0
6356	12712000.0	22.0
6357	12714000.0	29.0
6358	12716000.0	35.0
6359	12718000.0	26.0
6360	12720000.0	30.0
6361	12722000.0	25.0
6362	12724000.0	28.0
6363	12726000.0	30.0
6364	12728000.0	25.0
6365	12730000.0	21.0
6366	12732000.0	28.0
6367	12734000.0	31.0
6368	12736000.0	40.0
6369	12738000.0	27.0
6370	12740000.0	30.0
6371	12742000.0	39.0
6372	12744000.0	13.0
6373	12746000.0	21.0
6374	12748000.0	33.0
6375	12750000.0	20.0
6376	12752000.0	25.0
6377	12754000.0	32.0
6378	12756000.0	29.0
6379	12758000.0	29.0
6380	12760000.0	27.0
6381	12762000.0	26.0
6382	12764000.0	30.0
6383	12766000.0	31.0
6384	12768000.0	30.0
6385	12770000.0	31.0
6386	12772000.0	19.0
6387	12774000.0	21.0
6388	12776000.0	23.0
6389	12778000.0	23.0
6390	12780000.0	27.0
6391	12782000.0	31.0
6392	12784000.0	26.0
6393	12786000.0	31.0
6394	12788000.0	20.0
6395	12790000.0	24.0
6396	12792000.0	28.0
6397	12794000.0	25.0
6398	12796000.0	35.0
6399	12798000.0	27.0
6400	12800000.0	22.0
6401	12802000.0	34.0
6402	12804000.0	23.0
6403	12806000.0	23.0
6404	12808000.0	24.0
6405	12810000.0	21.0
6406	12812000.0	29.0
6407	12814000.0	18.0
6408	12816000.0	29.0
6409	12818000.0	26.0
6410	12820000.0	26.0
6411	12822000.0	28.0
6412	12824000.0	32.0
6413	12826000.0	30.0
6414	12828000.0	25.0
6415	12830000.0	23.0
6416	12832000.0	24.0
6417	12834000.0	27.0
6418	12836000.0	32.0
6419	12838000.0	30.0
6420	12840000.0	25.0
6421	12842000.0	23.0
6422	12844000.0	23.0
6423	12846000.0	32.0
6424	12848000.0	22.0
6425	12850000.0	28.0
6426	12852000.0	22.0
6427	12854000.0	26.0
6428	12856000.0	20.0
6429	12858000.0	29.0
6430	12860000.0	32.0
6431	12862000.0	29.0
6432	12864000.0	31.0
6433	12866000.0	31.0
6434	12868000.0	27.0
6435	12870000.0	29.0
6436	12872000.0	25.0
6437	12874000.0	19.0
6438	12876000.0	23.0
6439	12878000.0	25.0
6440	12880000.0	29.0
6441	12882000.0	23.0
6442	12884000.0	27.0
6443	12886000.0	32.0
6444	12888000.0	24.0
6445	12890000.0	30.0
6446	12892000.0	27.0
6447	12894000.0	20.0
6448	12896000.0	29.0
6449	12898000.0	19.0
6450	12900000.0	32.0
6451	12902000.0	16.0
6452	12904000.0	24.0
6453	12906000.0	20.0
6454	12908000.0	29.0
6455	12910000.0	24.0
6456	12912000.0	19.0
6457	12914000.0	23.0
6458	12916000.0	21.0
6459	12918000.0	31.0
6460	12920000.0	22.0
6461	12922000.0	20.0
6462	12924000.0	30.0
6463	12926000.0	30.0
6464	12928000.0	21.0
6465	12930000.0	32.0
6466	12932000.0	29.0
6467	12934000.0	25.0
6468	12936000.0	21.0
6469	12938000.0	19.0
6470	12940000.0	27.0
6471	12942000.0	32.0
6472	12944000.0	28.0
6473	12946000.0	23.0
6474	12948000.0	26.0
6475	12950000.0	30.0
6476	12952000.0	29.0
6477	12954000.0	26.0
6478	12956000.0	28.0
6479	12958000.0	33.0
6480	12960000.0	26.0
6481	12962000.0	27.0
6482	12964000.0	23.0
6483	12966000.0	24.0
6484	12968000.0	23.0
6485	12970000.0	23.0
6486	12972000.0	23.0
6487	12974000.0	32.0
6488	12976000.0	34.0
6489	12978000.0	26.0
6490	12980000.0	30.0
6491	12982000.0	25.0
6492	12984000.0	20.0
6493	12986000.0	34.0
6494	12988000.0	29.0
6495	12990000.0	26.0
6496	12992000.0	24.0
6497	12994000.0	32.0
6498	12996000.0	26.0
6499	12998000.0	22.0
6500	13000000.0	25.0
6501	13002000.0	26.0
6502	13004000.0	16.0
6503	13006000.0	26.0
6504	13008000.0	22.0
6505	13010000.0	17.0
6506	13012000.0	26.0
6507	13014000.0	31.0
6508	13016000.0	26.0
6509	13018000.0	26.0
6510	13020000.0	28.0
6511	13022000.0	25.0
6512	13024000.0	28.0
6513	13026000.0	27.0
6514	13028000.0	22.0
6515	13030000.0	20.0
6516	13032000.0	24.0
6517	13034000.0	31.0
6518	13036000.0	31.0
6519	13038000.0	30.0
6520	13040000.0	33.0
6521	13042000.0	23.0
6522	13044000.0	28.0
6523	13046000.0	27.0
6524	13048000.0	30.0
6525	13050000.0	24.0
6526	13052000.0	36.0
6527	13054000.0	20.0
6528	13056000.0	29.0
6529	13058000.0	22.0
6530	13060000.0	14.0
6531	13062000.0	36.0
6532	13064000.0	30.0
6533	13066000.0	25.0
6534	13068000.0	28.0
6535	13070000.0	26.0
6536	13072000.0	22.0
6537	13074000.0	41.0
6538	13076000.0	27.0
6539	13078000.0	24.0
6540	13080000.0	33.0
6541	13082000.0	29.0
6542	13084000.0	28.0
6543	13086000.0	22.0
6544	13088000.0	27.0
6545	13090000.0	25.0
6546	13092000.0	39.0
6547	13094000.0	31.0
6548	13096000.0	21.0
6549	13098000.0	20.0
6550	13100000.0	27.0
6551	13102000.0	24.0
6552	13104000.0	26.0
6553	13106000.0	25.0
6554	13108000.0	27.0
6555	13110000.0	26.0
6556	13112000.0	28.0
6557	13114000.0	24.0
6558	13116000.0	22.0
6559	13118000.0	22.0
6560	13120000.0	24.0
6561	13122000.0	26.0
6562	13124000.0	26.0
6563	13126000.0	23.0
6564	13128000.0	18.0
6565	13130000.0	26.0
6566	13132000.0	20.0
6567	13134000.0	25.0
6568	13136000.0	21.0
6569	13138000.0	31.0
6570	13140000.0	26.0
6571	13142000.0	32.0
6572	13144000.0	34.0
6573	13146000.0	31.0
6574	13148000.0	22.0
6575	13150000.0	29.0
6576	13152000.0	30.0
6577	13154000.0	28.0
6578	13156000.0	22.0
6579	13158000.0	25.0
6580	13160000.0	27.0
6581	13162000.0	25.0
6582	13164000.0	35.0
6583	13166000.0	31.0
6584	13168000.0	32.0
6585	13170000.0	20.0
6586	13172000.0	27.0
6587	13174000.0	23.0
6588	13176000.0	27.0
6589	13178000.0	31.0
6590	13180000.0	30.0
6591	13182000.0	19.0
6592	13184000.0	38.0
6593	13186000.0	26.0
6594	13188000.0	21.0
6595	13190000.0	26.0
6596	13192000.0	26.0
6597	13194000.0	26.0
6598	13196000.0	25.0
6599	13198000.0	28.0
6600	13200000.0	36.0
6601	13202000.0	20.0
6602	13204000.0	27.0
6603	13206000.0	29.0
6604	13208000.0	22.0
6605	13210000.0	17.0
6606	13212000.0	22.0
6607	13214000.0	30.0
6608	13216000.0	18.0
6609	13218000.0	29.0
6610	13220000.0	26.0
6611	13222000.0	20.0
6612	13224000.0	16.0
6613	13226000.0	24.0
6614	13228000.0	18.0
6615	13230000.0	19.0
6616	13232000.0	31.0
6617	13234000.0	22.0
6618	13236000.0	14.0
6619	13238000.0	28.0
6620	13240000.0	26.0
6621	13242000.0	23.0
6622	13244000.0	29.0
6623	13246000.0	17.0
6624	13248000.0	30.0
6625	13250000.0	19.0
6626	13252000.0	29.0
6627	13254000.0	21.0
6628	13256000.0	33.0
6629	13258000.0	28.0
6630	13260000.0	37.0
6631	13262000.0	21.0
6632	13264000.0	29.0
6633	13266000.0	20.0
6634	13268000.0	24.0
6635	13270000.0	28.0
6636	13272000.0	25.0
6637	13274000.0	30.0
6638	13276000.0	31.0
6639	13278000.0	14.0
6640	13280000.0	21.0
6641	13282000.0	19.0
6642	13284000.0	27.0
6643	13286000.0	21.0
6644	13288000.0	27.0
6645	13290000.0	26.0
6646	13292000.0	26.0
6647	13294000.0	33.0
6648	13296000.0	25.0
6649	13298000.0	28.0
6650	13300000.0	22.0
6651	13302000.0	29.0
6652	13304000.0	21.0
6653	13306000.0	28.0
6654	13308000.0	33.0
6655	13310000.0	26.0
6656	13312000.0	28.0
6657	13314000.0	20.0
6658	13316000.0	26.0
6659	13318000.0	21.0
6660	13320000.0	21.0
6661	13322000.0	24.0
6662	13324000.0	26.0
6663	13326000.0	27.0
6664	13328000.0	36.0
6665	13330000.0	29.0
6666	13332000.0	17.0
6667	13334000.0	19.0
6668	13336000.0	26.0
6669	13338000.0	36.0
6670	13340000.0	22.0
6671	13342000.0	18.0
6672	13344000.0	23.0
6673	13346000.0	25.0
6674	13348000.0	23.0
6675	13350000.0	19.0
6676	13352000.0	22.0
6677	13354000.0	33.0
6678	13356000.0	33.0
6679	13358000.0	24.0
6680	13360000.0	26.0
6681	13362000.0	24.0
6682	13364000.0	21.0
6683	13366000.0	22.0
6684	13368000.0	25.0
6685	13370000.0	22.0
6686	13372000.0	22.0
6687	13374000.0	34.0
6688	13376000.0	32.0
6689	13378000.0	16.0
6690	13380000.0	28.0
6691	13382000.0	28.0
6692	13384000.0	10.0
6693	13386000.0	23.0
6694	13388000.0	28.0
6695	13390000.0	24.0
6696	13392000.0	25.0
6697	13394000.0	20.0
6698	13396000.0	23.0
6699	13398000.0	27.0
6700	13400000.0	24.0
6701	13402000.0	31.0
6702	13404000.0	18.0
6703	13406000.0	20.0
6704	13408000.0	24.0
6705	13410000.0	19.0
6706	13412000.0	19.0
6707	13414000.0	35.0
6708	13416000.0	19.0
6709	13418000.0	25.0
6710	13420000.0	24.0
6711	13422000.0	29.0
6712	13424000.0	22.0
6713	13426000.0	24.0
6714	13428000.0	21.0
6715	13430000.0	22.0
6716	13432000.0	30.0
6717	13434000.0	31.0
6718	13436000.0	25.0
6719	13438000.0	22.0
6720	13440000.0	12.0
6721	13442000.0	28.0
6722	13444000.0	22.0
6723	13446000.0	31.0
6724	13448000.0	21.0
6725	13450000.0	26.0
6726	13452000.0	22.0
6727	13454000.0	26.0
6728	13456000.0	18.0
6729	13458000.0	29.0
6730	13460000.0	30.0
6731	13462000.0	23.0
6732	13464000.0	24.0
6733	13466000.0	26.0
6734	13468000.0	20.0
6735	13470000.0	34.0
6736	13472000.0	23.0
6737	13474000.0	21.0
6738	13476000.0	18.0
6739	13478000.0	31.0
6740	13480000.0	20.0
6741	13482000.0	16.0
6742	13484000.0	16.0
6743	13486000.0	23.0
6744	13488000.0	26.0
6745	13490000.0	22.0
6746	13492000.0	27.0
6747	13494000.0	19.0
6748	13496000.0	17.0
6749	13498000.0	32.0
6750	13500000.0	24.0
6751	13502000.0	30.0
6752	13504000.0	22.0
6753	13506000.0	23.0
6754	13508000.0	25.0
6755	13510000.0	25.0
6756	13512000.0	32.0
6757	13514000.0	29.0
6758	13516000.0	28.0
6759	13518000.0	25.0
6760	13520000.0	23.0
6761	13522000.0	27.0
6762	13524000.0	29.0
6763	13526000.0	20.0
6764	13528000.0	22.0
6765	13530000.0	25.0
6766	13532000.0	21.0
6767	13534000.0	31.0
6768	13536000.0	29.0
6769	13538000.0	25.0
6770	13540000.0	21.0
6771	13542000.0	23.0
6772	13544000.0	20.0
6773	13546000.0	22.0
6774	13548000.0	20.0
6775	13550000.0	31.0
6776	13552000.0	22.0
6777	13554000.0	25.0
6778	13556000.0	26.0
6779	13558000.0	15.0
6780	13560000.0	23.0
6781	13562000.0	20.0
6782	13564000.0	17.0
6783	13566000.0	31.0
6784	13568000.0	29.0
6785	13570000.0	33.0
6786	13572000.0	30.0
6787	13574000.0	19.0
6788	13576000.0	24.0
6789	13578000.0	29.0
6790	13580000.0	30.0
6791	13582000.0	18.0
6792	13584000.0	20.0
6793	13586000.0	25.0
6794	13588000.0	26.0
6795	13590000.0	14.0
6796	13592000.0	25.0
6797	13594000.0	21.0
6798	13596000.0	20.0
6799	13598000.0	24.0
6800	13600000.0	24.0
6801	13602000.0	29.0
6802	13604000.0	24.0
6803	13606000.0	29.0
6804	13608000.0	33.0
6805	13610000.0	20.0
6806	13612000.0	31.0
6807	13614000.0	23.0
6808	13616000.0	33.0
6809	13618000.0	30.0
6810	13620000.0	23.0
6811	13622000.0	25.0
6812	13624000.0	27.0
6813	13626000.0	35.0
6814	13628000.0	26.0
6815	13630000.0	28.0
6816	13632000.0	27.0
6817	13634000.0	33.0
6818	13636000.0	27.0
6819	13638000.0	29.0
6820	13640000.0	23.0
6821	13642000.0	34.0
6822	13644000.0	22.0
6823	13646000.0	24.0
6824	13648000.0	26.0
6825	13650000.0	27.0
6826	13652000.0	30.0
6827	13654000.0	31.0
6828	13656000.0	27.0
6829	13658000.0	22.0
6830	13660000.0	33.0
6831	13662000.0	20.0
6832	13664000.0	24.0
6833	13666000.0	29.0
6834	13668000.0	24.0
6835	13670000.0	19.0
6836	13672000.0	18.0
6837	13674000.0	21.0
6838	13676000.0	20.0
6839	13678000.0	17.0
6840	13680000.0	22.0
6841	13682000.0	17.0
6842	13684000.0	27.0
6843	13686000.0	21.0
6844	13688000.0	26.0
6845	13690000.0	24.0
6846	13692000.0	37.0
6847	13694000.0	25.0
6848	13696000.0	11.0
6849	13698000.0	24.0
6850	13700000.0	31.0
6851	13702000.0	29.0
6852	13704000.0	16.0
6853	13706000.0	23.0
6854	13708000.0	28.0
6855	13710000.0	20.0
6856	13712000.0	28.0
6857	13714000.0	25.0
6858	13716000.0	22.0
6859	13718000.0	27.0
6860	13720000.0	31.0
6861	13722000.0	23.0
6862	13724000.0	20.0
6863	13726000.0	23.0
6864	13728000.0	30.0
6865	13730000.0	28.0
6866	13732000.0	25.0
6867	13734000.0	22.0
6868	13736000.0	26.0
6869	13738000.0	23.0
6870	13740000.0	23.0
6871	13742000.0	29.0
6872	13744000.0	21.0
6873	13746000.0	26.0
6874	13748000.0	24.0
6875	13750000.0	25.0
6876	13752000.0	15.0
6877	13754000.0	21.0
6878	13756000.0	13.0
6879	13758000.0	25.0
6880	13760000.0	26.0
6881	13762000.0	24.0
6882	13764000.0	29.0
6883	13766000.0	20.0
6884	13768000.0	9.0
6885	13770000.0	28.0
6886	13772000.0	24.0
6887	13774000.0	25.0
6888	13776000.0	21.0
6889	13778000.0	33.0
6890	13780000.0	31.0
6891	13782000.0	30.0
6892	13784000.0	19.0
6893	13786000.0	26.0
6894	13788000.0	29.0
6895	13790000.0	25.0
6896	13792000.0	25.0
6897	13794000.0	21.0
6898	13796000.0	17.0
6899	13798000.0	25.0
6900	13800000.0	32.0
6901	13802000.0	23.0
6902	13804000.0	22.0
6903	13806000.0	23.0
6904	13808000.0	25.0
6905	13810000.0	21.0
6906	13812000.0	23.0
6907	13814000.0	27.0
6908	13816000.0	24.0
6909	13818000.0	27.0
6910	13820000.0	14.0
6911	13822000.0	20.0
6912	13824000.0	29.0
6913	13826000.0	27.0
6914	13828000.0	30.0
6915	13830000.0	21.0
6916	13832000.0	26.0
6917	13834000.0	19.0
6918	13836000.0	22.0
6919	13838000.0	24.0
6920	13840000.0	33.0
6921	13842000.0	22.0
6922	13844000.0	19.0
6923	13846000.0	33.0
6924	13848000.0	23.0
6925	13850000.0	21.0
6926	13852000.0	31.0
6927	13854000.0	9.0
6928	13856000.0	37.0
6929	13858000.0	20.0
6930	13860000.0	21.0
6931	13862000.0	27.0
6932	13864000.0	24.0
6933	13866000.0	23.0
6934	13868000.0	28.0
6935	13870000.0	17.0
6936	13872000.0	19.0
6937	13874000.0	21.0
6938	13876000.0	23.0
6939	13878000.0	30.0
6940	13880000.0	25.0
6941	13882000.0	22.0
6942	13884000.0	26.0
6943	13886000.0	23.0
6944	13888000.0	29.0
6945	13890000.0	25.0
6946	13892000.0	30.0
6947	13894000.0	32.0
6948	13896000.0	20.0
6949	13898000.0	27.0
6950	13900000.0	35.0
6951	13902000.0	25.0
6952	13904000.0	28.0
6953	13906000.0	25.0
6954	13908000.0	24.0
6955	13910000.0	27.0
6956	13912000.0	27.0
6957	13914000.0	27.0
6958	13916000.0	23.0
6959	13918000.0	25.0
6960	13920000.0	28.0
6961	13922000.0	27.0
6962	13924000.0	30.0
6963	13926000.0	26.0
6964	13928000.0	18.0
6965	13930000.0	32.0
6966	13932000.0	22.0
6967	13934000.0	13.0
6968	13936000.0	20.0
6969	13938000.0	26.0
6970	13940000.0	18.0
6971	13942000.0	22.0
6972	13944000.0	12.0
6973	13946000.0	21.0
6974	13948000.0	22.0
6975	13950000.0	21.0
6976	13952000.0	23.0
6977	13954000.0	24.0
6978	13956000.0	22.0
6979	13958000.0	17.0
6980	13960000.0	21.0
6981	13962000.0	29.0
6982	13964000.0	17.0
6983	13966000.0	18.0
6984	13968000.0	20.0
6985	13970000.0	22.0
6986	13972000.0	28.0
6987	13974000.0	29.0
6988	13976000.0	19.0
6989	13978000.0	24.0
6990	13980000.0	18.0
6991	13982000.0	30.0
6992	13984000.0	23.0
6993	13986000.0	18.0
6994	13988000.0	28.0
6995	13990000.0	17.0
6996	13992000.0	27.0
6997	13994000.0	22.0
6998	13996000.0	17.0
6999	13998000.0	18.0
7000	14000000.0	21.0
7001	14002000.0	18.0
7002	14004000.0	24.0
7003	14006000.0	24.0
7004	14008000.0	25.0
7005	14010000.0	18.0
7006	14012000.0	23.0
7007	14014000.0	21.0
7008	14016000.0	22.0
7009	14018000.0	28.0
7010	14020000.0	23.0
7011	14022000.0	20.0
7012	14024000.0	20.0
7013	14026000.0	20.0
7014	14028000.0	28.0
7015	14030000.0	26.0
7016	14032000.0	23.0
7017	14034000.0	20.0
7018	14036000.0	28.0
7019	14038000.0	21.0
7020	14040000.0	19.0
7021	14042000.0	23.0
7022	14044000.0	27.0
7023	14046000.0	31.0
7024	14048000.0	28.0
7025	14050000.0	25.0
7026	14052000.0	18.0
7027	14054000.0	14.0
7028	14056000.0	32.0
7029	14058000.0	16.0
7030	14060000.0	27.0
7031	14062000.0	27.0
7032	14064000.0	21.0
7033	14066000.0	22.0
7034	14068000.0	29.0
7035	14070000.0	21.0
7036	14072000.0	13.0
7037	14074000.0	22.0
7038	14076000.0	25.0
7039	14078000.0	25.0
7040	14080000.0	22.0
7041	14082000.0	22.0
7042	14084000.0	20.0
7043	14086000.0	20.0
7044	14088000.0	17.0
7045	14090000.0	21.0
7046	14092000.0	21.0
7047	14094000.0	27.0
7048	14096000.0	18.0
7049	14098000.0	28.0
7050	14100000.0	18.0
7051	14102000.0	14.0
7052	14104000.0	29.0
7053	14106000.0	21.0
7054	14108000.0	29.0
7055	14110000.0	20.0
7056	14112000.0	21.0
7057	14114000.0	25.0
7058	14116000.0	27.0
7059	14118000.0	33.0
7060	14120000.0	26.0
7061	14122000.0	18.0
7062	14124000.0	27.0
7063	14126000.0	26.0
7064	14128000.0	17.0
7065	14130000.0	23.0
7066	14132000.0	21.0
7067	14134000.0	34.0
7068	14136000.0	25.0
7069	14138000.0	22.0
7070	14140000.0	18.0
7071	14142000.0	21.0
7072	14144000.0	28.0
7073	14146000.0	21.0
7074	14148000.0	18.0
7075	14150000.0	25.0
7076	14152000.0	32.0
7077	14154000.0	24.0
7078	14156000.0	17.0
7079	14158000.0	26.0
7080	14160000.0	19.0
7081	14162000.0	28.0
7082	14164000.0	21.0
7083	14166000.0	21.0
7084	14168000.0	16.0
7085	14170000.0	24.0
7086	14172000.0	35.0
7087	14174000.0	26.0
7088	14176000.0	27.0
7089	14178000.0	24.0
7090	14180000.0	27.0
7091	14182000.0	27.0
7092	14184000.0	27.0
7093	14186000.0	21.0
7094	14188000.0	19.0
7095	14190000.0	22.0
7096	14192000.0	22.0
7097	14194000.0	24.0
7098	14196000.0	22.0
7099	14198000.0	21.0
7100	14200000.0	26.0
7101	14202000.0	26.0
7102	14204000.0	19.0
7103	14206000.0	20.0
7104	14208000.0	24.0
7105	14210000.0	19.0
7106	14212000.0	17.0
7107	14214000.0	20.0
7108	14216000.0	20.0
7109	14218000.0	25.0
7110	14220000.0	21.0
7111	14222000.0	24.0
7112	14224000.0	24.0
7113	14226000.0	24.0
7114	14228000.0	30.0
7115	14230000.0	23.0
7116	14232000.0	18.0
7117	14234000.0	24.0
7118	14236000.0	24.0
7119	14238000.0	27.0
7120	14240000.0	36.0
7121	14242000.0	25.0
7122	14244000.0	19.0
7123	14246000.0	29.0
7124	14248000.0	23.0
7125	14250000.0	25.0
7126	14252000.0	25.0
7127	14254000.0	17.0
7128	14256000.0	22.0
7129	14258000.0	34.0
7130	14260000.0	19.0
7131	14262000.0	23.0
7132	14264000.0	13.0
7133	14266000.0	27.0
7134	14268000.0	21.0
7135	14270000.0	25.0
7136	14272000.0	23.0
7137	14274000.0	21.0
7138	14276000.0	25.0
7139	14278000.0	27.0
7140	14280000.0	20.0
7141	14282000.0	20.0
7142	14284000.0	23.0
7143	14286000.0	11.0
7144	14288000.0	21.0
7145	14290000.0	25.0
7146	14292000.0	26.0
7147	14294000.0	21.0
7148	14296000.0	21.0
7149	14298000.0	19.0
7150	14300000.0	23.0
7151	14302000.0	23.0
7152	14304000.0	29.0
7153	14306000.0	30.0
7154	14308000.0	23.0
7155	14310000.0	24.0
7156	14312000.0	24.0
7157	14314000.0	15.0
7158	14316000.0	28.0
7159	14318000.0	22.0
7160	14320000.0	18.0
7161	14322000.0	29.0
7162	14324000.0	26.0
7163	14326000.0	15.0
7164	14328000.0	15.0
7165	14330000.0	24.0
7166	14332000.0	18.0
7167	14334000.0	15.0
7168	14336000.0	17.0
7169	14338000.0	23.0
7170	14340000.0	13.0
7171	14342000.0	25.0
7172	14344000.0	16.0
7173	14346000.0	22.0
7174	14348000.0	26.0
7175	14350000.0	30.0
7176	14352000.0	23.0
7177	14354000.0	22.0
7178	14356000.0	23.0
7179	14358000.0	19.0
7180	14360000.0	16.0
7181	14362000.0	19.0
7182	14364000.0	20.0
7183	14366000.0	22.0
7184	14368000.0	22.0
7185	14370000.0	22.0
7186	14372000.0	20.0
7187	14374000.0	32.0
7188	14376000.0	26.0
7189	14378000.0	26.0
7190	14380000.0	21.0
7191	14382000.0	24.0
7192	14384000.0	25.0
7193	14386000.0	30.0
7194	14388000.0	24.0
7195	14390000.0	29.0
7196	14392000.0	18.0
7197	14394000.0	19.0
7198	14396000.0	31.0
7199	14398000.0	19.0
7200	14400000.0	14.0
7201	14402000.0	29.0
7202	14404000.0	16.0
7203	14406000.0	20.0
7204	14408000.0	37.0
7205	14410000.0	23.0
7206	14412000.0	29.0
7207	14414000.0	23.0
7208	14416000.0	26.0
7209	14418000.0	20.0
7210	14420000.0	26.0
7211	14422000.0	20.0
7212	14424000.0	21.0
7213	14426000.0	27.0
7214	14428000.0	18.0
7215	14430000.0	30.0
7216	14432000.0	23.0
7217	14434000.0	22.0
7218	14436000.0	25.0
7219	14438000.0	29.0
7220	14440000.0	16.0
7221	14442000.0	19.0
7222	14444000.0	21.0
7223	14446000.0	20.0
7224	14448000.0	18.0
7225	14450000.0	9.0
7226	14452000.0	23.0
7227	14454000.0	22.0
7228	14456000.0	24.0
7229	14458000.0	24.0
7230	14460000.0	22.0
7231	14462000.0	26.0
7232	14464000.0	19.0
7233	14466000.0	23.0
7234	14468000.0	21.0
7235	14470000.0	18.0
7236	14472000.0	33.0
7237	14474000.0	19.0
7238	14476000.0	21.0
7239	14478000.0	20.0
7240	14480000.0	31.0
7241	14482000.0	30.0
7242	14484000.0	21.0
7243	14486000.0	11.0
7244	14488000.0	25.0
7245	14490000.0	32.0
7246	14492000.0	21.0
7247	14494000.0	15.0
7248	14496000.0	28.0
7249	14498000.0	19.0
7250	14500000.0	28.0
7251	14502000.0	24.0
7252	14504000.0	33.0
7253	14506000.0	14.0
7254	14508000.0	31.0
7255	14510000.0	38.0
7256	14512000.0	21.0
7257	14514000.0	25.0
7258	14516000.0	25.0
7259	14518000.0	29.0
7260	14520000.0	24.0
7261	14522000.0	17.0
7262	14524000.0	20.0
7263	14526000.0	28.0
7264	14528000.0	28.0
7265	14530000.0	30.0
7266	14532000.0	27.0
7267	14534000.0	21.0
7268	14536000.0	22.0
7269	14538000.0	20.0
7270	14540000.0	17.0
7271	14542000.0	25.0
7272	14544000.0	23.0
7273	14546000.0	24.0
7274	14548000.0	29.0
7275	14550000.0	26.0
7276	14552000.0	21.0
7277	14554000.0	24.0
7278	14556000.0	9.0
7279	14558000.0	22.0
7280	14560000.0	21.0
7281	14562000.0	23.0
7282	14564000.0	27.0
7283	14566000.0	24.0
7284	14568000.0	20.0
7285	14570000.0	22.0
7286	14572000.0	22.0
7287	14574000.0	20.0
7288	14576000.0	17.0
7289	14578000.0	18.0
7290	14580000.0	31.0
7291	14582000.0	23.0
7292	14584000.0	21.0
7293	14586000.0	24.0
7294	14588000.0	22.0
7295	14590000.0	36.0
7296	14592000.0	24.0
7297	14594000.0	15.0
7298	14596000.0	21.0
7299	14598000.0	16.0
7300	14600000.0	23.0
7301	14602000.0	21.0
7302	14604000.0	22.0
7303	14606000.0	28.0
7304	14608000.0	26.0
7305	14610000.0	18.0
7306	14612000.0	19.0
7307	14614000.0	21.0
7308	14616000.0	20.0
7309	14618000.0	20.0
7310	14620000.0	27.0
7311	14622000.0	20.0
7312	14624000.0	24.0
7313	14626000.0	15.0
7314	14628000.0	24.0
7315	14630000.0	19.0
7316	14632000.0	24.0
7317	14634000.0	33.0
7318	14636000.0	19.0
7319	14638000.0	21.0
7320	14640000.0	22.0
7321	14642000.0	17.0
7322	14644000.0	20.0
7323	14646000.0	16.0
7324	14648000.0	14.0
7325	14650000.0	28.0
7326	14652000.0	20.0
7327	14654000.0	21.0
7328	14656000.0	13.0
7329	14658000.0	26.0
7330	14660000.0	25.0
7331	14662000.0	25.0
7332	14664000.0	19.0
7333	14666000.0	16.0
7334	14668000.0	19.0
7335	14670000.0	18.0
7336	14672000.0	30.0
7337	14674000.0	21.0
7338	14676000.0	28.0
7339	14678000.0	17.0
7340	14680000.0	19.0
7341	14682000.0	25.0
7342	14684000.0	18.0
7343	14686000.0	13.0
7344	14688000.0	18.0
7345	14690000.0	23.0
7346	14692000.0	12.0
7347	14694000.0	19.0
7348	14696000.0	24.0
7349	14698000.0	28.0
7350	14700000.0	31.0
7351	14702000.0	18.0
7352	14704000.0	23.0
7353	14706000.0	14.0
7354	14708000.0	22.0
7355	14710000.0	19.0
7356	14712000.0	25.0
7357	14714000.0	26.0
7358	14716000.0	15.0
7359	14718000.0	14.0
7360	14720000.0	21.0
7361	14722000.0	14.0
7362	14724000.0	24.0
7363	14726000.0	26.0
7364	14728000.0	18.0
7365	14730000.0	13.0
7366	14732000.0	22.0
7367	14734000.0	26.0
7368	14736000.0	17.0
7369	14738000.0	17.0
7370	14740000.0	27.0
7371	14742000.0	31.0
7372	14744000.0	22.0
7373	14746000.0	14.0
7374	14748000.0	19.0
7375	14750000.0	29.0
7376	14752000.0	18.0
7377	14754000.0	24.0
7378	14756000.0	21.0
7379	14758000.0	26.0
7380	14760000.0	27.0
7381	14762000.0	25.0
7382	14764000.0	20.0
7383	14766000.0	16.0
7384	14768000.0	24.0
7385	14770000.0	27.0
7386	14772000.0	30.0
7387	14774000.0	19.0
7388	14776000.0	14.0
7389	14778000.0	23.0
7390	14780000.0	19.0
7391	14782000.0	20.0
7392	14784000.0	18.0
7393	14786000.0	19.0
7394	14788000.0	12.0
7395	14790000.0	23.0
7396	14792000.0	13.0
7397	14794000.0	18.0
7398	14796000.0	33.0
7399	14798000.0	16.0
7400	14800000.0	12.0
7401	14802000.0	17.0
7402	14804000.0	23.0
7403	14806000.0	28.0
7404	14808000.0	16.0
7405	14810000.0	14.0
7406	14812000.0	27.0
7407	14814000.0	20.0
7408	14816000.0	19.0
7409	14818000.0	23.0
7410	14820000.0	17.0
7411	14822000.0	17.0
7412	14824000.0	25.0
7413	14826000.0	20.0
7414	14828000.0	16.0
7415	14830000.0	20.0
7416	14832000.0	21.0
7417	14834000.0	17.0
7418	14836000.0	20.0
7419	14838000.0	31.0
7420	14840000.0	22.0
7421	14842000.0	17.0
7422	14844000.0	23.0
7423	14846000.0	28.0
7424	14848000.0	16.0
7425	14850000.0	22.0
7426	14852000.0	11.0
7427	14854000.0	26.0
7428	14856000.0	24.0
7429	14858000.0	20.0
7430	14860000.0	22.0
7431	14862000.0	17.0
7432	14864000.0	24.0
7433	14866000.0	28.0
7434	14868000.0	23.0
7435	14870000.0	28.0
7436	14872000.0	23.0
7437	14874000.0	16.0
7438	14876000.0	14.0
7439	14878000.0	16.0
7440	14880000.0	16.0
7441	14882000.0	29.0
7442	14884000.0	19.0
7443	14886000.0	19.0
7444	14888000.0	21.0
7445	14890000.0	27.0
7446	14892000.0	24.0
7447	14894000.0	25.0
7448	14896000.0	14.0
7449	14898000.0	17.0
7450	14900000.0	15.0
7451	14902000.0	24.0
7452	14904000.0	20.0
7453	14906000.0	18.0
7454	14908000.0	16.0
7455	14910000.0	17.0
7456	14912000.0	21.0
7457	14914000.0	26.0
7458	14916000.0	28.0
7459	14918000.0	22.0
7460	14920000.0	27.0
7461	14922000.0	23.0
7462	14924000.0	21.0
7463	14926000.0	35.0
7464	14928000.0	17.0
7465	14930000.0	19.0
7466	14932000.0	27.0
7467	14934000.0	24.0
7468	14936000.0	34.0
7469	14938000.0	16.0
7470	14940000.0	33.0
7471	14942000.0	18.0
7472	14944000.0	21.0
7473	14946000.0	24.0
7474	14948000.0	24.0
7475	14950000.0	20.0
7476	14952000.0	29.0
7477	14954000.0	29.0
7478	14956000.0	24.0
7479	14958000.0	29.0
7480	14960000.0	22.0
7481	14962000.0	29.0
7482	14964000.0	21.0
7483	14966000.0	22.0
7484	14968000.0	20.0
7485	14970000.0	23.0
7486	14972000.0	24.0
7487	14974000.0	20.0
7488	14976000.0	28.0
7489	14978000.0	22.0
7490	14980000.0	31.0
7491	14982000.0	26.0
7492	14984000.0	28.0
7493	14986000.0	26.0
7494	14988000.0	20.0
7495	14990000.0	16.0
7496	14992000.0	19.0
7497	14994000.0	11.0
7498	14996000.0	20.0
7499	14998000.0	17.0
7500	15000000.0	18.0
7501	15002000.0	20.0
7502	15004000.0	27.0
7503	15006000.0	22.0
7504	15008000.0	21.0
7505	15010000.0	15.0
7506	15012000.0	16.0
7507	15014000.0	18.0
7508	15016000.0	15.0
7509	15018000.0	17.0
7510	15020000.0	24.0
7511	15022000.0	29.0
7512	15024000.0	23.0
7513	15026000.0	21.0
7514	15028000.0	22.0
7515	15030000.0	33.0
7516	15032000.0	13.0
7517	15034000.0	24.0
7518	15036000.0	20.0
7519	15038000.0	12.0
7520	15040000.0	23.0
7521	15042000.0	19.0
7522	15044000.0	16.0
7523	15046000.0	20.0
7524	15048000.0	21.0
7525	15050000.0	31.0
7526	15052000.0	27.0
7527	15054000.0	25.0
7528	15056000.0	21.0
7529	15058000.0	20.0
7530	15060000.0	22.0
7531	15062000.0	21.0
7532	15064000.0	25.0
7533	15066000.0	19.0
7534	15068000.0	17.0
7535	15070000.0	15.0
7536	15072000.0	20.0
7537	15074000.0	21.0
7538	15076000.0	21.0
7539	15078000.0	16.0
7540	15080000.0	19.0
7541	15082000.0	21.0
7542	15084000.0	14.0
7543	15086000.0	21.0
7544	15088000.0	15.0
7545	15090000.0	22.0
7546	15092000.0	24.0
7547	15094000.0	29.0
7548	15096000.0	24.0
7549	15098000.0	30.0
7550	15100000.0	20.0
7551	15102000.0	21.0
7552	15104000.0	24.0
7553	15106000.0	17.0
7554	15108000.0	23.0
7555	15110000.0	19.0
7556	15112000.0	24.0
7557	15114000.0	17.0
7558	15116000.0	21.0
7559	15118000.0	30.0
7560	15120000.0	12.0
7561	15122000.0	21.0
7562	15124000.0	18.0
7563	15126000.0	28.0
7564	15128000.0	23.0
7565	15130000.0	21.0
7566	15132000.0	21.0
7567	15134000.0	24.0
7568	15136000.0	19.0
7569	15138000.0	23.0
7570	15140000.0	27.0
7571	15142000.0	18.0
7572	15144000.0	23.0
7573	15146000.0	22.0
7574	15148000.0	16.0
7575	15150000.0	18.0
7576	15152000.0	22.0
7577	15154000.0	20.0
7578	15156000.0	21.0
7579	15158000.0	20.0
7580	15160000.0	22.0
7581	15162000.0	19.0
7582	15164000.0	23.0
7583	15166000.0	17.0
7584	15168000.0	26.0
7585	15170000.0	20.0
7586	15172000.0	24.0
7587	15174000.0	19.0
7588	15176000.0	15.0
7589	15178000.0	19.0
7590	15180000.0	29.0
7591	15182000.0	20.0
7592	15184000.0	30.0
7593	15186000.0	25.0
7594	15188000.0	20.0
7595	15190000.0	21.0
7596	15192000.0	12.0
7597	15194000.0	17.0
7598	15196000.0	25.0
7599	15198000.0	24.0
7600	15200000.0	23.0
7601	15202000.0	21.0
7602	15204000.0	22.0
7603	15206000.0	15.0
7604	15208000.0	19.0
7605	15210000.0	18.0
7606	15212000.0	12.0
7607	15214000.0	21.0
7608	15216000.0	19.0
7609	15218000.0	26.0
7610	15220000.0	31.0
7611	15222000.0	20.0
7612	15224000.0	19.0
7613	15226000.0	25.0
7614	15228000.0	26.0
7615	15230000.0	23.0
7616	15232000.0	24.0
7617	15234000.0	19.0
7618	15236000.0	20.0
7619	15238000.0	20.0
7620	15240000.0	17.0
7621	15242000.0	20.0
7622	15244000.0	17.0
7623	15246000.0	30.0
7624	15248000.0	21.0
7625	15250000.0	21.0
7626	15252000.0	12.0
7627	15254000.0	18.0
7628	15256000.0	22.0
7629	15258000.0	19.0
7630	15260000.0	27.0
7631	15262000.0	22.0
7632	15264000.0	22.0
7633	15266000.0	19.0
7634	15268000.0	27.0
7635	15270000.0	20.0
7636	15272000.0	25.0
7637	15274000.0	11.0
7638	15276000.0	23.0
7639	15278000.0	11.0
7640	15280000.0	20.0
7641	15282000.0	26.0
7642	15284000.0	22.0
7643	15286000.0	22.0
7644	15288000.0	20.0
7645	15290000.0	20.0
7646	15292000.0	21.0
7647	15294000.0	22.0
7648	15296000.0	22.0
7649	15298000.0	23.0
7650	15300000.0	21.0
7651	15302000.0	33.0
7652	15304000.0	20.0
7653	15306000.0	14.0
7654	15308000.0	21.0
7655	15310000.0	14.0
7656	15312000.0	23.0
7657	15314000.0	22.0
7658	15316000.0	18.0
7659	15318000.0	19.0
7660	15320000.0	20.0
7661	15322000.0	18.0
7662	15324000.0	21.0
7663	15326000.0	28.0
7664	15328000.0	21.0
7665	15330000.0	25.0
7666	15332000.0	25.0
7667	15334000.0	24.0
7668	15336000.0	22.0
7669	15338000.0	15.0
7670	15340000.0	15.0
7671	15342000.0	25.0
7672	15344000.0	18.0
7673	15346000.0	20.0
7674	15348000.0	8.0
7675	15350000.0	24.0
7676	15352000.0	20.0
7677	15354000.0	27.0
7678	15356000.0	23.0
7679	15358000.0	24.0
7680	15360000.0	30.0
7681	15362000.0	20.0
7682	15364000.0	25.0
7683	15366000.0	18.0
7684	15368000.0	23.0
7685	15370000.0	23.0
7686	15372000.0	25.0
7687	15374000.0	18.0
7688	15376000.0	14.0
7689	15378000.0	17.0
7690	15380000.0	33.0
7691	15382000.0	18.0
7692	15384000.0	18.0
7693	15386000.0	22.0
7694	15388000.0	22.0
7695	15390000.0	20.0
7696	15392000.0	22.0
7697	15394000.0	21.0
7698	15396000.0	17.0
7699	15398000.0	17.0
7700	15400000.0	19.0
7701	15402000.0	19.0
7702	15404000.0	18.0
7703	15406000.0	18.0
7704	15408000.0	25.0
7705	15410000.0	25.0
7706	15412000.0	30.0
7707	15414000.0	18.0
7708	15416000.0	19.0
7709	15418000.0	21.0
7710	15420000.0	15.0
7711	15422000.0	29.0
7712	15424000.0	23.0
7713	15426000.0	22.0
7714	15428000.0	34.0
7715	15430000.0	14.0
7716	15432000.0	21.0
7717	15434000.0	21.0
7718	15436000.0	18.0
7719	15438000.0	28.0
7720	15440000.0	24.0
7721	15442000.0	14.0
7722	15444000.0	14.0
7723	15446000.0	24.0
7724	15448000.0	28.0
7725	15450000.0	25.0
7726	15452000.0	15.0
7727	15454000.0	19.0
7728	15456000.0	19.0
7729	15458000.0	18.0
7730	15460000.0	20.0
7731	15462000.0	26.0
7732	15464000.0	21.0
7733	15466000.0	16.0
7734	15468000.0	15.0
7735	15470000.0	29.0
7736	15472000.0	25.0
7737	15474000.0	14.0
7738	15476000.0	32.0
7739	15478000.0	29.0
7740	15480000.0	24.0
7741	15482000.0	20.0
7742	15484000.0	23.0
7743	15486000.0	19.0
7744	15488000.0	24.0
7745	15490000.0	20.0
7746	15492000.0	24.0
7747	15494000.0	23.0
7748	15496000.0	20.0
7749	15498000.0	16.0
7750	15500000.0	23.0
7751	15502000.0	27.0
7752	15504000.0	18.0
7753	15506000.0	19.0
7754	15508000.0	17.0
7755	15510000.0	21.0
7756	15512000.0	20.0
7757	15514000.0	30.0
7758	15516000.0	24.0
7759	15518000.0	17.0
7760	15520000.0	26.0
7761	15522000.0	24.0
7762	15524000.0	23.0
7763	15526000.0	21.0
7764	15528000.0	23.0
7765	15530000.0	21.0
7766	15532000.0	22.0
7767	15534000.0	20.0
7768	15536000.0	12.0
7769	15538000.0	19.0
7770	15540000.0	26.0
7771	15542000.0	26.0
7772	15544000.0	23.0
7773	15546000.0	16.0
7774	15548000.0	21.0
7775	15550000.0	14.0
7776	15552000.0	16.0
7777	15554000.0	22.0
7778	15556000.0	24.0
7779	15558000.0	19.0
7780	15560000.0	19.0
7781	15562000.0	21.0
7782	15564000.0	21.0
7783	15566000.0	9.0
7784	15568000.0	7.0
7785	15570000.0	21.0
7786	15572000.0	14.0
7787	15574000.0	19.0
7788	15576000.0	28.0
7789	15578000.0	25.0
7790	15580000.0	22.0
7791	15582000.0	23.0
7792	15584000.0	14.0
7793	15586000.0	20.0
7794	15588000.0	27.0
7795	15590000.0	19.0
7796	15592000.0	19.0
7797	15594000.0	22.0
7798	15596000.0	16.0
7799	15598000.0	18.0
7800	15600000.0	20.0
7801	15602000.0	28.0
7802	15604000.0	19.0
7803	15606000.0	17.0
7804	15608000.0	22.0
7805	15610000.0	22.0
7806	15612000.0	20.0
7807	15614000.0	18.0
7808	15616000.0	17.0
7809	15618000.0	22.0
7810	15620000.0	25.0
7811	15622000.0	23.0
7812	15624000.0	18.0
7813	15626000.0	18.0
7814	15628000.0	26.0
7815	15630000.0	21.0
7816	15632000.0	22.0
7817	15634000.0	18.0
7818	15636000.0	18.0
7819	15638000.0	25.0
7820	15640000.0	19.0
7821	15642000.0	21.0
7822	15644000.0	19.0
7823	15646000.0	16.0
7824	15648000.0	17.0
7825	15650000.0	19.0
7826	15652000.0	18.0
7827	15654000.0	13.0
7828	15656000.0	14.0
7829	15658000.0	29.0
7830	15660000.0	19.0
7831	15662000.0	19.0
7832	15664000.0	26.0
7833	15666000.0	19.0
7834	15668000.0	25.0
7835	15670000.0	25.0
7836	15672000.0	27.0
7837	15674000.0	16.0
7838	15676000.0	27.0
7839	15678000.0	21.0
7840	15680000.0	25.0
7841	15682000.0	29.0
7842	15684000.0	16.0
7843	15686000.0	24.0
7844	15688000.0	26.0
7845	15690000.0	19.0
7846	15692000.0	16.0
7847	15694000.0	17.0
7848	15696000.0	20.0
7849	15698000.0	18.0
7850	15700000.0	22.0
7851	15702000.0	22.0
7852	15704000.0	16.0
7853	15706000.0	20.0
7854	15708000.0	22.0
7855	15710000.0	22.0
7856	15712000.0	22.0
7857	15714000.0	15.0
7858	15716000.0	19.0
7859	15718000.0	15.0
7860	15720000.0	24.0
7861	15722000.0	23.0
7862	15724000.0	17.0
7863	15726000.0	16.0
7864	15728000.0	16.0
7865	15730000.0	18.0
7866	15732000.0	19.0
7867	15734000.0	20.0
7868	15736000.0	22.0
7869	15738000.0	17.0
7870	15740000.0	25.0
7871	15742000.0	19.0
7872	15744000.0	25.0
7873	15746000.0	22.0
7874	15748000.0	32.0
7875	15750000.0	26.0
7876	15752000.0	16.0
7877	15754000.0	19.0
7878	15756000.0	24.0
7879	15758000.0	25.0
7880	15760000.0	17.0
7881	15762000.0	13.0
7882	15764000.0	27.0
7883	15766000.0	23.0
7884	15768000.0	24.0
7885	15770000.0	25.0
7886	15772000.0	29.0
7887	15774000.0	16.0
7888	15776000.0	17.0
7889	15778000.0	18.0
7890	15780000.0	25.0
7891	15782000.0	17.0
7892	15784000.0	15.0
7893	15786000.0	20.0
7894	15788000.0	20.0
7895	15790000.0	17.0
7896	15792000.0	18.0
7897	15794000.0	21.0
7898	15796000.0	19.0
7899	15798000.0	30.0
7900	15800000.0	17.0
7901	15802000.0	19.0
7902	15804000.0	26.0
7903	15806000.0	25.0
7904	15808000.0	19.0
7905	15810000.0	20.0
7906	15812000.0	19.0
7907	15814000.0	21.0
7908	15816000.0	15.0
7909	15818000.0	27.0
7910	15820000.0	24.0
7911	15822000.0	21.0
7912	15824000.0	24.0
7913	15826000.0	15.0
7914	15828000.0	18.0
7915	15830000.0	34.0
7916	15832000.0	13.0
7917	15834000.0	18.0
7918	15836000.0	21.0
7919	15838000.0	24.0
7920	15840000.0	19.0
7921	15842000.0	16.0
7922	15844000.0	9.0
7923	15846000.0	17.0
7924	15848000.0	21.0
7925	15850000.0	20.0
7926	15852000.0	18.0
7927	15854000.0	19.0
7928	15856000.0	17.0
7929	15858000.0	18.0
7930	15860000.0	27.0
7931	15862000.0	21.0
7932	15864000.0	37.0
7933	15866000.0	28.0
7934	15868000.0	20.0
7935	15870000.0	14.0
7936	15872000.0	19.0
7937	15874000.0	21.0
7938	15876000.0	20.0
7939	15878000.0	10.0
7940	15880000.0	14.0
7941	15882000.0	18.0
7942	15884000.0	24.0
7943	15886000.0	20.0
7944	15888000.0	13.0
7945	15890000.0	15.0
7946	15892000.0	21.0
7947	15894000.0	17.0
7948	15896000.0	22.0
7949	15898000.0	20.0
7950	15900000.0	20.0
7951	15902000.0	24.0
7952	15904000.0	20.0
7953	15906000.0	17.0
7954	15908000.0	20.0
7955	15910000.0	22.0
7956	15912000.0	18.0
7957	15914000.0	22.0
7958	15916000.0	24.0
7959	15918000.0	22.0
7960	15920000.0	12.0
7961	15922000.0	25.0
7962	15924000.0	17.0
7963	15926000.0	16.0
7964	15928000.0	27.0
7965	15930000.0	20.0
7966	15932000.0	20.0
7967	15934000.0	20.0
7968	15936000.0	22.0
7969	15938000.0	22.0
7970	15940000.0	23.0
7971	15942000.0	22.0
7972	15944000.0	22.0
7973	15946000.0	27.0
7974	15948000.0	25.0
7975	15950000.0	19.0
7976	15952000.0	18.0
7977	15954000.0	12.0
7978	15956000.0	20.0
7979	15958000.0	17.0
7980	15960000.0	18.0
7981	15962000.0	15.0
7982	15964000.0	19.0
7983	15966000.0	19.0
7984	15968000.0	25.0
7985	15970000.0	25.0
7986	15972000.0	28.0
7987	15974000.0	16.0
7988	15976000.0	16.0
7989	15978000.0	11.0
7990	15980000.0	25.0
7991	15982000.0	18.0
7992	15984000.0	24.0
7993	15986000.0	23.0
7994	15988000.0	19.0
7995	15990000.0	15.0
7996	15992000.0	21.0
7997	15994000.0	13.0
7998	15996000.0	20.0
7999	15998000.0	21.0
8000	16000000.0	15.0
8001	16002000.0	28.0
8002	16004000.0	20.0
8003	16006000.0	21.0
8004	16008000.0	20.0
8005	16010000.0	18.0
8006	16012000.0	19.0
8007	16014000.0	14.0
8008	16016000.0	19.0
8009	16018000.0	22.0
8010	16020000.0	20.0
8011	16022000.0	34.0
8012	16024000.0	16.0
8013	16026000.0	17.0
8014	16028000.0	19.0
8015	16030000.0	19.0
8016	16032000.0	20.0
8017	16034000.0	32.0
8018	16036000.0	22.0
8019	16038000.0	20.0
8020	16040000.0	14.0
8021	16042000.0	14.0
8022	16044000.0	18.0
8023	16046000.0	13.0
8024	16048000.0	15.0
8025	16050000.0	21.0
8026	16052000.0	20.0
8027	16054000.0	21.0
8028	16056000.0	11.0
8029	16058000.0	17.0
8030	16060000.0	24.0
8031	16062000.0	18.0
8032	16064000.0	27.0
8033	16066000.0	27.0
8034	16068000.0	30.0
8035	16070000.0	15.0
8036	16072000.0	20.0
8037	16074000.0	20.0
8038	16076000.0	20.0
8039	16078000.0	29.0
8040	16080000.0	21.0
8041	16082000.0	24.0
8042	16084000.0	14.0
8043	16086000.0	15.0
8044	16088000.0	18.0
8045	16090000.0	16.0
8046	16092000.0	20.0
8047	16094000.0	22.0
8048	16096000.0	23.0
8049	16098000.0	16.0
8050	16100000.0	25.0
8051	16102000.0	26.0
8052	16104000.0	27.0
8053	16106000.0	15.0
8054	16108000.0	18.0
8055	16110000.0	23.0
8056	16112000.0	13.0
8057	16114000.0	14.0
8058	16116000.0	25.0
8059	16118000.0	18.0
8060	16120000.0	21.0
8061	16122000.0	30.0
8062	16124000.0	23.0
8063	16126000.0	14.0
8064	16128000.0	14.0
8065	16130000.0	19.0
8066	16132000.0	15.0
8067	16134000.0	24.0
8068	16136000.0	16.0
8069	16138000.0	22.0
8070	16140000.0	26.0
8071	16142000.0	28.0
8072	16144000.0	19.0
8073	16146000.0	15.0
8074	16148000.0	14.0
8075	16150000.0	9.0
8076	16152000.0	24.0
8077	16154000.0	22.0
8078	16156000.0	12.0
8079	16158000.0	24.0
8080	16160000.0	20.0
8081	16162000.0	20.0
8082	16164000.0	17.0
8083	16166000.0	16.0
8084	16168000.0	19.0
8085	16170000.0	23.0
8086	16172000.0	23.0
8087	16174000.0	16.0
8088	16176000.0	14.0
8089	16178000.0	17.0
8090	16180000.0	23.0
8091	16182000.0	20.0
8092	16184000.0	19.0
8093	16186000.0	20.0
8094	16188000.0	16.0
8095	16190000.0	25.0
8096	16192000.0	20.0
8097	16194000.0	15.0
8098	16196000.0	25.0
8099	16198000.0	13.0
8100	16200000.0	19.0
8101	16202000.0	25.0
8102	16204000.0	20.0
8103	16206000.0	16.0
8104	16208000.0	19.0
8105	16210000.0	21.0
8106	16212000.0	29.0
8107	16214000.0	15.0
8108	16216000.0	11.0
8109	16218000.0	15.0
8110	16220000.0	18.0
8111	16222000.0	13.0
8112	16224000.0	21.0
8113	16226000.0	18.0
8114	16228000.0	24.0
8115	16230000.0	25.0
8116	16232000.0	14.0
8117	16234000.0	19.0
8118	16236000.0	15.0
8119	16238000.0	16.0
8120	16240000.0	16.0
8121	16242000.0	15.0
8122	16244000.0	11.0
8123	16246000.0	25.0
8124	16248000.0	19.0
8125	16250000.0	17.0
8126	16252000.0	14.0
8127	16254000.0	12.0
8128	16256000.0	27.0
8129	16258000.0	25.0
8130	16260000.0	18.0
8131	16262000.0	12.0
8132	16264000.0	17.0
8133	16266000.0	19.0
8134	16268000.0	17.0
8135	16270000.0	26.0
8136	16272000.0	17.0
8137	16274000.0	18.0
8138	16276000.0	18.0
8139	16278000.0	19.0
8140	16280000.0	19.0
8141	16282000.0	20.0
8142	16284000.0	20.0
8143	16286000.0	14.0
8144	16288000.0	18.0
8145	16290000.0	17.0
8146	16292000.0	25.0
8147	16294000.0	17.0
8148	16296000.0	18.0
8149	16298000.0	20.0
8150	16300000.0	28.0
8151	16302000.0	15.0
8152	16304000.0	11.0
8153	16306000.0	17.0
8154	16308000.0	19.0
8155	16310000.0	18.0
8156	16312000.0	17.0
8157	16314000.0	22.0
8158	16316000.0	19.0
8159	16318000.0	15.0
8160	16320000.0	23.0
8161	16322000.0	21.0
8162	16324000.0	21.0
8163	16326000.0	21.0
8164	16328000.0	19.0
8165	16330000.0	15.0
8166	16332000.0	17.0
8167	16334000.0	19.0
8168	16336000.0	19.0
8169	16338000.0	17.0
8170	16340000.0	12.0
8171	16342000.0	21.0
8172	16344000.0	19.0
8173	16346000.0	18.0
8174	16348000.0	24.0
8175	16350000.0	14.0
8176	16352000.0	13.0
8177	16354000.0	19.0
8178	16356000.0	16.0
8179	16358000.0	18.0
8180	16360000.0	20.0
8181	16362000.0	23.0
8182	16364000.0	21.0
8183	16366000.0	21.0
8184	16368000.0	20.0
8185	16370000.0	15.0
8186	16372000.0	19.0
8187	16374000.0	15.0
8188	16376000.0	17.0
8189	16378000.0	20.0
8190	16380000.0	22.0
8191	16382000.0	19.0
8192	16384000.0	13.0
8193	16386000.0	19.0
8194	16388000.0	13.0
8195	16390000.0	14.0
8196	16392000.0	15.0
8197	16394000.0	16.0
8198	16396000.0	24.0
8199	16398000.0	16.0
8200	16400000.0	13.0
8201	16402000.0	25.0
8202	16404000.0	16.0
8203	16406000.0	20.0
8204	16408000.0	18.0
8205	16410000.0	26.0
8206	16412000.0	17.0
8207	16414000.0	13.0
8208	16416000.0	25.0
8209	16418000.0	19.0
8210	16420000.0	11.0
8211	16422000.0	21.0
8212	16424000.0	23.0
8213	16426000.0	16.0
8214	16428000.0	23.0
8215	16430000.0	15.0
8216	16432000.0	16.0
8217	16434000.0	16.0
8218	16436000.0	12.0
8219	16438000.0	19.0
8220	16440000.0	17.0
8221	16442000.0	22.0
8222	16444000.0	25.0
8223	16446000.0	17.0
8224	16448000.0	16.0
8225	16450000.0	17.0
8226	16452000.0	19.0
8227	16454000.0	35.0
8228	16456000.0	15.0
8229	16458000.0	26.0
8230	16460000.0	26.0
8231	16462000.0	25.0
8232	16464000.0	18.0
8233	16466000.0	22.0
8234	16468000.0	16.0
8235	16470000.0	18.0
8236	16472000.0	20.0
8237	16474000.0	20.0
8238	16476000.0	12.0
8239	16478000.0	20.0
8240	16480000.0	20.0
8241	16482000.0	19.0
8242	16484000.0	8.0
8243	16486000.0	26.0
8244	16488000.0	15.0
8245	16490000.0	23.0
8246	16492000.0	19.0
8247	16494000.0	23.0
8248	16496000.0	18.0
8249	16498000.0	20.0
8250	16500000.0	14.0
8251	16502000.0	25.0
8252	16504000.0	20.0
8253	16506000.0	17.0
8254	16508000.0	22.0
8255	16510000.0	19.0
8256	16512000.0	13.0
8257	16514000.0	18.0
8258	16516000.0	15.0
8259	16518000.0	17.0
8260	16520000.0	24.0
8261	16522000.0	21.0
8262	16524000.0	28.0
8263	16526000.0	14.0
8264	16528000.0	21.0
8265	16530000.0	12.0
8266	16532000.0	20.0
8267	16534000.0	20.0
8268	16536000.0	21.0
8269	16538000.0	16.0
8270	16540000.0	20.0
8271	16542000.0	17.0
8272	16544000.0	20.0
8273	16546000.0	13.0
8274	16548000.0	16.0
8275	16550000.0	8.0
8276	16552000.0	23.0
8277	16554000.0	20.0
8278	16556000.0	20.0
8279	16558000.0	23.0
8280	16560000.0	23.0
8281	16562000.0	19.0
8282	16564000.0	13.0
8283	16566000.0	18.0
8284	16568000.0	13.0
8285	16570000.0	21.0
8286	16572000.0	22.0
8287	16574000.0	19.0
8288	16576000.0	25.0
8289	16578000.0	19.0
8290	16580000.0	20.0
8291	16582000.0	18.0
8292	16584000.0	28.0
8293	16586000.0	14.0
8294	16588000.0	26.0
8295	16590000.0	7.0
8296	16592000.0	14.0
8297	16594000.0	18.0
8298	16596000.0	22.0
8299	16598000.0	18.0
8300	16600000.0	14.0
8301	16602000.0	25.0
8302	16604000.0	11.0
8303	16606000.0	19.0
8304	16608000.0	13.0
8305	16610000.0	24.0
8306	16612000.0	10.0
8307	16614000.0	24.0
8308	16616000.0	13.0
8309	16618000.0	16.0
8310	16620000.0	12.0
8311	16622000.0	19.0
8312	16624000.0	19.0
8313	16626000.0	18.0
8314	16628000.0	15.0
8315	16630000.0	17.0
8316	16632000.0	21.0
8317	16634000.0	17.0
8318	16636000.0	15.0
8319	16638000.0	18.0
8320	16640000.0	21.0
8321	16642000.0	16.0
8322	16644000.0	17.0
8323	16646000.0	12.0
8324	16648000.0	14.0
8325	16650000.0	18.0
8326	16652000.0	17.0
8327	16654000.0	18.0
8328	16656000.0	16.0
8329	16658000.0	19.0
8330	16660000.0	24.0
8331	16662000.0	19.0
8332	16664000.0	18.0
8333	16666000.0	20.0
8334	16668000.0	22.0
8335	16670000.0	17.0
8336	16672000.0	23.0
8337	16674000.0	24.0
8338	16676000.0	14.0
8339	16678000.0	13.0
8340	16680000.0	15.0
8341	16682000.0	21.0
8342	16684000.0	14.0
8343	16686000.0	18.0
8344	16688000.0	21.0
8345	16690000.0	20.0
8346	16692000.0	19.0
8347	16694000.0	27.0
8348	16696000.0	18.0
8349	16698000.0	20.0
8350	16700000.0	12.0
8351	16702000.0	19.0
8352	16704000.0	29.0
8353	16706000.0	15.0
8354	16708000.0	27.0
8355	16710000.0	14.0
8356	16712000.0	24.0
8357	16714000.0	21.0
8358	16716000.0	20.0
8359	16718000.0	21.0
8360	16720000.0	23.0
8361	16722000.0	15.0
8362	16724000.0	24.0
8363	16726000.0	13.0
8364	16728000.0	17.0
8365	16730000.0	22.0
8366	16732000.0	22.0
8367	16734000.0	13.0
8368	16736000.0	22.0
8369	16738000.0	13.0
8370	16740000.0	25.0
8371	16742000.0	16.0
8372	16744000.0	11.0
8373	16746000.0	24.0
8374	16748000.0	18.0
8375	16750000.0	22.0
8376	16752000.0	12.0
8377	16754000.0	16.0
8378	16756000.0	13.0
8379	16758000.0	19.0
8380	16760000.0	14.0
8381	16762000.0	24.0
8382	16764000.0	19.0
8383	16766000.0	13.0
8384	16768000.0	14.0
8385	16770000.0	23.0
8386	16772000.0	15.0
8387	16774000.0	17.0
8388	16776000.0	15.0
8389	16778000.0	18.0
8390	16780000.0	17.0
8391	16782000.0	17.0
8392	16784000.0	24.0
8393	16786000.0	17.0
8394	16788000.0	19.0
8395	16790000.0	25.0
8396	16792000.0	24.0
8397	16794000.0	25.0
8398	16796000.0	7.0
8399	16798000.0	19.0
8400	16800000.0	22.0
8401	16802000.0	11.0
8402	16804000.0	17.0
8403	16806000.0	26.0
8404	16808000.0	13.0
8405	16810000.0	15.0
8406	16812000.0	11.0
8407	16814000.0	21.0
8408	16816000.0	26.0
8409	16818000.0	18.0
8410	16820000.0	19.0
8411	16822000.0	27.0
8412	16824000.0	22.0
8413	16826000.0	15.0
8414	16828000.0	7.0
8415	16830000.0	21.0
8416	16832000.0	19.0
8417	16834000.0	14.0
8418	16836000.0	17.0
8419	16838000.0	16.0
8420	16840000.0	14.0
8421	16842000.0	19.0
8422	16844000.0	14.0
8423	16846000.0	24.0
8424	16848000.0	23.0
8425	16850000.0	13.0
8426	16852000.0	25.0
8427	16854000.0	23.0
8428	16856000.0	22.0
8429	16858000.0	15.0
8430	16860000.0	16.0
8431	16862000.0	18.0
8432	16864000.0	21.0
8433	16866000.0	21.0
8434	16868000.0	24.0
8435	16870000.0	13.0
8436	16872000.0	23.0
8437	16874000.0	20.0
8438	16876000.0	15.0
8439	16878000.0	22.0
8440	16880000.0	19.0
8441	16882000.0	27.0
8442	16884000.0	20.0
8443	16886000.0	13.0
8444	16888000.0	12.0
8445	16890000.0	20.0
8446	16892000.0	13.0
8447	16894000.0	22.0
8448	16896000.0	30.0
8449	16898000.0	15.0
8450	16900000.0	17.0
8451	16902000.0	22.0
8452	16904000.0	11.0
8453	16906000.0	17.0
8454	16908000.0	12.0
8455	16910000.0	18.0
8456	16912000.0	12.0
8457	16914000.0	16.0
8458	16916000.0	23.0
8459	16918000.0	17.0
8460	16920000.0	16.0
8461	16922000.0	17.0
8462	16924000.0	22.0
8463	16926000.0	23.0
8464	16928000.0	27.0
8465	16930000.0	18.0
8466	16932000.0	18.0
8467	16934000.0	20.0
8468	16936000.0	14.0
8469	16938000.0	26.0
8470	16940000.0	22.0
8471	16942000.0	25.0
8472	16944000.0	19.0
8473	16946000.0	12.0
8474	16948000.0	24.0
8475	16950000.0	18.0
8476	16952000.0	19.0
8477	16954000.0	16.0
8478	16956000.0	30.0
8479	16958000.0	21.0
8480	16960000.0	9.0
8481	16962000.0	14.0
8482	16964000.0	15.0
8483	16966000.0	23.0
8484	16968000.0	16.0
8485	16970000.0	18.0
8486	16972000.0	16.0
8487	16974000.0	18.0
8488	16976000.0	19.0
8489	16978000.0	14.0
8490	16980000.0	23.0
8491	16982000.0	13.0
8492	16984000.0	28.0
8493	16986000.0	18.0
8494	16988000.0	14.0
8495	16990000.0	11.0
8496	16992000.0	17.0
8497	16994000.0	10.0
8498	16996000.0	21.0
8499	16998000.0	11.0
8500	17000000.0	18.0
8501	17002000.0	18.0
8502	17004000.0	18.0
8503	17006000.0	19.0
8504	17008000.0	18.0
8505	17010000.0	23.0
8506	17012000.0	12.0
8507	17014000.0	17.0
8508	17016000.0	16.0
8509	17018000.0	13.0
8510	17020000.0	26.0
8511	17022000.0	26.0
8512	17024000.0	14.0
8513	17026000.0	16.0
8514	17028000.0	17.0
8515	17030000.0	28.0
8516	17032000.0	12.0
8517	17034000.0	10.0
8518	17036000.0	19.0
8519	17038000.0	21.0
8520	17040000.0	16.0
8521	17042000.0	17.0
8522	17044000.0	16.0
8523	17046000.0	23.0
8524	17048000.0	14.0
8525	17050000.0	15.0
8526	17052000.0	23.0
8527	17054000.0	19.0
8528	17056000.0	28.0
8529	17058000.0	21.0
8530	17060000.0	16.0
8531	17062000.0	15.0
8532	17064000.0	31.0
8533	17066000.0	18.0
8534	17068000.0	21.0
8535	17070000.0	13.0
8536	17072000.0	16.0
8537	17074000.0	21.0
8538	17076000.0	13.0
8539	17078000.0	17.0
8540	17080000.0	16.0
8541	17082000.0	11.0
8542	17084000.0	16.0
8543	17086000.0	19.0
8544	17088000.0	25.0
8545	17090000.0	19.0
8546	17092000.0	24.0
8547	17094000.0	26.0
8548	17096000.0	30.0
8549	17098000.0	17.0
8550	17100000.0	23.0
8551	17102000.0	5.0
8552	17104000.0	19.0
8553	17106000.0	16.0
8554	17108000.0	19.0
8555	17110000.0	16.0
8556	17112000.0	11.0
8557	17114000.0	20.0
8558	17116000.0	19.0
8559	17118000.0	19.0
8560	17120000.0	17.0
8561	17122000.0	22.0
8562	17124000.0	20.0
8563	17126000.0	13.0
8564	17128000.0	17.0
8565	17130000.0	30.0
8566	17132000.0	14.0
8567	17134000.0	16.0
8568	17136000.0	17.0
8569	17138000.0	20.0
8570	17140000.0	14.0
8571	17142000.0	20.0
8572	17144000.0	17.0
8573	17146000.0	19.0
8574	17148000.0	18.0
8575	17150000.0	15.0
8576	17152000.0	25.0
8577	17154000.0	17.0
8578	17156000.0	24.0
8579	17158000.0	16.0
8580	17160000.0	22.0
8581	17162000.0	16.0
8582	17164000.0	15.0
8583	17166000.0	15.0
8584	17168000.0	18.0
8585	17170000.0	19.0
8586	17172000.0	21.0
8587	17174000.0	15.0
8588	17176000.0	16.0
8589	17178000.0	15.0
8590	17180000.0	14.0
8591	17182000.0	17.0
8592	17184000.0	22.0
8593	17186000.0	21.0
8594	17188000.0	25.0
8595	17190000.0	14.0
8596	17192000.0	16.0
8597	17194000.0	17.0
8598	17196000.0	16.0
8599	17198000.0	14.0
8600	17200000.0	22.0
8601	17202000.0	19.0
8602	17204000.0	15.0
8603	17206000.0	13.0
8604	17208000.0	15.0
8605	17210000.0	12.0
8606	17212000.0	13.0
8607	17214000.0	18.0
8608	17216000.0	22.0
8609	17218000.0	18.0
8610	17220000.0	15.0
8611	17222000.0	18.0
8612	17224000.0	26.0
8613	17226000.0	27.0
8614	17228000.0	20.0
8615	17230000.0	14.0
8616	17232000.0	16.0
8617	17234000.0	18.0
8618	17236000.0	20.0
8619	17238000.0	20.0
8620	17240000.0	16.0
8621	17242000.0	14.0
8622	17244000.0	19.0
8623	17246000.0	23.0
8624	17248000.0	18.0
8625	17250000.0	21.0
8626	17252000.0	16.0
8627	17254000.0	15.0
8628	17256000.0	19.0
8629	17258000.0	20.0
8630	17260000.0	18.0
8631	17262000.0	28.0
8632	17264000.0	21.0
8633	17266000.0	12.0
8634	17268000.0	21.0
8635	17270000.0	16.0
8636	17272000.0	27.0
8637	17274000.0	11.0
8638	17276000.0	16.0
8639	17278000.0	23.0
8640	17280000.0	22.0
8641	17282000.0	25.0
8642	17284000.0	19.0
8643	17286000.0	16.0
8644	17288000.0	23.0
8645	17290000.0	15.0
8646	17292000.0	16.0
8647	17294000.0	17.0
8648	17296000.0	10.0
8649	17298000.0	18.0
8650	17300000.0	15.0
8651	17302000.0	17.0
8652	17304000.0	18.0
8653	17306000.0	10.0
8654	17308000.0	19.0
8655	17310000.0	9.0
8656	17312000.0	17.0
8657	17314000.0	18.0
8658	17316000.0	12.0
8659	17318000.0	19.0
8660	17320000.0	26.0
8661	17322000.0	25.0
8662	17324000.0	7.0
8663	17326000.0	16.0
8664	17328000.0	21.0
8665	17330000.0	17.0
8666	17332000.0	19.0
8667	17334000.0	15.0
8668	17336000.0	20.0
8669	17338000.0	16.0
8670	17340000.0	13.0
8671	17342000.0	19.0
8672	17344000.0	16.0
8673	17346000.0	20.0
8674	17348000.0	16.0
8675	17350000.0	21.0
8676	17352000.0	14.0
8677	17354000.0	17.0
8678	17356000.0	15.0
8679	17358000.0	13.0
8680	17360000.0	18.0
8681	17362000.0	15.0
8682	17364000.0	18.0
8683	17366000.0	19.0
8684	17368000.0	14.0
8685	17370000.0	14.0
8686	17372000.0	19.0
8687	17374000.0	16.0
8688	17376000.0	17.0
8689	17378000.0	22.0
8690	17380000.0	19.0
8691	17382000.0	15.0
8692	17384000.0	13.0
8693	17386000.0	27.0
8694	17388000.0	24.0
8695	17390000.0	13.0
8696	17392000.0	16.0
8697	17394000.0	18.0
8698	17396000.0	17.0
8699	17398000.0	13.0
8700	17400000.0	17.0
8701	17402000.0	20.0
8702	17404000.0	19.0
8703	17406000.0	13.0
8704	17408000.0	13.0
8705	17410000.0	19.0
8706	17412000.0	14.0
8707	17414000.0	19.0
8708	17416000.0	22.0
8709	17418000.0	20.0
8710	17420000.0	16.0
8711	17422000.0	13.0
8712	17424000.0	20.0
8713	17426000.0	17.0
8714	17428000.0	17.0
8715	17430000.0	26.0
8716	17432000.0	18.0
8717	17434000.0	14.0
8718	17436000.0	17.0
8719	17438000.0	19.0
8720	17440000.0	26.0
8721	17442000.0	23.0
8722	17444000.0	25.0
8723	17446000.0	16.0
8724	17448000.0	12.0
8725	17450000.0	23.0
8726	17452000.0	22.0
8727	17454000.0	14.0
8728	17456000.0	22.0
8729	17458000.0	14.0
8730	17460000.0	20.0
8731	17462000.0	17.0
8732	17464000.0	14.0
8733	17466000.0	20.0
8734	17468000.0	18.0
8735	17470000.0	17.0
8736	17472000.0	19.0
8737	17474000.0	14.0
8738	17476000.0	14.0
8739	17478000.0	22.0
8740	17480000.0	15.0
8741	17482000.0	13.0
8742	17484000.0	20.0
8743	17486000.0	23.0
8744	17488000.0	17.0
8745	17490000.0	12.0
8746	17492000.0	24.0
8747	17494000.0	24.0
8748	17496000.0	16.0
8749	17498000.0	10.0
8750	17500000.0	13.0
8751	17502000.0	12.0
8752	17504000.0	10.0
8753	17506000.0	21.0
8754	17508000.0	18.0
8755	17510000.0	17.0
8756	17512000.0	17.0
8757	17514000.0	16.0
8758	17516000.0	15.0
8759	17518000.0	23.0
8760	17520000.0	18.0
8761	17522000.0	17.0
8762	17524000.0	26.0
8763	17526000.0	23.0
8764	17528000.0	17.0
8765	17530000.0	16.0
8766	17532000.0	19.0
8767	17534000.0	14.0
8768	17536000.0	18.0
8769	17538000.0	21.0
8770	17540000.0	11.0
8771	17542000.0	18.0
8772	17544000.0	9.0
8773	17546000.0	14.0
8774	17548000.0	15.0
8775	17550000.0	11.0
8776	17552000.0	22.0
8777	17554000.0	14.0
8778	17556000.0	15.0
8779	17558000.0	18.0
8780	17560000.0	15.0
8781	17562000.0	14.0
8782	17564000.0	11.0
8783	17566000.0	25.0
8784	17568000.0	25.0
8785	17570000.0	12.0
8786	17572000.0	19.0
8787	17574000.0	18.0
8788	17576000.0	24.0
8789	17578000.0	23.0
8790	17580000.0	20.0
8791	17582000.0	14.0
8792	17584000.0	18.0
8793	17586000.0	15.0
8794	17588000.0	18.0
8795	17590000.0	20.0
8796	17592000.0	14.0
8797	17594000.0	12.0
8798	17596000.0	13.0
8799	17598000.0	11.0
8800	17600000.0	14.0
8801	17602000.0	27.0
8802	17604000.0	12.0
8803	17606000.0	19.0
8804	17608000.0	14.0
8805	17610000.0	23.0
8806	17612000.0	19.0
8807	17614000.0	12.0
8808	17616000.0	12.0
8809	17618000.0	17.0
8810	17620000.0	20.0
8811	17622000.0	16.0
8812	17624000.0	18.0
8813	17626000.0	17.0
8814	17628000.0	16.0
8815	17630000.0	25.0
8816	17632000.0	14.0
8817	17634000.0	19.0
8818	17636000.0	18.0
8819	17638000.0	21.0
8820	17640000.0	21.0
8821	17642000.0	21.0
8822	17644000.0	18.0
8823	17646000.0	15.0
8824	17648000.0	16.0
8825	17650000.0	19.0
8826	17652000.0	17.0
8827	17654000.0	24.0
8828	17656000.0	12.0
8829	17658000.0	15.0
8830	17660000.0	16.0
8831	17662000.0	17.0
8832	17664000.0	18.0
8833	17666000.0	20.0
8834	17668000.0	17.0
8835	17670000.0	25.0
8836	17672000.0	17.0
8837	17674000.0	19.0
8838	17676000.0	23.0
8839	17678000.0	27.0
8840	17680000.0	18.0
8841	17682000.0	18.0
8842	17684000.0	12.0
8843	17686000.0	13.0
8844	17688000.0	6.0
8845	17690000.0	17.0
8846	17692000.0	17.0
8847	17694000.0	21.0
8848	17696000.0	23.0
8849	17698000.0	25.0
8850	17700000.0	11.0
8851	17702000.0	15.0
8852	17704000.0	19.0
8853	17706000.0	13.0
8854	17708000.0	9.0
8855	17710000.0	13.0
8856	17712000.0	22.0
8857	17714000.0	14.0
8858	17716000.0	17.0
8859	17718000.0	17.0
8860	17720000.0	15.0
8861	17722000.0	19.0
8862	17724000.0	12.0
8863	17726000.0	15.0
8864	17728000.0	15.0
8865	17730000.0	21.0
8866	17732000.0	15.0
8867	17734000.0	20.0
8868	17736000.0	23.0
8869	17738000.0	11.0
8870	17740000.0	15.0
8871	17742000.0	10.0
8872	17744000.0	20.0
8873	17746000.0	13.0
8874	17748000.0	13.0
8875	17750000.0	15.0
8876	17752000.0	11.0
8877	17754000.0	18.0
8878	17756000.0	9.0
8879	17758000.0	13.0
8880	17760000.0	15.0
8881	17762000.0	16.0
8882	17764000.0	29.0
8883	17766000.0	13.0
8884	17768000.0	11.0
8885	17770000.0	14.0
8886	17772000.0	20.0
8887	17774000.0	13.0
8888	17776000.0	13.0
8889	17778000.0	12.0
8890	17780000.0	13.0
8891	17782000.0	20.0
8892	17784000.0	11.0
8893	17786000.0	13.0
8894	17788000.0	20.0
8895	17790000.0	15.0
8896	17792000.0	17.0
8897	17794000.0	15.0
8898	17796000.0	19.0
8899	17798000.0	19.0
8900	17800000.0	20.0
8901	17802000.0	20.0
8902	17804000.0	13.0
8903	17806000.0	20.0
8904	17808000.0	19.0
8905	17810000.0	19.0
8906	17812000.0	16.0
8907	17814000.0	19.0
8908	17816000.0	14.0
8909	17818000.0	19.0
8910	17820000.0	19.0
8911	17822000.0	18.0
8912	17824000.0	14.0
8913	17826000.0	18.0
8914	17828000.0	11.0
8915	17830000.0	15.0
8916	17832000.0	16.0
8917	17834000.0	21.0
8918	17836000.0	15.0
8919	17838000.0	13.0
8920	17840000.0	19.0
8921	17842000.0	10.0
8922	17844000.0	6.0
8923	17846000.0	13.0
8924	17848000.0	21.0
8925	17850000.0	20.0
8926	17852000.0	16.0
8927	17854000.0	17.0
8928	17856000.0	18.0
8929	17858000.0	13.0
8930	17860000.0	21.0
8931	17862000.0	16.0
8932	17864000.0	18.0
8933	17866000.0	18.0
8934	17868000.0	21.0
8935	17870000.0	9.0
8936	17872000.0	14.0
8937	17874000.0	23.0
8938	17876000.0	17.0
8939	17878000.0	12.0
8940	17880000.0	10.0
8941	17882000.0	24.0
8942	17884000.0	14.0
8943	17886000.0	12.0
8944	17888000.0	14.0
8945	17890000.0	24.0
8946	17892000.0	14.0
8947	17894000.0	13.0
8948	17896000.0	21.0
8949	17898000.0	19.0
8950	17900000.0	13.0
8951	17902000.0	14.0
8952	17904000.0	17.0
8953	17906000.0	21.0
8954	17908000.0	23.0
8955	17910000.0	20.0
8956	17912000.0	13.0
8957	17914000.0	16.0
8958	17916000.0	20.0
8959	17918000.0	17.0
8960	17920000.0	18.0
8961	17922000.0	15.0
8962	17924000.0	14.0
8963	17926000.0	19.0
8964	17928000.0	11.0
8965	17930000.0	15.0
8966	17932000.0	29.0
8967	17934000.0	28.0
8968	17936000.0	23.0
8969	17938000.0	15.0
8970	17940000.0	17.0
8971	17942000.0	6.0
8972	17944000.0	17.0
8973	17946000.0	12.0
8974	17948000.0	17.0
8975	17950000.0	22.0
8976	17952000.0	18.0
8977	17954000.0	13.0
8978	17956000.0	15.0
8979	17958000.0	21.0
8980	17960000.0	19.0
8981	17962000.0	16.0
8982	17964000.0	11.0
8983	17966000.0	23.0
8984	17968000.0	14.0
8985	17970000.0	13.0
8986	17972000.0	13.0
8987	17974000.0	15.0
8988	17976000.0	17.0
8989	17978000.0	14.0
8990	17980000.0	19.0
8991	17982000.0	15.0
8992	17984000.0	11.0
8993	17986000.0	15.0
8994	17988000.0	18.0
8995	17990000.0	11.0
8996	17992000.0	16.0
8997	17994000.0	16.0
8998	17996000.0	15.0
8999	17998000.0	13.0
9000	18000000.0	14.0
9001	18002000.0	16.0
9002	18004000.0	14.0
9003	18006000.0	21.0
9004	18008000.0	19.0
9005	18010000.0	21.0
9006	18012000.0	19.0
9007	18014000.0	16.0
9008	18016000.0	22.0
9009	18018000.0	14.0
9010	18020000.0	13.0
9011	18022000.0	17.0
9012	18024000.0	20.0
9013	18026000.0	19.0
9014	18028000.0	10.0
9015	18030000.0	16.0
9016	18032000.0	9.0
9017	18034000.0	21.0
9018	18036000.0	20.0
9019	18038000.0	25.0
9020	18040000.0	19.0
9021	18042000.0	20.0
9022	18044000.0	20.0
9023	18046000.0	15.0
9024	18048000.0	8.0
9025	18050000.0	18.0
9026	18052000.0	10.0
9027	18054000.0	15.0
9028	18056000.0	11.0
9029	18058000.0	16.0
9030	18060000.0	20.0
9031	18062000.0	17.0
9032	18064000.0	22.0
9033	18066000.0	17.0
9034	18068000.0	15.0
9035	18070000.0	16.0
9036	18072000.0	16.0
9037	18074000.0	22.0
9038	18076000.0	18.0
9039	18078000.0	14.0
9040	18080000.0	18.0
9041	18082000.0	15.0
9042	18084000.0	13.0
9043	18086000.0	17.0
9044	18088000.0	8.0
9045	18090000.0	24.0
9046	18092000.0	16.0
9047	18094000.0	18.0
9048	18096000.0	12.0
9049	18098000.0	19.0
9050	18100000.0	17.0
9051	18102000.0	13.0
9052	18104000.0	13.0
9053	18106000.0	23.0
9054	18108000.0	10.0
9055	18110000.0	13.0
9056	18112000.0	19.0
9057	18114000.0	13.0
9058	18116000.0	17.0
9059	18118000.0	11.0
9060	18120000.0	15.0
9061	18122000.0	15.0
9062	18124000.0	9.0
9063	18126000.0	22.0
9064	18128000.0	17.0
9065	18130000.0	11.0
9066	18132000.0	13.0
9067	18134000.0	20.0
9068	18136000.0	15.0
9069	18138000.0	23.0
9070	18140000.0	26.0
9071	18142000.0	17.0
9072	18144000.0	16.0
9073	18146000.0	10.0
9074	18148000.0	18.0
9075	18150000.0	16.0
9076	18152000.0	18.0
9077	18154000.0	19.0
9078	18156000.0	14.0
9079	18158000.0	19.0
9080	18160000.0	19.0
9081	18162000.0	21.0
9082	18164000.0	24.0
9083	18166000.0	18.0
9084	18168000.0	20.0
9085	18170000.0	16.0
9086	18172000.0	15.0
9087	18174000.0	9.0
9088	18176000.0	18.0
9089	18178000.0	14.0
9090	18180000.0	8.0
9091	18182000.0	16.0
9092	18184000.0	13.0
9093	18186000.0	15.0
9094	18188000.0	19.0
9095	18190000.0	7.0
9096	18192000.0	16.0
9097	18194000.0	16.0
9098	18196000.0	23.0
9099	18198000.0	13.0
9100	18200000.0	22.0
9101	18202000.0	17.0
9102	18204000.0	23.0
9103	18206000.0	27.0
9104	18208000.0	17.0
9105	18210000.0	13.0
9106	18212000.0	19.0
9107	18214000.0	13.0
9108	18216000.0	8.0
9109	18218000.0	14.0
9110	18220000.0	18.0
9111	18222000.0	13.0
9112	18224000.0	22.0
9113	18226000.0	15.0
9114	18228000.0	12.0
9115	18230000.0	16.0
9116	18232000.0	16.0
9117	18234000.0	13.0
9118	18236000.0	18.0
9119	18238000.0	15.0
9120	18240000.0	17.0
9121	18242000.0	17.0
9122	18244000.0	22.0
9123	18246000.0	13.0
9124	18248000.0	19.0
9125	18250000.0	22.0
9126	18252000.0	19.0
9127	18254000.0	21.0
9128	18256000.0	20.0
9129	18258000.0	16.0
9130	18260000.0	10.0
9131	18262000.0	11.0
9132	18264000.0	24.0
9133	18266000.0	15.0
9134	18268000.0	25.0
9135	18270000.0	12.0
9136	18272000.0	16.0
9137	18274000.0	20.0
9138	18276000.0	17.0
9139	18278000.0	18.0
9140	18280000.0	18.0
9141	18282000.0	11.0
9142	18284000.0	18.0
9143	18286000.0	16.0
9144	18288000.0	20.0
9145	18290000.0	15.0
9146	18292000.0	14.0
9147	18294000.0	9.0
9148	18296000.0	17.0
9149	18298000.0	18.0
9150	18300000.0	21.0
9151	18302000.0	20.0
9152	18304000.0	12.0
9153	18306000.0	17.0
9154	18308000.0	12.0
9155	18310000.0	17.0
9156	18312000.0	17.0
9157	18314000.0	22.0
9158	18316000.0	17.0
9159	18318000.0	15.0
9160	18320000.0	18.0
9161	18322000.0	22.0
9162	18324000.0	20.0
9163	18326000.0	18.0
9164	18328000.0	18.0
9165	18330000.0	19.0
9166	18332000.0	16.0
9167	18334000.0	23.0
9168	18336000.0	13.0
9169	18338000.0	15.0
9170	18340000.0	15.0
9171	18342000.0	20.0
9172	18344000.0	17.0
9173	18346000.0	16.0
9174	18348000.0	17.0
9175	18350000.0	14.0
9176	18352000.0	13.0
9177	18354000.0	14.0
9178	18356000.0	17.0
9179	18358000.0	17.0
9180	18360000.0	22.0
9181	18362000.0	16.0
9182	18364000.0	12.0
9183	18366000.0	23.0
9184	18368000.0	16.0
9185	18370000.0	14.0
9186	18372000.0	16.0
9187	18374000.0	22.0
9188	18376000.0	10.0
9189	18378000.0	22.0
9190	18380000.0	20.0
9191	18382000.0	24.0
9192	18384000.0	18.0
9193	18386000.0	18.0
9194	18388000.0	21.0
9195	18390000.0	16.0
9196	18392000.0	14.0
9197	18394000.0	14.0
9198	18396000.0	15.0
9199	18398000.0	19.0
9200	18400000.0	11.0
9201	18402000.0	11.0
9202	18404000.0	14.0
9203	18406000.0	21.0
9204	18408000.0	19.0
9205	18410000.0	15.0
9206	18412000.0	13.0
9207	18414000.0	12.0
9208	18416000.0	17.0
9209	18418000.0	13.0
9210	18420000.0	17.0
9211	18422000.0	21.0
9212	18424000.0	20.0
9213	18426000.0	21.0
9214	18428000.0	13.0
9215	18430000.0	19.0
9216	18432000.0	14.0
9217	18434000.0	27.0
9218	18436000.0	14.0
9219	18438000.0	12.0
9220	18440000.0	18.0
9221	18442000.0	22.0
9222	18444000.0	20.0
9223	18446000.0	18.0
9224	18448000.0	14.0
9225	18450000.0	13.0
9226	18452000.0	17.0
9227	18454000.0	13.0
9228	18456000.0	23.0
9229	18458000.0	12.0
9230	18460000.0	17.0
9231	18462000.0	12.0
9232	18464000.0	14.0
9233	18466000.0	16.0
9234	18468000.0	19.0
9235	18470000.0	16.0
9236	18472000.0	14.0
9237	18474000.0	8.0
9238	18476000.0	17.0
9239	18478000.0	20.0
9240	18480000.0	29.0
9241	18482000.0	19.0
9242	18484000.0	16.0
9243	18486000.0	15.0
9244	18488000.0	13.0
9245	18490000.0	16.0
9246	18492000.0	6.0
9247	18494000.0	20.0
9248	18496000.0	15.0
9249	18498000.0	18.0
9250	18500000.0	17.0
9251	18502000.0	15.0
9252	18504000.0	14.0
9253	18506000.0	17.0
9254	18508000.0	17.0
9255	18510000.0	13.0
9256	18512000.0	17.0
9257	18514000.0	15.0
9258	18516000.0	24.0
9259	18518000.0	17.0
9260	18520000.0	14.0
9261	18522000.0	16.0
9262	18524000.0	13.0
9263	18526000.0	16.0
9264	18528000.0	9.0
9265	18530000.0	20.0
9266	18532000.0	15.0
9267	18534000.0	12.0
9268	18536000.0	16.0
9269	18538000.0	25.0
9270	18540000.0	15.0
9271	18542000.0	13.0
9272	18544000.0	19.0
9273	18546000.0	15.0
9274	18548000.0	17.0
9275	18550000.0	13.0
9276	18552000.0	15.0
9277	18554000.0	18.0
9278	18556000.0	16.0
9279	18558000.0	17.0
9280	18560000.0	17.0
9281	18562000.0	19.0
9282	18564000.0	13.0
9283	18566000.0	16.0
9284	18568000.0	11.0
9285	18570000.0	16.0
9286	18572000.0	13.0
9287	18574000.0	21.0
9288	18576000.0	18.0
9289	18578000.0	17.0
9290	18580000.0	15.0
9291	18582000.0	19.0
9292	18584000.0	12.0
9293	18586000.0	13.0
9294	18588000.0	12.0
9295	18590000.0	15.0
9296	18592000.0	16.0
9297	18594000.0	18.0
9298	18596000.0	12.0
9299	18598000.0	10.0
9300	18600000.0	13.0
9301	18602000.0	15.0
9302	18604000.0	14.0
9303	18606000.0	14.0
9304	18608000.0	10.0
9305	18610000.0	22.0
9306	18612000.0	16.0
9307	18614000.0	18.0
9308	18616000.0	21.0
9309	18618000.0	17.0
9310	18620000.0	13.0
9311	18622000.0	14.0
9312	18624000.0	12.0
9313	18626000.0	13.0
9314	18628000.0	16.0
9315	18630000.0	12.0
9316	18632000.0	25.0
9317	18634000.0	19.0
9318	18636000.0	11.0
9319	18638000.0	14.0
9320	18640000.0	20.0
9321	18642000.0	16.0
9322	18644000.0	14.0
9323	18646000.0	13.0
9324	18648000.0	12.0
9325	18650000.0	12.0
9326	18652000.0	10.0
9327	18654000.0	18.0
9328	18656000.0	23.0
9329	18658000.0	11.0
9330	18660000.0	15.0
9331	18662000.0	15.0
9332	18664000.0	15.0
9333	18666000.0	15.0
9334	18668000.0	11.0
9335	18670000.0	23.0
9336	18672000.0	24.0
9337	18674000.0	20.0
9338	18676000.0	16.0
9339	18678000.0	16.0
9340	18680000.0	15.0
9341	18682000.0	21.0
9342	18684000.0	17.0
9343	18686000.0	21.0
9344	18688000.0	13.0
9345	18690000.0	19.0
9346	18692000.0	19.0
9347	18694000.0	14.0
9348	18696000.0	20.0
9349	18698000.0	19.0
9350	18700000.0	14.0
9351	18702000.0	14.0
9352	18704000.0	20.0
9353	18706000.0	15.0
9354	18708000.0	17.0
9355	18710000.0	24.0
9356	18712000.0	21.0
9357	18714000.0	10.0
9358	18716000.0	10.0
9359	18718000.0	9.0
9360	18720000.0	22.0
9361	18722000.0	21.0
9362	18724000.0	15.0
9363	18726000.0	16.0
9364	18728000.0	15.0
9365	18730000.0	10.0
9366	18732000.0	19.0
9367	18734000.0	24.0
9368	18736000.0	9.0
9369	18738000.0	13.0
9370	18740000.0	16.0
9371	18742000.0	17.0
9372	18744000.0	19.0
9373	18746000.0	20.0
9374	18748000.0	15.0
9375	18750000.0	11.0
9376	18752000.0	18.0
9377	18754000.0	18.0
9378	18756000.0	18.0
9379	18758000.0	18.0
9380	18760000.0	15.0
9381	18762000.0	17.0
9382	18764000.0	17.0
9383	18766000.0	13.0
9384	18768000.0	12.0
9385	18770000.0	3.0
9386	18772000.0	16.0
9387	18774000.0	12.0
9388	18776000.0	13.0
9389	18778000.0	12.0
9390	18780000.0	27.0
9391	18782000.0	14.0
9392	18784000.0	16.0
9393	18786000.0	20.0
9394	18788000.0	22.0
9395	18790000.0	14.0
9396	18792000.0	16.0
9397	18794000.0	21.0
9398	18796000.0	14.0
9399	18798000.0	12.0
9400	18800000.0	12.0
9401	18802000.0	17.0
9402	18804000.0	21.0
9403	18806000.0	12.0
9404	18808000.0	15.0
9405	18810000.0	13.0
9406	18812000.0	7.0
9407	18814000.0	11.0
9408	18816000.0	20.0
9409	18818000.0	8.0
9410	18820000.0	11.0
9411	18822000.0	24.0
9412	18824000.0	17.0
9413	18826000.0	12.0
9414	18828000.0	18.0
9415	18830000.0	14.0
9416	18832000.0	23.0
9417	18834000.0	22.0
9418	18836000.0	10.0
9419	18838000.0	13.0
9420	18840000.0	14.0
9421	18842000.0	16.0
9422	18844000.0	16.0
9423	18846000.0	15.0
9424	18848000.0	14.0
9425	18850000.0	11.0
9426	18852000.0	12.0
9427	18854000.0	9.0
9428	18856000.0	14.0
9429	18858000.0	19.0
9430	18860000.0	18.0
9431	18862000.0	20.0
9432	18864000.0	15.0
9433	18866000.0	16.0
9434	18868000.0	14.0
9435	18870000.0	13.0
9436	18872000.0	19.0
9437	18874000.0	16.0
9438	18876000.0	16.0
9439	18878000.0	15.0
9440	18880000.0	24.0
9441	18882000.0	11.0
9442	18884000.0	21.0
9443	18886000.0	15.0
9444	18888000.0	13.0
9445	18890000.0	17.0
9446	18892000.0	11.0
9447	18894000.0	20.0
9448	18896000.0	15.0
9449	18898000.0	16.0
9450	18900000.0	12.0
9451	18902000.0	20.0
9452	18904000.0	10.0
9453	18906000.0	18.0
9454	18908000.0	12.0
9455	18910000.0	21.0
9456	18912000.0	20.0
9457	18914000.0	11.0
9458	18916000.0	14.0
9459	18918000.0	17.0
9460	18920000.0	18.0
9461	18922000.0	12.0
9462	18924000.0	11.0
9463	18926000.0	17.0
9464	18928000.0	19.0
9465	18930000.0	13.0
9466	18932000.0	15.0
9467	18934000.0	18.0
9468	18936000.0	24.0
9469	18938000.0	19.0
9470	18940000.0	18.0
9471	18942000.0	15.0
9472	18944000.0	14.0
9473	18946000.0	11.0
9474	18948000.0	12.0
9475	18950000.0	12.0
9476	18952000.0	17.0
9477	18954000.0	17.0
9478	18956000.0	16.0
9479	18958000.0	17.0
9480	18960000.0	23.0
9481	18962000.0	17.0
9482	18964000.0	10.0
9483	18966000.0	11.0
9484	18968000.0	12.0
9485	18970000.0	18.0
9486	18972000.0	16.0
9487	18974000.0	18.0
9488	18976000.0	13.0
9489	18978000.0	15.0
9490	18980000.0	15.0
9491	18982000.0	11.0
9492	18984000.0	20.0
9493	18986000.0	11.0
9494	18988000.0	20.0
9495	18990000.0	17.0
9496	18992000.0	12.0
9497	18994000.0	11.0
9498	18996000.0	18.0
9499	18998000.0	19.0
9500	19000000.0	22.0
9501	19002000.0	20.0
9502	19004000.0	12.0
9503	19006000.0	15.0
9504	19008000.0	20.0
9505	19010000.0	14.0
9506	19012000.0	23.0
9507	19014000.0	19.0
9508	19016000.0	20.0
9509	19018000.0	11.0
9510	19020000.0	21.0
9511	19022000.0	9.0
9512	19024000.0	11.0
9513	19026000.0	15.0
9514	19028000.0	16.0
9515	19030000.0	18.0
9516	19032000.0	15.0
9517	19034000.0	25.0
9518	19036000.0	12.0
9519	19038000.0	20.0
9520	19040000.0	20.0
9521	19042000.0	12.0
9522	19044000.0	14.0
9523	19046000.0	13.0
9524	19048000.0	13.0
9525	19050000.0	21.0
9526	19052000.0	12.0
9527	19054000.0	17.0
9528	19056000.0	21.0
9529	19058000.0	15.0
9530	19060000.0	14.0
9531	19062000.0	11.0
9532	19064000.0	18.0
9533	19066000.0	14.0
9534	19068000.0	13.0
9535	19070000.0	14.0
9536	19072000.0	7.0
9537	19074000.0	18.0
9538	19076000.0	18.0
9539	19078000.0	15.0
9540	19080000.0	19.0
9541	19082000.0	13.0
9542	19084000.0	25.0
9543	19086000.0	15.0
9544	19088000.0	17.0
9545	19090000.0	12.0
9546	19092000.0	12.0
9547	19094000.0	13.0
9548	19096000.0	16.0
9549	19098000.0	13.0
9550	19100000.0	17.0
9551	19102000.0	11.0
9552	19104000.0	19.0
9553	19106000.0	12.0
9554	19108000.0	8.0
9555	19110000.0	16.0
9556	19112000.0	16.0
9557	19114000.0	12.0
9558	19116000.0	18.0
9559	19118000.0	18.0
9560	19120000.0	12.0
9561	19122000.0	16.0
9562	19124000.0	28.0
9563	19126000.0	13.0
9564	19128000.0	16.0
9565	19130000.0	20.0
9566	19132000.0	12.0
9567	19134000.0	15.0
9568	19136000.0	19.0
9569	19138000.0	13.0
9570	19140000.0	20.0
9571	19142000.0	11.0
9572	19144000.0	17.0
9573	19146000.0	25.0
9574	19148000.0	21.0
9575	19150000.0	14.0
9576	19152000.0	19.0
9577	19154000.0	14.0
9578	19156000.0	14.0
9579	19158000.0	20.0
9580	19160000.0	7.0
9581	19162000.0	15.0
9582	19164000.0	13.0
9583	19166000.0	8.0
9584	19168000.0	18.0
9585	19170000.0	19.0
9586	19172000.0	17.0
9587	19174000.0	17.0
9588	19176000.0	19.0
9589	19178000.0	18.0
9590	19180000.0	19.0
9591	19182000.0	15.0
9592	19184000.0	12.0
9593	19186000.0	12.0
9594	19188000.0	12.0
9595	19190000.0	14.0
9596	19192000.0	16.0
9597	19194000.0	20.0
9598	19196000.0	12.0
9599	19198000.0	14.0
9600	19200000.0	10.0
9601	19202000.0	16.0
9602	19204000.0	19.0
9603	19206000.0	17.0
9604	19208000.0	14.0
9605	19210000.0	18.0
9606	19212000.0	10.0
9607	19214000.0	16.0
9608	19216000.0	14.0
9609	19218000.0	22.0
9610	19220000.0	14.0
9611	19222000.0	14.0
9612	19224000.0	20.0
9613	19226000.0	14.0
9614	19228000.0	22.0
9615	19230000.0	13.0
9616	19232000.0	18.0
9617	19234000.0	15.0
9618	19236000.0	11.0
9619	19238000.0	20.0
9620	19240000.0	14.0
9621	19242000.0	18.0
9622	19244000.0	12.0
9623	19246000.0	7.0
9624	19248000.0	13.0
9625	19250000.0	12.0
9626	19252000.0	14.0
9627	19254000.0	13.0
9628	19256000.0	14.0
9629	19258000.0	14.0
9630	19260000.0	12.0
9631	19262000.0	15.0
9632	19264000.0	11.0
9633	19266000.0	23.0
9634	19268000.0	15.0
9635	19270000.0	20.0
9636	19272000.0	17.0
9637	19274000.0	17.0
9638	19276000.0	22.0
9639	19278000.0	17.0
9640	19280000.0	19.0
9641	19282000.0	19.0
9642	19284000.0	21.0
9643	19286000.0	24.0
9644	19288000.0	22.0
9645	19290000.0	12.0
9646	19292000.0	16.0
9647	19294000.0	18.0
9648	19296000.0	20.0
9649	19298000.0	14.0
9650	19300000.0	13.0
9651	19302000.0	19.0
9652	19304000.0	15.0
9653	19306000.0	13.0
9654	19308000.0	12.0
9655	19310000.0	8.0
9656	19312000.0	13.0
9657	19314000.0	20.0
9658	19316000.0	9.0
9659	19318000.0	19.0
9660	19320000.0	15.0
9661	19322000.0	17.0
9662	19324000.0	15.0
9663	19326000.0	20.0
9664	19328000.0	12.0
9665	19330000.0	13.0
9666	19332000.0	15.0
9667	19334000.0	14.0
9668	19336000.0	13.0
9669	19338000.0	18.0
9670	19340000.0	21.0
9671	19342000.0	14.0
9672	19344000.0	15.0
9673	19346000.0	14.0
9674	19348000.0	13.0
9675	19350000.0	19.0
9676	19352000.0	13.0
9677	19354000.0	15.0
9678	19356000.0	11.0
9679	19358000.0	13.0
9680	19360000.0	24.0
9681	19362000.0	15.0
9682	19364000.0	15.0
9683	19366000.0	10.0
9684	19368000.0	14.0
9685	19370000.0	16.0
9686	19372000.0	13.0
9687	19374000.0	14.0
9688	19376000.0	9.0
9689	19378000.0	18.0
9690	19380000.0	11.0
9691	19382000.0	15.0
9692	19384000.0	12.0
9693	19386000.0	14.0
9694	19388000.0	14.0
9695	19390000.0	12.0
9696	19392000.0	11.0
9697	19394000.0	21.0
9698	19396000.0	19.0
9699	19398000.0	18.0
9700	19400000.0	18.0
9701	19402000.0	17.0
9702	19404000.0	12.0
9703	19406000.0	12.0
9704	19408000.0	16.0
9705	19410000.0	23.0
9706	19412000.0	13.0
9707	19414000.0	17.0
9708	19416000.0	15.0
9709	19418000.0	12.0
9710	19420000.0	10.0
9711	19422000.0	19.0
9712	19424000.0	13.0
9713	19426000.0	25.0
9714	19428000.0	17.0
9715	19430000.0	15.0
9716	19432000.0	20.0
9717	19434000.0	18.0
9718	19436000.0	18.0
9719	19438000.0	27.0
9720	19440000.0	16.0
9721	19442000.0	18.0
9722	19444000.0	9.0
9723	19446000.0	15.0
9724	19448000.0	10.0
9725	19450000.0	14.0
9726	19452000.0	12.0
9727	19454000.0	10.0
9728	19456000.0	15.0
9729	19458000.0	10.0
9730	19460000.0	23.0
9731	19462000.0	16.0
9732	19464000.0	17.0
9733	19466000.0	7.0
9734	19468000.0	18.0
9735	19470000.0	10.0
9736	19472000.0	17.0
9737	19474000.0	6.0
9738	19476000.0	11.0
9739	19478000.0	23.0
9740	19480000.0	11.0
9741	19482000.0	13.0
9742	19484000.0	16.0
9743	19486000.0	20.0
9744	19488000.0	12.0
9745	19490000.0	24.0
9746	19492000.0	20.0
9747	19494000.0	9.0
9748	19496000.0	17.0
9749	19498000.0	16.0
9750	19500000.0	12.0
9751	19502000.0	17.0
9752	19504000.0	16.0
9753	19506000.0	11.0
9754	19508000.0	18.0
9755	19510000.0	15.0
9756	19512000.0	21.0
9757	19514000.0	20.0
9758	19516000.0	10.0
9759	19518000.0	18.0
9760	19520000.0	16.0
9761	19522000.0	14.0
9762	19524000.0	15.0
9763	19526000.0	11.0
9764	19528000.0	24.0
9765	19530000.0	8.0
9766	19532000.0	21.0
9767	19534000.0	19.0
9768	19536000.0	21.0
9769	19538000.0	10.0
9770	19540000.0	16.0
9771	19542000.0	13.0
9772	19544000.0	17.0
9773	19546000.0	18.0
9774	19548000.0	16.0
9775	19550000.0	11.0
9776	19552000.0	8.0
9777	19554000.0	16.0
9778	19556000.0	6.0
9779	19558000.0	12.0
9780	19560000.0	16.0
9781	19562000.0	21.0
9782	19564000.0	11.0
9783	19566000.0	9.0
9784	19568000.0	20.0
9785	19570000.0	16.0
9786	19572000.0	19.0
9787	19574000.0	18.0
9788	19576000.0	19.0
9789	19578000.0	16.0
9790	19580000.0	12.0
9791	19582000.0	10.0
9792	19584000.0	14.0
9793	19586000.0	12.0
9794	19588000.0	12.0
9795	19590000.0	17.0
9796	19592000.0	16.0
9797	19594000.0	13.0
9798	19596000.0	10.0
9799	19598000.0	20.0
9800	19600000.0	15.0
9801	19602000.0	24.0
9802	19604000.0	15.0
9803	19606000.0	17.0
9804	19608000.0	10.0
9805	19610000.0	21.0
9806	19612000.0	16.0
9807	19614000.0	13.0
9808	19616000.0	16.0
9809	19618000.0	11.0
9810	19620000.0	18.0
9811	19622000.0	10.0
9812	19624000.0	19.0
9813	19626000.0	18.0
9814	19628000.0	14.0
9815	19630000.0	17.0
9816	19632000.0	17.0
9817	19634000.0	20.0
9818	19636000.0	16.0
9819	19638000.0	16.0
9820	19640000.0	12.0
9821	19642000.0	15.0
9822	19644000.0	11.0
9823	19646000.0	15.0
9824	19648000.0	12.0
9825	19650000.0	15.0
9826	19652000.0	17.0
9827	19654000.0	12.0
9828	19656000.0	14.0
9829	19658000.0	12.0
9830	19660000.0	18.0
9831	19662000.0	15.0
9832	19664000.0	16.0
9833	19666000.0	12.0
9834	19668000.0	11.0
9835	19670000.0	21.0
9836	19672000.0	14.0
9837	19674000.0	19.0
9838	19676000.0	13.0
9839	19678000.0	16.0
9840	19680000.0	12.0
9841	19682000.0	14.0
9842	19684000.0	7.0
9843	19686000.0	22.0
9844	19688000.0	18.0
9845	19690000.0	18.0
9846	19692000.0	16.0
9847	19694000.0	11.0
9848	19696000.0	21.0
9849	19698000.0	17.0
9850	19700000.0	13.0
9851	19702000.0	20.0
9852	19704000.0	19.0
9853	19706000.0	11.0
9854	19708000.0	15.0
9855	19710000.0	12.0
9856	19712000.0	15.0
9857	19714000.0	17.0
9858	19716000.0	14.0
9859	19718000.0	9.0
9860	19720000.0	20.0
9861	19722000.0	12.0
9862	19724000.0	14.0
9863	19726000.0	15.0
9864	19728000.0	11.0
9865	19730000.0	15.0
9866	19732000.0	16.0
9867	19734000.0	10.0
9868	19736000.0	12.0
9869	19738000.0	13.0
9870	19740000.0	15.0
9871	19742000.0	17.0
9872	19744000.0	10.0
9873	19746000.0	13.0
9874	19748000.0	17.0
9875	19750000.0	14.0
9876	19752000.0	11.0
9877	19754000.0	16.0
9878	19756000.0	10.0
9879	19758000.0	10.0
9880	19760000.0	16.0
9881	19762000.0	14.0
9882	19764000.0	13.0
9883	19766000.0	17.0
9884	19768000.0	16.0
9885	19770000.0	15.0
9886	19772000.0	15.0
9887	19774000.0	8.0
9888	19776000.0	10.0
9889	19778000.0	9.0
9890	19780000.0	13.0
9891	19782000.0	8.0
9892	19784000.0	11.0
9893	19786000.0	17.0
9894	19788000.0	24.0
9895	19790000.0	12.0
9896	19792000.0	15.0
9897	19794000.0	16.0
9898	19796000.0	11.0
9899	19798000.0	13.0
9900	19800000.0	14.0
9901	19802000.0	16.0
9902	19804000.0	12.0
9903	19806000.0	11.0
9904	19808000.0	19.0
9905	19810000.0	11.0
9906	19812000.0	14.0
9907	19814000.0	18.0
9908	19816000.0	19.0
9909	19818000.0	14.0
9910	19820000.0	16.0
9911	19822000.0	10.0
9912	19824000.0	9.0
9913	19826000.0	11.0
9914	19828000.0	14.0
9915	19830000.0	10.0
9916	19832000.0	13.0
9917	19834000.0	16.0
9918	19836000.0	18.0
9919	19838000.0	15.0
9920	19840000.0	17.0
9921	19842000.0	17.0
9922	19844000.0	12.0
9923	19846000.0	14.0
9924	19848000.0	9.0
9925	19850000.0	20.0
9926	19852000.0	18.0
9927	19854000.0	14.0
9928	19856000.0	22.0
9929	19858000.0	14.0
9930	19860000.0	22.0
9931	19862000.0	7.0
9932	19864000.0	13.0
9933	19866000.0	14.0
9934	19868000.0	11.0
9935	19870000.0	17.0
9936	19872000.0	12.0
9937	19874000.0	25.0
9938	19876000.0	17.0
9939	19878000.0	18.0
9940	19880000.0	8.0
9941	19882000.0	5.0
9942	19884000.0	21.0
9943	19886000.0	18.0
9944	19888000.0	23.0
9945	19890000.0	16.0
9946	19892000.0	18.0
9947	19894000.0	13.0
9948	19896000.0	16.0
9949	19898000.0	9.0
9950	19900000.0	21.0
9951	19902000.0	11.0
9952	19904000.0	10.0
9953	19906000.0	13.0
9954	19908000.0	20.0
9955	19910000.0	17.0
9956	19912000.0	12.0
9957	19914000.0	14.0
9958	19916000.0	11.0
9959	19918000.0	13.0
9960	19920000.0	14.0
9961	19922000.0	11.0
9962	19924000.0	13.0
9963	19926000.0	12.0
9964	19928000.0	12.0
9965	19930000.0	15.0
9966	19932000.0	15.0
9967	19934000.0	16.0
9968	19936000.0	13.0
9969	19938000.0	20.0
9970	19940000.0	10.0
9971	19942000.0	14.0
9972	19944000.0	18.0
9973	19946000.0	12.0
9974	19948000.0	15.0
9975	19950000.0	14.0
9976	19952000.0	16.0
9977	19954000.0	20.0
9978	19956000.0	14.0
9979	19958000.0	16.0
9980	19960000.0	15.0
9981	19962000.0	17.0
9982	19964000.0	14.0
9983	19966000.0	16.0
9984	19968000.0	12.0
9985	19970000.0	9.0
9986	19972000.0	15.0
9987	19974000.0	6.0
9988	19976000.0	15.0
9989	19978000.0	14.0
9990	19980000.0	18.0
9991	19982000.0	17.0
9992	19984000.0	13.0
9993	19986000.0	19.0
9994	19988000.0	19.0
9995	19990000.0	12.0
9996	19992000.0	12.0
9997	19994000.0	14.0
9998	19996000.0	15.0
9999	19998000.0	15.0
10000	20000000.0	11.0
10001	20002000.0	15.0
10002	20004000.0	16.0
10003	20006000.0	12.0
10004	20008000.0	11.0
10005	20010000.0	12.0
10006	20012000.0	20.0
10007	20014000.0	17.0
10008	20016000.0	16.0
10009	20018000.0	16.0
10010	20020000.0	12.0
10011	20022000.0	12.0
10012	20024000.0	16.0
10013	20026000.0	14.0
10014	20028000.0	15.0
10015	20030000.0	7.0
10016	20032000.0	9.0
10017	20034000.0	18.0
10018	20036000.0	25.0
10019	20038000.0	14.0
10020	20040000.0	14.0
10021	20042000.0	13.0
10022	20044000.0	9.0
10023	20046000.0	12.0
10024	20048000.0	9.0
10025	20050000.0	17.0
10026	20052000.0	17.0
10027	20054000.0	15.0
10028	20056000.0	21.0
10029	20058000.0	15.0
10030	20060000.0	12.0
10031	20062000.0	20.0
10032	20064000.0	16.0
10033	20066000.0	10.0
10034	20068000.0	21.0
10035	20070000.0	12.0
10036	20072000.0	13.0
10037	20074000.0	15.0
10038	20076000.0	11.0
10039	20078000.0	10.0
10040	20080000.0	19.0
10041	20082000.0	13.0
10042	20084000.0	15.0
10043	20086000.0	10.0
10044	20088000.0	11.0
10045	20090000.0	14.0
10046	20092000.0	10.0
10047	20094000.0	18.0
10048	20096000.0	12.0
10049	20098000.0	14.0
10050	20100000.0	12.0
10051	20102000.0	14.0
10052	20104000.0	13.0
10053	20106000.0	11.0
10054	20108000.0	11.0
10055	20110000.0	17.0
10056	20112000.0	18.0
10057	20114000.0	17.0
10058	20116000.0	18.0
10059	20118000.0	12.0
10060	20120000.0	11.0
10061	20122000.0	17.0
10062	20124000.0	15.0
10063	20126000.0	14.0
10064	20128000.0	15.0
10065	20130000.0	18.0
10066	20132000.0	13.0
10067	20134000.0	10.0
10068	20136000.0	14.0
10069	20138000.0	10.0
10070	20140000.0	13.0
10071	20142000.0	9.0
10072	20144000.0	11.0
10073	20146000.0	16.0
10074	20148000.0	11.0
10075	20150000.0	14.0
10076	20152000.0	9.0
10077	20154000.0	23.0
10078	20156000.0	13.0
10079	20158000.0	13.0
10080	20160000.0	7.0
10081	20162000.0	10.0
10082	20164000.0	11.0
10083	20166000.0	15.0
10084	20168000.0	13.0
10085	20170000.0	15.0
10086	20172000.0	15.0
10087	20174000.0	14.0
10088	20176000.0	18.0
10089	20178000.0	26.0
10090	20180000.0	15.0
10091	20182000.0	8.0
10092	20184000.0	17.0
10093	20186000.0	12.0
10094	20188000.0	15.0
10095	20190000.0	10.0
10096	20192000.0	6.0
10097	20194000.0	10.0
10098	20196000.0	18.0
10099	20198000.0	12.0
10100	20200000.0	18.0
10101	20202000.0	12.0
10102	20204000.0	18.0
10103	20206000.0	10.0
10104	20208000.0	15.0
10105	20210000.0	25.0
10106	20212000.0	11.0
10107	20214000.0	22.0
10108	20216000.0	18.0
10109	20218000.0	23.0
10110	20220000.0	10.0
10111	20222000.0	20.0
10112	20224000.0	11.0
10113	20226000.0	11.0
10114	20228000.0	16.0
10115	20230000.0	14.0
10116	20232000.0	18.0
10117	20234000.0	8.0
10118	20236000.0	17.0
10119	20238000.0	15.0
10120	20240000.0	11.0
10121	20242000.0	20.0
10122	20244000.0	13.0
10123	20246000.0	18.0
10124	20248000.0	15.0
10125	20250000.0	20.0
10126	20252000.0	8.0
10127	20254000.0	10.0
10128	20256000.0	17.0
10129	20258000.0	13.0
10130	20260000.0	9.0
10131	20262000.0	15.0
10132	20264000.0	8.0
10133	20266000.0	10.0
10134	20268000.0	19.0
10135	20270000.0	14.0
10136	20272000.0	14.0
10137	20274000.0	19.0
10138	20276000.0	7.0
10139	20278000.0	12.0
10140	20280000.0	9.0
10141	20282000.0	10.0
10142	20284000.0	15.0
10143	20286000.0	17.0
10144	20288000.0	21.0
10145	20290000.0	7.0
10146	20292000.0	13.0
10147	20294000.0	16.0
10148	20296000.0	23.0
10149	20298000.0	15.0
10150	20300000.0	9.0
10151	20302000.0	15.0
10152	20304000.0	15.0
10153	20306000.0	18.0
10154	20308000.0	19.0
10155	20310000.0	14.0
10156	20312000.0	15.0
10157	20314000.0	14.0
10158	20316000.0	11.0
10159	20318000.0	15.0
10160	20320000.0	15.0
10161	20322000.0	17.0
10162	20324000.0	14.0
10163	20326000.0	16.0
10164	20328000.0	17.0
10165	20330000.0	14.0
10166	20332000.0	9.0
10167	20334000.0	16.0
10168	20336000.0	4.0
10169	20338000.0	12.0
10170	20340000.0	17.0
10171	20342000.0	16.0
10172	20344000.0	13.0
10173	20346000.0	21.0
10174	20348000.0	14.0
10175	20350000.0	12.0
10176	20352000.0	14.0
10177	20354000.0	12.0
10178	20356000.0	18.0
10179	20358000.0	10.0
10180	20360000.0	9.0
10181	20362000.0	18.0
10182	20364000.0	16.0
10183	20366000.0	15.0
10184	20368000.0	16.0
10185	20370000.0	14.0
10186	20372000.0	15.0
10187	20374000.0	17.0
10188	20376000.0	22.0
10189	20378000.0	13.0
10190	20380000.0	14.0
10191	20382000.0	12.0
10192	20384000.0	12.0
10193	20386000.0	19.0
10194	20388000.0	15.0
10195	20390000.0	12.0
10196	20392000.0	16.0
10197	20394000.0	8.0
10198	20396000.0	10.0
10199	20398000.0	12.0
10200	20400000.0	8.0
10201	20402000.0	11.0
10202	20404000.0	19.0
10203	20406000.0	14.0
10204	20408000.0	17.0
10205	20410000.0	18.0
10206	20412000.0	16.0
10207	20414000.0	15.0
10208	20416000.0	8.0
10209	20418000.0	22.0
10210	20420000.0	16.0
10211	20422000.0	10.0
10212	20424000.0	16.0
10213	20426000.0	16.0
10214	20428000.0	7.0
10215	20430000.0	15.0
10216	20432000.0	10.0
10217	20434000.0	24.0
10218	20436000.0	16.0
10219	20438000.0	7.0
10220	20440000.0	11.0
10221	20442000.0	16.0
10222	20444000.0	17.0
10223	20446000.0	19.0
10224	20448000.0	9.0
10225	20450000.0	14.0
10226	20452000.0	11.0
10227	20454000.0	13.0
10228	20456000.0	10.0
10229	20458000.0	11.0
10230	20460000.0	15.0
10231	20462000.0	13.0
10232	20464000.0	11.0
10233	20466000.0	12.0
10234	20468000.0	13.0
10235	20470000.0	18.0
10236	20472000.0	9.0
10237	20474000.0	10.0
10238	20476000.0	10.0
10239	20478000.0	17.0
10240	20480000.0	20.0
10241	20482000.0	12.0
10242	20484000.0	16.0
10243	20486000.0	22.0
10244	20488000.0	12.0
10245	20490000.0	16.0
10246	20492000.0	14.0
10247	20494000.0	18.0
10248	20496000.0	20.0
10249	20498000.0	20.0
10250	20500000.0	7.0
10251	20502000.0	12.0
10252	20504000.0	15.0
10253	20506000.0	14.0
10254	20508000.0	12.0
10255	20510000.0	17.0
10256	20512000.0	12.0
10257	20514000.0	12.0
10258	20516000.0	9.0
10259	20518000.0	16.0
10260	20520000.0	12.0
10261	20522000.0	19.0
10262	20524000.0	19.0
10263	20526000.0	17.0
10264	20528000.0	18.0
10265	20530000.0	15.0
10266	20532000.0	3.0
10267	20534000.0	10.0
10268	20536000.0	11.0
10269	20538000.0	9.0
10270	20540000.0	13.0
10271	20542000.0	17.0
10272	20544000.0	14.0
10273	20546000.0	24.0
10274	20548000.0	12.0
10275	20550000.0	11.0
10276	20552000.0	12.0
10277	20554000.0	15.0
10278	20556000.0	17.0
10279	20558000.0	9.0
10280	20560000.0	16.0
10281	20562000.0	17.0
10282	20564000.0	18.0
10283	20566000.0	14.0
10284	20568000.0	8.0
10285	20570000.0	20.0
10286	20572000.0	13.0
10287	20574000.0	15.0
10288	20576000.0	13.0
10289	20578000.0	15.0
10290	20580000.0	13.0
10291	20582000.0	14.0
10292	20584000.0	12.0
10293	20586000.0	10.0
10294	20588000.0	14.0
10295	20590000.0	20.0
10296	20592000.0	16.0
10297	20594000.0	15.0
10298	20596000.0	13.0
10299	20598000.0	15.0
10300	20600000.0	12.0
10301	20602000.0	19.0
10302	20604000.0	18.0
10303	20606000.0	15.0
10304	20608000.0	12.0
10305	20610000.0	15.0
10306	20612000.0	12.0
10307	20614000.0	13.0
10308	20616000.0	16.0
10309	20618000.0	16.0
10310	20620000.0	14.0
10311	20622000.0	18.0
10312	20624000.0	10.0
10313	20626000.0	16.0
10314	20628000.0	13.0
10315	20630000.0	15.0
10316	20632000.0	20.0
10317	20634000.0	10.0
10318	20636000.0	14.0
10319	20638000.0	15.0
10320	20640000.0	15.0
10321	20642000.0	8.0
10322	20644000.0	17.0
10323	20646000.0	16.0
10324	20648000.0	12.0
10325	20650000.0	10.0
10326	20652000.0	13.0
10327	20654000.0	17.0
10328	20656000.0	12.0
10329	20658000.0	9.0
10330	20660000.0	13.0
10331	20662000.0	10.0
10332	20664000.0	6.0
10333	20666000.0	14.0
10334	20668000.0	18.0
10335	20670000.0	10.0
10336	20672000.0	16.0
10337	20674000.0	10.0
10338	20676000.0	15.0
10339	20678000.0	18.0
10340	20680000.0	13.0
10341	20682000.0	15.0
10342	20684000.0	12.0
10343	20686000.0	17.0
10344	20688000.0	11.0
10345	20690000.0	23.0
10346	20692000.0	16.0
10347	20694000.0	11.0
10348	20696000.0	9.0
10349	20698000.0	14.0
10350	20700000.0	20.0
10351	20702000.0	5.0
10352	20704000.0	17.0
10353	20706000.0	14.0
10354	20708000.0	16.0
10355	20710000.0	4.0
10356	20712000.0	4.0
10357	20714000.0	14.0
10358	20716000.0	14.0
10359	20718000.0	15.0
10360	20720000.0	19.0
10361	20722000.0	19.0
10362	20724000.0	11.0
10363	20726000.0	18.0
10364	20728000.0	21.0
10365	20730000.0	11.0
10366	20732000.0	16.0
10367	20734000.0	14.0
10368	20736000.0	13.0
10369	20738000.0	12.0
10370	20740000.0	13.0
10371	20742000.0	23.0
10372	20744000.0	19.0
10373	20746000.0	11.0
10374	20748000.0	14.0
10375	20750000.0	20.0
10376	20752000.0	9.0
10377	20754000.0	12.0
10378	20756000.0	11.0
10379	20758000.0	13.0
10380	20760000.0	10.0
10381	20762000.0	15.0
10382	20764000.0	10.0
10383	20766000.0	13.0
10384	20768000.0	9.0
10385	20770000.0	5.0
10386	20772000.0	19.0
10387	20774000.0	15.0
10388	20776000.0	14.0
10389	20778000.0	16.0
10390	20780000.0	16.0
10391	20782000.0	13.0
10392	20784000.0	12.0
10393	20786000.0	12.0
10394	20788000.0	19.0
10395	20790000.0	12.0
10396	20792000.0	24.0
10397	20794000.0	19.0
10398	20796000.0	11.0
10399	20798000.0	21.0
10400	20800000.0	15.0
10401	20802000.0	11.0
10402	20804000.0	13.0
10403	20806000.0	10.0
10404	20808000.0	18.0
10405	20810000.0	13.0
10406	20812000.0	11.0
10407	20814000.0	12.0
10408	20816000.0	13.0
10409	20818000.0	14.0
10410	20820000.0	8.0
10411	20822000.0	11.0
10412	20824000.0	13.0
10413	20826000.0	18.0
10414	20828000.0	8.0
10415	20830000.0	18.0
10416	20832000.0	17.0
10417	20834000.0	9.0
10418	20836000.0	12.0
10419	20838000.0	15.0
10420	20840000.0	11.0
10421	20842000.0	13.0
10422	20844000.0	14.0
10423	20846000.0	13.0
10424	20848000.0	14.0
10425	20850000.0	11.0
10426	20852000.0	18.0
10427	20854000.0	14.0
10428	20856000.0	15.0
10429	20858000.0	15.0
10430	20860000.0	11.0
10431	20862000.0	15.0
10432	20864000.0	13.0
10433	20866000.0	14.0
10434	20868000.0	17.0
10435	20870000.0	8.0
10436	20872000.0	18.0
10437	20874000.0	17.0
10438	20876000.0	12.0
10439	20878000.0	13.0
10440	20880000.0	17.0
10441	20882000.0	15.0
10442	20884000.0	8.0
10443	20886000.0	18.0
10444	20888000.0	14.0
10445	20890000.0	16.0
10446	20892000.0	9.0
10447	20894000.0	8.0
10448	20896000.0	18.0
10449	20898000.0	10.0
10450	20900000.0	14.0
10451	20902000.0	11.0
10452	20904000.0	16.0
10453	20906000.0	16.0
10454	20908000.0	13.0
10455	20910000.0	11.0
10456	20912000.0	13.0
10457	20914000.0	16.0
10458	20916000.0	15.0
10459	20918000.0	18.0
10460	20920000.0	15.0
10461	20922000.0	16.0
10462	20924000.0	16.0
10463	20926000.0	7.0
10464	20928000.0	9.0
10465	20930000.0	21.0
10466	20932000.0	15.0
10467	20934000.0	14.0
10468	20936000.0	11.0
10469	20938000.0	16.0
10470	20940000.0	20.0
10471	20942000.0	8.0
10472	20944000.0	9.0
10473	20946000.0	15.0
10474	20948000.0	23.0
10475	20950000.0	12.0
10476	20952000.0	17.0
10477	20954000.0	17.0
10478	20956000.0	12.0
10479	20958000.0	21.0
10480	20960000.0	13.0
10481	20962000.0	18.0
10482	20964000.0	15.0
10483	20966000.0	11.0
10484	20968000.0	13.0
10485	20970000.0	10.0
10486	20972000.0	11.0
10487	20974000.0	18.0
10488	20976000.0	7.0
10489	20978000.0	18.0
10490	20980000.0	16.0
10491	20982000.0	16.0
10492	20984000.0	20.0
10493	20986000.0	14.0
10494	20988000.0	15.0
10495	20990000.0	19.0
10496	20992000.0	12.0
10497	20994000.0	10.0
10498	20996000.0	10.0
10499	20998000.0	20.0
10500	21000000.0	12.0
10501	21002000.0	11.0
10502	21004000.0	12.0
10503	21006000.0	14.0
10504	21008000.0	12.0
10505	21010000.0	12.0
10506	21012000.0	12.0
10507	21014000.0	9.0
10508	21016000.0	14.0
10509	21018000.0	13.0
10510	21020000.0	17.0
10511	21022000.0	10.0
10512	21024000.0	10.0
10513	21026000.0	24.0
10514	21028000.0	16.0
10515	21030000.0	11.0
10516	21032000.0	14.0
10517	21034000.0	11.0
10518	21036000.0	16.0
10519	21038000.0	11.0
10520	21040000.0	15.0
10521	21042000.0	12.0
10522	21044000.0	15.0
10523	21046000.0	12.0
10524	21048000.0	25.0
10525	21050000.0	13.0
10526	21052000.0	13.0
10527	21054000.0	18.0
10528	21056000.0	10.0
10529	21058000.0	9.0
10530	21060000.0	11.0
10531	21062000.0	8.0
10532	21064000.0	12.0
10533	21066000.0	16.0
10534	21068000.0	11.0
10535	21070000.0	11.0
10536	21072000.0	11.0
10537	21074000.0	16.0
10538	21076000.0	9.0
10539	21078000.0	15.0
10540	21080000.0	14.0
10541	21082000.0	10.0
10542	21084000.0	13.0
10543	21086000.0	7.0
10544	21088000.0	13.0
10545	21090000.0	11.0
10546	21092000.0	14.0
10547	21094000.0	15.0
10548	21096000.0	12.0
10549	21098000.0	15.0
10550	21100000.0	12.0
10551	21102000.0	11.0
10552	21104000.0	13.0
10553	21106000.0	15.0
10554	21108000.0	16.0
10555	21110000.0	17.0
10556	21112000.0	14.0
10557	21114000.0	16.0
10558	21116000.0	16.0
10559	21118000.0	14.0
10560	21120000.0	12.0
10561	21122000.0	10.0
10562	21124000.0	13.0
10563	21126000.0	12.0
10564	21128000.0	18.0
10565	21130000.0	10.0
10566	21132000.0	10.0
10567	21134000.0	11.0
10568	21136000.0	10.0
10569	21138000.0	7.0
10570	21140000.0	20.0
10571	21142000.0	17.0
10572	21144000.0	13.0
10573	21146000.0	6.0
10574	21148000.0	15.0
10575	21150000.0	16.0
10576	21152000.0	14.0
10577	21154000.0	8.0
10578	21156000.0	12.0
10579	21158000.0	5.0
10580	21160000.0	15.0
10581	21162000.0	11.0
10582	21164000.0	11.0
10583	21166000.0	19.0
10584	21168000.0	12.0
10585	21170000.0	10.0
10586	21172000.0	8.0
10587	21174000.0	17.0
10588	21176000.0	19.0
10589	21178000.0	15.0
10590	21180000.0	14.0
10591	21182000.0	12.0
10592	21184000.0	16.0
10593	21186000.0	13.0
10594	21188000.0	19.0
10595	21190000.0	16.0
10596	21192000.0	14.0
10597	21194000.0	12.0
10598	21196000.0	14.0
10599	21198000.0	20.0
10600	21200000.0	6.0
10601	21202000.0	19.0
10602	21204000.0	14.0
10603	21206000.0	12.0
10604	21208000.0	13.0
10605	21210000.0	19.0
10606	21212000.0	11.0
10607	21214000.0	14.0
10608	21216000.0	17.0
10609	21218000.0	9.0
10610	21220000.0	11.0
10611	21222000.0	10.0
10612	21224000.0	17.0
10613	21226000.0	12.0
10614	21228000.0	17.0
10615	21230000.0	9.0
10616	21232000.0	11.0
10617	21234000.0	17.0
10618	21236000.0	10.0
10619	21238000.0	14.0
10620	21240000.0	15.0
10621	21242000.0	15.0
10622	21244000.0	15.0
10623	21246000.0	14.0
10624	21248000.0	13.0
10625	21250000.0	14.0
10626	21252000.0	21.0
10627	21254000.0	16.0
10628	21256000.0	16.0
10629	21258000.0	14.0
10630	21260000.0	13.0
10631	21262000.0	10.0
10632	21264000.0	12.0
10633	21266000.0	20.0
10634	21268000.0	11.0
10635	21270000.0	12.0
10636	21272000.0	14.0
10637	21274000.0	19.0
10638	21276000.0	12.0
10639	21278000.0	8.0
10640	21280000.0	11.0
10641	21282000.0	11.0
10642	21284000.0	15.0
10643	21286000.0	13.0
10644	21288000.0	9.0
10645	21290000.0	12.0
10646	21292000.0	17.0
10647	21294000.0	6.0
10648	21296000.0	15.0
10649	21298000.0	7.0
10650	21300000.0	15.0
10651	21302000.0	12.0
10652	21304000.0	14.0
10653	21306000.0	17.0
10654	21308000.0	17.0
10655	21310000.0	13.0
10656	21312000.0	14.0
10657	21314000.0	13.0
10658	21316000.0	13.0
10659	21318000.0	21.0
10660	21320000.0	14.0
10661	21322000.0	18.0
10662	21324000.0	10.0
10663	21326000.0	12.0
10664	21328000.0	18.0
10665	21330000.0	20.0
10666	21332000.0	11.0
10667	21334000.0	17.0
10668	21336000.0	9.0
10669	21338000.0	14.0
10670	21340000.0	8.0
10671	21342000.0	17.0
10672	21344000.0	15.0
10673	21346000.0	14.0
10674	21348000.0	9.0
10675	21350000.0	13.0
10676	21352000.0	12.0
10677	21354000.0	15.0
10678	21356000.0	13.0
10679	21358000.0	9.0
10680	21360000.0	14.0
10681	21362000.0	11.0
10682	21364000.0	12.0
10683	21366000.0	8.0
10684	21368000.0	11.0
10685	21370000.0	16.0
10686	21372000.0	7.0
10687	21374000.0	12.0
10688	21376000.0	11.0
10689	21378000.0	16.0
10690	21380000.0	10.0
10691	21382000.0	11.0
10692	21384000.0	19.0
10693	21386000.0	14.0
10694	21388000.0	8.0
10695	21390000.0	16.0
10696	21392000.0	11.0
10697	21394000.0	12.0
10698	21396000.0	16.0
10699	21398000.0	19.0
10700	21400000.0	13.0
10701	21402000.0	12.0
10702	21404000.0	7.0
10703	21406000.0	13.0
10704	21408000.0	13.0
10705	21410000.0	19.0
10706	21412000.0	16.0
10707	21414000.0	11.0
10708	21416000.0	8.0
10709	21418000.0	12.0
10710	21420000.0	15.0
10711	21422000.0	14.0
10712	21424000.0	23.0
10713	21426000.0	12.0
10714	21428000.0	19.0
10715	21430000.0	18.0
10716	21432000.0	11.0
10717	21434000.0	19.0
10718	21436000.0	10.0
10719	21438000.0	15.0
10720	21440000.0	21.0
10721	21442000.0	11.0
10722	21444000.0	14.0
10723	21446000.0	18.0
10724	21448000.0	12.0
10725	21450000.0	13.0
10726	21452000.0	16.0
10727	21454000.0	10.0
10728	21456000.0	15.0
10729	21458000.0	8.0
10730	21460000.0	8.0
10731	21462000.0	9.0
10732	21464000.0	12.0
10733	21466000.0	13.0
10734	21468000.0	9.0
10735	21470000.0	12.0
10736	21472000.0	19.0
10737	21474000.0	10.0
10738	21476000.0	10.0
10739	21478000.0	10.0
10740	21480000.0	12.0
10741	21482000.0	12.0
10742	21484000.0	14.0
10743	21486000.0	15.0
10744	21488000.0	18.0
10745	21490000.0	14.0
10746	21492000.0	14.0
10747	21494000.0	10.0
10748	21496000.0	16.0
10749	21498000.0	9.0
10750	21500000.0	10.0
10751	21502000.0	17.0
10752	21504000.0	10.0
10753	21506000.0	12.0
10754	21508000.0	17.0
10755	21510000.0	12.0
10756	21512000.0	18.0
10757	21514000.0	11.0
10758	21516000.0	12.0
10759	21518000.0	10.0
10760	21520000.0	19.0
10761	21522000.0	13.0
10762	21524000.0	17.0
10763	21526000.0	12.0
10764	21528000.0	10.0
10765	21530000.0	11.0
10766	21532000.0	23.0
10767	21534000.0	16.0
10768	21536000.0	12.0
10769	21538000.0	16.0
10770	21540000.0	8.0
10771	21542000.0	13.0
10772	21544000.0	14.0
10773	21546000.0	11.0
10774	21548000.0	16.0
10775	21550000.0	11.0
10776	21552000.0	10.0
10777	21554000.0	12.0
10778	21556000.0	13.0
10779	21558000.0	11.0
10780	21560000.0	9.0
10781	21562000.0	8.0
10782	21564000.0	15.0
10783	21566000.0	7.0
10784	21568000.0	15.0
10785	21570000.0	14.0
10786	21572000.0	12.0
10787	21574000.0	13.0
10788	21576000.0	14.0
10789	21578000.0	17.0
10790	21580000.0	13.0
10791	21582000.0	12.0
10792	21584000.0	10.0
10793	21586000.0	14.0
10794	21588000.0	14.0
10795	21590000.0	26.0
10796	21592000.0	12.0
10797	21594000.0	16.0
10798	21596000.0	13.0
10799	21598000.0	14.0
10800	21600000.0	10.0
10801	21602000.0	12.0
10802	21604000.0	12.0
10803	21606000.0	12.0
10804	21608000.0	11.0
10805	21610000.0	14.0
10806	21612000.0	11.0
10807	21614000.0	8.0
10808	21616000.0	18.0
10809	21618000.0	12.0
10810	21620000.0	12.0
10811	21622000.0	10.0
10812	21624000.0	18.0
10813	21626000.0	18.0
10814	21628000.0	13.0
10815	21630000.0	9.0
10816	21632000.0	16.0
10817	21634000.0	14.0
10818	21636000.0	11.0
10819	21638000.0	15.0
10820	21640000.0	15.0
10821	21642000.0	9.0
10822	21644000.0	13.0
10823	21646000.0	13.0
10824	21648000.0	14.0
10825	21650000.0	14.0
10826	21652000.0	12.0
10827	21654000.0	13.0
10828	21656000.0	9.0
10829	21658000.0	10.0
10830	21660000.0	15.0
10831	21662000.0	13.0
10832	21664000.0	14.0
10833	21666000.0	12.0
10834	21668000.0	6.0
10835	21670000.0	8.0
10836	21672000.0	10.0
10837	21674000.0	9.0
10838	21676000.0	11.0
10839	21678000.0	21.0
10840	21680000.0	17.0
10841	21682000.0	9.0
10842	21684000.0	8.0
10843	21686000.0	13.0
10844	21688000.0	7.0
10845	21690000.0	11.0
10846	21692000.0	8.0
10847	21694000.0	16.0
10848	21696000.0	10.0
10849	21698000.0	15.0
10850	21700000.0	11.0
10851	21702000.0	11.0
10852	21704000.0	13.0
10853	21706000.0	10.0
10854	21708000.0	12.0
10855	21710000.0	9.0
10856	21712000.0	14.0
10857	21714000.0	14.0
10858	21716000.0	11.0
10859	21718000.0	12.0
10860	21720000.0	16.0
10861	21722000.0	15.0
10862	21724000.0	14.0
10863	21726000.0	15.0
10864	21728000.0	15.0
10865	21730000.0	14.0
10866	21732000.0	10.0
10867	21734000.0	14.0
10868	21736000.0	11.0
10869	21738000.0	11.0
10870	21740000.0	15.0
10871	21742000.0	7.0
10872	21744000.0	15.0
10873	21746000.0	5.0
10874	21748000.0	13.0
10875	21750000.0	11.0
10876	21752000.0	6.0
10877	21754000.0	17.0
10878	21756000.0	8.0
10879	21758000.0	10.0
10880	21760000.0	15.0
10881	21762000.0	20.0
10882	21764000.0	5.0
10883	21766000.0	13.0
10884	21768000.0	16.0
10885	21770000.0	12.0
10886	21772000.0	13.0
10887	21774000.0	14.0
10888	21776000.0	9.0
10889	21778000.0	15.0
10890	21780000.0	13.0
10891	21782000.0	11.0
10892	21784000.0	9.0
10893	21786000.0	10.0
10894	21788000.0	15.0
10895	21790000.0	9.0
10896	21792000.0	14.0
10897	21794000.0	13.0
10898	21796000.0	16.0
10899	21798000.0	10.0
10900	21800000.0	9.0
10901	21802000.0	13.0
10902	21804000.0	15.0
10903	21806000.0	13.0
10904	21808000.0	12.0
10905	21810000.0	16.0
10906	21812000.0	15.0
10907	21814000.0	11.0
10908	21816000.0	17.0
10909	21818000.0	18.0
10910	21820000.0	11.0
10911	21822000.0	21.0
10912	21824000.0	17.0
10913	21826000.0	14.0
10914	21828000.0	15.0
10915	21830000.0	16.0
10916	21832000.0	15.0
10917	21834000.0	9.0
10918	21836000.0	14.0
10919	21838000.0	9.0
10920	21840000.0	10.0
10921	21842000.0	12.0
10922	21844000.0	17.0
10923	21846000.0	15.0
10924	21848000.0	15.0
10925	21850000.0	16.0
10926	21852000.0	13.0
10927	21854000.0	11.0
10928	21856000.0	15.0
10929	21858000.0	10.0
10930	21860000.0	8.0
10931	21862000.0	12.0
10932	21864000.0	13.0
10933	21866000.0	14.0
10934	21868000.0	15.0
10935	21870000.0	15.0
10936	21872000.0	12.0
10937	21874000.0	18.0
10938	21876000.0	15.0
10939	21878000.0	16.0
10940	21880000.0	14.0
10941	21882000.0	7.0
10942	21884000.0	13.0
10943	21886000.0	16.0
10944	21888000.0	11.0
10945	21890000.0	14.0
10946	21892000.0	16.0
10947	21894000.0	20.0
10948	21896000.0	12.0
10949	21898000.0	9.0
10950	21900000.0	12.0
10951	21902000.0	9.0
10952	21904000.0	13.0
10953	21906000.0	10.0
10954	21908000.0	10.0
10955	21910000.0	18.0
10956	21912000.0	14.0
10957	21914000.0	10.0
10958	21916000.0	11.0
10959	21918000.0	11.0
10960	21920000.0	7.0
10961	21922000.0	11.0
10962	21924000.0	13.0
10963	21926000.0	8.0
10964	21928000.0	15.0
10965	21930000.0	14.0
10966	21932000.0	11.0
10967	21934000.0	16.0
10968	21936000.0	11.0
10969	21938000.0	17.0
10970	21940000.0	7.0
10971	21942000.0	13.0
10972	21944000.0	12.0
10973	21946000.0	17.0
10974	21948000.0	9.0
10975	21950000.0	12.0
10976	21952000.0	16.0
10977	21954000.0	15.0
10978	21956000.0	10.0
10979	21958000.0	8.0
10980	21960000.0	9.0
10981	21962000.0	9.0
10982	21964000.0	13.0
10983	21966000.0	9.0
10984	21968000.0	13.0
10985	21970000.0	16.0
10986	21972000.0	8.0
10987	21974000.0	11.0
10988	21976000.0	11.0
10989	21978000.0	13.0
10990	21980000.0	9.0
10991	21982000.0	12.0
10992	21984000.0	13.0
10993	21986000.0	12.0
10994	21988000.0	17.0
10995	21990000.0	15.0
10996	21992000.0	12.0
10997	21994000.0	10.0
10998	21996000.0	13.0
10999	21998000.0	21.0
11000	22000000.0	15.0
11001	22002000.0	17.0
11002	22004000.0	15.0
11003	22006000.0	14.0
11004	22008000.0	14.0
11005	22010000.0	13.0
11006	22012000.0	16.0
11007	22014000.0	11.0
11008	22016000.0	7.0
11009	22018000.0	12.0
11010	22020000.0	9.0
11011	22022000.0	15.0
11012	22024000.0	9.0
11013	22026000.0	12.0
11014	22028000.0	7.0
11015	22030000.0	9.0
11016	22032000.0	12.0
11017	22034000.0	12.0
11018	22036000.0	10.0
11019	22038000.0	16.0
11020	22040000.0	15.0
11021	22042000.0	16.0
11022	22044000.0	12.0
11023	22046000.0	14.0
11024	22048000.0	10.0
11025	22050000.0	7.0
11026	22052000.0	12.0
11027	22054000.0	14.0
11028	22056000.0	19.0
11029	22058000.0	11.0
11030	22060000.0	15.0
11031	22062000.0	11.0
11032	22064000.0	16.0
11033	22066000.0	10.0
11034	22068000.0	15.0
11035	22070000.0	13.0
11036	22072000.0	10.0
11037	22074000.0	8.0
11038	22076000.0	12.0
11039	22078000.0	5.0
11040	22080000.0	13.0
11041	22082000.0	11.0
11042	22084000.0	15.0
11043	22086000.0	15.0
11044	22088000.0	20.0
11045	22090000.0	7.0
11046	22092000.0	14.0
11047	22094000.0	16.0
11048	22096000.0	10.0
11049	22098000.0	14.0
11050	22100000.0	12.0
11051	22102000.0	14.0
11052	22104000.0	14.0
11053	22106000.0	17.0
11054	22108000.0	12.0
11055	22110000.0	11.0
11056	22112000.0	13.0
11057	22114000.0	16.0
11058	22116000.0	12.0
11059	22118000.0	9.0
11060	22120000.0	11.0
11061	22122000.0	6.0
11062	22124000.0	7.0
11063	22126000.0	10.0
11064	22128000.0	12.0
11065	22130000.0	21.0
11066	22132000.0	12.0
11067	22134000.0	6.0
11068	22136000.0	7.0
11069	22138000.0	13.0
11070	22140000.0	12.0
11071	22142000.0	18.0
11072	22144000.0	10.0
11073	22146000.0	16.0
11074	22148000.0	11.0
11075	22150000.0	8.0
11076	22152000.0	12.0
11077	22154000.0	18.0
11078	22156000.0	12.0
11079	22158000.0	9.0
11080	22160000.0	12.0
11081	22162000.0	9.0
11082	22164000.0	7.0
11083	22166000.0	15.0
11084	22168000.0	10.0
11085	22170000.0	10.0
11086	22172000.0	15.0
11087	22174000.0	7.0
11088	22176000.0	14.0
11089	22178000.0	14.0
11090	22180000.0	11.0
11091	22182000.0	14.0
11092	22184000.0	11.0
11093	22186000.0	13.0
11094	22188000.0	16.0
11095	22190000.0	12.0
11096	22192000.0	17.0
11097	22194000.0	20.0
11098	22196000.0	14.0
11099	22198000.0	12.0
11100	22200000.0	19.0
11101	22202000.0	13.0
11102	22204000.0	17.0
11103	22206000.0	19.0
11104	22208000.0	13.0
11105	22210000.0	7.0
11106	22212000.0	11.0
11107	22214000.0	9.0
11108	22216000.0	15.0
11109	22218000.0	12.0
11110	22220000.0	12.0
11111	22222000.0	15.0
11112	22224000.0	15.0
11113	22226000.0	9.0
11114	22228000.0	9.0
11115	22230000.0	2.0
11116	22232000.0	11.0
11117	22234000.0	17.0
11118	22236000.0	11.0
11119	22238000.0	15.0
11120	22240000.0	16.0
11121	22242000.0	14.0
11122	22244000.0	10.0
11123	22246000.0	18.0
11124	22248000.0	17.0
11125	22250000.0	16.0
11126	22252000.0	16.0
11127	22254000.0	11.0
11128	22256000.0	11.0
11129	22258000.0	15.0
11130	22260000.0	16.0
11131	22262000.0	9.0
11132	22264000.0	11.0
11133	22266000.0	11.0
11134	22268000.0	12.0
11135	22270000.0	13.0
11136	22272000.0	17.0
11137	22274000.0	6.0
11138	22276000.0	15.0
11139	22278000.0	10.0
11140	22280000.0	15.0
11141	22282000.0	13.0
11142	22284000.0	8.0
11143	22286000.0	16.0
11144	22288000.0	8.0
11145	22290000.0	11.0
11146	22292000.0	10.0
11147	22294000.0	13.0
11148	22296000.0	16.0
11149	22298000.0	13.0
11150	22300000.0	15.0
11151	22302000.0	12.0
11152	22304000.0	10.0
11153	22306000.0	16.0
11154	22308000.0	8.0
11155	22310000.0	18.0
11156	22312000.0	16.0
11157	22314000.0	12.0
11158	22316000.0	11.0
11159	22318000.0	13.0
11160	22320000.0	13.0
11161	22322000.0	10.0
11162	22324000.0	18.0
11163	22326000.0	11.0
11164	22328000.0	15.0
11165	22330000.0	9.0
11166	22332000.0	11.0
11167	22334000.0	14.0
11168	22336000.0	9.0
11169	22338000.0	12.0
11170	22340000.0	11.0
11171	22342000.0	8.0
11172	22344000.0	10.0
11173	22346000.0	9.0
11174	22348000.0	13.0
11175	22350000.0	16.0
11176	22352000.0	16.0
11177	22354000.0	14.0
11178	22356000.0	10.0
11179	22358000.0	10.0
11180	22360000.0	20.0
11181	22362000.0	14.0
11182	22364000.0	22.0
11183	22366000.0	15.0
11184	22368000.0	16.0
11185	22370000.0	16.0
11186	22372000.0	15.0
11187	22374000.0	9.0
11188	22376000.0	21.0
11189	22378000.0	7.0
11190	22380000.0	13.0
11191	22382000.0	13.0
11192	22384000.0	6.0
11193	22386000.0	14.0
11194	22388000.0	9.0
11195	22390000.0	9.0
11196	22392000.0	9.0
11197	22394000.0	12.0
11198	22396000.0	13.0
11199	22398000.0	12.0
11200	22400000.0	15.0
11201	22402000.0	11.0
11202	22404000.0	11.0
11203	22406000.0	10.0
11204	22408000.0	13.0
11205	22410000.0	15.0
11206	22412000.0	16.0
11207	22414000.0	17.0
11208	22416000.0	14.0
11209	22418000.0	6.0
11210	22420000.0	13.0
11211	22422000.0	10.0
11212	22424000.0	15.0
11213	22426000.0	17.0
11214	22428000.0	13.0
11215	22430000.0	13.0
11216	22432000.0	15.0
11217	22434000.0	7.0
11218	22436000.0	10.0
11219	22438000.0	9.0
11220	22440000.0	12.0
11221	22442000.0	7.0
11222	22444000.0	12.0
11223	22446000.0	12.0
11224	22448000.0	21.0
11225	22450000.0	12.0
11226	22452000.0	17.0
11227	22454000.0	10.0
11228	22456000.0	11.0
11229	22458000.0	13.0
11230	22460000.0	15.0
11231	22462000.0	15.0
11232	22464000.0	8.0
11233	22466000.0	12.0
11234	22468000.0	8.0
11235	22470000.0	13.0
11236	22472000.0	12.0
11237	22474000.0	19.0
11238	22476000.0	14.0
11239	22478000.0	16.0
11240	22480000.0	16.0
11241	22482000.0	18.0
11242	22484000.0	14.0
11243	22486000.0	10.0
11244	22488000.0	8.0
11245	22490000.0	11.0
11246	22492000.0	11.0
11247	22494000.0	6.0
11248	22496000.0	14.0
11249	22498000.0	15.0
11250	22500000.0	14.0
11251	22502000.0	13.0
11252	22504000.0	16.0
11253	22506000.0	13.0
11254	22508000.0	19.0
11255	22510000.0	11.0
11256	22512000.0	16.0
11257	22514000.0	16.0
11258	22516000.0	12.0
11259	22518000.0	11.0
11260	22520000.0	16.0
11261	22522000.0	14.0
11262	22524000.0	6.0
11263	22526000.0	16.0
11264	22528000.0	15.0
11265	22530000.0	13.0
11266	22532000.0	9.0
11267	22534000.0	8.0
11268	22536000.0	9.0
11269	22538000.0	15.0
11270	22540000.0	9.0
11271	22542000.0	23.0
11272	22544000.0	12.0
11273	22546000.0	9.0
11274	22548000.0	14.0
11275	22550000.0	11.0
11276	22552000.0	13.0
11277	22554000.0	14.0
11278	22556000.0	11.0
11279	22558000.0	12.0
11280	22560000.0	11.0
11281	22562000.0	10.0
11282	22564000.0	15.0
11283	22566000.0	6.0
11284	22568000.0	13.0
11285	22570000.0	19.0
11286	22572000.0	11.0
11287	22574000.0	15.0
11288	22576000.0	19.0
11289	22578000.0	12.0
11290	22580000.0	14.0
11291	22582000.0	7.0
11292	22584000.0	16.0
11293	22586000.0	19.0
11294	22588000.0	7.0
11295	22590000.0	14.0
11296	22592000.0	12.0
11297	22594000.0	13.0
11298	22596000.0	17.0
11299	22598000.0	17.0
11300	22600000.0	11.0
11301	22602000.0	11.0
11302	22604000.0	10.0
11303	22606000.0	5.0
11304	22608000.0	16.0
11305	22610000.0	14.0
11306	22612000.0	11.0
11307	22614000.0	16.0
11308	22616000.0	11.0
11309	22618000.0	12.0
11310	22620000.0	12.0
11311	22622000.0	13.0
11312	22624000.0	11.0
11313	22626000.0	15.0
11314	22628000.0	9.0
11315	22630000.0	10.0
11316	22632000.0	11.0
11317	22634000.0	12.0
11318	22636000.0	7.0
11319	22638000.0	13.0
11320	22640000.0	15.0
11321	22642000.0	15.0
11322	22644000.0	12.0
11323	22646000.0	12.0
11324	22648000.0	14.0
11325	22650000.0	15.0
11326	22652000.0	9.0
11327	22654000.0	8.0
11328	22656000.0	13.0
11329	22658000.0	13.0
11330	22660000.0	15.0
11331	22662000.0	19.0
11332	22664000.0	13.0
11333	22666000.0	14.0
11334	22668000.0	17.0
11335	22670000.0	11.0
11336	22672000.0	7.0
11337	22674000.0	11.0
11338	22676000.0	15.0
11339	22678000.0	11.0
11340	22680000.0	14.0
11341	22682000.0	11.0
11342	22684000.0	15.0
11343	22686000.0	12.0
11344	22688000.0	18.0
11345	22690000.0	18.0
11346	22692000.0	10.0
11347	22694000.0	8.0
11348	22696000.0	9.0
11349	22698000.0	10.0
11350	22700000.0	17.0
11351	22702000.0	10.0
11352	22704000.0	18.0
11353	22706000.0	15.0
11354	22708000.0	17.0
11355	22710000.0	16.0
11356	22712000.0	15.0
11357	22714000.0	9.0
11358	22716000.0	17.0
11359	22718000.0	19.0
11360	22720000.0	8.0
11361	22722000.0	8.0
11362	22724000.0	12.0
11363	22726000.0	13.0
11364	22728000.0	15.0
11365	22730000.0	7.0
11366	22732000.0	11.0
11367	22734000.0	9.0
11368	22736000.0	6.0
11369	22738000.0	22.0
11370	22740000.0	14.0
11371	22742000.0	13.0
11372	22744000.0	11.0
11373	22746000.0	7.0
11374	22748000.0	15.0
11375	22750000.0	14.0
11376	22752000.0	12.0
11377	22754000.0	12.0
11378	22756000.0	13.0
11379	22758000.0	17.0
11380	22760000.0	16.0
11381	22762000.0	11.0
11382	22764000.0	11.0
11383	22766000.0	10.0
11384	22768000.0	17.0
11385	22770000.0	14.0
11386	22772000.0	14.0
11387	22774000.0	19.0
11388	22776000.0	8.0
11389	22778000.0	13.0
11390	22780000.0	18.0
11391	22782000.0	10.0
11392	22784000.0	11.0
11393	22786000.0	17.0
11394	22788000.0	16.0
11395	22790000.0	9.0
11396	22792000.0	14.0
11397	22794000.0	15.0
11398	22796000.0	11.0
11399	22798000.0	12.0
11400	22800000.0	10.0
11401	22802000.0	8.0
11402	22804000.0	9.0
11403	22806000.0	14.0
11404	22808000.0	10.0
11405	22810000.0	12.0
11406	22812000.0	11.0
11407	22814000.0	8.0
11408	22816000.0	9.0
11409	22818000.0	11.0
11410	22820000.0	7.0
11411	22822000.0	12.0
11412	22824000.0	8.0
11413	22826000.0	12.0
11414	22828000.0	16.0
11415	22830000.0	8.0
11416	22832000.0	9.0
11417	22834000.0	12.0
11418	22836000.0	13.0
11419	22838000.0	15.0
11420	22840000.0	9.0
11421	22842000.0	9.0
11422	22844000.0	11.0
11423	22846000.0	7.0
11424	22848000.0	13.0
11425	22850000.0	12.0
11426	22852000.0	12.0
11427	22854000.0	10.0
11428	22856000.0	10.0
11429	22858000.0	9.0
11430	22860000.0	17.0
11431	22862000.0	9.0
11432	22864000.0	19.0
11433	22866000.0	14.0
11434	22868000.0	11.0
11435	22870000.0	8.0
11436	22872000.0	16.0
11437	22874000.0	13.0
11438	22876000.0	7.0
11439	22878000.0	10.0
11440	22880000.0	8.0
11441	22882000.0	7.0
11442	22884000.0	12.0
11443	22886000.0	9.0
11444	22888000.0	12.0
11445	22890000.0	7.0
11446	22892000.0	10.0
11447	22894000.0	18.0
11448	22896000.0	12.0
11449	22898000.0	13.0
11450	22900000.0	6.0
11451	22902000.0	5.0
11452	22904000.0	11.0
11453	22906000.0	17.0
11454	22908000.0	5.0
11455	22910000.0	7.0
11456	22912000.0	15.0
11457	22914000.0	12.0
11458	22916000.0	18.0
11459	22918000.0	16.0
11460	22920000.0	15.0
11461	22922000.0	14.0
11462	22924000.0	8.0
11463	22926000.0	11.0
11464	22928000.0	12.0
11465	22930000.0	13.0
11466	22932000.0	11.0
11467	22934000.0	5.0
11468	22936000.0	14.0
11469	22938000.0	12.0
11470	22940000.0	9.0
11471	22942000.0	18.0
11472	22944000.0	9.0
11473	22946000.0	5.0
11474	22948000.0	13.0
11475	22950000.0	8.0
11476	22952000.0	12.0
11477	22954000.0	12.0
11478	22956000.0	11.0
11479	22958000.0	12.0
11480	22960000.0	12.0
11481	22962000.0	19.0
11482	22964000.0	8.0
11483	22966000.0	19.0
11484	22968000.0	10.0
11485	22970000.0	17.0
11486	22972000.0	16.0
11487	22974000.0	8.0
11488	22976000.0	9.0
11489	22978000.0	6.0
11490	22980000.0	14.0
11491	22982000.0	17.0
11492	22984000.0	14.0
11493	22986000.0	12.0
11494	22988000.0	15.0
11495	22990000.0	10.0
11496	22992000.0	11.0
11497	22994000.0	11.0
11498	22996000.0	11.0
11499	22998000.0	7.0
11500	23000000.0	15.0
11501	23002000.0	15.0
11502	23004000.0	14.0
11503	23006000.0	11.0
11504	23008000.0	23.0
11505	23010000.0	11.0
11506	23012000.0	11.0
11507	23014000.0	10.0
11508	23016000.0	19.0
11509	23018000.0	14.0
11510	23020000.0	13.0
11511	23022000.0	13.0
11512	23024000.0	12.0
11513	23026000.0	9.0
11514	23028000.0	17.0
11515	23030000.0	14.0
11516	23032000.0	12.0
11517	23034000.0	14.0
11518	23036000.0	15.0
11519	23038000.0	15.0
11520	23040000.0	10.0
11521	23042000.0	17.0
11522	23044000.0	12.0
11523	23046000.0	14.0
11524	23048000.0	13.0
11525	23050000.0	7.0
11526	23052000.0	15.0
11527	23054000.0	8.0
11528	23056000.0	18.0
11529	23058000.0	13.0
11530	23060000.0	14.0
11531	23062000.0	6.0
11532	23064000.0	12.0
11533	23066000.0	11.0
11534	23068000.0	15.0
11535	23070000.0	15.0
11536	23072000.0	19.0
11537	23074000.0	11.0
11538	23076000.0	13.0
11539	23078000.0	13.0
11540	23080000.0	16.0
11541	23082000.0	16.0
11542	23084000.0	18.0
11543	23086000.0	14.0
11544	23088000.0	11.0
11545	23090000.0	12.0
11546	23092000.0	15.0
11547	23094000.0	16.0
11548	23096000.0	9.0
11549	23098000.0	14.0
11550	23100000.0	11.0
11551	23102000.0	15.0
11552	23104000.0	15.0
11553	23106000.0	12.0
11554	23108000.0	9.0
11555	23110000.0	16.0
11556	23112000.0	6.0
11557	23114000.0	11.0
11558	23116000.0	13.0
11559	23118000.0	11.0
11560	23120000.0	13.0
11561	23122000.0	23.0
11562	23124000.0	16.0
11563	23126000.0	11.0
11564	23128000.0	7.0
11565	23130000.0	13.0
11566	23132000.0	11.0
11567	23134000.0	10.0
11568	23136000.0	15.0
11569	23138000.0	15.0
11570	23140000.0	13.0
11571	23142000.0	14.0
11572	23144000.0	15.0
11573	23146000.0	13.0
11574	23148000.0	16.0
11575	23150000.0	13.0
11576	23152000.0	13.0
11577	23154000.0	12.0
11578	23156000.0	10.0
11579	23158000.0	11.0
11580	23160000.0	15.0
11581	23162000.0	17.0
11582	23164000.0	12.0
11583	23166000.0	10.0
11584	23168000.0	10.0
11585	23170000.0	11.0
11586	23172000.0	12.0
11587	23174000.0	9.0
11588	23176000.0	8.0
11589	23178000.0	6.0
11590	23180000.0	13.0
11591	23182000.0	11.0
11592	23184000.0	13.0
11593	23186000.0	15.0
11594	23188000.0	10.0
11595	23190000.0	8.0
11596	23192000.0	12.0
11597	23194000.0	12.0
11598	23196000.0	11.0
11599	23198000.0	15.0
11600	23200000.0	12.0
11601	23202000.0	10.0
11602	23204000.0	11.0
11603	23206000.0	10.0
11604	23208000.0	12.0
11605	23210000.0	11.0
11606	23212000.0	10.0
11607	23214000.0	10.0
11608	23216000.0	20.0
11609	23218000.0	16.0
11610	23220000.0	6.0
11611	23222000.0	13.0
11612	23224000.0	12.0
11613	23226000.0	6.0
11614	23228000.0	26.0
11615	23230000.0	10.0
11616	23232000.0	11.0
11617	23234000.0	9.0
11618	23236000.0	16.0
11619	23238000.0	14.0
11620	23240000.0	12.0
11621	23242000.0	10.0
11622	23244000.0	16.0
11623	23246000.0	11.0
11624	23248000.0	11.0
11625	23250000.0	12.0
11626	23252000.0	8.0
11627	23254000.0	8.0
11628	23256000.0	9.0
11629	23258000.0	15.0
11630	23260000.0	10.0
11631	23262000.0	15.0
11632	23264000.0	14.0
11633	23266000.0	9.0
11634	23268000.0	7.0
11635	23270000.0	18.0
11636	23272000.0	11.0
11637	23274000.0	21.0
11638	23276000.0	4.0
11639	23278000.0	14.0
11640	23280000.0	17.0
11641	23282000.0	14.0
11642	23284000.0	8.0
11643	23286000.0	10.0
11644	23288000.0	5.0
11645	23290000.0	10.0
11646	23292000.0	8.0
11647	23294000.0	16.0
11648	23296000.0	17.0
11649	23298000.0	10.0
11650	23300000.0	9.0
11651	23302000.0	14.0
11652	23304000.0	10.0
11653	23306000.0	8.0
11654	23308000.0	10.0
11655	23310000.0	12.0
11656	23312000.0	15.0
11657	23314000.0	15.0
11658	23316000.0	9.0
11659	23318000.0	11.0
11660	23320000.0	15.0
11661	23322000.0	13.0
11662	23324000.0	13.0
11663	23326000.0	11.0
11664	23328000.0	14.0
11665	23330000.0	13.0
11666	23332000.0	10.0
11667	23334000.0	7.0
11668	23336000.0	16.0
11669	23338000.0	12.0
11670	23340000.0	16.0
11671	23342000.0	15.0
11672	23344000.0	11.0
11673	23346000.0	16.0
11674	23348000.0	8.0
11675	23350000.0	11.0
11676	23352000.0	17.0
11677	23354000.0	14.0
11678	23356000.0	14.0
11679	23358000.0	13.0
11680	23360000.0	9.0
11681	23362000.0	13.0
11682	23364000.0	8.0
11683	23366000.0	10.0
11684	23368000.0	17.0
11685	23370000.0	9.0
11686	23372000.0	10.0
11687	23374000.0	21.0
11688	23376000.0	15.0
11689	23378000.0	10.0
11690	23380000.0	17.0
11691	23382000.0	8.0
11692	23384000.0	11.0
11693	23386000.0	10.0
11694	23388000.0	10.0
11695	23390000.0	12.0
11696	23392000.0	11.0
11697	23394000.0	12.0
11698	23396000.0	15.0
11699	23398000.0	11.0
11700	23400000.0	17.0
11701	23402000.0	8.0
11702	23404000.0	9.0
11703	23406000.0	11.0
11704	23408000.0	10.0
11705	23410000.0	5.0
11706	23412000.0	16.0
11707	23414000.0	8.0
11708	23416000.0	8.0
11709	23418000.0	6.0
11710	23420000.0	4.0
11711	23422000.0	11.0
11712	23424000.0	7.0
11713	23426000.0	11.0
11714	23428000.0	16.0
11715	23430000.0	18.0
11716	23432000.0	17.0
11717	23434000.0	7.0
11718	23436000.0	6.0
11719	23438000.0	10.0
11720	23440000.0	20.0
11721	23442000.0	15.0
11722	23444000.0	15.0
11723	23446000.0	12.0
11724	23448000.0	10.0
11725	23450000.0	12.0
11726	23452000.0	7.0
11727	23454000.0	13.0
11728	23456000.0	10.0
11729	23458000.0	9.0
11730	23460000.0	14.0
11731	23462000.0	13.0
11732	23464000.0	9.0
11733	23466000.0	9.0
11734	23468000.0	11.0
11735	23470000.0	14.0
11736	23472000.0	12.0
11737	23474000.0	11.0
11738	23476000.0	15.0
11739	23478000.0	9.0
11740	23480000.0	14.0
11741	23482000.0	11.0
11742	23484000.0	13.0
11743	23486000.0	16.0
11744	23488000.0	13.0
11745	23490000.0	12.0
11746	23492000.0	16.0
11747	23494000.0	11.0
11748	23496000.0	11.0
11749	23498000.0	12.0
11750	23500000.0	13.0
11751	23502000.0	16.0
11752	23504000.0	14.0
11753	23506000.0	14.0
11754	23508000.0	6.0
11755	23510000.0	7.0
11756	23512000.0	11.0
11757	23514000.0	9.0
11758	23516000.0	11.0
11759	23518000.0	10.0
11760	23520000.0	9.0
11761	23522000.0	17.0
11762	23524000.0	8.0
11763	23526000.0	11.0
11764	23528000.0	9.0
11765	23530000.0	15.0
11766	23532000.0	10.0
11767	23534000.0	12.0
11768	23536000.0	11.0
11769	23538000.0	16.0
11770	23540000.0	10.0
11771	23542000.0	6.0
11772	23544000.0	12.0
11773	23546000.0	11.0
11774	23548000.0	17.0
11775	23550000.0	19.0
11776	23552000.0	7.0
11777	23554000.0	12.0
11778	23556000.0	13.0
11779	23558000.0	14.0
11780	23560000.0	13.0
11781	23562000.0	13.0
11782	23564000.0	14.0
11783	23566000.0	12.0
11784	23568000.0	6.0
11785	23570000.0	16.0
11786	23572000.0	9.0
11787	23574000.0	13.0
11788	23576000.0	13.0
11789	23578000.0	12.0
11790	23580000.0	14.0
11791	23582000.0	12.0
11792	23584000.0	19.0
11793	23586000.0	13.0
11794	23588000.0	12.0
11795	23590000.0	19.0
11796	23592000.0	14.0
11797	23594000.0	11.0
11798	23596000.0	13.0
11799	23598000.0	10.0
11800	23600000.0	11.0
11801	23602000.0	9.0
11802	23604000.0	10.0
11803	23606000.0	17.0
11804	23608000.0	13.0
11805	23610000.0	7.0
11806	23612000.0	16.0
11807	23614000.0	17.0
11808	23616000.0	18.0
11809	23618000.0	16.0
11810	23620000.0	19.0
11811	23622000.0	14.0
11812	23624000.0	12.0
11813	23626000.0	14.0
11814	23628000.0	7.0
11815	23630000.0	11.0
11816	23632000.0	21.0
11817	23634000.0	12.0
11818	23636000.0	15.0
11819	23638000.0	13.0
11820	23640000.0	14.0
11821	23642000.0	11.0
11822	23644000.0	3.0
11823	23646000.0	12.0
11824	23648000.0	13.0
11825	23650000.0	12.0
11826	23652000.0	8.0
11827	23654000.0	18.0
11828	23656000.0	11.0
11829	23658000.0	13.0
11830	23660000.0	11.0
11831	23662000.0	8.0
11832	23664000.0	12.0
11833	23666000.0	10.0
11834	23668000.0	9.0
11835	23670000.0	10.0
11836	23672000.0	12.0
11837	23674000.0	19.0
11838	23676000.0	10.0
11839	23678000.0	12.0
11840	23680000.0	11.0
11841	23682000.0	12.0
11842	23684000.0	11.0
11843	23686000.0	12.0
11844	23688000.0	11.0
11845	23690000.0	7.0
11846	23692000.0	12.0
11847	23694000.0	18.0
11848	23696000.0	20.0
11849	23698000.0	14.0
11850	23700000.0	15.0
11851	23702000.0	11.0
11852	23704000.0	10.0
11853	23706000.0	11.0
11854	23708000.0	12.0
11855	23710000.0	13.0
11856	23712000.0	10.0
11857	23714000.0	16.0
11858	23716000.0	9.0
11859	23718000.0	10.0
11860	23720000.0	5.0
11861	23722000.0	6.0
11862	23724000.0	9.0
11863	23726000.0	10.0
11864	23728000.0	11.0
11865	23730000.0	8.0
11866	23732000.0	8.0
11867	23734000.0	12.0
11868	23736000.0	18.0
11869	23738000.0	7.0
11870	23740000.0	19.0
11871	23742000.0	17.0
11872	23744000.0	6.0
11873	23746000.0	7.0
11874	23748000.0	11.0
11875	23750000.0	7.0
11876	23752000.0	14.0
11877	23754000.0	8.0
11878	23756000.0	11.0
11879	23758000.0	9.0
11880	23760000.0	17.0
11881	23762000.0	13.0
11882	23764000.0	17.0
11883	23766000.0	7.0
11884	23768000.0	15.0
11885	23770000.0	12.0
11886	23772000.0	18.0
11887	23774000.0	15.0
11888	23776000.0	12.0
11889	23778000.0	7.0
11890	23780000.0	14.0
11891	23782000.0	16.0
11892	23784000.0	16.0
11893	23786000.0	15.0
11894	23788000.0	8.0
11895	23790000.0	18.0
11896	23792000.0	12.0
11897	23794000.0	18.0
11898	23796000.0	15.0
11899	23798000.0	13.0
11900	23800000.0	13.0
11901	23802000.0	8.0
11902	23804000.0	9.0
11903	23806000.0	15.0
11904	23808000.0	10.0
11905	23810000.0	15.0
11906	23812000.0	22.0
11907	23814000.0	11.0
11908	23816000.0	16.0
11909	23818000.0	11.0
11910	23820000.0	15.0
11911	23822000.0	11.0
11912	23824000.0	9.0
11913	23826000.0	7.0
11914	23828000.0	13.0
11915	23830000.0	10.0
11916	23832000.0	14.0
11917	23834000.0	14.0
11918	23836000.0	11.0
11919	23838000.0	11.0
11920	23840000.0	12.0
11921	23842000.0	13.0
11922	23844000.0	7.0
11923	23846000.0	13.0
11924	23848000.0	14.0
11925	23850000.0	16.0
11926	23852000.0	13.0
11927	23854000.0	13.0
11928	23856000.0	19.0
11929	23858000.0	9.0
11930	23860000.0	8.0
11931	23862000.0	12.0
11932	23864000.0	9.0
11933	23866000.0	10.0
11934	23868000.0	15.0
11935	23870000.0	14.0
11936	23872000.0	13.0
11937	23874000.0	8.0
11938	23876000.0	8.0
11939	23878000.0	11.0
11940	23880000.0	11.0
11941	23882000.0	6.0
11942	23884000.0	19.0
11943	23886000.0	14.0
11944	23888000.0	10.0
11945	23890000.0	11.0
11946	23892000.0	11.0
11947	23894000.0	6.0
11948	23896000.0	14.0
11949	23898000.0	15.0
11950	23900000.0	9.0
11951	23902000.0	20.0
11952	23904000.0	12.0
11953	23906000.0	9.0
11954	23908000.0	13.0
11955	23910000.0	10.0
11956	23912000.0	11.0
11957	23914000.0	12.0
11958	23916000.0	7.0
11959	23918000.0	8.0
11960	23920000.0	12.0
11961	23922000.0	12.0
11962	23924000.0	18.0
11963	23926000.0	8.0
11964	23928000.0	16.0
11965	23930000.0	10.0
11966	23932000.0	14.0
11967	23934000.0	13.0
11968	23936000.0	10.0
11969	23938000.0	16.0
11970	23940000.0	11.0
11971	23942000.0	13.0
11972	23944000.0	8.0
11973	23946000.0	9.0
11974	23948000.0	10.0
11975	23950000.0	16.0
11976	23952000.0	9.0
11977	23954000.0	19.0
11978	23956000.0	8.0
11979	23958000.0	8.0
11980	23960000.0	8.0
11981	23962000.0	7.0
11982	23964000.0	10.0
11983	23966000.0	14.0
11984	23968000.0	17.0
11985	23970000.0	11.0
11986	23972000.0	11.0
11987	23974000.0	7.0
11988	23976000.0	19.0
11989	23978000.0	12.0
11990	23980000.0	10.0
11991	23982000.0	7.0
11992	23984000.0	9.0
11993	23986000.0	15.0
11994	23988000.0	11.0
11995	23990000.0	13.0
11996	23992000.0	11.0
11997	23994000.0	8.0
11998	23996000.0	9.0
11999	23998000.0	8.0
12000	24000000.0	14.0
12001	24002000.0	13.0
12002	24004000.0	14.0
12003	24006000.0	13.0
12004	24008000.0	13.0
12005	24010000.0	11.0
12006	24012000.0	10.0
12007	24014000.0	14.0
12008	24016000.0	19.0
12009	24018000.0	12.0
12010	24020000.0	10.0
12011	24022000.0	12.0
12012	24024000.0	13.0
12013	24026000.0	7.0
12014	24028000.0	7.0
12015	24030000.0	14.0
12016	24032000.0	8.0
12017	24034000.0	11.0
12018	24036000.0	11.0
12019	24038000.0	11.0
12020	24040000.0	10.0
12021	24042000.0	15.0
12022	24044000.0	13.0
12023	24046000.0	11.0
12024	24048000.0	15.0
12025	24050000.0	14.0
12026	24052000.0	8.0
12027	24054000.0	11.0
12028	24056000.0	9.0
12029	24058000.0	12.0
12030	24060000.0	12.0
12031	24062000.0	15.0
12032	24064000.0	9.0
12033	24066000.0	14.0
12034	24068000.0	14.0
12035	24070000.0	10.0
12036	24072000.0	10.0
12037	24074000.0	13.0
12038	24076000.0	7.0
12039	24078000.0	10.0
12040	24080000.0	10.0
12041	24082000.0	21.0
12042	24084000.0	12.0
12043	24086000.0	14.0
12044	24088000.0	14.0
12045	24090000.0	8.0
12046	24092000.0	6.0
12047	24094000.0	9.0
12048	24096000.0	14.0
12049	24098000.0	10.0
12050	24100000.0	14.0
12051	24102000.0	11.0
12052	24104000.0	12.0
12053	24106000.0	16.0
12054	24108000.0	17.0
12055	24110000.0	11.0
12056	24112000.0	14.0
12057	24114000.0	15.0
12058	24116000.0	11.0
12059	24118000.0	19.0
12060	24120000.0	9.0
12061	24122000.0	7.0
12062	24124000.0	9.0
12063	24126000.0	18.0
12064	24128000.0	14.0
12065	24130000.0	10.0
12066	24132000.0	15.0
12067	24134000.0	9.0
12068	24136000.0	13.0
12069	24138000.0	10.0
12070	24140000.0	17.0
12071	24142000.0	12.0
12072	24144000.0	8.0
12073	24146000.0	9.0
12074	24148000.0	14.0
12075	24150000.0	10.0
12076	24152000.0	14.0
12077	24154000.0	10.0
12078	24156000.0	12.0
12079	24158000.0	11.0
12080	24160000.0	6.0
12081	24162000.0	8.0
12082	24164000.0	17.0
12083	24166000.0	13.0
12084	24168000.0	8.0
12085	24170000.0	9.0
12086	24172000.0	15.0
12087	24174000.0	16.0
12088	24176000.0	11.0
12089	24178000.0	9.0
12090	24180000.0	6.0
12091	24182000.0	9.0
12092	24184000.0	13.0
12093	24186000.0	9.0
12094	24188000.0	10.0
12095	24190000.0	8.0
12096	24192000.0	12.0
12097	24194000.0	7.0
12098	24196000.0	11.0
12099	24198000.0	9.0
12100	24200000.0	19.0
12101	24202000.0	14.0
12102	24204000.0	10.0
12103	24206000.0	14.0
12104	24208000.0	12.0
12105	24210000.0	15.0
12106	24212000.0	5.0
12107	24214000.0	7.0
12108	24216000.0	12.0
12109	24218000.0	6.0
12110	24220000.0	8.0
12111	24222000.0	10.0
12112	24224000.0	12.0
12113	24226000.0	6.0
12114	24228000.0	15.0
12115	24230000.0	14.0
12116	24232000.0	14.0
12117	24234000.0	12.0
12118	24236000.0	6.0
12119	24238000.0	13.0
12120	24240000.0	12.0
12121	24242000.0	13.0
12122	24244000.0	9.0
12123	24246000.0	7.0
12124	24248000.0	8.0
12125	24250000.0	9.0
12126	24252000.0	9.0
12127	24254000.0	8.0
12128	24256000.0	9.0
12129	24258000.0	12.0
12130	24260000.0	10.0
12131	24262000.0	14.0
12132	24264000.0	9.0
12133	24266000.0	11.0
12134	24268000.0	13.0
12135	24270000.0	8.0
12136	24272000.0	9.0
12137	24274000.0	10.0
12138	24276000.0	15.0
12139	24278000.0	18.0
12140	24280000.0	12.0
12141	24282000.0	14.0
12142	24284000.0	13.0
12143	24286000.0	9.0
12144	24288000.0	14.0
12145	24290000.0	14.0
12146	24292000.0	14.0
12147	24294000.0	11.0
12148	24296000.0	19.0
12149	24298000.0	13.0
12150	24300000.0	15.0
12151	24302000.0	17.0
12152	24304000.0	9.0
12153	24306000.0	14.0
12154	24308000.0	9.0
12155	24310000.0	16.0
12156	24312000.0	10.0
12157	24314000.0	13.0
12158	24316000.0	9.0
12159	24318000.0	20.0
12160	24320000.0	16.0
12161	24322000.0	12.0
12162	24324000.0	8.0
12163	24326000.0	16.0
12164	24328000.0	16.0
12165	24330000.0	13.0
12166	24332000.0	11.0
12167	24334000.0	11.0
12168	24336000.0	15.0
12169	24338000.0	11.0
12170	24340000.0	16.0
12171	24342000.0	15.0
12172	24344000.0	17.0
12173	24346000.0	16.0
12174	24348000.0	9.0
12175	24350000.0	14.0
12176	24352000.0	11.0
12177	24354000.0	16.0
12178	24356000.0	5.0
12179	24358000.0	14.0
12180	24360000.0	12.0
12181	24362000.0	5.0
12182	24364000.0	12.0
12183	24366000.0	11.0
12184	24368000.0	11.0
12185	24370000.0	6.0
12186	24372000.0	17.0
12187	24374000.0	10.0
12188	24376000.0	11.0
12189	24378000.0	21.0
12190	24380000.0	13.0
12191	24382000.0	10.0
12192	24384000.0	11.0
12193	24386000.0	11.0
12194	24388000.0	9.0
12195	24390000.0	10.0
12196	24392000.0	15.0
12197	24394000.0	8.0
12198	24396000.0	7.0
12199	24398000.0	15.0
12200	24400000.0	13.0
12201	24402000.0	13.0
12202	24404000.0	14.0
12203	24406000.0	10.0
12204	24408000.0	20.0
12205	24410000.0	11.0
12206	24412000.0	10.0
12207	24414000.0	8.0
12208	24416000.0	8.0
12209	24418000.0	10.0
12210	24420000.0	8.0
12211	24422000.0	15.0
12212	24424000.0	7.0
12213	24426000.0	11.0
12214	24428000.0	10.0
12215	24430000.0	17.0
12216	24432000.0	17.0
12217	24434000.0	9.0
12218	24436000.0	15.0
12219	24438000.0	12.0
12220	24440000.0	13.0
12221	24442000.0	9.0
12222	24444000.0	4.0
12223	24446000.0	9.0
12224	24448000.0	12.0
12225	24450000.0	10.0
12226	24452000.0	11.0
12227	24454000.0	11.0
12228	24456000.0	11.0
12229	24458000.0	7.0
12230	24460000.0	13.0
12231	24462000.0	18.0
12232	24464000.0	8.0
12233	24466000.0	12.0
12234	24468000.0	8.0
12235	24470000.0	11.0
12236	24472000.0	12.0
12237	24474000.0	18.0
12238	24476000.0	12.0
12239	24478000.0	7.0
12240	24480000.0	9.0
12241	24482000.0	15.0
12242	24484000.0	10.0
12243	24486000.0	10.0
12244	24488000.0	10.0
12245	24490000.0	12.0
12246	24492000.0	11.0
12247	24494000.0	7.0
12248	24496000.0	12.0
12249	24498000.0	14.0
12250	24500000.0	11.0
12251	24502000.0	11.0
12252	24504000.0	9.0
12253	24506000.0	16.0
12254	24508000.0	15.0
12255	24510000.0	10.0
12256	24512000.0	10.0
12257	24514000.0	9.0
12258	24516000.0	7.0
12259	24518000.0	11.0
12260	24520000.0	4.0
12261	24522000.0	12.0
12262	24524000.0	5.0
12263	24526000.0	4.0
12264	24528000.0	18.0
12265	24530000.0	8.0
12266	24532000.0	21.0
12267	24534000.0	14.0
12268	24536000.0	8.0
12269	24538000.0	8.0
12270	24540000.0	11.0
12271	24542000.0	9.0
12272	24544000.0	11.0
12273	24546000.0	12.0
12274	24548000.0	13.0
12275	24550000.0	14.0
12276	24552000.0	12.0
12277	24554000.0	11.0
12278	24556000.0	8.0
12279	24558000.0	9.0
12280	24560000.0	12.0
12281	24562000.0	11.0
12282	24564000.0	7.0
12283	24566000.0	10.0
12284	24568000.0	11.0
12285	24570000.0	12.0
12286	24572000.0	9.0
12287	24574000.0	9.0
12288	24576000.0	13.0
12289	24578000.0	14.0
12290	24580000.0	7.0
12291	24582000.0	14.0
12292	24584000.0	9.0
12293	24586000.0	9.0
12294	24588000.0	11.0
12295	24590000.0	8.0
12296	24592000.0	15.0
12297	24594000.0	8.0
12298	24596000.0	10.0
12299	24598000.0	7.0
12300	24600000.0	12.0
12301	24602000.0	10.0
12302	24604000.0	15.0
12303	24606000.0	8.0
12304	24608000.0	6.0
12305	24610000.0	11.0
12306	24612000.0	5.0
12307	24614000.0	15.0
12308	24616000.0	9.0
12309	24618000.0	10.0
12310	24620000.0	8.0
12311	24622000.0	7.0
12312	24624000.0	6.0
12313	24626000.0	9.0
12314	24628000.0	9.0
12315	24630000.0	14.0
12316	24632000.0	5.0
12317	24634000.0	14.0
12318	24636000.0	14.0
12319	24638000.0	11.0
12320	24640000.0	13.0
12321	24642000.0	13.0
12322	24644000.0	15.0
12323	24646000.0	10.0
12324	24648000.0	14.0
12325	24650000.0	4.0
12326	24652000.0	7.0
12327	24654000.0	13.0
12328	24656000.0	8.0
12329	24658000.0	7.0
12330	24660000.0	10.0
12331	24662000.0	10.0
12332	24664000.0	3.0
12333	24666000.0	12.0
12334	24668000.0	16.0
12335	24670000.0	5.0
12336	24672000.0	6.0
12337	24674000.0	13.0
12338	24676000.0	16.0
12339	24678000.0	6.0
12340	24680000.0	11.0
12341	24682000.0	12.0
12342	24684000.0	6.0
12343	24686000.0	14.0
12344	24688000.0	9.0
12345	24690000.0	7.0
12346	24692000.0	8.0
12347	24694000.0	17.0
12348	24696000.0	10.0
12349	24698000.0	4.0
12350	24700000.0	4.0
12351	24702000.0	9.0
12352	24704000.0	10.0
12353	24706000.0	6.0
12354	24708000.0	16.0
12355	24710000.0	8.0
12356	24712000.0	8.0
12357	24714000.0	5.0
12358	24716000.0	12.0
12359	24718000.0	4.0
12360	24720000.0	13.0
12361	24722000.0	11.0
12362	24724000.0	7.0
12363	24726000.0	15.0
12364	24728000.0	8.0
12365	24730000.0	5.0
12366	24732000.0	10.0
12367	24734000.0	14.0
12368	24736000.0	7.0
12369	24738000.0	14.0
12370	24740000.0	17.0
12371	24742000.0	12.0
12372	24744000.0	8.0
12373	24746000.0	11.0
12374	24748000.0	13.0
12375	24750000.0	12.0
12376	24752000.0	10.0
12377	24754000.0	10.0
12378	24756000.0	11.0
12379	24758000.0	7.0
12380	24760000.0	11.0
12381	24762000.0	10.0
12382	24764000.0	14.0
12383	24766000.0	20.0
12384	24768000.0	11.0
12385	24770000.0	12.0
12386	24772000.0	15.0
12387	24774000.0	9.0
12388	24776000.0	11.0
12389	24778000.0	9.0
12390	24780000.0	10.0
12391	24782000.0	16.0
12392	24784000.0	7.0
12393	24786000.0	8.0
12394	24788000.0	5.0
12395	24790000.0	13.0
12396	24792000.0	8.0
12397	24794000.0	9.0
12398	24796000.0	10.0
12399	24798000.0	11.0
12400	24800000.0	19.0
12401	24802000.0	11.0
12402	24804000.0	10.0
12403	24806000.0	11.0
12404	24808000.0	13.0
12405	24810000.0	16.0
12406	24812000.0	10.0
12407	24814000.0	4.0
12408	24816000.0	10.0
12409	24818000.0	17.0
12410	24820000.0	9.0
12411	24822000.0	14.0
12412	24824000.0	9.0
12413	24826000.0	10.0
12414	24828000.0	10.0
12415	24830000.0	11.0
12416	24832000.0	8.0
12417	24834000.0	15.0
12418	24836000.0	5.0
12419	24838000.0	15.0
12420	24840000.0	12.0
12421	24842000.0	10.0
12422	24844000.0	20.0
12423	24846000.0	12.0
12424	24848000.0	16.0
12425	24850000.0	8.0
12426	24852000.0	15.0
12427	24854000.0	13.0
12428	24856000.0	8.0
12429	24858000.0	10.0
12430	24860000.0	12.0
12431	24862000.0	5.0
12432	24864000.0	12.0
12433	24866000.0	9.0
12434	24868000.0	15.0
12435	24870000.0	13.0
12436	24872000.0	9.0
12437	24874000.0	12.0
12438	24876000.0	8.0
12439	24878000.0	12.0
12440	24880000.0	13.0
12441	24882000.0	12.0
12442	24884000.0	7.0
12443	24886000.0	4.0
12444	24888000.0	8.0
12445	24890000.0	8.0
12446	24892000.0	9.0
12447	24894000.0	5.0
12448	24896000.0	12.0
12449	24898000.0	13.0
12450	24900000.0	12.0
12451	24902000.0	8.0
12452	24904000.0	10.0
12453	24906000.0	15.0
12454	24908000.0	19.0
12455	24910000.0	15.0
12456	24912000.0	8.0
12457	24914000.0	15.0
12458	24916000.0	13.0
12459	24918000.0	10.0
12460	24920000.0	9.0
12461	24922000.0	9.0
12462	24924000.0	14.0
12463	24926000.0	7.0
12464	24928000.0	15.0
12465	24930000.0	6.0
12466	24932000.0	14.0
12467	24934000.0	9.0
12468	24936000.0	15.0
12469	24938000.0	17.0
12470	24940000.0	20.0
12471	24942000.0	8.0
12472	24944000.0	15.0
12473	24946000.0	12.0
12474	24948000.0	6.0
12475	24950000.0	11.0
12476	24952000.0	11.0
12477	24954000.0	9.0
12478	24956000.0	17.0
12479	24958000.0	12.0
12480	24960000.0	7.0
12481	24962000.0	14.0
12482	24964000.0	16.0
12483	24966000.0	10.0
12484	24968000.0	9.0
12485	24970000.0	10.0
12486	24972000.0	7.0
12487	24974000.0	8.0
12488	24976000.0	18.0
12489	24978000.0	13.0
12490	24980000.0	9.0
12491	24982000.0	15.0
12492	24984000.0	8.0
12493	24986000.0	13.0
12494	24988000.0	12.0
12495	24990000.0	15.0
12496	24992000.0	8.0
12497	24994000.0	10.0
12498	24996000.0	18.0
12499	24998000.0	9.0
12500	25000000.0	8.0
12501	25002000.0	13.0
12502	25004000.0	21.0
12503	25006000.0	11.0
12504	25008000.0	9.0
12505	25010000.0	10.0
12506	25012000.0	11.0
12507	25014000.0	14.0
12508	25016000.0	14.0
12509	25018000.0	10.0
12510	25020000.0	15.0
12511	25022000.0	13.0
12512	25024000.0	10.0
12513	25026000.0	19.0
12514	25028000.0	16.0
12515	25030000.0	13.0
12516	25032000.0	11.0
12517	25034000.0	15.0
12518	25036000.0	9.0
12519	25038000.0	15.0
12520	25040000.0	13.0
12521	25042000.0	14.0
12522	25044000.0	11.0
12523	25046000.0	9.0
12524	25048000.0	13.0
12525	25050000.0	9.0
12526	25052000.0	12.0
12527	25054000.0	1.0
12528	25056000.0	14.0
12529	25058000.0	10.0
12530	25060000.0	5.0
12531	25062000.0	14.0
12532	25064000.0	12.0
12533	25066000.0	11.0
12534	25068000.0	11.0
12535	25070000.0	10.0
12536	25072000.0	14.0
12537	25074000.0	11.0
12538	25076000.0	12.0
12539	25078000.0	15.0
12540	25080000.0	6.0
12541	25082000.0	17.0
12542	25084000.0	16.0
12543	25086000.0	15.0
12544	25088000.0	17.0
12545	25090000.0	13.0
12546	25092000.0	16.0
12547	25094000.0	15.0
12548	25096000.0	7.0
12549	25098000.0	11.0
12550	25100000.0	8.0
12551	25102000.0	13.0
12552	25104000.0	10.0
12553	25106000.0	12.0
12554	25108000.0	11.0
12555	25110000.0	14.0
12556	25112000.0	10.0
12557	25114000.0	6.0
12558	25116000.0	13.0
12559	25118000.0	11.0
12560	25120000.0	11.0
12561	25122000.0	9.0
12562	25124000.0	11.0
12563	25126000.0	9.0
12564	25128000.0	11.0
12565	25130000.0	16.0
12566	25132000.0	10.0
12567	25134000.0	14.0
12568	25136000.0	11.0
12569	25138000.0	10.0
12570	25140000.0	8.0
12571	25142000.0	5.0
12572	25144000.0	12.0
12573	25146000.0	6.0
12574	25148000.0	7.0
12575	25150000.0	12.0
12576	25152000.0	9.0
12577	25154000.0	11.0
12578	25156000.0	14.0
12579	25158000.0	16.0
12580	25160000.0	10.0
12581	25162000.0	14.0
12582	25164000.0	8.0
12583	25166000.0	10.0
12584	25168000.0	7.0
12585	25170000.0	14.0
12586	25172000.0	11.0
12587	25174000.0	6.0
12588	25176000.0	6.0
12589	25178000.0	10.0
12590	25180000.0	8.0
12591	25182000.0	11.0
12592	25184000.0	14.0
12593	25186000.0	13.0
12594	25188000.0	4.0
12595	25190000.0	10.0
12596	25192000.0	10.0
12597	25194000.0	9.0
12598	25196000.0	13.0
12599	25198000.0	13.0
12600	25200000.0	6.0
12601	25202000.0	11.0
12602	25204000.0	10.0
12603	25206000.0	10.0
12604	25208000.0	10.0
12605	25210000.0	13.0
12606	25212000.0	11.0
12607	25214000.0	16.0
12608	25216000.0	11.0
12609	25218000.0	12.0
12610	25220000.0	6.0
12611	25222000.0	12.0
12612	25224000.0	10.0
12613	25226000.0	11.0
12614	25228000.0	15.0
12615	25230000.0	8.0
12616	25232000.0	17.0
12617	25234000.0	13.0
12618	25236000.0	7.0
12619	25238000.0	11.0
12620	25240000.0	18.0
12621	25242000.0	9.0
12622	25244000.0	12.0
12623	25246000.0	10.0
12624	25248000.0	12.0
12625	25250000.0	9.0
12626	25252000.0	8.0
12627	25254000.0	12.0
12628	25256000.0	12.0
12629	25258000.0	6.0
12630	25260000.0	17.0
12631	25262000.0	12.0
12632	25264000.0	12.0
12633	25266000.0	15.0
12634	25268000.0	9.0
12635	25270000.0	7.0
12636	25272000.0	14.0
12637	25274000.0	12.0
12638	25276000.0	17.0
12639	25278000.0	16.0
12640	25280000.0	11.0
12641	25282000.0	12.0
12642	25284000.0	10.0
12643	25286000.0	10.0
12644	25288000.0	11.0
12645	25290000.0	9.0
12646	25292000.0	14.0
12647	25294000.0	15.0
12648	25296000.0	9.0
12649	25298000.0	10.0
12650	25300000.0	10.0
12651	25302000.0	12.0
12652	25304000.0	15.0
12653	25306000.0	15.0
12654	25308000.0	8.0
12655	25310000.0	12.0
12656	25312000.0	15.0
12657	25314000.0	12.0
12658	25316000.0	11.0
12659	25318000.0	16.0
12660	25320000.0	8.0
12661	25322000.0	12.0
12662	25324000.0	8.0
12663	25326000.0	8.0
12664	25328000.0	12.0
12665	25330000.0	9.0
12666	25332000.0	10.0
12667	25334000.0	5.0
12668	25336000.0	13.0
12669	25338000.0	7.0
12670	25340000.0	10.0
12671	25342000.0	14.0
12672	25344000.0	15.0
12673	25346000.0	12.0
12674	25348000.0	7.0
12675	25350000.0	13.0
12676	25352000.0	7.0
12677	25354000.0	18.0
12678	25356000.0	6.0
12679	25358000.0	9.0
12680	25360000.0	15.0
12681	25362000.0	9.0
12682	25364000.0	9.0
12683	25366000.0	8.0
12684	25368000.0	13.0
12685	25370000.0	6.0
12686	25372000.0	15.0
12687	25374000.0	17.0
12688	25376000.0	6.0
12689	25378000.0	11.0
12690	25380000.0	4.0
12691	25382000.0	13.0
12692	25384000.0	9.0
12693	25386000.0	10.0
12694	25388000.0	11.0
12695	25390000.0	12.0
12696	25392000.0	10.0
12697	25394000.0	14.0
12698	25396000.0	14.0
12699	25398000.0	13.0
12700	25400000.0	12.0
12701	25402000.0	8.0
12702	25404000.0	9.0
12703	25406000.0	13.0
12704	25408000.0	9.0
12705	25410000.0	15.0
12706	25412000.0	15.0
12707	25414000.0	9.0
12708	25416000.0	8.0
12709	25418000.0	8.0
12710	25420000.0	6.0
12711	25422000.0	12.0
12712	25424000.0	13.0
12713	25426000.0	13.0
12714	25428000.0	12.0
12715	25430000.0	6.0
12716	25432000.0	12.0
12717	25434000.0	8.0
12718	25436000.0	6.0
12719	25438000.0	9.0
12720	25440000.0	13.0
12721	25442000.0	9.0
12722	25444000.0	12.0
12723	25446000.0	7.0
12724	25448000.0	16.0
12725	25450000.0	8.0
12726	25452000.0	2.0
12727	25454000.0	10.0
12728	25456000.0	14.0
12729	25458000.0	13.0
12730	25460000.0	8.0
12731	25462000.0	12.0
12732	25464000.0	11.0
12733	25466000.0	12.0
12734	25468000.0	10.0
12735	25470000.0	7.0
12736	25472000.0	10.0
12737	25474000.0	13.0
12738	25476000.0	8.0
12739	25478000.0	7.0
12740	25480000.0	5.0
12741	25482000.0	9.0
12742	25484000.0	7.0
12743	25486000.0	12.0
12744	25488000.0	16.0
12745	25490000.0	14.0
12746	25492000.0	11.0
12747	25494000.0	15.0
12748	25496000.0	11.0
12749	25498000.0	11.0
12750	25500000.0	9.0
12751	25502000.0	7.0
12752	25504000.0	6.0
12753	25506000.0	20.0
12754	25508000.0	14.0
12755	25510000.0	3.0
12756	25512000.0	9.0
12757	25514000.0	13.0
12758	25516000.0	7.0
12759	25518000.0	12.0
12760	25520000.0	9.0
12761	25522000.0	13.0
12762	25524000.0	7.0
12763	25526000.0	14.0
12764	25528000.0	17.0
12765	25530000.0	14.0
12766	25532000.0	19.0
12767	25534000.0	10.0
12768	25536000.0	7.0
12769	25538000.0	13.0
12770	25540000.0	6.0
12771	25542000.0	7.0
12772	25544000.0	4.0
12773	25546000.0	9.0
12774	25548000.0	15.0
12775	25550000.0	10.0
12776	25552000.0	13.0
12777	25554000.0	14.0
12778	25556000.0	16.0
12779	25558000.0	8.0
12780	25560000.0	12.0
12781	25562000.0	12.0
12782	25564000.0	7.0
12783	25566000.0	11.0
12784	25568000.0	16.0
12785	25570000.0	12.0
12786	25572000.0	7.0
12787	25574000.0	2.0
12788	25576000.0	8.0
12789	25578000.0	10.0
12790	25580000.0	13.0
12791	25582000.0	8.0
12792	25584000.0	10.0
12793	25586000.0	8.0
12794	25588000.0	17.0
12795	25590000.0	10.0
12796	25592000.0	5.0
12797	25594000.0	10.0
12798	25596000.0	9.0
12799	25598000.0	9.0
12800	25600000.0	14.0
12801	25602000.0	9.0
12802	25604000.0	8.0
12803	25606000.0	15.0
12804	25608000.0	14.0
12805	25610000.0	18.0
12806	25612000.0	16.0
12807	25614000.0	7.0
12808	25616000.0	13.0
12809	25618000.0	15.0
12810	25620000.0	15.0
12811	25622000.0	11.0
12812	25624000.0	19.0
12813	25626000.0	7.0
12814	25628000.0	7.0
12815	25630000.0	12.0
12816	25632000.0	14.0
12817	25634000.0	10.0
12818	25636000.0	10.0
12819	25638000.0	10.0
12820	25640000.0	11.0
12821	25642000.0	7.0
12822	25644000.0	10.0
12823	25646000.0	7.0
12824	25648000.0	10.0
12825	25650000.0	12.0
12826	25652000.0	8.0
12827	25654000.0	9.0
12828	25656000.0	16.0
12829	25658000.0	8.0
12830	25660000.0	6.0
12831	25662000.0	9.0
12832	25664000.0	11.0
12833	25666000.0	7.0
12834	25668000.0	16.0
12835	25670000.0	16.0
12836	25672000.0	7.0
12837	25674000.0	11.0
12838	25676000.0	11.0
12839	25678000.0	9.0
12840	25680000.0	11.0
12841	25682000.0	14.0
12842	25684000.0	9.0
12843	25686000.0	11.0
12844	25688000.0	8.0
12845	25690000.0	15.0
12846	25692000.0	15.0
12847	25694000.0	6.0
12848	25696000.0	11.0
12849	25698000.0	11.0
12850	25700000.0	11.0
12851	25702000.0	13.0
12852	25704000.0	8.0
12853	25706000.0	8.0
12854	25708000.0	7.0
12855	25710000.0	9.0
12856	25712000.0	12.0
12857	25714000.0	10.0
12858	25716000.0	12.0
12859	25718000.0	0.0
12860	25720000.0	9.0
12861	25722000.0	13.0
12862	25724000.0	13.0
12863	25726000.0	10.0
12864	25728000.0	6.0
12865	25730000.0	5.0
12866	25732000.0	15.0
12867	25734000.0	6.0
12868	25736000.0	9.0
12869	25738000.0	6.0
12870	25740000.0	6.0
12871	25742000.0	9.0
12872	25744000.0	12.0
12873	25746000.0	5.0
12874	25748000.0	10.0
12875	25750000.0	12.0
12876	25752000.0	13.0
12877	25754000.0	13.0
12878	25756000.0	10.0
12879	25758000.0	11.0
12880	25760000.0	10.0
12881	25762000.0	9.0
12882	25764000.0	14.0
12883	25766000.0	16.0
12884	25768000.0	19.0
12885	25770000.0	11.0
12886	25772000.0	6.0
12887	25774000.0	11.0
12888	25776000.0	11.0
12889	25778000.0	9.0
12890	25780000.0	18.0
12891	25782000.0	9.0
12892	25784000.0	9.0
12893	25786000.0	4.0
12894	25788000.0	13.0
12895	25790000.0	12.0
12896	25792000.0	6.0
12897	25794000.0	8.0
12898	25796000.0	8.0
12899	25798000.0	13.0
12900	25800000.0	10.0
12901	25802000.0	18.0
12902	25804000.0	8.0
12903	25806000.0	12.0
12904	25808000.0	5.0
12905	25810000.0	7.0
12906	25812000.0	12.0
12907	25814000.0	14.0
12908	25816000.0	13.0
12909	25818000.0	12.0
12910	25820000.0	12.0
12911	25822000.0	8.0
12912	25824000.0	9.0
12913	25826000.0	12.0
12914	25828000.0	16.0
12915	25830000.0	15.0
12916	25832000.0	13.0
12917	25834000.0	15.0
12918	25836000.0	14.0
12919	25838000.0	8.0
12920	25840000.0	15.0
12921	25842000.0	12.0
12922	25844000.0	14.0
12923	25846000.0	16.0
12924	25848000.0	11.0
12925	25850000.0	10.0
12926	25852000.0	8.0
12927	25854000.0	13.0
12928	25856000.0	10.0
12929	25858000.0	12.0
12930	25860000.0	15.0
12931	25862000.0	6.0
12932	25864000.0	22.0
12933	25866000.0	8.0
12934	25868000.0	15.0
12935	25870000.0	17.0
12936	25872000.0	2.0
12937	25874000.0	10.0
12938	25876000.0	14.0
12939	25878000.0	15.0
12940	25880000.0	7.0
12941	25882000.0	14.0
12942	25884000.0	8.0
12943	25886000.0	17.0
12944	25888000.0	15.0
12945	25890000.0	7.0
12946	25892000.0	7.0
12947	25894000.0	12.0
12948	25896000.0	15.0
12949	25898000.0	9.0
12950	25900000.0	11.0
12951	25902000.0	8.0
12952	25904000.0	13.0
12953	25906000.0	9.0
12954	25908000.0	9.0
12955	25910000.0	13.0
12956	25912000.0	9.0
12957	25914000.0	6.0
12958	25916000.0	11.0
12959	25918000.0	9.0
12960	25920000.0	11.0
12961	25922000.0	8.0
12962	25924000.0	12.0
12963	25926000.0	9.0
12964	25928000.0	6.0
12965	25930000.0	10.0
12966	25932000.0	11.0
12967	25934000.0	12.0
12968	25936000.0	12.0
12969	25938000.0	8.0
12970	25940000.0	5.0
12971	25942000.0	7.0
12972	25944000.0	8.0
12973	25946000.0	6.0
12974	25948000.0	12.0
12975	25950000.0	13.0
12976	25952000.0	13.0
12977	25954000.0	14.0
12978	25956000.0	26.0
12979	25958000.0	9.0
12980	25960000.0	13.0
12981	25962000.0	10.0
12982	25964000.0	11.0
12983	25966000.0	9.0
12984	25968000.0	12.0
12985	25970000.0	11.0
12986	25972000.0	14.0
12987	25974000.0	8.0
12988	25976000.0	11.0
12989	25978000.0	6.0
12990	25980000.0	11.0
12991	25982000.0	14.0
12992	25984000.0	12.0
12993	25986000.0	15.0
12994	25988000.0	12.0
12995	25990000.0	12.0
12996	25992000.0	14.0
12997	25994000.0	11.0
12998	25996000.0	7.0
12999	25998000.0	11.0
13000	26000000.0	8.0
13001	26002000.0	12.0
13002	26004000.0	11.0
13003	26006000.0	10.0
13004	26008000.0	10.0
13005	26010000.0	9.0
13006	26012000.0	6.0
13007	26014000.0	15.0
13008	26016000.0	11.0
13009	26018000.0	14.0
13010	26020000.0	14.0
13011	26022000.0	17.0
13012	26024000.0	11.0
13013	26026000.0	13.0
13014	26028000.0	12.0
13015	26030000.0	10.0
13016	26032000.0	11.0
13017	26034000.0	15.0
13018	26036000.0	12.0
13019	26038000.0	9.0
13020	26040000.0	6.0
13021	26042000.0	13.0
13022	26044000.0	13.0
13023	26046000.0	14.0
13024	26048000.0	11.0
13025	26050000.0	18.0
13026	26052000.0	12.0
13027	26054000.0	7.0
13028	26056000.0	13.0
13029	26058000.0	9.0
13030	26060000.0	12.0
13031	26062000.0	14.0
13032	26064000.0	6.0
13033	26066000.0	10.0
13034	26068000.0	11.0
13035	26070000.0	7.0
13036	26072000.0	8.0
13037	26074000.0	6.0
13038	26076000.0	9.0
13039	26078000.0	11.0
13040	26080000.0	9.0
13041	26082000.0	5.0
13042	26084000.0	14.0
13043	26086000.0	11.0
13044	26088000.0	8.0
13045	26090000.0	13.0
13046	26092000.0	5.0
13047	26094000.0	6.0
13048	26096000.0	9.0
13049	26098000.0	10.0
13050	26100000.0	11.0
13051	26102000.0	8.0
13052	26104000.0	9.0
13053	26106000.0	12.0
13054	26108000.0	10.0
13055	26110000.0	15.0
13056	26112000.0	13.0
13057	26114000.0	2.0
13058	26116000.0	9.0
13059	26118000.0	7.0
13060	26120000.0	13.0
13061	26122000.0	12.0
13062	26124000.0	16.0
13063	26126000.0	10.0
13064	26128000.0	7.0
13065	26130000.0	10.0
13066	26132000.0	10.0
13067	26134000.0	7.0
13068	26136000.0	14.0
13069	26138000.0	4.0
13070	26140000.0	14.0
13071	26142000.0	15.0
13072	26144000.0	12.0
13073	26146000.0	16.0
13074	26148000.0	11.0
13075	26150000.0	7.0
13076	26152000.0	13.0
13077	26154000.0	14.0
13078	26156000.0	13.0
13079	26158000.0	10.0
13080	26160000.0	5.0
13081	26162000.0	8.0
13082	26164000.0	13.0
13083	26166000.0	14.0
13084	26168000.0	7.0
13085	26170000.0	12.0
13086	26172000.0	10.0
13087	26174000.0	9.0
13088	26176000.0	14.0
13089	26178000.0	11.0
13090	26180000.0	5.0
13091	26182000.0	8.0
13092	26184000.0	8.0
13093	26186000.0	11.0
13094	26188000.0	17.0
13095	26190000.0	9.0
13096	26192000.0	16.0
13097	26194000.0	16.0
13098	26196000.0	15.0
13099	26198000.0	11.0
13100	26200000.0	10.0
13101	26202000.0	8.0
13102	26204000.0	6.0
13103	26206000.0	9.0
13104	26208000.0	9.0
13105	26210000.0	13.0
13106	26212000.0	12.0
13107	26214000.0	9.0
13108	26216000.0	10.0
13109	26218000.0	7.0
13110	26220000.0	6.0
13111	26222000.0	9.0
13112	26224000.0	13.0
13113	26226000.0	10.0
13114	26228000.0	14.0
13115	26230000.0	8.0
13116	26232000.0	14.0
13117	26234000.0	14.0
13118	26236000.0	8.0
13119	26238000.0	11.0
13120	26240000.0	12.0
13121	26242000.0	7.0
13122	26244000.0	5.0
13123	26246000.0	12.0
13124	26248000.0	10.0
13125	26250000.0	3.0
13126	26252000.0	8.0
13127	26254000.0	14.0
13128	26256000.0	12.0
13129	26258000.0	10.0
13130	26260000.0	13.0
13131	26262000.0	7.0
13132	26264000.0	12.0
13133	26266000.0	9.0
13134	26268000.0	11.0
13135	26270000.0	8.0
13136	26272000.0	7.0
13137	26274000.0	7.0
13138	26276000.0	10.0
13139	26278000.0	11.0
13140	26280000.0	10.0
13141	26282000.0	7.0
13142	26284000.0	23.0
13143	26286000.0	12.0
13144	26288000.0	11.0
13145	26290000.0	5.0
13146	26292000.0	10.0
13147	26294000.0	8.0
13148	26296000.0	7.0
13149	26298000.0	7.0
13150	26300000.0	9.0
13151	26302000.0	16.0
13152	26304000.0	9.0
13153	26306000.0	13.0
13154	26308000.0	9.0
13155	26310000.0	9.0
13156	26312000.0	13.0
13157	26314000.0	9.0
13158	26316000.0	10.0
13159	26318000.0	16.0
13160	26320000.0	16.0
13161	26322000.0	7.0
13162	26324000.0	11.0
13163	26326000.0	9.0
13164	26328000.0	10.0
13165	26330000.0	11.0
13166	26332000.0	18.0
13167	26334000.0	14.0
13168	26336000.0	14.0
13169	26338000.0	14.0
13170	26340000.0	15.0
13171	26342000.0	11.0
13172	26344000.0	11.0
13173	26346000.0	14.0
13174	26348000.0	10.0
13175	26350000.0	19.0
13176	26352000.0	16.0
13177	26354000.0	10.0
13178	26356000.0	10.0
13179	26358000.0	13.0
13180	26360000.0	17.0
13181	26362000.0	14.0
13182	26364000.0	18.0
13183	26366000.0	10.0
13184	26368000.0	7.0
13185	26370000.0	11.0
13186	26372000.0	10.0
13187	26374000.0	10.0
13188	26376000.0	7.0
13189	26378000.0	6.0
13190	26380000.0	8.0
13191	26382000.0	8.0
13192	26384000.0	12.0
13193	26386000.0	8.0
13194	26388000.0	9.0
13195	26390000.0	17.0
13196	26392000.0	7.0
13197	26394000.0	10.0
13198	26396000.0	9.0
13199	26398000.0	17.0
13200	26400000.0	10.0
13201	26402000.0	9.0
13202	26404000.0	11.0
13203	26406000.0	10.0
13204	26408000.0	8.0
13205	26410000.0	9.0
13206	26412000.0	6.0
13207	26414000.0	5.0
13208	26416000.0	6.0
13209	26418000.0	11.0
13210	26420000.0	11.0
13211	26422000.0	9.0
13212	26424000.0	10.0
13213	26426000.0	9.0
13214	26428000.0	6.0
13215	26430000.0	12.0
13216	26432000.0	12.0
13217	26434000.0	9.0
13218	26436000.0	11.0
13219	26438000.0	11.0
13220	26440000.0	3.0
13221	26442000.0	18.0
13222	26444000.0	7.0
13223	26446000.0	7.0
13224	26448000.0	11.0
13225	26450000.0	22.0
13226	26452000.0	11.0
13227	26454000.0	7.0
13228	26456000.0	9.0
13229	26458000.0	4.0
13230	26460000.0	4.0
13231	26462000.0	4.0
13232	26464000.0	6.0
13233	26466000.0	7.0
13234	26468000.0	17.0
13235	26470000.0	11.0
13236	26472000.0	5.0
13237	26474000.0	10.0
13238	26476000.0	16.0
13239	26478000.0	15.0
13240	26480000.0	15.0
13241	26482000.0	12.0
13242	26484000.0	8.0
13243	26486000.0	11.0
13244	26488000.0	9.0
13245	26490000.0	7.0
13246	26492000.0	8.0
13247	26494000.0	9.0
13248	26496000.0	9.0
13249	26498000.0	14.0
13250	26500000.0	12.0
13251	26502000.0	12.0
13252	26504000.0	7.0
13253	26506000.0	13.0
13254	26508000.0	5.0
13255	26510000.0	8.0
13256	26512000.0	13.0
13257	26514000.0	6.0
13258	26516000.0	10.0
13259	26518000.0	7.0
13260	26520000.0	9.0
13261	26522000.0	16.0
13262	26524000.0	9.0
13263	26526000.0	10.0
13264	26528000.0	11.0
13265	26530000.0	8.0
13266	26532000.0	5.0
13267	26534000.0	5.0
13268	26536000.0	5.0
13269	26538000.0	11.0
13270	26540000.0	11.0
13271	26542000.0	8.0
13272	26544000.0	14.0
13273	26546000.0	7.0
13274	26548000.0	10.0
13275	26550000.0	10.0
13276	26552000.0	7.0
13277	26554000.0	12.0
13278	26556000.0	12.0
13279	26558000.0	10.0
13280	26560000.0	17.0
13281	26562000.0	13.0
13282	26564000.0	8.0
13283	26566000.0	10.0
13284	26568000.0	7.0
13285	26570000.0	9.0
13286	26572000.0	15.0
13287	26574000.0	9.0
13288	26576000.0	9.0
13289	26578000.0	11.0
13290	26580000.0	10.0
13291	26582000.0	12.0
13292	26584000.0	11.0
13293	26586000.0	14.0
13294	26588000.0	6.0
13295	26590000.0	14.0
13296	26592000.0	7.0
13297	26594000.0	10.0
13298	26596000.0	15.0
13299	26598000.0	13.0
13300	26600000.0	16.0
13301	26602000.0	9.0
13302	26604000.0	8.0
13303	26606000.0	6.0
13304	26608000.0	6.0
13305	26610000.0	7.0
13306	26612000.0	12.0
13307	26614000.0	13.0
13308	26616000.0	14.0
13309	26618000.0	7.0
13310	26620000.0	8.0
13311	26622000.0	12.0
13312	26624000.0	12.0
13313	26626000.0	14.0
13314	26628000.0	9.0
13315	26630000.0	10.0
13316	26632000.0	13.0
13317	26634000.0	10.0
13318	26636000.0	11.0
13319	26638000.0	8.0
13320	26640000.0	10.0
13321	26642000.0	11.0
13322	26644000.0	7.0
13323	26646000.0	8.0
13324	26648000.0	17.0
13325	26650000.0	15.0
13326	26652000.0	10.0
13327	26654000.0	9.0
13328	26656000.0	10.0
13329	26658000.0	13.0
13330	26660000.0	10.0
13331	26662000.0	11.0
13332	26664000.0	14.0
13333	26666000.0	10.0
13334	26668000.0	9.0
13335	26670000.0	15.0
13336	26672000.0	11.0
13337	26674000.0	5.0
13338	26676000.0	8.0
13339	26678000.0	10.0
13340	26680000.0	9.0
13341	26682000.0	11.0
13342	26684000.0	8.0
13343	26686000.0	13.0
13344	26688000.0	13.0
13345	26690000.0	9.0
13346	26692000.0	9.0
13347	26694000.0	9.0
13348	26696000.0	13.0
13349	26698000.0	15.0
13350	26700000.0	13.0
13351	26702000.0	9.0
13352	26704000.0	9.0
13353	26706000.0	7.0
13354	26708000.0	5.0
13355	26710000.0	8.0
13356	26712000.0	12.0
13357	26714000.0	10.0
13358	26716000.0	9.0
13359	26718000.0	14.0
13360	26720000.0	12.0
13361	26722000.0	10.0
13362	26724000.0	11.0
13363	26726000.0	10.0
13364	26728000.0	9.0
13365	26730000.0	10.0
13366	26732000.0	7.0
13367	26734000.0	13.0
13368	26736000.0	12.0
13369	26738000.0	10.0
13370	26740000.0	11.0
13371	26742000.0	7.0
13372	26744000.0	15.0
13373	26746000.0	13.0
13374	26748000.0	7.0
13375	26750000.0	8.0
13376	26752000.0	9.0
13377	26754000.0	12.0
13378	26756000.0	13.0
13379	26758000.0	10.0
13380	26760000.0	9.0
13381	26762000.0	9.0
13382	26764000.0	13.0
13383	26766000.0	10.0
13384	26768000.0	15.0
13385	26770000.0	7.0
13386	26772000.0	12.0
13387	26774000.0	15.0
13388	26776000.0	12.0
13389	26778000.0	6.0
13390	26780000.0	8.0
13391	26782000.0	13.0
13392	26784000.0	12.0
13393	26786000.0	17.0
13394	26788000.0	7.0
13395	26790000.0	9.0
13396	26792000.0	8.0
13397	26794000.0	10.0
13398	26796000.0	11.0
13399	26798000.0	8.0
13400	26800000.0	13.0
13401	26802000.0	17.0
13402	26804000.0	12.0
13403	26806000.0	12.0
13404	26808000.0	16.0
13405	26810000.0	8.0
13406	26812000.0	12.0
13407	26814000.0	9.0
13408	26816000.0	16.0
13409	26818000.0	10.0
13410	26820000.0	8.0
13411	26822000.0	16.0
13412	26824000.0	13.0
13413	26826000.0	9.0
13414	26828000.0	9.0
13415	26830000.0	2.0
13416	26832000.0	14.0
13417	26834000.0	11.0
13418	26836000.0	7.0
13419	26838000.0	7.0
13420	26840000.0	8.0
13421	26842000.0	10.0
13422	26844000.0	8.0
13423	26846000.0	11.0
13424	26848000.0	9.0
13425	26850000.0	10.0
13426	26852000.0	13.0
13427	26854000.0	3.0
13428	26856000.0	10.0
13429	26858000.0	6.0
13430	26860000.0	7.0
13431	26862000.0	13.0
13432	26864000.0	9.0
13433	26866000.0	12.0
13434	26868000.0	9.0
13435	26870000.0	14.0
13436	26872000.0	9.0
13437	26874000.0	7.0
13438	26876000.0	9.0
13439	26878000.0	11.0
13440	26880000.0	11.0
13441	26882000.0	14.0
13442	26884000.0	10.0
13443	26886000.0	4.0
13444	26888000.0	11.0
13445	26890000.0	10.0
13446	26892000.0	9.0
13447	26894000.0	7.0
13448	26896000.0	13.0
13449	26898000.0	11.0
13450	26900000.0	10.0
13451	26902000.0	13.0
13452	26904000.0	4.0
13453	26906000.0	22.0
13454	26908000.0	13.0
13455	26910000.0	10.0
13456	26912000.0	12.0
13457	26914000.0	10.0
13458	26916000.0	12.0
13459	26918000.0	11.0
13460	26920000.0	9.0
13461	26922000.0	13.0
13462	26924000.0	7.0
13463	26926000.0	13.0
13464	26928000.0	13.0
13465	26930000.0	17.0
13466	26932000.0	15.0
13467	26934000.0	9.0
13468	26936000.0	14.0
13469	26938000.0	6.0
13470	26940000.0	11.0
13471	26942000.0	7.0
13472	26944000.0	11.0
13473	26946000.0	6.0
13474	26948000.0	5.0
13475	26950000.0	13.0
13476	26952000.0	8.0
13477	26954000.0	7.0
13478	26956000.0	11.0
13479	26958000.0	6.0
13480	26960000.0	9.0
13481	26962000.0	13.0
13482	26964000.0	11.0
13483	26966000.0	10.0
13484	26968000.0	6.0
13485	26970000.0	12.0
13486	26972000.0	10.0
13487	26974000.0	5.0
13488	26976000.0	12.0
13489	26978000.0	14.0
13490	26980000.0	13.0
13491	26982000.0	10.0
13492	26984000.0	4.0
13493	26986000.0	10.0
13494	26988000.0	13.0
13495	26990000.0	6.0
13496	26992000.0	8.0
13497	26994000.0	6.0
13498	26996000.0	13.0
13499	26998000.0	12.0
13500	27000000.0	10.0
13501	27002000.0	5.0
13502	27004000.0	6.0
13503	27006000.0	9.0
13504	27008000.0	13.0
13505	27010000.0	12.0
13506	27012000.0	9.0
13507	27014000.0	10.0
13508	27016000.0	15.0
13509	27018000.0	5.0
13510	27020000.0	5.0
13511	27022000.0	13.0
13512	27024000.0	7.0
13513	27026000.0	15.0
13514	27028000.0	8.0
13515	27030000.0	12.0
13516	27032000.0	14.0
13517	27034000.0	12.0
13518	27036000.0	6.0
13519	27038000.0	8.0
13520	27040000.0	12.0
13521	27042000.0	8.0
13522	27044000.0	11.0
13523	27046000.0	14.0
13524	27048000.0	5.0
13525	27050000.0	5.0
13526	27052000.0	16.0
13527	27054000.0	7.0
13528	27056000.0	9.0
13529	27058000.0	9.0
13530	27060000.0	11.0
13531	27062000.0	6.0
13532	27064000.0	11.0
13533	27066000.0	7.0
13534	27068000.0	7.0
13535	27070000.0	11.0
13536	27072000.0	10.0
13537	27074000.0	6.0
13538	27076000.0	10.0
13539	27078000.0	7.0
13540	27080000.0	14.0
13541	27082000.0	7.0
13542	27084000.0	9.0
13543	27086000.0	10.0
13544	27088000.0	12.0
13545	27090000.0	5.0
13546	27092000.0	12.0
13547	27094000.0	11.0
13548	27096000.0	7.0
13549	27098000.0	9.0
13550	27100000.0	4.0
13551	27102000.0	14.0
13552	27104000.0	8.0
13553	27106000.0	5.0
13554	27108000.0	6.0
13555	27110000.0	13.0
13556	27112000.0	6.0
13557	27114000.0	15.0
13558	27116000.0	11.0
13559	27118000.0	8.0
13560	27120000.0	10.0
13561	27122000.0	12.0
13562	27124000.0	14.0
13563	27126000.0	12.0
13564	27128000.0	8.0
13565	27130000.0	8.0
13566	27132000.0	5.0
13567	27134000.0	13.0
13568	27136000.0	8.0
13569	27138000.0	7.0
13570	27140000.0	12.0
13571	27142000.0	11.0
13572	27144000.0	9.0
13573	27146000.0	10.0
13574	27148000.0	5.0
13575	27150000.0	9.0
13576	27152000.0	6.0
13577	27154000.0	9.0
13578	27156000.0	11.0
13579	27158000.0	16.0
13580	27160000.0	8.0
13581	27162000.0	11.0
13582	27164000.0	16.0
13583	27166000.0	13.0
13584	27168000.0	14.0
13585	27170000.0	11.0
13586	27172000.0	9.0
13587	27174000.0	9.0
13588	27176000.0	7.0
13589	27178000.0	13.0
13590	27180000.0	11.0
13591	27182000.0	13.0
13592	27184000.0	7.0
13593	27186000.0	8.0
13594	27188000.0	5.0
13595	27190000.0	11.0
13596	27192000.0	11.0
13597	27194000.0	8.0
13598	27196000.0	8.0
13599	27198000.0	9.0
13600	27200000.0	8.0
13601	27202000.0	15.0
13602	27204000.0	9.0
13603	27206000.0	9.0
13604	27208000.0	12.0
13605	27210000.0	11.0
13606	27212000.0	15.0
13607	27214000.0	8.0
13608	27216000.0	11.0
13609	27218000.0	9.0
13610	27220000.0	11.0
13611	27222000.0	12.0
13612	27224000.0	5.0
13613	27226000.0	8.0
13614	27228000.0	9.0
13615	27230000.0	9.0
13616	27232000.0	14.0
13617	27234000.0	12.0
13618	27236000.0	13.0
13619	27238000.0	17.0
13620	27240000.0	9.0
13621	27242000.0	16.0
13622	27244000.0	8.0
13623	27246000.0	9.0
13624	27248000.0	5.0
13625	27250000.0	10.0
13626	27252000.0	8.0
13627	27254000.0	8.0
13628	27256000.0	11.0
13629	27258000.0	16.0
13630	27260000.0	16.0
13631	27262000.0	6.0
13632	27264000.0	5.0
13633	27266000.0	10.0
13634	27268000.0	4.0
13635	27270000.0	6.0
13636	27272000.0	9.0
13637	27274000.0	12.0
13638	27276000.0	7.0
13639	27278000.0	16.0
13640	27280000.0	6.0
13641	27282000.0	9.0
13642	27284000.0	17.0
13643	27286000.0	6.0
13644	27288000.0	13.0
13645	27290000.0	13.0
13646	27292000.0	13.0
13647	27294000.0	10.0
13648	27296000.0	13.0
13649	27298000.0	9.0
13650	27300000.0	12.0
13651	27302000.0	11.0
13652	27304000.0	6.0
13653	27306000.0	12.0
13654	27308000.0	8.0
13655	27310000.0	5.0
13656	27312000.0	2.0
13657	27314000.0	15.0
13658	27316000.0	11.0
13659	27318000.0	9.0
13660	27320000.0	5.0
13661	27322000.0	9.0
13662	27324000.0	7.0
13663	27326000.0	9.0
13664	27328000.0	9.0
13665	27330000.0	11.0
13666	27332000.0	14.0
13667	27334000.0	7.0
13668	27336000.0	13.0
13669	27338000.0	10.0
13670	27340000.0	9.0
13671	27342000.0	8.0
13672	27344000.0	8.0
13673	27346000.0	11.0
13674	27348000.0	15.0
13675	27350000.0	10.0
13676	27352000.0	9.0
13677	27354000.0	11.0
13678	27356000.0	11.0
13679	27358000.0	9.0
13680	27360000.0	6.0
13681	27362000.0	14.0
13682	27364000.0	9.0
13683	27366000.0	5.0
13684	27368000.0	10.0
13685	27370000.0	14.0
13686	27372000.0	10.0
13687	27374000.0	10.0
13688	27376000.0	6.0
13689	27378000.0	12.0
13690	27380000.0	10.0
13691	27382000.0	7.0
13692	27384000.0	12.0
13693	27386000.0	7.0
13694	27388000.0	17.0
13695	27390000.0	9.0
13696	27392000.0	15.0
13697	27394000.0	6.0
13698	27396000.0	8.0
13699	27398000.0	14.0
13700	27400000.0	10.0
13701	27402000.0	9.0
13702	27404000.0	15.0
13703	27406000.0	7.0
13704	27408000.0	14.0
13705	27410000.0	11.0
13706	27412000.0	7.0
13707	27414000.0	14.0
13708	27416000.0	9.0
13709	27418000.0	12.0
13710	27420000.0	10.0
13711	27422000.0	3.0
13712	27424000.0	12.0
13713	27426000.0	12.0
13714	27428000.0	7.0
13715	27430000.0	8.0
13716	27432000.0	11.0
13717	27434000.0	12.0
13718	27436000.0	9.0
13719	27438000.0	6.0
13720	27440000.0	7.0
13721	27442000.0	10.0
13722	27444000.0	10.0
13723	27446000.0	8.0
13724	27448000.0	13.0
13725	27450000.0	9.0
13726	27452000.0	9.0
13727	27454000.0	16.0
13728	27456000.0	9.0
13729	27458000.0	7.0
13730	27460000.0	9.0
13731	27462000.0	8.0
13732	27464000.0	6.0
13733	27466000.0	8.0
13734	27468000.0	9.0
13735	27470000.0	9.0
13736	27472000.0	10.0
13737	27474000.0	9.0
13738	27476000.0	9.0
13739	27478000.0	11.0
13740	27480000.0	8.0
13741	27482000.0	12.0
13742	27484000.0	15.0
13743	27486000.0	10.0
13744	27488000.0	14.0
13745	27490000.0	10.0
13746	27492000.0	12.0
13747	27494000.0	11.0
13748	27496000.0	11.0
13749	27498000.0	6.0
13750	27500000.0	9.0
13751	27502000.0	13.0
13752	27504000.0	9.0
13753	27506000.0	7.0
13754	27508000.0	13.0
13755	27510000.0	9.0
13756	27512000.0	7.0
13757	27514000.0	9.0
13758	27516000.0	9.0
13759	27518000.0	8.0
13760	27520000.0	12.0
13761	27522000.0	12.0
13762	27524000.0	11.0
13763	27526000.0	10.0
13764	27528000.0	7.0
13765	27530000.0	7.0
13766	27532000.0	6.0
13767	27534000.0	8.0
13768	27536000.0	9.0
13769	27538000.0	6.0
13770	27540000.0	10.0
13771	27542000.0	10.0
13772	27544000.0	7.0
13773	27546000.0	8.0
13774	27548000.0	12.0
13775	27550000.0	8.0
13776	27552000.0	9.0
13777	27554000.0	8.0
13778	27556000.0	7.0
13779	27558000.0	8.0
13780	27560000.0	11.0
13781	27562000.0	6.0
13782	27564000.0	10.0
13783	27566000.0	8.0
13784	27568000.0	14.0
13785	27570000.0	11.0
13786	27572000.0	11.0
13787	27574000.0	12.0
13788	27576000.0	12.0
13789	27578000.0	8.0
13790	27580000.0	7.0
13791	27582000.0	14.0
13792	27584000.0	8.0
13793	27586000.0	9.0
13794	27588000.0	9.0
13795	27590000.0	8.0
13796	27592000.0	14.0
13797	27594000.0	12.0
13798	27596000.0	9.0
13799	27598000.0	5.0
13800	27600000.0	14.0
13801	27602000.0	7.0
13802	27604000.0	10.0
13803	27606000.0	8.0
13804	27608000.0	11.0
13805	27610000.0	15.0
13806	27612000.0	6.0
13807	27614000.0	7.0
13808	27616000.0	13.0
13809	27618000.0	12.0
13810	27620000.0	8.0
13811	27622000.0	8.0
13812	27624000.0	13.0
13813	27626000.0	11.0
13814	27628000.0	13.0
13815	27630000.0	7.0
13816	27632000.0	9.0
13817	27634000.0	8.0
13818	27636000.0	10.0
13819	27638000.0	10.0
13820	27640000.0	12.0
13821	27642000.0	13.0
13822	27644000.0	11.0
13823	27646000.0	8.0
13824	27648000.0	11.0
13825	27650000.0	7.0
13826	27652000.0	12.0
13827	27654000.0	14.0
13828	27656000.0	15.0
13829	27658000.0	9.0
13830	27660000.0	7.0
13831	27662000.0	11.0
13832	27664000.0	13.0
13833	27666000.0	4.0
13834	27668000.0	9.0
13835	27670000.0	9.0
13836	27672000.0	3.0
13837	27674000.0	8.0
13838	27676000.0	12.0
13839	27678000.0	13.0
13840	27680000.0	10.0
13841	27682000.0	11.0
13842	27684000.0	10.0
13843	27686000.0	8.0
13844	27688000.0	10.0
13845	27690000.0	7.0
13846	27692000.0	10.0
13847	27694000.0	8.0
13848	27696000.0	10.0
13849	27698000.0	11.0
13850	27700000.0	12.0
13851	27702000.0	12.0
13852	27704000.0	7.0
13853	27706000.0	9.0
13854	27708000.0	8.0
13855	27710000.0	10.0
13856	27712000.0	7.0
13857	27714000.0	11.0
13858	27716000.0	8.0
13859	27718000.0	5.0
13860	27720000.0	9.0
13861	27722000.0	11.0
13862	27724000.0	13.0
13863	27726000.0	7.0
13864	27728000.0	11.0
13865	27730000.0	11.0
13866	27732000.0	10.0
13867	27734000.0	8.0
13868	27736000.0	15.0
13869	27738000.0	15.0
13870	27740000.0	13.0
13871	27742000.0	9.0
13872	27744000.0	10.0
13873	27746000.0	6.0
13874	27748000.0	12.0
13875	27750000.0	10.0
13876	27752000.0	12.0
13877	27754000.0	15.0
13878	27756000.0	10.0
13879	27758000.0	5.0
13880	27760000.0	7.0
13881	27762000.0	11.0
13882	27764000.0	11.0
13883	27766000.0	12.0
13884	27768000.0	9.0
13885	27770000.0	11.0
13886	27772000.0	5.0
13887	27774000.0	13.0
13888	27776000.0	15.0
13889	27778000.0	16.0
13890	27780000.0	7.0
13891	27782000.0	8.0
13892	27784000.0	9.0
13893	27786000.0	10.0
13894	27788000.0	7.0
13895	27790000.0	7.0
13896	27792000.0	11.0
13897	27794000.0	9.0
13898	27796000.0	9.0
13899	27798000.0	9.0
13900	27800000.0	5.0
13901	27802000.0	10.0
13902	27804000.0	10.0
13903	27806000.0	13.0
13904	27808000.0	11.0
13905	27810000.0	11.0
13906	27812000.0	5.0
13907	27814000.0	9.0
13908	27816000.0	8.0
13909	27818000.0	9.0
13910	27820000.0	11.0
13911	27822000.0	12.0
13912	27824000.0	11.0
13913	27826000.0	11.0
13914	27828000.0	9.0
13915	27830000.0	13.0
13916	27832000.0	9.0
13917	27834000.0	9.0
13918	27836000.0	9.0
13919	27838000.0	9.0
13920	27840000.0	10.0
13921	27842000.0	10.0
13922	27844000.0	13.0
13923	27846000.0	14.0
13924	27848000.0	10.0
13925	27850000.0	13.0
13926	27852000.0	14.0
13927	27854000.0	11.0
13928	27856000.0	15.0
13929	27858000.0	7.0
13930	27860000.0	6.0
13931	27862000.0	11.0
13932	27864000.0	13.0
13933	27866000.0	7.0
13934	27868000.0	6.0
13935	27870000.0	7.0
13936	27872000.0	13.0
13937	27874000.0	7.0
13938	27876000.0	12.0
13939	27878000.0	16.0
13940	27880000.0	9.0
13941	27882000.0	13.0
13942	27884000.0	7.0
13943	27886000.0	8.0
13944	27888000.0	13.0
13945	27890000.0	12.0
13946	27892000.0	5.0
13947	27894000.0	10.0
13948	27896000.0	9.0
13949	27898000.0	6.0
13950	27900000.0	10.0
13951	27902000.0	11.0
13952	27904000.0	9.0
13953	27906000.0	14.0
13954	27908000.0	8.0
13955	27910000.0	12.0
13956	27912000.0	10.0
13957	27914000.0	6.0
13958	27916000.0	9.0
13959	27918000.0	12.0
13960	27920000.0	8.0
13961	27922000.0	14.0
13962	27924000.0	7.0
13963	27926000.0	9.0
13964	27928000.0	7.0
13965	27930000.0	9.0
13966	27932000.0	10.0
13967	27934000.0	6.0
13968	27936000.0	5.0
13969	27938000.0	6.0
13970	27940000.0	15.0
13971	27942000.0	11.0
13972	27944000.0	4.0
13973	27946000.0	4.0
13974	27948000.0	5.0
13975	27950000.0	7.0
13976	27952000.0	12.0
13977	27954000.0	9.0
13978	27956000.0	13.0
13979	27958000.0	8.0
13980	27960000.0	9.0
13981	27962000.0	6.0
13982	27964000.0	12.0
13983	27966000.0	12.0
13984	27968000.0	11.0
13985	27970000.0	9.0
13986	27972000.0	7.0
13987	27974000.0	9.0
13988	27976000.0	10.0
13989	27978000.0	5.0
13990	27980000.0	9.0
13991	27982000.0	6.0
13992	27984000.0	6.0
13993	27986000.0	11.0
13994	27988000.0	13.0
13995	27990000.0	10.0
13996	27992000.0	9.0
13997	27994000.0	6.0
13998	27996000.0	15.0
13999	27998000.0	7.0
14000	28000000.0	8.0
14001	28002000.0	11.0
14002	28004000.0	10.0
14003	28006000.0	8.0
14004	28008000.0	7.0
14005	28010000.0	8.0
14006	28012000.0	5.0
14007	28014000.0	12.0
14008	28016000.0	8.0
14009	28018000.0	12.0
14010	28020000.0	9.0
14011	28022000.0	9.0
14012	28024000.0	13.0
14013	28026000.0	15.0
14014	28028000.0	10.0
14015	28030000.0	12.0
14016	28032000.0	9.0
14017	28034000.0	5.0
14018	28036000.0	6.0
14019	28038000.0	7.0
14020	28040000.0	7.0
14021	28042000.0	6.0
14022	28044000.0	5.0
14023	28046000.0	7.0
14024	28048000.0	9.0
14025	28050000.0	17.0
14026	28052000.0	6.0
14027	28054000.0	7.0
14028	28056000.0	4.0
14029	28058000.0	8.0
14030	28060000.0	5.0
14031	28062000.0	14.0
14032	28064000.0	14.0
14033	28066000.0	7.0
14034	28068000.0	9.0
14035	28070000.0	19.0
14036	28072000.0	20.0
14037	28074000.0	6.0
14038	28076000.0	11.0
14039	28078000.0	6.0
14040	28080000.0	7.0
14041	28082000.0	8.0
14042	28084000.0	12.0
14043	28086000.0	11.0
14044	28088000.0	11.0
14045	28090000.0	9.0
14046	28092000.0	10.0
14047	28094000.0	9.0
14048	28096000.0	13.0
14049	28098000.0	8.0
14050	28100000.0	6.0
14051	28102000.0	8.0
14052	28104000.0	7.0
14053	28106000.0	9.0
14054	28108000.0	13.0
14055	28110000.0	10.0
14056	28112000.0	11.0
14057	28114000.0	7.0
14058	28116000.0	11.0
14059	28118000.0	6.0
14060	28120000.0	6.0
14061	28122000.0	8.0
14062	28124000.0	7.0
14063	28126000.0	7.0
14064	28128000.0	10.0
14065	28130000.0	11.0
14066	28132000.0	12.0
14067	28134000.0	14.0
14068	28136000.0	3.0
14069	28138000.0	8.0
14070	28140000.0	9.0
14071	28142000.0	6.0
14072	28144000.0	15.0
14073	28146000.0	8.0
14074	28148000.0	8.0
14075	28150000.0	7.0
14076	28152000.0	15.0
14077	28154000.0	11.0
14078	28156000.0	12.0
14079	28158000.0	10.0
14080	28160000.0	8.0
14081	28162000.0	12.0
14082	28164000.0	8.0
14083	28166000.0	10.0
14084	28168000.0	9.0
14085	28170000.0	8.0
14086	28172000.0	6.0
14087	28174000.0	9.0
14088	28176000.0	10.0
14089	28178000.0	8.0
14090	28180000.0	16.0
14091	28182000.0	10.0
14092	28184000.0	6.0
14093	28186000.0	14.0
14094	28188000.0	8.0
14095	28190000.0	11.0
14096	28192000.0	11.0
14097	28194000.0	8.0
14098	28196000.0	12.0
14099	28198000.0	8.0
14100	28200000.0	9.0
14101	28202000.0	10.0
14102	28204000.0	7.0
14103	28206000.0	11.0
14104	28208000.0	9.0
14105	28210000.0	4.0
14106	28212000.0	6.0
14107	28214000.0	11.0
14108	28216000.0	11.0
14109	28218000.0	8.0
14110	28220000.0	12.0
14111	28222000.0	10.0
14112	28224000.0	13.0
14113	28226000.0	11.0
14114	28228000.0	10.0
14115	28230000.0	7.0
14116	28232000.0	11.0
14117	28234000.0	7.0
14118	28236000.0	9.0
14119	28238000.0	7.0
14120	28240000.0	15.0
14121	28242000.0	9.0
14122	28244000.0	10.0
14123	28246000.0	9.0
14124	28248000.0	8.0
14125	28250000.0	9.0
14126	28252000.0	11.0
14127	28254000.0	8.0
14128	28256000.0	8.0
14129	28258000.0	11.0
14130	28260000.0	8.0
14131	28262000.0	6.0
14132	28264000.0	11.0
14133	28266000.0	10.0
14134	28268000.0	9.0
14135	28270000.0	4.0
14136	28272000.0	11.0
14137	28274000.0	9.0
14138	28276000.0	10.0
14139	28278000.0	11.0
14140	28280000.0	8.0
14141	28282000.0	4.0
14142	28284000.0	11.0
14143	28286000.0	9.0
14144	28288000.0	7.0
14145	28290000.0	10.0
14146	28292000.0	4.0
14147	28294000.0	11.0
14148	28296000.0	9.0
14149	28298000.0	16.0
14150	28300000.0	6.0
14151	28302000.0	8.0
14152	28304000.0	8.0
14153	28306000.0	6.0
14154	28308000.0	7.0
14155	28310000.0	5.0
14156	28312000.0	15.0
14157	28314000.0	7.0
14158	28316000.0	10.0
14159	28318000.0	10.0
14160	28320000.0	10.0
14161	28322000.0	9.0
14162	28324000.0	4.0
14163	28326000.0	10.0
14164	28328000.0	14.0
14165	28330000.0	10.0
14166	28332000.0	14.0
14167	28334000.0	13.0
14168	28336000.0	12.0
14169	28338000.0	5.0
14170	28340000.0	9.0
14171	28342000.0	13.0
14172	28344000.0	6.0
14173	28346000.0	8.0
14174	28348000.0	6.0
14175	28350000.0	11.0
14176	28352000.0	10.0
14177	28354000.0	11.0
14178	28356000.0	12.0
14179	28358000.0	7.0
14180	28360000.0	10.0
14181	28362000.0	8.0
14182	28364000.0	12.0
14183	28366000.0	9.0
14184	28368000.0	14.0
14185	28370000.0	7.0
14186	28372000.0	12.0
14187	28374000.0	13.0
14188	28376000.0	11.0
14189	28378000.0	7.0
14190	28380000.0	9.0
14191	28382000.0	6.0
14192	28384000.0	11.0
14193	28386000.0	9.0
14194	28388000.0	8.0
14195	28390000.0	10.0
14196	28392000.0	7.0
14197	28394000.0	8.0
14198	28396000.0	14.0
14199	28398000.0	15.0
14200	28400000.0	10.0
14201	28402000.0	11.0
14202	28404000.0	9.0
14203	28406000.0	10.0
14204	28408000.0	6.0
14205	28410000.0	12.0
14206	28412000.0	11.0
14207	28414000.0	6.0
14208	28416000.0	5.0
14209	28418000.0	9.0
14210	28420000.0	7.0
14211	28422000.0	12.0
14212	28424000.0	8.0
14213	28426000.0	9.0
14214	28428000.0	14.0
14215	28430000.0	15.0
14216	28432000.0	9.0
14217	28434000.0	13.0
14218	28436000.0	9.0
14219	28438000.0	8.0
14220	28440000.0	9.0
14221	28442000.0	11.0
14222	28444000.0	11.0
14223	28446000.0	11.0
14224	28448000.0	17.0
14225	28450000.0	10.0
14226	28452000.0	13.0
14227	28454000.0	13.0
14228	28456000.0	14.0
14229	28458000.0	10.0
14230	28460000.0	8.0
14231	28462000.0	9.0
14232	28464000.0	7.0
14233	28466000.0	12.0
14234	28468000.0	13.0
14235	28470000.0	11.0
14236	28472000.0	10.0
14237	28474000.0	3.0
14238	28476000.0	9.0
14239	28478000.0	11.0
14240	28480000.0	12.0
14241	28482000.0	10.0
14242	28484000.0	6.0
14243	28486000.0	10.0
14244	28488000.0	13.0
14245	28490000.0	9.0
14246	28492000.0	11.0
14247	28494000.0	9.0
14248	28496000.0	10.0
14249	28498000.0	13.0
14250	28500000.0	6.0
14251	28502000.0	5.0
14252	28504000.0	9.0
14253	28506000.0	8.0
14254	28508000.0	6.0
14255	28510000.0	13.0
14256	28512000.0	6.0
14257	28514000.0	7.0
14258	28516000.0	12.0
14259	28518000.0	9.0
14260	28520000.0	9.0
14261	28522000.0	15.0
14262	28524000.0	8.0
14263	28526000.0	9.0
14264	28528000.0	14.0
14265	28530000.0	5.0
14266	28532000.0	9.0
14267	28534000.0	10.0
14268	28536000.0	12.0
14269	28538000.0	6.0
14270	28540000.0	13.0
14271	28542000.0	15.0
14272	28544000.0	8.0
14273	28546000.0	11.0
14274	28548000.0	8.0
14275	28550000.0	9.0
14276	28552000.0	8.0
14277	28554000.0	14.0
14278	28556000.0	7.0
14279	28558000.0	9.0
14280	28560000.0	11.0
14281	28562000.0	8.0
14282	28564000.0	9.0
14283	28566000.0	14.0
14284	28568000.0	8.0
14285	28570000.0	11.0
14286	28572000.0	4.0
14287	28574000.0	13.0
14288	28576000.0	9.0
14289	28578000.0	7.0
14290	28580000.0	14.0
14291	28582000.0	7.0
14292	28584000.0	11.0
14293	28586000.0	5.0
14294	28588000.0	13.0
14295	28590000.0	14.0
14296	28592000.0	4.0
14297	28594000.0	13.0
14298	28596000.0	9.0
14299	28598000.0	9.0
14300	28600000.0	7.0
14301	28602000.0	8.0
14302	28604000.0	13.0
14303	28606000.0	12.0
14304	28608000.0	7.0
14305	28610000.0	12.0
14306	28612000.0	9.0
14307	28614000.0	9.0
14308	28616000.0	12.0
14309	28618000.0	7.0
14310	28620000.0	6.0
14311	28622000.0	9.0
14312	28624000.0	7.0
14313	28626000.0	13.0
14314	28628000.0	7.0
14315	28630000.0	9.0
14316	28632000.0	9.0
14317	28634000.0	10.0
14318	28636000.0	13.0
14319	28638000.0	8.0
14320	28640000.0	13.0
14321	28642000.0	7.0
14322	28644000.0	8.0
14323	28646000.0	8.0
14324	28648000.0	6.0
14325	28650000.0	8.0
14326	28652000.0	12.0
14327	28654000.0	6.0
14328	28656000.0	8.0
14329	28658000.0	16.0
14330	28660000.0	13.0
14331	28662000.0	15.0
14332	28664000.0	11.0
14333	28666000.0	11.0
14334	28668000.0	7.0
14335	28670000.0	4.0
14336	28672000.0	6.0
14337	28674000.0	7.0
14338	28676000.0	5.0
14339	28678000.0	5.0
14340	28680000.0	9.0
14341	28682000.0	14.0
14342	28684000.0	8.0
14343	28686000.0	13.0
14344	28688000.0	12.0
14345	28690000.0	12.0
14346	28692000.0	9.0
14347	28694000.0	4.0
14348	28696000.0	12.0
14349	28698000.0	16.0
14350	28700000.0	18.0
14351	28702000.0	10.0
14352	28704000.0	9.0
14353	28706000.0	4.0
14354	28708000.0	6.0
14355	28710000.0	16.0
14356	28712000.0	8.0
14357	28714000.0	10.0
14358	28716000.0	10.0
14359	28718000.0	12.0
14360	28720000.0	7.0
14361	28722000.0	7.0
14362	28724000.0	14.0
14363	28726000.0	10.0
14364	28728000.0	15.0
14365	28730000.0	6.0
14366	28732000.0	6.0
14367	28734000.0	10.0
14368	28736000.0	4.0
14369	28738000.0	16.0
14370	28740000.0	7.0
14371	28742000.0	9.0
14372	28744000.0	6.0
14373	28746000.0	10.0
14374	28748000.0	6.0
14375	28750000.0	11.0
14376	28752000.0	7.0
14377	28754000.0	6.0
14378	28756000.0	9.0
14379	28758000.0	5.0
14380	28760000.0	16.0
14381	28762000.0	11.0
14382	28764000.0	11.0
14383	28766000.0	13.0
14384	28768000.0	9.0
14385	28770000.0	10.0
14386	28772000.0	7.0
14387	28774000.0	10.0
14388	28776000.0	11.0
14389	28778000.0	3.0
14390	28780000.0	6.0
14391	28782000.0	15.0
14392	28784000.0	6.0
14393	28786000.0	7.0
14394	28788000.0	9.0
14395	28790000.0	14.0
14396	28792000.0	6.0
14397	28794000.0	4.0
14398	28796000.0	5.0
14399	28798000.0	12.0
14400	28800000.0	7.0
14401	28802000.0	5.0
14402	28804000.0	8.0
14403	28806000.0	10.0
14404	28808000.0	9.0
14405	28810000.0	10.0
14406	28812000.0	9.0
14407	28814000.0	15.0
14408	28816000.0	10.0
14409	28818000.0	9.0
14410	28820000.0	7.0
14411	28822000.0	9.0
14412	28824000.0	9.0
14413	28826000.0	10.0
14414	28828000.0	11.0
14415	28830000.0	9.0
14416	28832000.0	11.0
14417	28834000.0	6.0
14418	28836000.0	15.0
14419	28838000.0	9.0
14420	28840000.0	8.0
14421	28842000.0	14.0
14422	28844000.0	8.0
14423	28846000.0	11.0
14424	28848000.0	8.0
14425	28850000.0	12.0
14426	28852000.0	10.0
14427	28854000.0	13.0
14428	28856000.0	8.0
14429	28858000.0	6.0
14430	28860000.0	12.0
14431	28862000.0	10.0
14432	28864000.0	3.0
14433	28866000.0	11.0
14434	28868000.0	7.0
14435	28870000.0	10.0
14436	28872000.0	8.0
14437	28874000.0	15.0
14438	28876000.0	5.0
14439	28878000.0	12.0
14440	28880000.0	9.0
14441	28882000.0	5.0
14442	28884000.0	10.0
14443	28886000.0	12.0
14444	28888000.0	11.0
14445	28890000.0	11.0
14446	28892000.0	5.0
14447	28894000.0	10.0
14448	28896000.0	6.0
14449	28898000.0	8.0
14450	28900000.0	11.0
14451	28902000.0	1.0
14452	28904000.0	16.0
14453	28906000.0	9.0
14454	28908000.0	13.0
14455	28910000.0	12.0
14456	28912000.0	5.0
14457	28914000.0	9.0
14458	28916000.0	9.0
14459	28918000.0	12.0
14460	28920000.0	10.0
14461	28922000.0	8.0
14462	28924000.0	12.0
14463	28926000.0	15.0
14464	28928000.0	11.0
14465	28930000.0	15.0
14466	28932000.0	7.0
14467	28934000.0	10.0
14468	28936000.0	9.0
14469	28938000.0	10.0
14470	28940000.0	8.0
14471	28942000.0	9.0
14472	28944000.0	11.0
14473	28946000.0	13.0
14474	28948000.0	10.0
14475	28950000.0	12.0
14476	28952000.0	5.0
14477	28954000.0	8.0
14478	28956000.0	12.0
14479	28958000.0	12.0
14480	28960000.0	10.0
14481	28962000.0	5.0
14482	28964000.0	12.0
14483	28966000.0	13.0
14484	28968000.0	12.0
14485	28970000.0	10.0
14486	28972000.0	9.0
14487	28974000.0	10.0
14488	28976000.0	8.0
14489	28978000.0	9.0
14490	28980000.0	9.0
14491	28982000.0	10.0
14492	28984000.0	10.0
14493	28986000.0	11.0
14494	28988000.0	12.0
14495	28990000.0	15.0
14496	28992000.0	6.0
14497	28994000.0	10.0
14498	28996000.0	6.0
14499	28998000.0	12.0
14500	29000000.0	11.0
14501	29002000.0	11.0
14502	29004000.0	10.0
14503	29006000.0	12.0
14504	29008000.0	10.0
14505	29010000.0	8.0
14506	29012000.0	10.0
14507	29014000.0	9.0
14508	29016000.0	8.0
14509	29018000.0	11.0
14510	29020000.0	9.0
14511	29022000.0	12.0
14512	29024000.0	3.0
14513	29026000.0	6.0
14514	29028000.0	12.0
14515	29030000.0	10.0
14516	29032000.0	8.0
14517	29034000.0	15.0
14518	29036000.0	8.0
14519	29038000.0	10.0
14520	29040000.0	5.0
14521	29042000.0	8.0
14522	29044000.0	10.0
14523	29046000.0	6.0
14524	29048000.0	8.0
14525	29050000.0	12.0
14526	29052000.0	10.0
14527	29054000.0	9.0
14528	29056000.0	8.0
14529	29058000.0	7.0
14530	29060000.0	10.0
14531	29062000.0	6.0
14532	29064000.0	11.0
14533	29066000.0	5.0
14534	29068000.0	6.0
14535	29070000.0	9.0
14536	29072000.0	8.0
14537	29074000.0	3.0
14538	29076000.0	10.0
14539	29078000.0	5.0
14540	29080000.0	8.0
14541	29082000.0	8.0
14542	29084000.0	7.0
14543	29086000.0	9.0
14544	29088000.0	10.0
14545	29090000.0	9.0
14546	29092000.0	9.0
14547	29094000.0	10.0
14548	29096000.0	8.0
14549	29098000.0	9.0
14550	29100000.0	11.0
14551	29102000.0	10.0
14552	29104000.0	7.0
14553	29106000.0	12.0
14554	29108000.0	7.0
14555	29110000.0	6.0
14556	29112000.0	19.0
14557	29114000.0	12.0
14558	29116000.0	6.0
14559	29118000.0	3.0
14560	29120000.0	15.0
14561	29122000.0	10.0
14562	29124000.0	6.0
14563	29126000.0	10.0
14564	29128000.0	6.0
14565	29130000.0	12.0
14566	29132000.0	17.0
14567	29134000.0	5.0
14568	29136000.0	11.0
14569	29138000.0	5.0
14570	29140000.0	8.0
14571	29142000.0	6.0
14572	29144000.0	13.0
14573	29146000.0	10.0
14574	29148000.0	8.0
14575	29150000.0	9.0
14576	29152000.0	7.0
14577	29154000.0	8.0
14578	29156000.0	9.0
14579	29158000.0	6.0
14580	29160000.0	9.0
14581	29162000.0	4.0
14582	29164000.0	11.0
14583	29166000.0	9.0
14584	29168000.0	8.0
14585	29170000.0	10.0
14586	29172000.0	5.0
14587	29174000.0	13.0
14588	29176000.0	8.0
14589	29178000.0	10.0
14590	29180000.0	10.0
14591	29182000.0	10.0
14592	29184000.0	14.0
14593	29186000.0	7.0
14594	29188000.0	9.0
14595	29190000.0	7.0
14596	29192000.0	8.0
14597	29194000.0	7.0
14598	29196000.0	10.0
14599	29198000.0	9.0
14600	29200000.0	6.0
14601	29202000.0	13.0
14602	29204000.0	10.0
14603	29206000.0	15.0
14604	29208000.0	6.0
14605	29210000.0	10.0
14606	29212000.0	9.0
14607	29214000.0	4.0
14608	29216000.0	9.0
14609	29218000.0	11.0
14610	29220000.0	7.0
14611	29222000.0	11.0
14612	29224000.0	11.0
14613	29226000.0	9.0
14614	29228000.0	10.0
14615	29230000.0	4.0
14616	29232000.0	10.0
14617	29234000.0	10.0
14618	29236000.0	4.0
14619	29238000.0	11.0
14620	29240000.0	12.0
14621	29242000.0	10.0
14622	29244000.0	12.0
14623	29246000.0	11.0
14624	29248000.0	13.0
14625	29250000.0	5.0
14626	29252000.0	6.0
14627	29254000.0	3.0
14628	29256000.0	7.0
14629	29258000.0	6.0
14630	29260000.0	11.0
14631	29262000.0	9.0
14632	29264000.0	12.0
14633	29266000.0	10.0
14634	29268000.0	5.0
14635	29270000.0	2.0
14636	29272000.0	7.0
14637	29274000.0	8.0
14638	29276000.0	9.0
14639	29278000.0	18.0
14640	29280000.0	5.0
14641	29282000.0	19.0
14642	29284000.0	8.0
14643	29286000.0	16.0
14644	29288000.0	11.0
14645	29290000.0	6.0
14646	29292000.0	11.0
14647	29294000.0	8.0
14648	29296000.0	8.0
14649	29298000.0	8.0
14650	29300000.0	10.0
14651	29302000.0	11.0
14652	29304000.0	10.0
14653	29306000.0	6.0
14654	29308000.0	11.0
14655	29310000.0	6.0
14656	29312000.0	12.0
14657	29314000.0	11.0
14658	29316000.0	11.0
14659	29318000.0	9.0
14660	29320000.0	9.0
14661	29322000.0	6.0
14662	29324000.0	5.0
14663	29326000.0	14.0
14664	29328000.0	11.0
14665	29330000.0	7.0
14666	29332000.0	8.0
14667	29334000.0	11.0
14668	29336000.0	7.0
14669	29338000.0	12.0
14670	29340000.0	5.0
14671	29342000.0	11.0
14672	29344000.0	9.0
14673	29346000.0	10.0
14674	29348000.0	7.0
14675	29350000.0	7.0
14676	29352000.0	10.0
14677	29354000.0	4.0
14678	29356000.0	10.0
14679	29358000.0	11.0
14680	29360000.0	4.0
14681	29362000.0	6.0
14682	29364000.0	5.0
14683	29366000.0	9.0
14684	29368000.0	10.0
14685	29370000.0	5.0
14686	29372000.0	12.0
14687	29374000.0	4.0
14688	29376000.0	9.0
14689	29378000.0	6.0
14690	29380000.0	9.0
14691	29382000.0	9.0
14692	29384000.0	8.0
14693	29386000.0	7.0
14694	29388000.0	6.0
14695	29390000.0	6.0
14696	29392000.0	9.0
14697	29394000.0	11.0
14698	29396000.0	9.0
14699	29398000.0	14.0
14700	29400000.0	9.0
14701	29402000.0	10.0
14702	29404000.0	8.0
14703	29406000.0	9.0
14704	29408000.0	8.0
14705	29410000.0	14.0
14706	29412000.0	11.0
14707	29414000.0	10.0
14708	29416000.0	3.0
14709	29418000.0	9.0
14710	29420000.0	9.0
14711	29422000.0	10.0
14712	29424000.0	8.0
14713	29426000.0	9.0
14714	29428000.0	8.0
14715	29430000.0	16.0
14716	29432000.0	8.0
14717	29434000.0	10.0
14718	29436000.0	12.0
14719	29438000.0	12.0
14720	29440000.0	9.0
14721	29442000.0	8.0
14722	29444000.0	6.0
14723	29446000.0	5.0
14724	29448000.0	5.0
14725	29450000.0	9.0
14726	29452000.0	8.0
14727	29454000.0	5.0
14728	29456000.0	4.0
14729	29458000.0	6.0
14730	29460000.0	10.0
14731	29462000.0	11.0
14732	29464000.0	7.0
14733	29466000.0	11.0
14734	29468000.0	9.0
14735	29470000.0	5.0
14736	29472000.0	7.0
14737	29474000.0	7.0
14738	29476000.0	9.0
14739	29478000.0	9.0
14740	29480000.0	8.0
14741	29482000.0	9.0
14742	29484000.0	8.0
14743	29486000.0	8.0
14744	29488000.0	13.0
14745	29490000.0	7.0
14746	29492000.0	6.0
14747	29494000.0	9.0
14748	29496000.0	7.0
14749	29498000.0	8.0
14750	29500000.0	4.0
14751	29502000.0	10.0
14752	29504000.0	15.0
14753	29506000.0	9.0
14754	29508000.0	10.0
14755	29510000.0	6.0
14756	29512000.0	11.0
14757	29514000.0	9.0
14758	29516000.0	10.0
14759	29518000.0	5.0
14760	29520000.0	10.0
14761	29522000.0	11.0
14762	29524000.0	14.0
14763	29526000.0	10.0
14764	29528000.0	11.0
14765	29530000.0	8.0
14766	29532000.0	7.0
14767	29534000.0	10.0
14768	29536000.0	8.0
14769	29538000.0	7.0
14770	29540000.0	12.0
14771	29542000.0	4.0
14772	29544000.0	17.0
14773	29546000.0	13.0
14774	29548000.0	14.0
14775	29550000.0	5.0
14776	29552000.0	9.0
14777	29554000.0	7.0
14778	29556000.0	13.0
14779	29558000.0	4.0
14780	29560000.0	6.0
14781	29562000.0	14.0
14782	29564000.0	11.0
14783	29566000.0	9.0
14784	29568000.0	9.0
14785	29570000.0	8.0
14786	29572000.0	10.0
14787	29574000.0	7.0
14788	29576000.0	9.0
14789	29578000.0	8.0
14790	29580000.0	7.0
14791	29582000.0	10.0
14792	29584000.0	13.0
14793	29586000.0	8.0
14794	29588000.0	8.0
14795	29590000.0	10.0
14796	29592000.0	6.0
14797	29594000.0	9.0
14798	29596000.0	5.0
14799	29598000.0	10.0
14800	29600000.0	10.0
14801	29602000.0	7.0
14802	29604000.0	12.0
14803	29606000.0	6.0
14804	29608000.0	8.0
14805	29610000.0	11.0
14806	29612000.0	5.0
14807	29614000.0	5.0
14808	29616000.0	8.0
14809	29618000.0	13.0
14810	29620000.0	7.0
14811	29622000.0	8.0
14812	29624000.0	8.0
14813	29626000.0	6.0
14814	29628000.0	11.0
14815	29630000.0	12.0
14816	29632000.0	7.0
14817	29634000.0	11.0
14818	29636000.0	4.0
14819	29638000.0	4.0
14820	29640000.0	9.0
14821	29642000.0	6.0
14822	29644000.0	15.0
14823	29646000.0	13.0
14824	29648000.0	6.0
14825	29650000.0	12.0
14826	29652000.0	9.0
14827	29654000.0	5.0
14828	29656000.0	6.0
14829	29658000.0	8.0
14830	29660000.0	13.0
14831	29662000.0	9.0
14832	29664000.0	12.0
14833	29666000.0	7.0
14834	29668000.0	9.0
14835	29670000.0	8.0
14836	29672000.0	10.0
14837	29674000.0	13.0
14838	29676000.0	8.0
14839	29678000.0	12.0
14840	29680000.0	13.0
14841	29682000.0	11.0
14842	29684000.0	9.0
14843	29686000.0	9.0
14844	29688000.0	7.0
14845	29690000.0	3.0
14846	29692000.0	15.0
14847	29694000.0	6.0
14848	29696000.0	7.0
14849	29698000.0	10.0
14850	29700000.0	10.0
14851	29702000.0	4.0
14852	29704000.0	10.0
14853	29706000.0	12.0
14854	29708000.0	6.0
14855	29710000.0	10.0
14856	29712000.0	5.0
14857	29714000.0	9.0
14858	29716000.0	12.0
14859	29718000.0	13.0
14860	29720000.0	7.0
14861	29722000.0	12.0
14862	29724000.0	10.0
14863	29726000.0	9.0
14864	29728000.0	7.0
14865	29730000.0	11.0
14866	29732000.0	17.0
14867	29734000.0	11.0
14868	29736000.0	9.0
14869	29738000.0	15.0
14870	29740000.0	6.0
14871	29742000.0	9.0
14872	29744000.0	14.0
14873	29746000.0	9.0
14874	29748000.0	7.0
14875	29750000.0	11.0
14876	29752000.0	11.0
14877	29754000.0	6.0
14878	29756000.0	5.0
14879	29758000.0	8.0
14880	29760000.0	14.0
14881	29762000.0	11.0
14882	29764000.0	8.0
14883	29766000.0	6.0
14884	29768000.0	8.0
14885	29770000.0	4.0
14886	29772000.0	7.0
14887	29774000.0	11.0
14888	29776000.0	7.0
14889	29778000.0	9.0
14890	29780000.0	6.0
14891	29782000.0	7.0
14892	29784000.0	10.0
14893	29786000.0	8.0
14894	29788000.0	7.0
14895	29790000.0	10.0
14896	29792000.0	12.0
14897	29794000.0	11.0
14898	29796000.0	7.0
14899	29798000.0	8.0
14900	29800000.0	15.0
14901	29802000.0	16.0
14902	29804000.0	7.0
14903	29806000.0	12.0
14904	29808000.0	8.0
14905	29810000.0	12.0
14906	29812000.0	4.0
14907	29814000.0	10.0
14908	29816000.0	9.0
14909	29818000.0	7.0
14910	29820000.0	8.0
14911	29822000.0	8.0
14912	29824000.0	7.0
14913	29826000.0	7.0
14914	29828000.0	9.0
14915	29830000.0	5.0
14916	29832000.0	6.0
14917	29834000.0	10.0
14918	29836000.0	10.0
14919	29838000.0	9.0
14920	29840000.0	4.0
14921	29842000.0	10.0
14922	29844000.0	8.0
14923	29846000.0	8.0
14924	29848000.0	7.0
14925	29850000.0	7.0
14926	29852000.0	12.0
14927	29854000.0	4.0
14928	29856000.0	14.0
14929	29858000.0	8.0
14930	29860000.0	7.0
14931	29862000.0	10.0
14932	29864000.0	7.0
14933	29866000.0	7.0
14934	29868000.0	8.0
14935	29870000.0	14.0
14936	29872000.0	9.0
14937	29874000.0	6.0
14938	29876000.0	7.0
14939	29878000.0	10.0
14940	29880000.0	9.0
14941	29882000.0	9.0
14942	29884000.0	10.0
14943	29886000.0	10.0
14944	29888000.0	9.0
14945	29890000.0	8.0
14946	29892000.0	7.0
14947	29894000.0	8.0
14948	29896000.0	9.0
14949	29898000.0	8.0
14950	29900000.0	10.0
14951	29902000.0	11.0
14952	29904000.0	5.0
14953	29906000.0	12.0
14954	29908000.0	6.0
14955	29910000.0	5.0
14956	29912000.0	11.0
14957	29914000.0	6.0
14958	29916000.0	15.0
14959	29918000.0	13.0
14960	29920000.0	8.0
14961	29922000.0	13.0
14962	29924000.0	14.0
14963	29926000.0	12.0
14964	29928000.0	6.0
14965	29930000.0	12.0
14966	29932000.0	11.0
14967	29934000.0	15.0
14968	29936000.0	10.0
14969	29938000.0	9.0
14970	29940000.0	6.0
14971	29942000.0	7.0
14972	29944000.0	15.0
14973	29946000.0	11.0
14974	29948000.0	6.0
14975	29950000.0	5.0
14976	29952000.0	10.0
14977	29954000.0	10.0
14978	29956000.0	11.0
14979	29958000.0	8.0
14980	29960000.0	7.0
14981	29962000.0	10.0
14982	29964000.0	8.0
14983	29966000.0	4.0
14984	29968000.0	7.0
14985	29970000.0	9.0
14986	29972000.0	8.0
14987	29974000.0	6.0
14988	29976000.0	8.0
14989	29978000.0	10.0
14990	29980000.0	6.0
14991	29982000.0	7.0
14992	29984000.0	8.0
14993	29986000.0	11.0
14994	29988000.0	10.0
14995	29990000.0	7.0
14996	29992000.0	10.0
14997	29994000.0	9.0
14998	29996000.0	10.0
14999	29998000.0	8.0
15000	30000000.0	8.0
15001	30002000.0	14.0
15002	30004000.0	10.0
15003	30006000.0	9.0
15004	30008000.0	5.0
15005	30010000.0	10.0
15006	30012000.0	12.0
15007	30014000.0	4.0
15008	30016000.0	12.0
15009	30018000.0	10.0
15010	30020000.0	10.0
15011	30022000.0	14.0
15012	30024000.0	16.0
15013	30026000.0	7.0
15014	30028000.0	10.0
15015	30030000.0	7.0
15016	30032000.0	7.0
15017	30034000.0	11.0
15018	30036000.0	8.0
15019	30038000.0	10.0
15020	30040000.0	9.0
15021	30042000.0	5.0
15022	30044000.0	5.0
15023	30046000.0	17.0
15024	30048000.0	5.0
15025	30050000.0	13.0
15026	30052000.0	9.0
15027	30054000.0	7.0
15028	30056000.0	12.0
15029	30058000.0	10.0
15030	30060000.0	10.0
15031	30062000.0	13.0
15032	30064000.0	10.0
15033	30066000.0	7.0
15034	30068000.0	6.0
15035	30070000.0	7.0
15036	30072000.0	6.0
15037	30074000.0	5.0
15038	30076000.0	8.0
15039	30078000.0	7.0
15040	30080000.0	10.0
15041	30082000.0	13.0
15042	30084000.0	10.0
15043	30086000.0	12.0
15044	30088000.0	8.0
15045	30090000.0	5.0
15046	30092000.0	5.0
15047	30094000.0	13.0
15048	30096000.0	4.0
15049	30098000.0	6.0
15050	30100000.0	10.0
15051	30102000.0	13.0
15052	30104000.0	9.0
15053	30106000.0	8.0
15054	30108000.0	7.0
15055	30110000.0	6.0
15056	30112000.0	11.0
15057	30114000.0	12.0
15058	30116000.0	11.0
15059	30118000.0	3.0
15060	30120000.0	7.0
15061	30122000.0	3.0
15062	30124000.0	8.0
15063	30126000.0	7.0
15064	30128000.0	7.0
15065	30130000.0	11.0
15066	30132000.0	7.0
15067	30134000.0	6.0
15068	30136000.0	9.0
15069	30138000.0	8.0
15070	30140000.0	8.0
15071	30142000.0	5.0
15072	30144000.0	8.0
15073	30146000.0	6.0
15074	30148000.0	5.0
15075	30150000.0	10.0
15076	30152000.0	6.0
15077	30154000.0	13.0
15078	30156000.0	6.0
15079	30158000.0	9.0
15080	30160000.0	10.0
15081	30162000.0	8.0
15082	30164000.0	9.0
15083	30166000.0	8.0
15084	30168000.0	9.0
15085	30170000.0	6.0
15086	30172000.0	4.0
15087	30174000.0	9.0
15088	30176000.0	3.0
15089	30178000.0	11.0
15090	30180000.0	7.0
15091	30182000.0	9.0
15092	30184000.0	5.0
15093	30186000.0	4.0
15094	30188000.0	12.0
15095	30190000.0	10.0
15096	30192000.0	14.0
15097	30194000.0	7.0
15098	30196000.0	7.0
15099	30198000.0	12.0
15100	30200000.0	9.0
15101	30202000.0	7.0
15102	30204000.0	6.0
15103	30206000.0	7.0
15104	30208000.0	12.0
15105	30210000.0	12.0
15106	30212000.0	5.0
15107	30214000.0	4.0
15108	30216000.0	12.0
15109	30218000.0	13.0
15110	30220000.0	10.0
15111	30222000.0	9.0
15112	30224000.0	17.0
15113	30226000.0	10.0
15114	30228000.0	8.0
15115	30230000.0	4.0
15116	30232000.0	14.0
15117	30234000.0	6.0
15118	30236000.0	7.0
15119	30238000.0	11.0
15120	30240000.0	9.0
15121	30242000.0	14.0
15122	30244000.0	10.0
15123	30246000.0	14.0
15124	30248000.0	5.0
15125	30250000.0	16.0
15126	30252000.0	9.0
15127	30254000.0	10.0
15128	30256000.0	15.0
15129	30258000.0	10.0
15130	30260000.0	8.0
15131	30262000.0	9.0
15132	30264000.0	7.0
15133	30266000.0	8.0
15134	30268000.0	7.0
15135	30270000.0	6.0
15136	30272000.0	7.0
15137	30274000.0	11.0
15138	30276000.0	5.0
15139	30278000.0	7.0
15140	30280000.0	12.0
15141	30282000.0	7.0
15142	30284000.0	8.0
15143	30286000.0	13.0
15144	30288000.0	15.0
15145	30290000.0	12.0
15146	30292000.0	10.0
15147	30294000.0	9.0
15148	30296000.0	8.0
15149	30298000.0	15.0
15150	30300000.0	12.0
15151	30302000.0	10.0
15152	30304000.0	7.0
15153	30306000.0	10.0
15154	30308000.0	9.0
15155	30310000.0	7.0
15156	30312000.0	7.0
15157	30314000.0	9.0
15158	30316000.0	7.0
15159	30318000.0	7.0
15160	30320000.0	8.0
15161	30322000.0	6.0
15162	30324000.0	9.0
15163	30326000.0	13.0
15164	30328000.0	7.0
15165	30330000.0	13.0
15166	30332000.0	5.0
15167	30334000.0	7.0
15168	30336000.0	10.0
15169	30338000.0	10.0
15170	30340000.0	10.0
15171	30342000.0	10.0
15172	30344000.0	9.0
15173	30346000.0	9.0
15174	30348000.0	13.0
15175	30350000.0	9.0
15176	30352000.0	8.0
15177	30354000.0	8.0
15178	30356000.0	9.0
15179	30358000.0	6.0
15180	30360000.0	6.0
15181	30362000.0	12.0
15182	30364000.0	10.0
15183	30366000.0	12.0
15184	30368000.0	5.0
15185	30370000.0	8.0
15186	30372000.0	10.0
15187	30374000.0	4.0
15188	30376000.0	12.0
15189	30378000.0	8.0
15190	30380000.0	5.0
15191	30382000.0	8.0
15192	30384000.0	6.0
15193	30386000.0	10.0
15194	30388000.0	5.0
15195	30390000.0	10.0
15196	30392000.0	9.0
15197	30394000.0	5.0
15198	30396000.0	10.0
15199	30398000.0	5.0
15200	30400000.0	12.0
15201	30402000.0	6.0
15202	30404000.0	7.0
15203	30406000.0	8.0
15204	30408000.0	11.0
15205	30410000.0	12.0
15206	30412000.0	9.0
15207	30414000.0	11.0
15208	30416000.0	10.0
15209	30418000.0	9.0
15210	30420000.0	6.0
15211	30422000.0	9.0
15212	30424000.0	11.0
15213	30426000.0	4.0
15214	30428000.0	14.0
15215	30430000.0	7.0
15216	30432000.0	12.0
15217	30434000.0	6.0
15218	30436000.0	8.0
15219	30438000.0	8.0
15220	30440000.0	11.0
15221	30442000.0	9.0
15222	30444000.0	10.0
15223	30446000.0	6.0
15224	30448000.0	6.0
15225	30450000.0	15.0
15226	30452000.0	9.0
15227	30454000.0	8.0
15228	30456000.0	11.0
15229	30458000.0	9.0
15230	30460000.0	8.0
15231	30462000.0	10.0
15232	30464000.0	5.0
15233	30466000.0	7.0
15234	30468000.0	11.0
15235	30470000.0	7.0
15236	30472000.0	6.0
15237	30474000.0	7.0
15238	30476000.0	7.0
15239	30478000.0	7.0
15240	30480000.0	8.0
15241	30482000.0	14.0
15242	30484000.0	8.0
15243	30486000.0	9.0
15244	30488000.0	4.0
15245	30490000.0	8.0
15246	30492000.0	6.0
15247	30494000.0	3.0
15248	30496000.0	7.0
15249	30498000.0	8.0
15250	30500000.0	6.0
15251	30502000.0	10.0
15252	30504000.0	9.0
15253	30506000.0	8.0
15254	30508000.0	5.0
15255	30510000.0	11.0
15256	30512000.0	11.0
15257	30514000.0	10.0
15258	30516000.0	8.0
15259	30518000.0	6.0
15260	30520000.0	8.0
15261	30522000.0	7.0
15262	30524000.0	6.0
15263	30526000.0	13.0
15264	30528000.0	5.0
15265	30530000.0	10.0
15266	30532000.0	9.0
15267	30534000.0	7.0
15268	30536000.0	12.0
15269	30538000.0	9.0
15270	30540000.0	9.0
15271	30542000.0	3.0
15272	30544000.0	9.0
15273	30546000.0	9.0
15274	30548000.0	8.0
15275	30550000.0	10.0
15276	30552000.0	9.0
15277	30554000.0	10.0
15278	30556000.0	6.0
15279	30558000.0	12.0
15280	30560000.0	5.0
15281	30562000.0	10.0
15282	30564000.0	3.0
15283	30566000.0	6.0
15284	30568000.0	7.0
15285	30570000.0	12.0
15286	30572000.0	11.0
15287	30574000.0	5.0
15288	30576000.0	9.0
15289	30578000.0	3.0
15290	30580000.0	12.0
15291	30582000.0	10.0
15292	30584000.0	10.0
15293	30586000.0	9.0
15294	30588000.0	10.0
15295	30590000.0	11.0
15296	30592000.0	9.0
15297	30594000.0	5.0
15298	30596000.0	8.0
15299	30598000.0	2.0
15300	30600000.0	9.0
15301	30602000.0	10.0
15302	30604000.0	13.0
15303	30606000.0	10.0
15304	30608000.0	10.0
15305	30610000.0	8.0
15306	30612000.0	3.0
15307	30614000.0	5.0
15308	30616000.0	9.0
15309	30618000.0	7.0
15310	30620000.0	9.0
15311	30622000.0	8.0
15312	30624000.0	14.0
15313	30626000.0	9.0
15314	30628000.0	5.0
15315	30630000.0	7.0
15316	30632000.0	10.0
15317	30634000.0	7.0
15318	30636000.0	12.0
15319	30638000.0	14.0
15320	30640000.0	12.0
15321	30642000.0	10.0
15322	30644000.0	12.0
15323	30646000.0	7.0
15324	30648000.0	7.0
15325	30650000.0	12.0
15326	30652000.0	7.0
15327	30654000.0	5.0
15328	30656000.0	4.0
15329	30658000.0	6.0
15330	30660000.0	6.0
15331	30662000.0	6.0
15332	30664000.0	10.0
15333	30666000.0	6.0
15334	30668000.0	7.0
15335	30670000.0	10.0
15336	30672000.0	6.0
15337	30674000.0	12.0
15338	30676000.0	7.0
15339	30678000.0	10.0
15340	30680000.0	10.0
15341	30682000.0	19.0
15342	30684000.0	11.0
15343	30686000.0	9.0
15344	30688000.0	5.0
15345	30690000.0	8.0
15346	30692000.0	7.0
15347	30694000.0	7.0
15348	30696000.0	3.0
15349	30698000.0	8.0
15350	30700000.0	10.0
15351	30702000.0	9.0
15352	30704000.0	10.0
15353	30706000.0	7.0
15354	30708000.0	8.0
15355	30710000.0	11.0
15356	30712000.0	13.0
15357	30714000.0	8.0
15358	30716000.0	15.0
15359	30718000.0	11.0
15360	30720000.0	8.0
15361	30722000.0	4.0
15362	30724000.0	11.0
15363	30726000.0	6.0
15364	30728000.0	6.0
15365	30730000.0	7.0
15366	30732000.0	4.0
15367	30734000.0	12.0
15368	30736000.0	5.0
15369	30738000.0	12.0
15370	30740000.0	11.0
15371	30742000.0	14.0
15372	30744000.0	14.0
15373	30746000.0	7.0
15374	30748000.0	7.0
15375	30750000.0	7.0
15376	30752000.0	7.0
15377	30754000.0	15.0
15378	30756000.0	10.0
15379	30758000.0	11.0
15380	30760000.0	8.0
15381	30762000.0	9.0
15382	30764000.0	4.0
15383	30766000.0	12.0
15384	30768000.0	6.0
15385	30770000.0	6.0
15386	30772000.0	6.0
15387	30774000.0	12.0
15388	30776000.0	10.0
15389	30778000.0	8.0
15390	30780000.0	9.0
15391	30782000.0	6.0
15392	30784000.0	8.0
15393	30786000.0	7.0
15394	30788000.0	13.0
15395	30790000.0	7.0
15396	30792000.0	10.0
15397	30794000.0	8.0
15398	30796000.0	11.0
15399	30798000.0	8.0
15400	30800000.0	7.0
15401	30802000.0	6.0
15402	30804000.0	11.0
15403	30806000.0	7.0
15404	30808000.0	10.0
15405	30810000.0	15.0
15406	30812000.0	2.0
15407	30814000.0	12.0
15408	30816000.0	9.0
15409	30818000.0	12.0
15410	30820000.0	10.0
15411	30822000.0	4.0
15412	30824000.0	8.0
15413	30826000.0	13.0
15414	30828000.0	9.0
15415	30830000.0	12.0
15416	30832000.0	9.0
15417	30834000.0	7.0
15418	30836000.0	12.0
15419	30838000.0	7.0
15420	30840000.0	8.0
15421	30842000.0	8.0
15422	30844000.0	11.0
15423	30846000.0	7.0
15424	30848000.0	5.0
15425	30850000.0	11.0
15426	30852000.0	5.0
15427	30854000.0	15.0
15428	30856000.0	9.0
15429	30858000.0	6.0
15430	30860000.0	10.0
15431	30862000.0	6.0
15432	30864000.0	11.0
15433	30866000.0	11.0
15434	30868000.0	5.0
15435	30870000.0	10.0
15436	30872000.0	11.0
15437	30874000.0	10.0
15438	30876000.0	9.0
15439	30878000.0	10.0
15440	30880000.0	7.0
15441	30882000.0	11.0
15442	30884000.0	14.0
15443	30886000.0	6.0
15444	30888000.0	16.0
15445	30890000.0	10.0
15446	30892000.0	12.0
15447	30894000.0	10.0
15448	30896000.0	10.0
15449	30898000.0	7.0
15450	30900000.0	3.0
15451	30902000.0	13.0
15452	30904000.0	4.0
15453	30906000.0	7.0
15454	30908000.0	9.0
15455	30910000.0	11.0
15456	30912000.0	12.0
15457	30914000.0	7.0
15458	30916000.0	12.0
15459	30918000.0	9.0
15460	30920000.0	10.0
15461	30922000.0	6.0
15462	30924000.0	8.0
15463	30926000.0	11.0
15464	30928000.0	8.0
15465	30930000.0	9.0
15466	30932000.0	12.0
15467	30934000.0	10.0
15468	30936000.0	8.0
15469	30938000.0	10.0
15470	30940000.0	8.0
15471	30942000.0	8.0
15472	30944000.0	13.0
15473	30946000.0	12.0
15474	30948000.0	12.0
15475	30950000.0	10.0
15476	30952000.0	7.0
15477	30954000.0	14.0
15478	30956000.0	8.0
15479	30958000.0	5.0
15480	30960000.0	11.0
15481	30962000.0	10.0
15482	30964000.0	2.0
15483	30966000.0	7.0
15484	30968000.0	6.0
15485	30970000.0	10.0
15486	30972000.0	9.0
15487	30974000.0	9.0
15488	30976000.0	9.0
15489	30978000.0	10.0
15490	30980000.0	7.0
15491	30982000.0	8.0
15492	30984000.0	11.0
15493	30986000.0	7.0
15494	30988000.0	7.0
15495	30990000.0	5.0
15496	30992000.0	9.0
15497	30994000.0	4.0
15498	30996000.0	2.0
15499	30998000.0	10.0
15500	31000000.0	8.0
15501	31002000.0	9.0
15502	31004000.0	12.0
15503	31006000.0	4.0
15504	31008000.0	7.0
15505	31010000.0	11.0
15506	31012000.0	0.0
15507	31014000.0	10.0
15508	31016000.0	5.0
15509	31018000.0	8.0
15510	31020000.0	8.0
15511	31022000.0	6.0
15512	31024000.0	10.0
15513	31026000.0	7.0
15514	31028000.0	11.0
15515	31030000.0	9.0
15516	31032000.0	5.0
15517	31034000.0	10.0
15518	31036000.0	13.0
15519	31038000.0	11.0
15520	31040000.0	8.0
15521	31042000.0	15.0
15522	31044000.0	10.0
15523	31046000.0	8.0
15524	31048000.0	9.0
15525	31050000.0	8.0
15526	31052000.0	12.0
15527	31054000.0	11.0
15528	31056000.0	10.0
15529	31058000.0	8.0
15530	31060000.0	13.0
15531	31062000.0	10.0
15532	31064000.0	5.0
15533	31066000.0	9.0
15534	31068000.0	6.0
15535	31070000.0	7.0
15536	31072000.0	10.0
15537	31074000.0	7.0
15538	31076000.0	11.0
15539	31078000.0	8.0
15540	31080000.0	11.0
15541	31082000.0	10.0
15542	31084000.0	9.0
15543	31086000.0	9.0
15544	31088000.0	6.0
15545	31090000.0	9.0
15546	31092000.0	7.0
15547	31094000.0	9.0
15548	31096000.0	4.0
15549	31098000.0	15.0
15550	31100000.0	8.0
15551	31102000.0	11.0
15552	31104000.0	8.0
15553	31106000.0	11.0
15554	31108000.0	9.0
15555	31110000.0	3.0
15556	31112000.0	9.0
15557	31114000.0	7.0
15558	31116000.0	5.0
15559	31118000.0	11.0
15560	31120000.0	10.0
15561	31122000.0	10.0
15562	31124000.0	6.0
15563	31126000.0	6.0
15564	31128000.0	5.0
15565	31130000.0	7.0
15566	31132000.0	10.0
15567	31134000.0	11.0
15568	31136000.0	5.0
15569	31138000.0	7.0
15570	31140000.0	4.0
15571	31142000.0	6.0
15572	31144000.0	7.0
15573	31146000.0	4.0
15574	31148000.0	5.0
15575	31150000.0	7.0
15576	31152000.0	8.0
15577	31154000.0	15.0
15578	31156000.0	9.0
15579	31158000.0	5.0
15580	31160000.0	6.0
15581	31162000.0	10.0
15582	31164000.0	3.0
15583	31166000.0	7.0
15584	31168000.0	11.0
15585	31170000.0	3.0
15586	31172000.0	6.0
15587	31174000.0	8.0
15588	31176000.0	13.0
15589	31178000.0	13.0
15590	31180000.0	7.0
15591	31182000.0	11.0
15592	31184000.0	9.0
15593	31186000.0	4.0
15594	31188000.0	12.0
15595	31190000.0	5.0
15596	31192000.0	5.0
15597	31194000.0	8.0
15598	31196000.0	4.0
15599	31198000.0	6.0
15600	31200000.0	17.0
15601	31202000.0	12.0
15602	31204000.0	13.0
15603	31206000.0	8.0
15604	31208000.0	9.0
15605	31210000.0	10.0
15606	31212000.0	11.0
15607	31214000.0	9.0
15608	31216000.0	10.0
15609	31218000.0	11.0
15610	31220000.0	12.0
15611	31222000.0	12.0
15612	31224000.0	10.0
15613	31226000.0	6.0
15614	31228000.0	16.0
15615	31230000.0	10.0
15616	31232000.0	10.0
15617	31234000.0	14.0
15618	31236000.0	7.0
15619	31238000.0	7.0
15620	31240000.0	4.0
15621	31242000.0	4.0
15622	31244000.0	9.0
15623	31246000.0	5.0
15624	31248000.0	6.0
15625	31250000.0	5.0
15626	31252000.0	6.0
15627	31254000.0	12.0
15628	31256000.0	4.0
15629	31258000.0	10.0
15630	31260000.0	5.0
15631	31262000.0	4.0
15632	31264000.0	7.0
15633	31266000.0	9.0
15634	31268000.0	9.0
15635	31270000.0	11.0
15636	31272000.0	9.0
15637	31274000.0	7.0
15638	31276000.0	10.0
15639	31278000.0	6.0
15640	31280000.0	9.0
15641	31282000.0	9.0
15642	31284000.0	14.0
15643	31286000.0	7.0
15644	31288000.0	10.0
15645	31290000.0	6.0
15646	31292000.0	5.0
15647	31294000.0	3.0
15648	31296000.0	15.0
15649	31298000.0	12.0
15650	31300000.0	9.0
15651	31302000.0	4.0
15652	31304000.0	12.0
15653	31306000.0	7.0
15654	31308000.0	12.0
15655	31310000.0	9.0
15656	31312000.0	10.0
15657	31314000.0	3.0
15658	31316000.0	9.0
15659	31318000.0	11.0
15660	31320000.0	7.0
15661	31322000.0	14.0
15662	31324000.0	7.0
15663	31326000.0	7.0
15664	31328000.0	6.0
15665	31330000.0	6.0
15666	31332000.0	9.0
15667	31334000.0	6.0
15668	31336000.0	10.0
15669	31338000.0	6.0
15670	31340000.0	8.0
15671	31342000.0	6.0
15672	31344000.0	5.0
15673	31346000.0	10.0
15674	31348000.0	10.0
15675	31350000.0	5.0
15676	31352000.0	11.0
15677	31354000.0	7.0
15678	31356000.0	5.0
15679	31358000.0	6.0
15680	31360000.0	8.0
15681	31362000.0	9.0
15682	31364000.0	12.0
15683	31366000.0	7.0
15684	31368000.0	7.0
15685	31370000.0	6.0
15686	31372000.0	10.0
15687	31374000.0	15.0
15688	31376000.0	15.0
15689	31378000.0	6.0
15690	31380000.0	10.0
15691	31382000.0	11.0
15692	31384000.0	8.0
15693	31386000.0	12.0
15694	31388000.0	8.0
15695	31390000.0	7.0
15696	31392000.0	9.0
15697	31394000.0	5.0
15698	31396000.0	8.0
15699	31398000.0	6.0
15700	31400000.0	9.0
15701	31402000.0	10.0
15702	31404000.0	7.0
15703	31406000.0	5.0
15704	31408000.0	13.0
15705	31410000.0	6.0
15706	31412000.0	5.0
15707	31414000.0	6.0
15708	31416000.0	12.0
15709	31418000.0	8.0
15710	31420000.0	8.0
15711	31422000.0	7.0
15712	31424000.0	5.0
15713	31426000.0	12.0
15714	31428000.0	6.0
15715	31430000.0	12.0
15716	31432000.0	12.0
15717	31434000.0	9.0
15718	31436000.0	2.0
15719	31438000.0	18.0
15720	31440000.0	6.0
15721	31442000.0	3.0
15722	31444000.0	4.0
15723	31446000.0	5.0
15724	31448000.0	1.0
15725	31450000.0	11.0
15726	31452000.0	14.0
15727	31454000.0	4.0
15728	31456000.0	7.0
15729	31458000.0	12.0
15730	31460000.0	9.0
15731	31462000.0	8.0
15732	31464000.0	8.0
15733	31466000.0	9.0
15734	31468000.0	10.0
15735	31470000.0	9.0
15736	31472000.0	9.0
15737	31474000.0	8.0
15738	31476000.0	11.0
15739	31478000.0	7.0
15740	31480000.0	9.0
15741	31482000.0	10.0
15742	31484000.0	12.0
15743	31486000.0	7.0
15744	31488000.0	10.0
15745	31490000.0	4.0
15746	31492000.0	11.0
15747	31494000.0	9.0
15748	31496000.0	8.0
15749	31498000.0	7.0
15750	31500000.0	8.0
15751	31502000.0	10.0
15752	31504000.0	7.0
15753	31506000.0	7.0
15754	31508000.0	10.0
15755	31510000.0	10.0
15756	31512000.0	5.0
15757	31514000.0	9.0
15758	31516000.0	10.0
15759	31518000.0	12.0
15760	31520000.0	10.0
15761	31522000.0	9.0
15762	31524000.0	9.0
15763	31526000.0	15.0
15764	31528000.0	13.0
15765	31530000.0	4.0
15766	31532000.0	9.0
15767	31534000.0	9.0
15768	31536000.0	11.0
15769	31538000.0	8.0
15770	31540000.0	9.0
15771	31542000.0	7.0
15772	31544000.0	5.0
15773	31546000.0	12.0
15774	31548000.0	9.0
15775	31550000.0	11.0
15776	31552000.0	6.0
15777	31554000.0	9.0
15778	31556000.0	12.0
15779	31558000.0	6.0
15780	31560000.0	8.0
15781	31562000.0	9.0
15782	31564000.0	11.0
15783	31566000.0	4.0
15784	31568000.0	9.0
15785	31570000.0	10.0
15786	31572000.0	2.0
15787	31574000.0	4.0
15788	31576000.0	8.0
15789	31578000.0	10.0
15790	31580000.0	7.0
15791	31582000.0	5.0
15792	31584000.0	6.0
15793	31586000.0	5.0
15794	31588000.0	4.0
15795	31590000.0	5.0
15796	31592000.0	9.0
15797	31594000.0	10.0
15798	31596000.0	6.0
15799	31598000.0	14.0
15800	31600000.0	8.0
15801	31602000.0	8.0
15802	31604000.0	10.0
15803	31606000.0	14.0
15804	31608000.0	7.0
15805	31610000.0	11.0
15806	31612000.0	7.0
15807	31614000.0	5.0
15808	31616000.0	6.0
15809	31618000.0	5.0
15810	31620000.0	9.0
15811	31622000.0	4.0
15812	31624000.0	6.0
15813	31626000.0	6.0
15814	31628000.0	5.0
15815	31630000.0	6.0
15816	31632000.0	12.0
15817	31634000.0	7.0
15818	31636000.0	7.0
15819	31638000.0	11.0
15820	31640000.0	14.0
15821	31642000.0	7.0
15822	31644000.0	13.0
15823	31646000.0	6.0
15824	31648000.0	9.0
15825	31650000.0	5.0
15826	31652000.0	10.0
15827	31654000.0	7.0
15828	31656000.0	8.0
15829	31658000.0	13.0
15830	31660000.0	8.0
15831	31662000.0	8.0
15832	31664000.0	8.0
15833	31666000.0	7.0
15834	31668000.0	13.0
15835	31670000.0	9.0
15836	31672000.0	7.0
15837	31674000.0	10.0
15838	31676000.0	10.0
15839	31678000.0	8.0
15840	31680000.0	6.0
15841	31682000.0	13.0
15842	31684000.0	5.0
15843	31686000.0	2.0
15844	31688000.0	10.0
15845	31690000.0	6.0
15846	31692000.0	6.0
15847	31694000.0	5.0
15848	31696000.0	8.0
15849	31698000.0	8.0
15850	31700000.0	7.0
15851	31702000.0	6.0
15852	31704000.0	14.0
15853	31706000.0	7.0
15854	31708000.0	7.0
15855	31710000.0	10.0
15856	31712000.0	11.0
15857	31714000.0	5.0
15858	31716000.0	9.0
15859	31718000.0	10.0
15860	31720000.0	7.0
15861	31722000.0	10.0
15862	31724000.0	9.0
15863	31726000.0	11.0
15864	31728000.0	16.0
15865	31730000.0	7.0
15866	31732000.0	6.0
15867	31734000.0	5.0
15868	31736000.0	13.0
15869	31738000.0	6.0
15870	31740000.0	9.0
15871	31742000.0	8.0
15872	31744000.0	13.0
15873	31746000.0	14.0
15874	31748000.0	13.0
15875	31750000.0	7.0
15876	31752000.0	3.0
15877	31754000.0	12.0
15878	31756000.0	13.0
15879	31758000.0	5.0
15880	31760000.0	8.0
15881	31762000.0	11.0
15882	31764000.0	7.0
15883	31766000.0	18.0
15884	31768000.0	4.0
15885	31770000.0	8.0
15886	31772000.0	14.0
15887	31774000.0	5.0
15888	31776000.0	8.0
15889	31778000.0	9.0
15890	31780000.0	9.0
15891	31782000.0	8.0
15892	31784000.0	8.0
15893	31786000.0	9.0
15894	31788000.0	10.0
15895	31790000.0	7.0
15896	31792000.0	9.0
15897	31794000.0	6.0
15898	31796000.0	8.0
15899	31798000.0	11.0
15900	31800000.0	7.0
15901	31802000.0	9.0
15902	31804000.0	9.0
15903	31806000.0	14.0
15904	31808000.0	7.0
15905	31810000.0	4.0
15906	31812000.0	9.0
15907	31814000.0	6.0
15908	31816000.0	6.0
15909	31818000.0	9.0
15910	31820000.0	8.0
15911	31822000.0	8.0
15912	31824000.0	10.0
15913	31826000.0	7.0
15914	31828000.0	5.0
15915	31830000.0	5.0
15916	31832000.0	10.0
15917	31834000.0	9.0
15918	31836000.0	6.0
15919	31838000.0	6.0
15920	31840000.0	6.0
15921	31842000.0	11.0
15922	31844000.0	11.0
15923	31846000.0	6.0
15924	31848000.0	4.0
15925	31850000.0	10.0
15926	31852000.0	15.0
15927	31854000.0	7.0
15928	31856000.0	8.0
15929	31858000.0	5.0
15930	31860000.0	10.0
15931	31862000.0	8.0
15932	31864000.0	4.0
15933	31866000.0	8.0
15934	31868000.0	8.0
15935	31870000.0	9.0
15936	31872000.0	8.0
15937	31874000.0	12.0
15938	31876000.0	10.0
15939	31878000.0	7.0
15940	31880000.0	13.0
15941	31882000.0	14.0
15942	31884000.0	8.0
15943	31886000.0	6.0
15944	31888000.0	5.0
15945	31890000.0	6.0
15946	31892000.0	12.0
15947	31894000.0	5.0
15948	31896000.0	10.0
15949	31898000.0	9.0
15950	31900000.0	6.0
15951	31902000.0	8.0
15952	31904000.0	12.0
15953	31906000.0	7.0
15954	31908000.0	10.0
15955	31910000.0	12.0
15956	31912000.0	12.0
15957	31914000.0	11.0
15958	31916000.0	8.0
15959	31918000.0	7.0
15960	31920000.0	8.0
15961	31922000.0	8.0
15962	31924000.0	10.0
15963	31926000.0	7.0
15964	31928000.0	7.0
15965	31930000.0	12.0
15966	31932000.0	6.0
15967	31934000.0	7.0
15968	31936000.0	15.0
15969	31938000.0	12.0
15970	31940000.0	8.0
15971	31942000.0	6.0
15972	31944000.0	3.0
15973	31946000.0	11.0
15974	31948000.0	12.0
15975	31950000.0	10.0
15976	31952000.0	9.0
15977	31954000.0	2.0
15978	31956000.0	7.0
15979	31958000.0	11.0
15980	31960000.0	9.0
15981	31962000.0	9.0
15982	31964000.0	8.0
15983	31966000.0	4.0
15984	31968000.0	8.0
15985	31970000.0	11.0
15986	31972000.0	9.0
15987	31974000.0	5.0
15988	31976000.0	13.0
15989	31978000.0	7.0
15990	31980000.0	5.0
15991	31982000.0	5.0
15992	31984000.0	5.0
15993	31986000.0	4.0
15994	31988000.0	6.0
15995	31990000.0	9.0
15996	31992000.0	9.0
15997	31994000.0	11.0
15998	31996000.0	13.0
15999	31998000.0	8.0
16000	32000000.0	5.0
16001	32002000.0	10.0
16002	32004000.0	5.0
16003	32006000.0	5.0
16004	32008000.0	10.0
16005	32010000.0	9.0
16006	32012000.0	6.0
16007	32014000.0	11.0
16008	32016000.0	5.0
16009	32018000.0	7.0
16010	32020000.0	3.0
16011	32022000.0	6.0
16012	32024000.0	9.0
16013	32026000.0	3.0
16014	32028000.0	8.0
16015	32030000.0	8.0
16016	32032000.0	5.0
16017	32034000.0	12.0
16018	32036000.0	6.0
16019	32038000.0	10.0
16020	32040000.0	11.0
16021	32042000.0	6.0
16022	32044000.0	9.0
16023	32046000.0	8.0
16024	32048000.0	4.0
16025	32050000.0	12.0
16026	32052000.0	4.0
16027	32054000.0	10.0
16028	32056000.0	8.0
16029	32058000.0	15.0
16030	32060000.0	6.0
16031	32062000.0	4.0
16032	32064000.0	8.0
16033	32066000.0	8.0
16034	32068000.0	5.0
16035	32070000.0	4.0
16036	32072000.0	5.0
16037	32074000.0	12.0
16038	32076000.0	9.0
16039	32078000.0	6.0
16040	32080000.0	12.0
16041	32082000.0	14.0
16042	32084000.0	7.0
16043	32086000.0	9.0
16044	32088000.0	8.0
16045	32090000.0	13.0
16046	32092000.0	9.0
16047	32094000.0	5.0
16048	32096000.0	11.0
16049	32098000.0	8.0
16050	32100000.0	12.0
16051	32102000.0	8.0
16052	32104000.0	13.0
16053	32106000.0	9.0
16054	32108000.0	9.0
16055	32110000.0	6.0
16056	32112000.0	9.0
16057	32114000.0	8.0
16058	32116000.0	7.0
16059	32118000.0	4.0
16060	32120000.0	8.0
16061	32122000.0	6.0
16062	32124000.0	7.0
16063	32126000.0	8.0
16064	32128000.0	16.0
16065	32130000.0	9.0
16066	32132000.0	7.0
16067	32134000.0	6.0
16068	32136000.0	11.0
16069	32138000.0	3.0
16070	32140000.0	3.0
16071	32142000.0	6.0
16072	32144000.0	3.0
16073	32146000.0	13.0
16074	32148000.0	7.0
16075	32150000.0	8.0
16076	32152000.0	7.0
16077	32154000.0	11.0
16078	32156000.0	7.0
16079	32158000.0	13.0
16080	32160000.0	9.0
16081	32162000.0	8.0
16082	32164000.0	9.0
16083	32166000.0	7.0
16084	32168000.0	8.0
16085	32170000.0	8.0
16086	32172000.0	13.0
16087	32174000.0	10.0
16088	32176000.0	6.0
16089	32178000.0	5.0
16090	32180000.0	12.0
16091	32182000.0	9.0
16092	32184000.0	4.0
16093	32186000.0	5.0
16094	32188000.0	7.0
16095	32190000.0	9.0
16096	32192000.0	8.0
16097	32194000.0	10.0
16098	32196000.0	5.0
16099	32198000.0	10.0
16100	32200000.0	5.0
16101	32202000.0	4.0
16102	32204000.0	8.0
16103	32206000.0	6.0
16104	32208000.0	8.0
16105	32210000.0	8.0
16106	32212000.0	10.0
16107	32214000.0	7.0
16108	32216000.0	9.0
16109	32218000.0	9.0
16110	32220000.0	5.0
16111	32222000.0	11.0
16112	32224000.0	15.0
16113	32226000.0	13.0
16114	32228000.0	7.0
16115	32230000.0	10.0
16116	32232000.0	11.0
16117	32234000.0	8.0
16118	32236000.0	5.0
16119	32238000.0	6.0
16120	32240000.0	6.0
16121	32242000.0	9.0
16122	32244000.0	7.0
16123	32246000.0	5.0
16124	32248000.0	6.0
16125	32250000.0	10.0
16126	32252000.0	5.0
16127	32254000.0	13.0
16128	32256000.0	9.0
16129	32258000.0	5.0
16130	32260000.0	8.0
16131	32262000.0	6.0
16132	32264000.0	10.0
16133	32266000.0	8.0
16134	32268000.0	4.0
16135	32270000.0	11.0
16136	32272000.0	8.0
16137	32274000.0	6.0
16138	32276000.0	8.0
16139	32278000.0	14.0
16140	32280000.0	8.0
16141	32282000.0	6.0
16142	32284000.0	5.0
16143	32286000.0	8.0
16144	32288000.0	11.0
16145	32290000.0	11.0
16146	32292000.0	6.0
16147	32294000.0	3.0
16148	32296000.0	10.0
16149	32298000.0	7.0
16150	32300000.0	6.0
16151	32302000.0	7.0
16152	32304000.0	5.0
16153	32306000.0	5.0
16154	32308000.0	5.0
16155	32310000.0	6.0
16156	32312000.0	4.0
16157	32314000.0	4.0
16158	32316000.0	10.0
16159	32318000.0	6.0
16160	32320000.0	8.0
16161	32322000.0	8.0
16162	32324000.0	9.0
16163	32326000.0	7.0
16164	32328000.0	7.0
16165	32330000.0	10.0
16166	32332000.0	5.0
16167	32334000.0	14.0
16168	32336000.0	9.0
16169	32338000.0	5.0
16170	32340000.0	10.0
16171	32342000.0	9.0
16172	32344000.0	8.0
16173	32346000.0	8.0
16174	32348000.0	9.0
16175	32350000.0	12.0
16176	32352000.0	11.0
16177	32354000.0	10.0
16178	32356000.0	9.0
16179	32358000.0	10.0
16180	32360000.0	14.0
16181	32362000.0	5.0
16182	32364000.0	15.0
16183	32366000.0	5.0
16184	32368000.0	8.0
16185	32370000.0	9.0
16186	32372000.0	4.0
16187	32374000.0	9.0
16188	32376000.0	6.0
16189	32378000.0	7.0
16190	32380000.0	7.0
16191	32382000.0	10.0
16192	32384000.0	11.0
16193	32386000.0	3.0
16194	32388000.0	16.0
16195	32390000.0	13.0
16196	32392000.0	8.0
16197	32394000.0	14.0
16198	32396000.0	7.0
16199	32398000.0	14.0
16200	32400000.0	3.0
16201	32402000.0	9.0
16202	32404000.0	6.0
16203	32406000.0	11.0
16204	32408000.0	10.0
16205	32410000.0	9.0
16206	32412000.0	8.0
16207	32414000.0	11.0
16208	32416000.0	9.0
16209	32418000.0	4.0
16210	32420000.0	9.0
16211	32422000.0	11.0
16212	32424000.0	6.0
16213	32426000.0	8.0
16214	32428000.0	9.0
16215	32430000.0	12.0
16216	32432000.0	4.0
16217	32434000.0	8.0
16218	32436000.0	5.0
16219	32438000.0	7.0
16220	32440000.0	6.0
16221	32442000.0	2.0
16222	32444000.0	7.0
16223	32446000.0	9.0
16224	32448000.0	8.0
16225	32450000.0	7.0
16226	32452000.0	6.0
16227	32454000.0	14.0
16228	32456000.0	12.0
16229	32458000.0	8.0
16230	32460000.0	7.0
16231	32462000.0	7.0
16232	32464000.0	7.0
16233	32466000.0	8.0
16234	32468000.0	11.0
16235	32470000.0	7.0
16236	32472000.0	10.0
16237	32474000.0	13.0
16238	32476000.0	6.0
16239	32478000.0	10.0
16240	32480000.0	13.0
16241	32482000.0	12.0
16242	32484000.0	9.0
16243	32486000.0	3.0
16244	32488000.0	3.0
16245	32490000.0	5.0
16246	32492000.0	9.0
16247	32494000.0	9.0
16248	32496000.0	12.0
16249	32498000.0	6.0
16250	32500000.0	8.0
16251	32502000.0	6.0
16252	32504000.0	11.0
16253	32506000.0	7.0
16254	32508000.0	15.0
16255	32510000.0	8.0
16256	32512000.0	11.0
16257	32514000.0	6.0
16258	32516000.0	11.0
16259	32518000.0	6.0
16260	32520000.0	10.0
16261	32522000.0	6.0
16262	32524000.0	10.0
16263	32526000.0	9.0
16264	32528000.0	7.0
16265	32530000.0	3.0
16266	32532000.0	10.0
16267	32534000.0	11.0
16268	32536000.0	11.0
16269	32538000.0	14.0
16270	32540000.0	10.0
16271	32542000.0	8.0
16272	32544000.0	12.0
16273	32546000.0	7.0
16274	32548000.0	18.0
16275	32550000.0	6.0
16276	32552000.0	12.0
16277	32554000.0	8.0
16278	32556000.0	4.0
16279	32558000.0	5.0
16280	32560000.0	4.0
16281	32562000.0	6.0
16282	32564000.0	11.0
16283	32566000.0	11.0
16284	32568000.0	10.0
16285	32570000.0	6.0
16286	32572000.0	10.0
16287	32574000.0	6.0
16288	32576000.0	7.0
16289	32578000.0	12.0
16290	32580000.0	8.0
16291	32582000.0	9.0
16292	32584000.0	9.0
16293	32586000.0	6.0
16294	32588000.0	8.0
16295	32590000.0	12.0
16296	32592000.0	7.0
16297	32594000.0	5.0
16298	32596000.0	5.0
16299	32598000.0	7.0
16300	32600000.0	8.0
16301	32602000.0	7.0
16302	32604000.0	3.0
16303	32606000.0	15.0
16304	32608000.0	7.0
16305	32610000.0	4.0
16306	32612000.0	15.0
16307	32614000.0	3.0
16308	32616000.0	11.0
16309	32618000.0	9.0
16310	32620000.0	6.0
16311	32622000.0	8.0
16312	32624000.0	11.0
16313	32626000.0	6.0
16314	32628000.0	8.0
16315	32630000.0	6.0
16316	32632000.0	10.0
16317	32634000.0	3.0
16318	32636000.0	9.0
16319	32638000.0	9.0
16320	32640000.0	8.0
16321	32642000.0	5.0
16322	32644000.0	7.0
16323	32646000.0	5.0
16324	32648000.0	12.0
16325	32650000.0	7.0
16326	32652000.0	8.0
16327	32654000.0	4.0
16328	32656000.0	9.0
16329	32658000.0	11.0
16330	32660000.0	5.0
16331	32662000.0	10.0
16332	32664000.0	13.0
16333	32666000.0	5.0
16334	32668000.0	4.0
16335	32670000.0	10.0
16336	32672000.0	7.0
16337	32674000.0	7.0
16338	32676000.0	8.0
16339	32678000.0	11.0
16340	32680000.0	7.0
16341	32682000.0	6.0
16342	32684000.0	5.0
16343	32686000.0	10.0
16344	32688000.0	11.0
16345	32690000.0	6.0
16346	32692000.0	4.0
16347	32694000.0	9.0
16348	32696000.0	10.0
16349	32698000.0	9.0
16350	32700000.0	7.0
16351	32702000.0	7.0
16352	32704000.0	7.0
16353	32706000.0	12.0
16354	32708000.0	13.0
16355	32710000.0	11.0
16356	32712000.0	8.0
16357	32714000.0	5.0
16358	32716000.0	8.0
16359	32718000.0	11.0
16360	32720000.0	13.0
16361	32722000.0	18.0
16362	32724000.0	8.0
16363	32726000.0	8.0
16364	32728000.0	8.0
16365	32730000.0	12.0
16366	32732000.0	8.0
16367	32734000.0	7.0
16368	32736000.0	9.0
16369	32738000.0	8.0
16370	32740000.0	9.0
16371	32742000.0	11.0
16372	32744000.0	7.0
16373	32746000.0	10.0
16374	32748000.0	6.0
16375	32750000.0	8.0
16376	32752000.0	12.0
16377	32754000.0	8.0
16378	32756000.0	3.0
16379	32758000.0	7.0
16380	32760000.0	6.0
16381	32762000.0	7.0
16382	32764000.0	9.0
16383	32766000.0	11.0
16384	32768000.0	7.0
16385	32770000.0	9.0
16386	32772000.0	4.0
16387	32774000.0	7.0
16388	32776000.0	8.0
16389	32778000.0	6.0
16390	32780000.0	4.0
16391	32782000.0	10.0
16392	32784000.0	9.0
16393	32786000.0	6.0
16394	32788000.0	7.0
16395	32790000.0	9.0
16396	32792000.0	10.0
16397	32794000.0	5.0
16398	32796000.0	8.0
16399	32798000.0	6.0
16400	32800000.0	9.0
16401	32802000.0	8.0
16402	32804000.0	6.0
16403	32806000.0	5.0
16404	32808000.0	8.0
16405	32810000.0	5.0
16406	32812000.0	11.0
16407	32814000.0	9.0
16408	32816000.0	9.0
16409	32818000.0	10.0
16410	32820000.0	8.0
16411	32822000.0	4.0
16412	32824000.0	9.0
16413	32826000.0	5.0
16414	32828000.0	5.0
16415	32830000.0	10.0
16416	32832000.0	8.0
16417	32834000.0	11.0
16418	32836000.0	4.0
16419	32838000.0	6.0
16420	32840000.0	8.0
16421	32842000.0	7.0
16422	32844000.0	4.0
16423	32846000.0	4.0
16424	32848000.0	11.0
16425	32850000.0	7.0
16426	32852000.0	13.0
16427	32854000.0	5.0
16428	32856000.0	12.0
16429	32858000.0	2.0
16430	32860000.0	3.0
16431	32862000.0	5.0
16432	32864000.0	6.0
16433	32866000.0	11.0
16434	32868000.0	5.0
16435	32870000.0	8.0
16436	32872000.0	13.0
16437	32874000.0	7.0
16438	32876000.0	8.0
16439	32878000.0	11.0
16440	32880000.0	3.0
16441	32882000.0	7.0
16442	32884000.0	7.0
16443	32886000.0	3.0
16444	32888000.0	9.0
16445	32890000.0	7.0
16446	32892000.0	9.0
16447	32894000.0	6.0
16448	32896000.0	4.0
16449	32898000.0	8.0
16450	32900000.0	5.0
16451	32902000.0	6.0
16452	32904000.0	5.0
16453	32906000.0	7.0
16454	32908000.0	11.0
16455	32910000.0	10.0
16456	32912000.0	14.0
16457	32914000.0	10.0
16458	32916000.0	10.0
16459	32918000.0	7.0
16460	32920000.0	2.0
16461	32922000.0	5.0
16462	32924000.0	9.0
16463	32926000.0	8.0
16464	32928000.0	8.0
16465	32930000.0	8.0
16466	32932000.0	10.0
16467	32934000.0	7.0
16468	32936000.0	9.0
16469	32938000.0	10.0
16470	32940000.0	7.0
16471	32942000.0	9.0
16472	32944000.0	10.0
16473	32946000.0	11.0
16474	32948000.0	5.0
16475	32950000.0	12.0
16476	32952000.0	15.0
16477	32954000.0	6.0
16478	32956000.0	10.0
16479	32958000.0	6.0
16480	32960000.0	9.0
16481	32962000.0	11.0
16482	32964000.0	8.0
16483	32966000.0	7.0
16484	32968000.0	8.0
16485	32970000.0	5.0
16486	32972000.0	8.0
16487	32974000.0	8.0
16488	32976000.0	11.0
16489	32978000.0	8.0
16490	32980000.0	7.0
16491	32982000.0	4.0
16492	32984000.0	9.0
16493	32986000.0	11.0
16494	32988000.0	6.0
16495	32990000.0	9.0
16496	32992000.0	11.0
16497	32994000.0	11.0
16498	32996000.0	7.0
16499	32998000.0	8.0
16500	33000000.0	14.0
16501	33002000.0	9.0
16502	33004000.0	8.0
16503	33006000.0	7.0
16504	33008000.0	14.0
16505	33010000.0	7.0
16506	33012000.0	11.0
16507	33014000.0	7.0
16508	33016000.0	2.0
16509	33018000.0	5.0
16510	33020000.0	5.0
16511	33022000.0	9.0
16512	33024000.0	10.0
16513	33026000.0	5.0
16514	33028000.0	7.0
16515	33030000.0	8.0
16516	33032000.0	10.0
16517	33034000.0	10.0
16518	33036000.0	9.0
16519	33038000.0	7.0
16520	33040000.0	15.0
16521	33042000.0	11.0
16522	33044000.0	8.0
16523	33046000.0	12.0
16524	33048000.0	4.0
16525	33050000.0	11.0
16526	33052000.0	6.0
16527	33054000.0	10.0
16528	33056000.0	12.0
16529	33058000.0	10.0
16530	33060000.0	4.0
16531	33062000.0	8.0
16532	33064000.0	12.0
16533	33066000.0	7.0
16534	33068000.0	10.0
16535	33070000.0	11.0
16536	33072000.0	6.0
16537	33074000.0	11.0
16538	33076000.0	9.0
16539	33078000.0	7.0
16540	33080000.0	8.0
16541	33082000.0	9.0
16542	33084000.0	14.0
16543	33086000.0	9.0
16544	33088000.0	7.0
16545	33090000.0	10.0
16546	33092000.0	11.0
16547	33094000.0	7.0
16548	33096000.0	9.0
16549	33098000.0	6.0
16550	33100000.0	8.0
16551	33102000.0	11.0
16552	33104000.0	7.0
16553	33106000.0	7.0
16554	33108000.0	11.0
16555	33110000.0	8.0
16556	33112000.0	10.0
16557	33114000.0	3.0
16558	33116000.0	15.0
16559	33118000.0	5.0
16560	33120000.0	9.0
16561	33122000.0	12.0
16562	33124000.0	7.0
16563	33126000.0	6.0
16564	33128000.0	11.0
16565	33130000.0	10.0
16566	33132000.0	9.0
16567	33134000.0	10.0
16568	33136000.0	15.0
16569	33138000.0	4.0
16570	33140000.0	6.0
16571	33142000.0	7.0
16572	33144000.0	6.0
16573	33146000.0	3.0
16574	33148000.0	10.0
16575	33150000.0	11.0
16576	33152000.0	9.0
16577	33154000.0	4.0
16578	33156000.0	9.0
16579	33158000.0	7.0
16580	33160000.0	10.0
16581	33162000.0	8.0
16582	33164000.0	8.0
16583	33166000.0	5.0
16584	33168000.0	8.0
16585	33170000.0	5.0
16586	33172000.0	7.0
16587	33174000.0	11.0
16588	33176000.0	11.0
16589	33178000.0	6.0
16590	33180000.0	6.0
16591	33182000.0	9.0
16592	33184000.0	12.0
16593	33186000.0	9.0
16594	33188000.0	14.0
16595	33190000.0	10.0
16596	33192000.0	10.0
16597	33194000.0	7.0
16598	33196000.0	6.0
16599	33198000.0	7.0
16600	33200000.0	15.0
16601	33202000.0	12.0
16602	33204000.0	16.0
16603	33206000.0	7.0
16604	33208000.0	10.0
16605	33210000.0	8.0
16606	33212000.0	12.0
16607	33214000.0	13.0
16608	33216000.0	6.0
16609	33218000.0	6.0
16610	33220000.0	4.0
16611	33222000.0	7.0
16612	33224000.0	9.0
16613	33226000.0	8.0
16614	33228000.0	9.0
16615	33230000.0	7.0
16616	33232000.0	7.0
16617	33234000.0	7.0
16618	33236000.0	11.0
16619	33238000.0	7.0
16620	33240000.0	9.0
16621	33242000.0	7.0
16622	33244000.0	10.0
16623	33246000.0	8.0
16624	33248000.0	15.0
16625	33250000.0	11.0
16626	33252000.0	9.0
16627	33254000.0	6.0
16628	33256000.0	5.0
16629	33258000.0	11.0
16630	33260000.0	5.0
16631	33262000.0	7.0
16632	33264000.0	3.0
16633	33266000.0	7.0
16634	33268000.0	7.0
16635	33270000.0	11.0
16636	33272000.0	8.0
16637	33274000.0	6.0
16638	33276000.0	6.0
16639	33278000.0	4.0
16640	33280000.0	7.0
16641	33282000.0	4.0
16642	33284000.0	8.0
16643	33286000.0	7.0
16644	33288000.0	8.0
16645	33290000.0	12.0
16646	33292000.0	10.0
16647	33294000.0	10.0
16648	33296000.0	6.0
16649	33298000.0	9.0
16650	33300000.0	5.0
16651	33302000.0	11.0
16652	33304000.0	11.0
16653	33306000.0	11.0
16654	33308000.0	6.0
16655	33310000.0	16.0
16656	33312000.0	9.0
16657	33314000.0	8.0
16658	33316000.0	11.0
16659	33318000.0	8.0
16660	33320000.0	9.0
16661	33322000.0	8.0
16662	33324000.0	8.0
16663	33326000.0	8.0
16664	33328000.0	12.0
16665	33330000.0	12.0
16666	33332000.0	6.0
16667	33334000.0	8.0
16668	33336000.0	11.0
16669	33338000.0	10.0
16670	33340000.0	5.0
16671	33342000.0	11.0
16672	33344000.0	5.0
16673	33346000.0	4.0
16674	33348000.0	6.0
16675	33350000.0	2.0
16676	33352000.0	10.0
16677	33354000.0	12.0
16678	33356000.0	7.0
16679	33358000.0	6.0
16680	33360000.0	11.0
16681	33362000.0	8.0
16682	33364000.0	8.0
16683	33366000.0	7.0
16684	33368000.0	9.0
16685	33370000.0	10.0
16686	33372000.0	16.0
16687	33374000.0	9.0
16688	33376000.0	11.0
16689	33378000.0	7.0
16690	33380000.0	10.0
16691	33382000.0	6.0
16692	33384000.0	4.0
16693	33386000.0	11.0
16694	33388000.0	3.0
16695	33390000.0	10.0
16696	33392000.0	8.0
16697	33394000.0	3.0
16698	33396000.0	3.0
16699	33398000.0	5.0
16700	33400000.0	5.0
16701	33402000.0	13.0
16702	33404000.0	8.0
16703	33406000.0	10.0
16704	33408000.0	10.0
16705	33410000.0	7.0
16706	33412000.0	11.0
16707	33414000.0	5.0
16708	33416000.0	9.0
16709	33418000.0	6.0
16710	33420000.0	9.0
16711	33422000.0	10.0
16712	33424000.0	5.0
16713	33426000.0	5.0
16714	33428000.0	14.0
16715	33430000.0	9.0
16716	33432000.0	5.0
16717	33434000.0	2.0
16718	33436000.0	8.0
16719	33438000.0	9.0
16720	33440000.0	8.0
16721	33442000.0	9.0
16722	33444000.0	8.0
16723	33446000.0	7.0
16724	33448000.0	8.0
16725	33450000.0	7.0
16726	33452000.0	5.0
16727	33454000.0	10.0
16728	33456000.0	11.0
16729	33458000.0	2.0
16730	33460000.0	9.0
16731	33462000.0	5.0
16732	33464000.0	6.0
16733	33466000.0	6.0
16734	33468000.0	4.0
16735	33470000.0	3.0
16736	33472000.0	5.0
16737	33474000.0	5.0
16738	33476000.0	10.0
16739	33478000.0	10.0
16740	33480000.0	6.0
16741	33482000.0	9.0
16742	33484000.0	10.0
16743	33486000.0	15.0
16744	33488000.0	5.0
16745	33490000.0	3.0
16746	33492000.0	7.0
16747	33494000.0	11.0
16748	33496000.0	16.0
16749	33498000.0	4.0
16750	33500000.0	6.0
16751	33502000.0	8.0
16752	33504000.0	6.0
16753	33506000.0	11.0
16754	33508000.0	8.0
16755	33510000.0	8.0
16756	33512000.0	5.0
16757	33514000.0	5.0
16758	33516000.0	3.0
16759	33518000.0	7.0
16760	33520000.0	9.0
16761	33522000.0	7.0
16762	33524000.0	5.0
16763	33526000.0	15.0
16764	33528000.0	9.0
16765	33530000.0	5.0
16766	33532000.0	7.0
16767	33534000.0	9.0
16768	33536000.0	10.0
16769	33538000.0	12.0
16770	33540000.0	6.0
16771	33542000.0	7.0
16772	33544000.0	9.0
16773	33546000.0	9.0
16774	33548000.0	13.0
16775	33550000.0	5.0
16776	33552000.0	10.0
16777	33554000.0	15.0
16778	33556000.0	14.0
16779	33558000.0	6.0
16780	33560000.0	10.0
16781	33562000.0	11.0
16782	33564000.0	14.0
16783	33566000.0	6.0
16784	33568000.0	5.0
16785	33570000.0	6.0
16786	33572000.0	4.0
16787	33574000.0	7.0
16788	33576000.0	4.0
16789	33578000.0	6.0
16790	33580000.0	5.0
16791	33582000.0	5.0
16792	33584000.0	11.0
16793	33586000.0	6.0
16794	33588000.0	10.0
16795	33590000.0	7.0
16796	33592000.0	7.0
16797	33594000.0	8.0
16798	33596000.0	8.0
16799	33598000.0	6.0
16800	33600000.0	12.0
16801	33602000.0	6.0
16802	33604000.0	10.0
16803	33606000.0	2.0
16804	33608000.0	6.0
16805	33610000.0	9.0
16806	33612000.0	8.0
16807	33614000.0	2.0
16808	33616000.0	8.0
16809	33618000.0	7.0
16810	33620000.0	12.0
16811	33622000.0	5.0
16812	33624000.0	9.0
16813	33626000.0	10.0
16814	33628000.0	10.0
16815	33630000.0	13.0
16816	33632000.0	11.0
16817	33634000.0	8.0
16818	33636000.0	5.0
16819	33638000.0	4.0
16820	33640000.0	16.0
16821	33642000.0	8.0
16822	33644000.0	6.0
16823	33646000.0	10.0
16824	33648000.0	8.0
16825	33650000.0	10.0
16826	33652000.0	5.0
16827	33654000.0	6.0
16828	33656000.0	6.0
16829	33658000.0	10.0
16830	33660000.0	6.0
16831	33662000.0	10.0
16832	33664000.0	4.0
16833	33666000.0	7.0
16834	33668000.0	10.0
16835	33670000.0	7.0
16836	33672000.0	6.0
16837	33674000.0	3.0
16838	33676000.0	3.0
16839	33678000.0	10.0
16840	33680000.0	5.0
16841	33682000.0	7.0
16842	33684000.0	5.0
16843	33686000.0	9.0
16844	33688000.0	8.0
16845	33690000.0	9.0
16846	33692000.0	9.0
16847	33694000.0	10.0
16848	33696000.0	8.0
16849	33698000.0	9.0
16850	33700000.0	7.0
16851	33702000.0	11.0
16852	33704000.0	5.0
16853	33706000.0	6.0
16854	33708000.0	4.0
16855	33710000.0	10.0
16856	33712000.0	7.0
16857	33714000.0	2.0
16858	33716000.0	8.0
16859	33718000.0	8.0
16860	33720000.0	4.0
16861	33722000.0	7.0
16862	33724000.0	3.0
16863	33726000.0	9.0
16864	33728000.0	9.0
16865	33730000.0	3.0
16866	33732000.0	10.0
16867	33734000.0	7.0
16868	33736000.0	7.0
16869	33738000.0	5.0
16870	33740000.0	12.0
16871	33742000.0	10.0
16872	33744000.0	6.0
16873	33746000.0	4.0
16874	33748000.0	5.0
16875	33750000.0	9.0
16876	33752000.0	8.0
16877	33754000.0	8.0
16878	33756000.0	10.0
16879	33758000.0	4.0
16880	33760000.0	6.0
16881	33762000.0	5.0
16882	33764000.0	11.0
16883	33766000.0	10.0
16884	33768000.0	3.0
16885	33770000.0	6.0
16886	33772000.0	6.0
16887	33774000.0	4.0
16888	33776000.0	8.0
16889	33778000.0	6.0
16890	33780000.0	7.0
16891	33782000.0	5.0
16892	33784000.0	11.0
16893	33786000.0	6.0
16894	33788000.0	8.0
16895	33790000.0	8.0
16896	33792000.0	11.0
16897	33794000.0	7.0
16898	33796000.0	9.0
16899	33798000.0	5.0
16900	33800000.0	10.0
16901	33802000.0	6.0
16902	33804000.0	9.0
16903	33806000.0	9.0
16904	33808000.0	7.0
16905	33810000.0	2.0
16906	33812000.0	9.0
16907	33814000.0	8.0
16908	33816000.0	15.0
16909	33818000.0	7.0
16910	33820000.0	4.0
16911	33822000.0	10.0
16912	33824000.0	6.0
16913	33826000.0	8.0
16914	33828000.0	8.0
16915	33830000.0	7.0
16916	33832000.0	9.0
16917	33834000.0	11.0
16918	33836000.0	7.0
16919	33838000.0	13.0
16920	33840000.0	4.0
16921	33842000.0	12.0
16922	33844000.0	10.0
16923	33846000.0	6.0
16924	33848000.0	13.0
16925	33850000.0	5.0
16926	33852000.0	3.0
16927	33854000.0	5.0
16928	33856000.0	8.0
16929	33858000.0	9.0
16930	33860000.0	16.0
16931	33862000.0	7.0
16932	33864000.0	10.0
16933	33866000.0	8.0
16934	33868000.0	7.0
16935	33870000.0	11.0
16936	33872000.0	9.0
16937	33874000.0	13.0
16938	33876000.0	4.0
16939	33878000.0	6.0
16940	33880000.0	8.0
16941	33882000.0	3.0
16942	33884000.0	7.0
16943	33886000.0	8.0
16944	33888000.0	10.0
16945	33890000.0	9.0
16946	33892000.0	11.0
16947	33894000.0	9.0
16948	33896000.0	5.0
16949	33898000.0	13.0
16950	33900000.0	8.0
16951	33902000.0	9.0
16952	33904000.0	12.0
16953	33906000.0	11.0
16954	33908000.0	8.0
16955	33910000.0	6.0
16956	33912000.0	11.0
16957	33914000.0	12.0
16958	33916000.0	10.0
16959	33918000.0	10.0
16960	33920000.0	10.0
16961	33922000.0	5.0
16962	33924000.0	16.0
16963	33926000.0	4.0
16964	33928000.0	12.0
16965	33930000.0	6.0
16966	33932000.0	7.0
16967	33934000.0	7.0
16968	33936000.0	4.0
16969	33938000.0	7.0
16970	33940000.0	6.0
16971	33942000.0	7.0
16972	33944000.0	8.0
16973	33946000.0	12.0
16974	33948000.0	9.0
16975	33950000.0	8.0
16976	33952000.0	6.0
16977	33954000.0	7.0
16978	33956000.0	9.0
16979	33958000.0	7.0
16980	33960000.0	11.0
16981	33962000.0	12.0
16982	33964000.0	11.0
16983	33966000.0	5.0
16984	33968000.0	9.0
16985	33970000.0	10.0
16986	33972000.0	1.0
16987	33974000.0	5.0
16988	33976000.0	10.0
16989	33978000.0	7.0
16990	33980000.0	4.0
16991	33982000.0	10.0
16992	33984000.0	4.0
16993	33986000.0	7.0
16994	33988000.0	4.0
16995	33990000.0	16.0
16996	33992000.0	10.0
16997	33994000.0	2.0
16998	33996000.0	5.0
16999	33998000.0	6.0
17000	34000000.0	12.0
17001	34002000.0	7.0
17002	34004000.0	10.0
17003	34006000.0	6.0
17004	34008000.0	15.0
17005	34010000.0	7.0
17006	34012000.0	2.0
17007	34014000.0	8.0
17008	34016000.0	9.0
17009	34018000.0	4.0
17010	34020000.0	6.0
17011	34022000.0	12.0
17012	34024000.0	11.0
17013	34026000.0	8.0
17014	34028000.0	12.0
17015	34030000.0	8.0
17016	34032000.0	4.0
17017	34034000.0	7.0
17018	34036000.0	9.0
17019	34038000.0	8.0
17020	34040000.0	11.0
17021	34042000.0	11.0
17022	34044000.0	7.0
17023	34046000.0	6.0
17024	34048000.0	13.0
17025	34050000.0	9.0
17026	34052000.0	10.0
17027	34054000.0	7.0
17028	34056000.0	4.0
17029	34058000.0	6.0
17030	34060000.0	2.0
17031	34062000.0	9.0
17032	34064000.0	10.0
17033	34066000.0	9.0
17034	34068000.0	9.0
17035	34070000.0	4.0
17036	34072000.0	8.0
17037	34074000.0	10.0
17038	34076000.0	9.0
17039	34078000.0	6.0
17040	34080000.0	4.0
17041	34082000.0	5.0
17042	34084000.0	9.0
17043	34086000.0	10.0
17044	34088000.0	9.0
17045	34090000.0	3.0
17046	34092000.0	4.0
17047	34094000.0	6.0
17048	34096000.0	9.0
17049	34098000.0	5.0
17050	34100000.0	9.0
17051	34102000.0	7.0
17052	34104000.0	3.0
17053	34106000.0	8.0
17054	34108000.0	9.0
17055	34110000.0	10.0
17056	34112000.0	12.0
17057	34114000.0	4.0
17058	34116000.0	5.0
17059	34118000.0	11.0
17060	34120000.0	6.0
17061	34122000.0	5.0
17062	34124000.0	6.0
17063	34126000.0	9.0
17064	34128000.0	10.0
17065	34130000.0	9.0
17066	34132000.0	14.0
17067	34134000.0	3.0
17068	34136000.0	10.0
17069	34138000.0	7.0
17070	34140000.0	6.0
17071	34142000.0	11.0
17072	34144000.0	8.0
17073	34146000.0	7.0
17074	34148000.0	6.0
17075	34150000.0	6.0
17076	34152000.0	5.0
17077	34154000.0	6.0
17078	34156000.0	8.0
17079	34158000.0	8.0
17080	34160000.0	11.0
17081	34162000.0	10.0
17082	34164000.0	8.0
17083	34166000.0	10.0
17084	34168000.0	9.0
17085	34170000.0	11.0
17086	34172000.0	9.0
17087	34174000.0	9.0
17088	34176000.0	10.0
17089	34178000.0	6.0
17090	34180000.0	11.0
17091	34182000.0	7.0
17092	34184000.0	4.0
17093	34186000.0	4.0
17094	34188000.0	3.0
17095	34190000.0	8.0
17096	34192000.0	5.0
17097	34194000.0	10.0
17098	34196000.0	4.0
17099	34198000.0	7.0
17100	34200000.0	7.0
17101	34202000.0	8.0
17102	34204000.0	11.0
17103	34206000.0	8.0
17104	34208000.0	6.0
17105	34210000.0	5.0
17106	34212000.0	8.0
17107	34214000.0	10.0
17108	34216000.0	7.0
17109	34218000.0	12.0
17110	34220000.0	9.0
17111	34222000.0	7.0
17112	34224000.0	10.0
17113	34226000.0	10.0
17114	34228000.0	13.0
17115	34230000.0	5.0
17116	34232000.0	6.0
17117	34234000.0	8.0
17118	34236000.0	8.0
17119	34238000.0	10.0
17120	34240000.0	9.0
17121	34242000.0	10.0
17122	34244000.0	6.0
17123	34246000.0	9.0
17124	34248000.0	11.0
17125	34250000.0	3.0
17126	34252000.0	4.0
17127	34254000.0	9.0
17128	34256000.0	9.0
17129	34258000.0	7.0
17130	34260000.0	6.0
17131	34262000.0	10.0
17132	34264000.0	11.0
17133	34266000.0	7.0
17134	34268000.0	6.0
17135	34270000.0	9.0
17136	34272000.0	11.0
17137	34274000.0	9.0
17138	34276000.0	10.0
17139	34278000.0	4.0
17140	34280000.0	5.0
17141	34282000.0	4.0
17142	34284000.0	9.0
17143	34286000.0	13.0
17144	34288000.0	7.0
17145	34290000.0	5.0
17146	34292000.0	11.0
17147	34294000.0	8.0
17148	34296000.0	6.0
17149	34298000.0	2.0
17150	34300000.0	7.0
17151	34302000.0	4.0
17152	34304000.0	4.0
17153	34306000.0	21.0
17154	34308000.0	3.0
17155	34310000.0	13.0
17156	34312000.0	5.0
17157	34314000.0	6.0
17158	34316000.0	9.0
17159	34318000.0	12.0
17160	34320000.0	8.0
17161	34322000.0	4.0
17162	34324000.0	7.0
17163	34326000.0	7.0
17164	34328000.0	8.0
17165	34330000.0	11.0
17166	34332000.0	13.0
17167	34334000.0	17.0
17168	34336000.0	8.0
17169	34338000.0	7.0
17170	34340000.0	8.0
17171	34342000.0	11.0
17172	34344000.0	6.0
17173	34346000.0	6.0
17174	34348000.0	11.0
17175	34350000.0	11.0
17176	34352000.0	9.0
17177	34354000.0	8.0
17178	34356000.0	7.0
17179	34358000.0	4.0
17180	34360000.0	8.0
17181	34362000.0	8.0
17182	34364000.0	10.0
17183	34366000.0	11.0
17184	34368000.0	4.0
17185	34370000.0	5.0
17186	34372000.0	4.0
17187	34374000.0	12.0
17188	34376000.0	9.0
17189	34378000.0	6.0
17190	34380000.0	9.0
17191	34382000.0	5.0
17192	34384000.0	10.0
17193	34386000.0	9.0
17194	34388000.0	7.0
17195	34390000.0	7.0
17196	34392000.0	10.0
17197	34394000.0	9.0
17198	34396000.0	12.0
17199	34398000.0	8.0
17200	34400000.0	6.0
17201	34402000.0	10.0
17202	34404000.0	10.0
17203	34406000.0	8.0
17204	34408000.0	9.0
17205	34410000.0	4.0
17206	34412000.0	13.0
17207	34414000.0	7.0
17208	34416000.0	8.0
17209	34418000.0	8.0
17210	34420000.0	8.0
17211	34422000.0	6.0
17212	34424000.0	13.0
17213	34426000.0	10.0
17214	34428000.0	8.0
17215	34430000.0	11.0
17216	34432000.0	8.0
17217	34434000.0	5.0
17218	34436000.0	9.0
17219	34438000.0	7.0
17220	34440000.0	13.0
17221	34442000.0	6.0
17222	34444000.0	10.0
17223	34446000.0	9.0
17224	34448000.0	12.0
17225	34450000.0	5.0
17226	34452000.0	5.0
17227	34454000.0	6.0
17228	34456000.0	6.0
17229	34458000.0	14.0
17230	34460000.0	10.0
17231	34462000.0	11.0
17232	34464000.0	6.0
17233	34466000.0	15.0
17234	34468000.0	10.0
17235	34470000.0	9.0
17236	34472000.0	8.0
17237	34474000.0	8.0
17238	34476000.0	9.0
17239	34478000.0	7.0
17240	34480000.0	4.0
17241	34482000.0	5.0
17242	34484000.0	4.0
17243	34486000.0	9.0
17244	34488000.0	12.0
17245	34490000.0	3.0
17246	34492000.0	8.0
17247	34494000.0	8.0
17248	34496000.0	6.0
17249	34498000.0	6.0
17250	34500000.0	8.0
17251	34502000.0	10.0
17252	34504000.0	11.0
17253	34506000.0	9.0
17254	34508000.0	6.0
17255	34510000.0	9.0
17256	34512000.0	5.0
17257	34514000.0	8.0
17258	34516000.0	7.0
17259	34518000.0	11.0
17260	34520000.0	8.0
17261	34522000.0	9.0
17262	34524000.0	7.0
17263	34526000.0	5.0
17264	34528000.0	4.0
17265	34530000.0	8.0
17266	34532000.0	7.0
17267	34534000.0	7.0
17268	34536000.0	8.0
17269	34538000.0	6.0
17270	34540000.0	12.0
17271	34542000.0	9.0
17272	34544000.0	6.0
17273	34546000.0	12.0
17274	34548000.0	8.0
17275	34550000.0	10.0
17276	34552000.0	11.0
17277	34554000.0	8.0
17278	34556000.0	10.0
17279	34558000.0	9.0
17280	34560000.0	11.0
17281	34562000.0	4.0
17282	34564000.0	9.0
17283	34566000.0	10.0
17284	34568000.0	6.0
17285	34570000.0	6.0
17286	34572000.0	7.0
17287	34574000.0	5.0
17288	34576000.0	5.0
17289	34578000.0	6.0
17290	34580000.0	9.0
17291	34582000.0	9.0
17292	34584000.0	8.0
17293	34586000.0	8.0
17294	34588000.0	11.0
17295	34590000.0	7.0
17296	34592000.0	10.0
17297	34594000.0	8.0
17298	34596000.0	9.0
17299	34598000.0	6.0
17300	34600000.0	7.0
17301	34602000.0	5.0
17302	34604000.0	5.0
17303	34606000.0	11.0
17304	34608000.0	10.0
17305	34610000.0	7.0
17306	34612000.0	4.0
17307	34614000.0	8.0
17308	34616000.0	5.0
17309	34618000.0	5.0
17310	34620000.0	6.0
17311	34622000.0	8.0
17312	34624000.0	13.0
17313	34626000.0	9.0
17314	34628000.0	11.0
17315	34630000.0	5.0
17316	34632000.0	7.0
17317	34634000.0	12.0
17318	34636000.0	9.0
17319	34638000.0	6.0
17320	34640000.0	10.0
17321	34642000.0	1.0
17322	34644000.0	10.0
17323	34646000.0	8.0
17324	34648000.0	9.0
17325	34650000.0	9.0
17326	34652000.0	9.0
17327	34654000.0	12.0
17328	34656000.0	10.0
17329	34658000.0	9.0
17330	34660000.0	10.0
17331	34662000.0	11.0
17332	34664000.0	6.0
17333	34666000.0	10.0
17334	34668000.0	9.0
17335	34670000.0	4.0
17336	34672000.0	12.0
17337	34674000.0	5.0
17338	34676000.0	8.0
17339	34678000.0	13.0
17340	34680000.0	3.0
17341	34682000.0	9.0
17342	34684000.0	9.0
17343	34686000.0	8.0
17344	34688000.0	8.0
17345	34690000.0	10.0
17346	34692000.0	10.0
17347	34694000.0	4.0
17348	34696000.0	10.0
17349	34698000.0	14.0
17350	34700000.0	5.0
17351	34702000.0	4.0
17352	34704000.0	6.0
17353	34706000.0	8.0
17354	34708000.0	10.0
17355	34710000.0	10.0
17356	34712000.0	4.0
17357	34714000.0	6.0
17358	34716000.0	5.0
17359	34718000.0	8.0
17360	34720000.0	6.0
17361	34722000.0	9.0
17362	34724000.0	4.0
17363	34726000.0	9.0
17364	34728000.0	9.0
17365	34730000.0	9.0
17366	34732000.0	8.0
17367	34734000.0	4.0
17368	34736000.0	6.0
17369	34738000.0	9.0
17370	34740000.0	6.0
17371	34742000.0	9.0
17372	34744000.0	11.0
17373	34746000.0	11.0
17374	34748000.0	6.0
17375	34750000.0	5.0
17376	34752000.0	7.0
17377	34754000.0	13.0
17378	34756000.0	6.0
17379	34758000.0	7.0
17380	34760000.0	9.0
17381	34762000.0	6.0
17382	34764000.0	8.0
17383	34766000.0	7.0
17384	34768000.0	3.0
17385	34770000.0	8.0
17386	34772000.0	10.0
17387	34774000.0	9.0
17388	34776000.0	5.0
17389	34778000.0	7.0
17390	34780000.0	9.0
17391	34782000.0	10.0
17392	34784000.0	12.0
17393	34786000.0	8.0
17394	34788000.0	7.0
17395	34790000.0	5.0
17396	34792000.0	9.0
17397	34794000.0	9.0
17398	34796000.0	6.0
17399	34798000.0	9.0
17400	34800000.0	9.0
17401	34802000.0	5.0
17402	34804000.0	6.0
17403	34806000.0	5.0
17404	34808000.0	9.0
17405	34810000.0	5.0
17406	34812000.0	7.0
17407	34814000.0	9.0
17408	34816000.0	3.0
17409	34818000.0	8.0
17410	34820000.0	12.0
17411	34822000.0	10.0
17412	34824000.0	6.0
17413	34826000.0	9.0
17414	34828000.0	12.0
17415	34830000.0	14.0
17416	34832000.0	6.0
17417	34834000.0	9.0
17418	34836000.0	5.0
17419	34838000.0	8.0
17420	34840000.0	9.0
17421	34842000.0	10.0
17422	34844000.0	3.0
17423	34846000.0	4.0
17424	34848000.0	5.0
17425	34850000.0	7.0
17426	34852000.0	5.0
17427	34854000.0	8.0
17428	34856000.0	11.0
17429	34858000.0	7.0
17430	34860000.0	5.0
17431	34862000.0	3.0
17432	34864000.0	6.0
17433	34866000.0	3.0
17434	34868000.0	14.0
17435	34870000.0	6.0
17436	34872000.0	8.0
17437	34874000.0	9.0
17438	34876000.0	7.0
17439	34878000.0	6.0
17440	34880000.0	5.0
17441	34882000.0	10.0
17442	34884000.0	6.0
17443	34886000.0	4.0
17444	34888000.0	4.0
17445	34890000.0	10.0
17446	34892000.0	9.0
17447	34894000.0	7.0
17448	34896000.0	4.0
17449	34898000.0	7.0
17450	34900000.0	6.0
17451	34902000.0	8.0
17452	34904000.0	7.0
17453	34906000.0	8.0
17454	34908000.0	11.0
17455	34910000.0	12.0
17456	34912000.0	4.0
17457	34914000.0	11.0
17458	34916000.0	6.0
17459	34918000.0	10.0
17460	34920000.0	5.0
17461	34922000.0	8.0
17462	34924000.0	9.0
17463	34926000.0	8.0
17464	34928000.0	5.0
17465	34930000.0	8.0
17466	34932000.0	8.0
17467	34934000.0	8.0
17468	34936000.0	9.0
17469	34938000.0	10.0
17470	34940000.0	6.0
17471	34942000.0	12.0
17472	34944000.0	9.0
17473	34946000.0	7.0
17474	34948000.0	7.0
17475	34950000.0	7.0
17476	34952000.0	5.0
17477	34954000.0	9.0
17478	34956000.0	7.0
17479	34958000.0	7.0
17480	34960000.0	7.0
17481	34962000.0	6.0
17482	34964000.0	9.0
17483	34966000.0	5.0
17484	34968000.0	6.0
17485	34970000.0	7.0
17486	34972000.0	10.0
17487	34974000.0	11.0
17488	34976000.0	6.0
17489	34978000.0	6.0
17490	34980000.0	7.0
17491	34982000.0	12.0
17492	34984000.0	9.0
17493	34986000.0	14.0
17494	34988000.0	14.0
17495	34990000.0	9.0
17496	34992000.0	5.0
17497	34994000.0	6.0
17498	34996000.0	13.0
17499	34998000.0	4.0
17500	35000000.0	12.0
17501	35002000.0	6.0
17502	35004000.0	8.0
17503	35006000.0	1.0
17504	35008000.0	10.0
17505	35010000.0	7.0
17506	35012000.0	8.0
17507	35014000.0	8.0
17508	35016000.0	9.0
17509	35018000.0	9.0
17510	35020000.0	8.0
17511	35022000.0	7.0
17512	35024000.0	10.0
17513	35026000.0	6.0
17514	35028000.0	4.0
17515	35030000.0	5.0
17516	35032000.0	5.0
17517	35034000.0	10.0
17518	35036000.0	7.0
17519	35038000.0	10.0
17520	35040000.0	7.0
17521	35042000.0	4.0
17522	35044000.0	9.0
17523	35046000.0	7.0
17524	35048000.0	5.0
17525	35050000.0	11.0
17526	35052000.0	11.0
17527	35054000.0	11.0
17528	35056000.0	8.0
17529	35058000.0	4.0
17530	35060000.0	7.0
17531	35062000.0	8.0
17532	35064000.0	9.0
17533	35066000.0	7.0
17534	35068000.0	7.0
17535	35070000.0	8.0
17536	35072000.0	3.0
17537	35074000.0	9.0
17538	35076000.0	10.0
17539	35078000.0	9.0
17540	35080000.0	6.0
17541	35082000.0	3.0
17542	35084000.0	7.0
17543	35086000.0	7.0
17544	35088000.0	10.0
17545	35090000.0	7.0
17546	35092000.0	4.0
17547	35094000.0	7.0
17548	35096000.0	4.0
17549	35098000.0	4.0
17550	35100000.0	6.0
17551	35102000.0	8.0
17552	35104000.0	5.0
17553	35106000.0	8.0
17554	35108000.0	5.0
17555	35110000.0	8.0
17556	35112000.0	8.0
17557	35114000.0	6.0
17558	35116000.0	5.0
17559	35118000.0	10.0
17560	35120000.0	2.0
17561	35122000.0	7.0
17562	35124000.0	8.0
17563	35126000.0	6.0
17564	35128000.0	13.0
17565	35130000.0	5.0
17566	35132000.0	6.0
17567	35134000.0	4.0
17568	35136000.0	12.0
17569	35138000.0	5.0
17570	35140000.0	8.0
17571	35142000.0	10.0
17572	35144000.0	13.0
17573	35146000.0	5.0
17574	35148000.0	9.0
17575	35150000.0	12.0
17576	35152000.0	5.0
17577	35154000.0	6.0
17578	35156000.0	4.0
17579	35158000.0	4.0
17580	35160000.0	8.0
17581	35162000.0	6.0
17582	35164000.0	1.0
17583	35166000.0	5.0
17584	35168000.0	10.0
17585	35170000.0	9.0
17586	35172000.0	8.0
17587	35174000.0	10.0
17588	35176000.0	12.0
17589	35178000.0	9.0
17590	35180000.0	6.0
17591	35182000.0	12.0
17592	35184000.0	3.0
17593	35186000.0	6.0
17594	35188000.0	10.0
17595	35190000.0	9.0
17596	35192000.0	7.0
17597	35194000.0	6.0
17598	35196000.0	7.0
17599	35198000.0	7.0
17600	35200000.0	3.0
17601	35202000.0	8.0
17602	35204000.0	9.0
17603	35206000.0	12.0
17604	35208000.0	5.0
17605	35210000.0	9.0
17606	35212000.0	7.0
17607	35214000.0	5.0
17608	35216000.0	6.0
17609	35218000.0	7.0
17610	35220000.0	15.0
17611	35222000.0	4.0
17612	35224000.0	5.0
17613	35226000.0	9.0
17614	35228000.0	4.0
17615	35230000.0	13.0
17616	35232000.0	11.0
17617	35234000.0	9.0
17618	35236000.0	9.0
17619	35238000.0	5.0
17620	35240000.0	7.0
17621	35242000.0	9.0
17622	35244000.0	7.0
17623	35246000.0	5.0
17624	35248000.0	10.0
17625	35250000.0	8.0
17626	35252000.0	14.0
17627	35254000.0	9.0
17628	35256000.0	3.0
17629	35258000.0	8.0
17630	35260000.0	9.0
17631	35262000.0	3.0
17632	35264000.0	6.0
17633	35266000.0	5.0
17634	35268000.0	5.0
17635	35270000.0	6.0
17636	35272000.0	10.0
17637	35274000.0	8.0
17638	35276000.0	11.0
17639	35278000.0	15.0
17640	35280000.0	1.0
17641	35282000.0	12.0
17642	35284000.0	2.0
17643	35286000.0	7.0
17644	35288000.0	3.0
17645	35290000.0	10.0
17646	35292000.0	12.0
17647	35294000.0	7.0
17648	35296000.0	7.0
17649	35298000.0	17.0
17650	35300000.0	7.0
17651	35302000.0	8.0
17652	35304000.0	4.0
17653	35306000.0	7.0
17654	35308000.0	9.0
17655	35310000.0	7.0
17656	35312000.0	10.0
17657	35314000.0	10.0
17658	35316000.0	6.0
17659	35318000.0	10.0
17660	35320000.0	11.0
17661	35322000.0	11.0
17662	35324000.0	8.0
17663	35326000.0	6.0
17664	35328000.0	12.0
17665	35330000.0	8.0
17666	35332000.0	6.0
17667	35334000.0	10.0
17668	35336000.0	7.0
17669	35338000.0	7.0
17670	35340000.0	11.0
17671	35342000.0	9.0
17672	35344000.0	8.0
17673	35346000.0	4.0
17674	35348000.0	7.0
17675	35350000.0	10.0
17676	35352000.0	8.0
17677	35354000.0	6.0
17678	35356000.0	6.0
17679	35358000.0	7.0
17680	35360000.0	9.0
17681	35362000.0	4.0
17682	35364000.0	5.0
17683	35366000.0	9.0
17684	35368000.0	8.0
17685	35370000.0	6.0
17686	35372000.0	6.0
17687	35374000.0	2.0
17688	35376000.0	8.0
17689	35378000.0	7.0
17690	35380000.0	15.0
17691	35382000.0	6.0
17692	35384000.0	9.0
17693	35386000.0	10.0
17694	35388000.0	6.0
17695	35390000.0	8.0
17696	35392000.0	2.0
17697	35394000.0	8.0
17698	35396000.0	9.0
17699	35398000.0	8.0
17700	35400000.0	7.0
17701	35402000.0	10.0
17702	35404000.0	12.0
17703	35406000.0	12.0
17704	35408000.0	6.0
17705	35410000.0	15.0
17706	35412000.0	8.0
17707	35414000.0	6.0
17708	35416000.0	8.0
17709	35418000.0	7.0
17710	35420000.0	6.0
17711	35422000.0	8.0
17712	35424000.0	10.0
17713	35426000.0	4.0
17714	35428000.0	5.0
17715	35430000.0	5.0
17716	35432000.0	11.0
17717	35434000.0	3.0
17718	35436000.0	5.0
17719	35438000.0	11.0
17720	35440000.0	7.0
17721	35442000.0	8.0
17722	35444000.0	1.0
17723	35446000.0	10.0
17724	35448000.0	6.0
17725	35450000.0	8.0
17726	35452000.0	5.0
17727	35454000.0	6.0
17728	35456000.0	7.0
17729	35458000.0	7.0
17730	35460000.0	10.0
17731	35462000.0	5.0
17732	35464000.0	1.0
17733	35466000.0	2.0
17734	35468000.0	5.0
17735	35470000.0	12.0
17736	35472000.0	6.0
17737	35474000.0	7.0
17738	35476000.0	4.0
17739	35478000.0	10.0
17740	35480000.0	9.0
17741	35482000.0	3.0
17742	35484000.0	9.0
17743	35486000.0	9.0
17744	35488000.0	6.0
17745	35490000.0	6.0
17746	35492000.0	7.0
17747	35494000.0	6.0
17748	35496000.0	6.0
17749	35498000.0	7.0
17750	35500000.0	11.0
17751	35502000.0	2.0
17752	35504000.0	11.0
17753	35506000.0	5.0
17754	35508000.0	5.0
17755	35510000.0	11.0
17756	35512000.0	7.0
17757	35514000.0	4.0
17758	35516000.0	7.0
17759	35518000.0	4.0
17760	35520000.0	8.0
17761	35522000.0	9.0
17762	35524000.0	6.0
17763	35526000.0	8.0
17764	35528000.0	4.0
17765	35530000.0	8.0
17766	35532000.0	6.0
17767	35534000.0	10.0
17768	35536000.0	3.0
17769	35538000.0	3.0
17770	35540000.0	9.0
17771	35542000.0	7.0
17772	35544000.0	11.0
17773	35546000.0	9.0
17774	35548000.0	6.0
17775	35550000.0	5.0
17776	35552000.0	5.0
17777	35554000.0	7.0
17778	35556000.0	8.0
17779	35558000.0	8.0
17780	35560000.0	4.0
17781	35562000.0	5.0
17782	35564000.0	9.0
17783	35566000.0	4.0
17784	35568000.0	7.0
17785	35570000.0	8.0
17786	35572000.0	10.0
17787	35574000.0	7.0
17788	35576000.0	3.0
17789	35578000.0	9.0
17790	35580000.0	9.0
17791	35582000.0	5.0
17792	35584000.0	9.0
17793	35586000.0	12.0
17794	35588000.0	6.0
17795	35590000.0	9.0
17796	35592000.0	6.0
17797	35594000.0	7.0
17798	35596000.0	8.0
17799	35598000.0	9.0
17800	35600000.0	6.0
17801	35602000.0	9.0
17802	35604000.0	3.0
17803	35606000.0	7.0
17804	35608000.0	5.0
17805	35610000.0	6.0
17806	35612000.0	9.0
17807	35614000.0	4.0
17808	35616000.0	8.0
17809	35618000.0	2.0
17810	35620000.0	5.0
17811	35622000.0	12.0
17812	35624000.0	4.0
17813	35626000.0	5.0
17814	35628000.0	9.0
17815	35630000.0	5.0
17816	35632000.0	9.0
17817	35634000.0	8.0
17818	35636000.0	5.0
17819	35638000.0	9.0
17820	35640000.0	7.0
17821	35642000.0	9.0
17822	35644000.0	4.0
17823	35646000.0	7.0
17824	35648000.0	7.0
17825	35650000.0	6.0
17826	35652000.0	9.0
17827	35654000.0	14.0
17828	35656000.0	3.0
17829	35658000.0	3.0
17830	35660000.0	6.0
17831	35662000.0	12.0
17832	35664000.0	9.0
17833	35666000.0	8.0
17834	35668000.0	10.0
17835	35670000.0	8.0
17836	35672000.0	14.0
17837	35674000.0	11.0
17838	35676000.0	8.0
17839	35678000.0	7.0
17840	35680000.0	9.0
17841	35682000.0	11.0
17842	35684000.0	15.0
17843	35686000.0	8.0
17844	35688000.0	7.0
17845	35690000.0	6.0
17846	35692000.0	10.0
17847	35694000.0	7.0
17848	35696000.0	3.0
17849	35698000.0	5.0
17850	35700000.0	4.0
17851	35702000.0	8.0
17852	35704000.0	8.0
17853	35706000.0	11.0
17854	35708000.0	8.0
17855	35710000.0	6.0
17856	35712000.0	9.0
17857	35714000.0	14.0
17858	35716000.0	8.0
17859	35718000.0	10.0
17860	35720000.0	10.0
17861	35722000.0	7.0
17862	35724000.0	11.0
17863	35726000.0	8.0
17864	35728000.0	6.0
17865	35730000.0	5.0
17866	35732000.0	4.0
17867	35734000.0	11.0
17868	35736000.0	8.0
17869	35738000.0	11.0
17870	35740000.0	9.0
17871	35742000.0	11.0
17872	35744000.0	5.0
17873	35746000.0	5.0
17874	35748000.0	10.0
17875	35750000.0	6.0
17876	35752000.0	5.0
17877	35754000.0	1.0
17878	35756000.0	3.0
17879	35758000.0	9.0
17880	35760000.0	3.0
17881	35762000.0	9.0
17882	35764000.0	8.0
17883	35766000.0	11.0
17884	35768000.0	8.0
17885	35770000.0	5.0
17886	35772000.0	8.0
17887	35774000.0	3.0
17888	35776000.0	7.0
17889	35778000.0	13.0
17890	35780000.0	6.0
17891	35782000.0	4.0
17892	35784000.0	11.0
17893	35786000.0	6.0
17894	35788000.0	7.0
17895	35790000.0	4.0
17896	35792000.0	12.0
17897	35794000.0	4.0
17898	35796000.0	8.0
17899	35798000.0	11.0
17900	35800000.0	4.0
17901	35802000.0	10.0
17902	35804000.0	14.0
17903	35806000.0	8.0
17904	35808000.0	3.0
17905	35810000.0	9.0
17906	35812000.0	11.0
17907	35814000.0	12.0
17908	35816000.0	7.0
17909	35818000.0	8.0
17910	35820000.0	6.0
17911	35822000.0	8.0
17912	35824000.0	12.0
17913	35826000.0	5.0
17914	35828000.0	9.0
17915	35830000.0	5.0
17916	35832000.0	11.0
17917	35834000.0	8.0
17918	35836000.0	7.0
17919	35838000.0	7.0
17920	35840000.0	6.0
17921	35842000.0	3.0
17922	35844000.0	8.0
17923	35846000.0	5.0
17924	35848000.0	6.0
17925	35850000.0	7.0
17926	35852000.0	7.0
17927	35854000.0	7.0
17928	35856000.0	10.0
17929	35858000.0	6.0
17930	35860000.0	9.0
17931	35862000.0	8.0
17932	35864000.0	10.0
17933	35866000.0	12.0
17934	35868000.0	5.0
17935	35870000.0	7.0
17936	35872000.0	9.0
17937	35874000.0	6.0
17938	35876000.0	5.0
17939	35878000.0	8.0
17940	35880000.0	3.0
17941	35882000.0	7.0
17942	35884000.0	7.0
17943	35886000.0	8.0
17944	35888000.0	6.0
17945	35890000.0	8.0
17946	35892000.0	5.0
17947	35894000.0	5.0
17948	35896000.0	6.0
17949	35898000.0	10.0
17950	35900000.0	8.0
17951	35902000.0	4.0
17952	35904000.0	5.0
17953	35906000.0	6.0
17954	35908000.0	7.0
17955	35910000.0	13.0
17956	35912000.0	10.0
17957	35914000.0	9.0
17958	35916000.0	7.0
17959	35918000.0	6.0
17960	35920000.0	6.0
17961	35922000.0	9.0
17962	35924000.0	9.0
17963	35926000.0	6.0
17964	35928000.0	6.0
17965	35930000.0	6.0
17966	35932000.0	10.0
17967	35934000.0	7.0
17968	35936000.0	3.0
17969	35938000.0	5.0
17970	35940000.0	7.0
17971	35942000.0	10.0
17972	35944000.0	3.0
17973	35946000.0	7.0
17974	35948000.0	6.0
17975	35950000.0	10.0
17976	35952000.0	5.0
17977	35954000.0	12.0
17978	35956000.0	1.0
17979	35958000.0	5.0
17980	35960000.0	3.0
17981	35962000.0	8.0
17982	35964000.0	11.0
17983	35966000.0	7.0
17984	35968000.0	7.0
17985	35970000.0	8.0
17986	35972000.0	8.0
17987	35974000.0	9.0
17988	35976000.0	5.0
17989	35978000.0	7.0
17990	35980000.0	8.0
17991	35982000.0	6.0
17992	35984000.0	6.0
17993	35986000.0	6.0
17994	35988000.0	3.0
17995	35990000.0	12.0
17996	35992000.0	2.0
17997	35994000.0	10.0
17998	35996000.0	5.0
17999	35998000.0	9.0
18000	36000000.0	7.0
18001	36002000.0	8.0
18002	36004000.0	8.0
18003	36006000.0	6.0
18004	36008000.0	10.0
18005	36010000.0	6.0
18006	36012000.0	5.0
18007	36014000.0	10.0
18008	36016000.0	8.0
18009	36018000.0	9.0
18010	36020000.0	7.0
18011	36022000.0	10.0
18012	36024000.0	8.0
18013	36026000.0	12.0
18014	36028000.0	7.0
18015	36030000.0	8.0
18016	36032000.0	6.0
18017	36034000.0	5.0
18018	36036000.0	11.0
18019	36038000.0	7.0
18020	36040000.0	7.0
18021	36042000.0	4.0
18022	36044000.0	6.0
18023	36046000.0	7.0
18024	36048000.0	5.0
18025	36050000.0	7.0
18026	36052000.0	7.0
18027	36054000.0	5.0
18028	36056000.0	6.0
18029	36058000.0	6.0
18030	36060000.0	12.0
18031	36062000.0	8.0
18032	36064000.0	8.0
18033	36066000.0	5.0
18034	36068000.0	11.0
18035	36070000.0	7.0
18036	36072000.0	10.0
18037	36074000.0	7.0
18038	36076000.0	5.0
18039	36078000.0	12.0
18040	36080000.0	8.0
18041	36082000.0	7.0
18042	36084000.0	6.0
18043	36086000.0	12.0
18044	36088000.0	4.0
18045	36090000.0	9.0
18046	36092000.0	7.0
18047	36094000.0	10.0
18048	36096000.0	11.0
18049	36098000.0	4.0
18050	36100000.0	9.0
18051	36102000.0	8.0
18052	36104000.0	7.0
18053	36106000.0	9.0
18054	36108000.0	10.0
18055	36110000.0	8.0
18056	36112000.0	3.0
18057	36114000.0	7.0
18058	36116000.0	9.0
18059	36118000.0	9.0
18060	36120000.0	3.0
18061	36122000.0	7.0
18062	36124000.0	9.0
18063	36126000.0	7.0
18064	36128000.0	8.0
18065	36130000.0	12.0
18066	36132000.0	11.0
18067	36134000.0	8.0
18068	36136000.0	7.0
18069	36138000.0	9.0
18070	36140000.0	10.0
18071	36142000.0	6.0
18072	36144000.0	4.0
18073	36146000.0	6.0
18074	36148000.0	8.0
18075	36150000.0	10.0
18076	36152000.0	5.0
18077	36154000.0	3.0
18078	36156000.0	7.0
18079	36158000.0	6.0
18080	36160000.0	4.0
18081	36162000.0	9.0
18082	36164000.0	12.0
18083	36166000.0	9.0
18084	36168000.0	3.0
18085	36170000.0	7.0
18086	36172000.0	7.0
18087	36174000.0	7.0
18088	36176000.0	4.0
18089	36178000.0	8.0
18090	36180000.0	10.0
18091	36182000.0	7.0
18092	36184000.0	7.0
18093	36186000.0	11.0
18094	36188000.0	10.0
18095	36190000.0	3.0
18096	36192000.0	9.0
18097	36194000.0	1.0
18098	36196000.0	6.0
18099	36198000.0	6.0
18100	36200000.0	8.0
18101	36202000.0	8.0
18102	36204000.0	8.0
18103	36206000.0	5.0
18104	36208000.0	8.0
18105	36210000.0	5.0
18106	36212000.0	8.0
18107	36214000.0	9.0
18108	36216000.0	19.0
18109	36218000.0	8.0
18110	36220000.0	5.0
18111	36222000.0	9.0
18112	36224000.0	4.0
18113	36226000.0	9.0
18114	36228000.0	7.0
18115	36230000.0	6.0
18116	36232000.0	8.0
18117	36234000.0	5.0
18118	36236000.0	12.0
18119	36238000.0	11.0
18120	36240000.0	11.0
18121	36242000.0	14.0
18122	36244000.0	9.0
18123	36246000.0	6.0
18124	36248000.0	10.0
18125	36250000.0	5.0
18126	36252000.0	8.0
18127	36254000.0	10.0
18128	36256000.0	7.0
18129	36258000.0	9.0
18130	36260000.0	2.0
18131	36262000.0	8.0
18132	36264000.0	11.0
18133	36266000.0	10.0
18134	36268000.0	7.0
18135	36270000.0	7.0
18136	36272000.0	7.0
18137	36274000.0	10.0
18138	36276000.0	10.0
18139	36278000.0	5.0
18140	36280000.0	10.0
18141	36282000.0	7.0
18142	36284000.0	10.0
18143	36286000.0	9.0
18144	36288000.0	7.0
18145	36290000.0	5.0
18146	36292000.0	9.0
18147	36294000.0	4.0
18148	36296000.0	7.0
18149	36298000.0	4.0
18150	36300000.0	7.0
18151	36302000.0	11.0
18152	36304000.0	7.0
18153	36306000.0	9.0
18154	36308000.0	6.0
18155	36310000.0	10.0
18156	36312000.0	7.0
18157	36314000.0	10.0
18158	36316000.0	9.0
18159	36318000.0	8.0
18160	36320000.0	11.0
18161	36322000.0	7.0
18162	36324000.0	8.0
18163	36326000.0	7.0
18164	36328000.0	7.0
18165	36330000.0	1.0
18166	36332000.0	6.0
18167	36334000.0	4.0
18168	36336000.0	10.0
18169	36338000.0	8.0
18170	36340000.0	7.0
18171	36342000.0	3.0
18172	36344000.0	5.0
18173	36346000.0	7.0
18174	36348000.0	0.0
18175	36350000.0	10.0
18176	36352000.0	5.0
18177	36354000.0	8.0
18178	36356000.0	8.0
18179	36358000.0	2.0
18180	36360000.0	7.0
18181	36362000.0	6.0
18182	36364000.0	12.0
18183	36366000.0	8.0
18184	36368000.0	7.0
18185	36370000.0	8.0
18186	36372000.0	6.0
18187	36374000.0	4.0
18188	36376000.0	6.0
18189	36378000.0	7.0
18190	36380000.0	9.0
18191	36382000.0	8.0
18192	36384000.0	9.0
18193	36386000.0	2.0
18194	36388000.0	6.0
18195	36390000.0	7.0
18196	36392000.0	2.0
18197	36394000.0	3.0
18198	36396000.0	10.0
18199	36398000.0	9.0
18200	36400000.0	3.0
18201	36402000.0	4.0
18202	36404000.0	12.0
18203	36406000.0	4.0
18204	36408000.0	9.0
18205	36410000.0	7.0
18206	36412000.0	8.0
18207	36414000.0	6.0
18208	36416000.0	4.0
18209	36418000.0	6.0
18210	36420000.0	9.0
18211	36422000.0	4.0
18212	36424000.0	5.0
18213	36426000.0	5.0
18214	36428000.0	11.0
18215	36430000.0	8.0
18216	36432000.0	4.0
18217	36434000.0	10.0
18218	36436000.0	3.0
18219	36438000.0	4.0
18220	36440000.0	8.0
18221	36442000.0	8.0
18222	36444000.0	9.0
18223	36446000.0	9.0
18224	36448000.0	9.0
18225	36450000.0	7.0
18226	36452000.0	9.0
18227	36454000.0	13.0
18228	36456000.0	3.0
18229	36458000.0	7.0
18230	36460000.0	10.0
18231	36462000.0	7.0
18232	36464000.0	9.0
18233	36466000.0	10.0
18234	36468000.0	4.0
18235	36470000.0	12.0
18236	36472000.0	8.0
18237	36474000.0	5.0
18238	36476000.0	8.0
18239	36478000.0	6.0
18240	36480000.0	4.0
18241	36482000.0	8.0
18242	36484000.0	7.0
18243	36486000.0	8.0
18244	36488000.0	6.0
18245	36490000.0	9.0
18246	36492000.0	9.0
18247	36494000.0	6.0
18248	36496000.0	9.0
18249	36498000.0	6.0
18250	36500000.0	10.0
18251	36502000.0	6.0
18252	36504000.0	7.0
18253	36506000.0	8.0
18254	36508000.0	7.0
18255	36510000.0	7.0
18256	36512000.0	6.0
18257	36514000.0	6.0
18258	36516000.0	7.0
18259	36518000.0	5.0
18260	36520000.0	7.0
18261	36522000.0	10.0
18262	36524000.0	11.0
18263	36526000.0	10.0
18264	36528000.0	7.0
18265	36530000.0	10.0
18266	36532000.0	6.0
18267	36534000.0	7.0
18268	36536000.0	5.0
18269	36538000.0	7.0
18270	36540000.0	9.0
18271	36542000.0	8.0
18272	36544000.0	4.0
18273	36546000.0	11.0
18274	36548000.0	4.0
18275	36550000.0	9.0
18276	36552000.0	8.0
18277	36554000.0	8.0
18278	36556000.0	5.0
18279	36558000.0	6.0
18280	36560000.0	5.0
18281	36562000.0	5.0
18282	36564000.0	6.0
18283	36566000.0	4.0
18284	36568000.0	6.0
18285	36570000.0	5.0
18286	36572000.0	7.0
18287	36574000.0	7.0
18288	36576000.0	7.0
18289	36578000.0	6.0
18290	36580000.0	6.0
18291	36582000.0	5.0
18292	36584000.0	9.0
18293	36586000.0	3.0
18294	36588000.0	8.0
18295	36590000.0	7.0
18296	36592000.0	5.0
18297	36594000.0	5.0
18298	36596000.0	5.0
18299	36598000.0	5.0
18300	36600000.0	4.0
18301	36602000.0	11.0
18302	36604000.0	9.0
18303	36606000.0	4.0
18304	36608000.0	6.0
18305	36610000.0	13.0
18306	36612000.0	5.0
18307	36614000.0	10.0
18308	36616000.0	8.0
18309	36618000.0	9.0
18310	36620000.0	7.0
18311	36622000.0	4.0
18312	36624000.0	6.0
18313	36626000.0	11.0
18314	36628000.0	3.0
18315	36630000.0	6.0
18316	36632000.0	11.0
18317	36634000.0	5.0
18318	36636000.0	7.0
18319	36638000.0	7.0
18320	36640000.0	9.0
18321	36642000.0	5.0
18322	36644000.0	7.0
18323	36646000.0	6.0
18324	36648000.0	6.0
18325	36650000.0	5.0
18326	36652000.0	7.0
18327	36654000.0	8.0
18328	36656000.0	7.0
18329	36658000.0	4.0
18330	36660000.0	11.0
18331	36662000.0	8.0
18332	36664000.0	9.0
18333	36666000.0	6.0
18334	36668000.0	9.0
18335	36670000.0	6.0
18336	36672000.0	8.0
18337	36674000.0	5.0
18338	36676000.0	6.0
18339	36678000.0	15.0
18340	36680000.0	8.0
18341	36682000.0	7.0
18342	36684000.0	6.0
18343	36686000.0	11.0
18344	36688000.0	7.0
18345	36690000.0	10.0
18346	36692000.0	6.0
18347	36694000.0	6.0
18348	36696000.0	5.0
18349	36698000.0	5.0
18350	36700000.0	4.0
18351	36702000.0	8.0
18352	36704000.0	5.0
18353	36706000.0	9.0
18354	36708000.0	9.0
18355	36710000.0	9.0
18356	36712000.0	11.0
18357	36714000.0	5.0
18358	36716000.0	4.0
18359	36718000.0	4.0
18360	36720000.0	14.0
18361	36722000.0	3.0
18362	36724000.0	4.0
18363	36726000.0	6.0
18364	36728000.0	10.0
18365	36730000.0	7.0
18366	36732000.0	8.0
18367	36734000.0	5.0
18368	36736000.0	9.0
18369	36738000.0	8.0
18370	36740000.0	9.0
18371	36742000.0	7.0
18372	36744000.0	5.0
18373	36746000.0	12.0
18374	36748000.0	6.0
18375	36750000.0	9.0
18376	36752000.0	13.0
18377	36754000.0	2.0
18378	36756000.0	9.0
18379	36758000.0	5.0
18380	36760000.0	6.0
18381	36762000.0	5.0
18382	36764000.0	8.0
18383	36766000.0	10.0
18384	36768000.0	7.0
18385	36770000.0	10.0
18386	36772000.0	3.0
18387	36774000.0	7.0
18388	36776000.0	5.0
18389	36778000.0	9.0
18390	36780000.0	4.0
18391	36782000.0	4.0
18392	36784000.0	8.0
18393	36786000.0	13.0
18394	36788000.0	7.0
18395	36790000.0	8.0
18396	36792000.0	6.0
18397	36794000.0	5.0
18398	36796000.0	5.0
18399	36798000.0	7.0
18400	36800000.0	6.0
18401	36802000.0	6.0
18402	36804000.0	9.0
18403	36806000.0	9.0
18404	36808000.0	6.0
18405	36810000.0	8.0
18406	36812000.0	11.0
18407	36814000.0	12.0
18408	36816000.0	7.0
18409	36818000.0	6.0
18410	36820000.0	5.0
18411	36822000.0	7.0
18412	36824000.0	8.0
18413	36826000.0	4.0
18414	36828000.0	7.0
18415	36830000.0	8.0
18416	36832000.0	8.0
18417	36834000.0	8.0
18418	36836000.0	10.0
18419	36838000.0	11.0
18420	36840000.0	6.0
18421	36842000.0	5.0
18422	36844000.0	8.0
18423	36846000.0	6.0
18424	36848000.0	8.0
18425	36850000.0	7.0
18426	36852000.0	8.0
18427	36854000.0	8.0
18428	36856000.0	5.0
18429	36858000.0	7.0
18430	36860000.0	4.0
18431	36862000.0	5.0
18432	36864000.0	7.0
18433	36866000.0	10.0
18434	36868000.0	7.0
18435	36870000.0	8.0
18436	36872000.0	5.0
18437	36874000.0	7.0
18438	36876000.0	4.0
18439	36878000.0	4.0
18440	36880000.0	7.0
18441	36882000.0	7.0
18442	36884000.0	8.0
18443	36886000.0	7.0
18444	36888000.0	12.0
18445	36890000.0	5.0
18446	36892000.0	3.0
18447	36894000.0	8.0
18448	36896000.0	7.0
18449	36898000.0	5.0
18450	36900000.0	5.0
18451	36902000.0	6.0
18452	36904000.0	5.0
18453	36906000.0	4.0
18454	36908000.0	8.0
18455	36910000.0	9.0
18456	36912000.0	9.0
18457	36914000.0	10.0
18458	36916000.0	7.0
18459	36918000.0	6.0
18460	36920000.0	10.0
18461	36922000.0	6.0
18462	36924000.0	8.0
18463	36926000.0	4.0
18464	36928000.0	7.0
18465	36930000.0	4.0
18466	36932000.0	9.0
18467	36934000.0	6.0
18468	36936000.0	6.0
18469	36938000.0	6.0
18470	36940000.0	8.0
18471	36942000.0	8.0
18472	36944000.0	4.0
18473	36946000.0	7.0
18474	36948000.0	6.0
18475	36950000.0	12.0
18476	36952000.0	3.0
18477	36954000.0	8.0
18478	36956000.0	8.0
18479	36958000.0	5.0
18480	36960000.0	9.0
18481	36962000.0	14.0
18482	36964000.0	5.0
18483	36966000.0	2.0
18484	36968000.0	5.0
18485	36970000.0	4.0
18486	36972000.0	3.0
18487	36974000.0	6.0
18488	36976000.0	9.0
18489	36978000.0	10.0
18490	36980000.0	11.0
18491	36982000.0	4.0
18492	36984000.0	5.0
18493	36986000.0	6.0
18494	36988000.0	9.0
18495	36990000.0	4.0
18496	36992000.0	5.0
18497	36994000.0	7.0
18498	36996000.0	5.0
18499	36998000.0	8.0
18500	37000000.0	4.0
18501	37002000.0	10.0
18502	37004000.0	10.0
18503	37006000.0	12.0
18504	37008000.0	7.0
18505	37010000.0	4.0
18506	37012000.0	2.0
18507	37014000.0	3.0
18508	37016000.0	9.0
18509	37018000.0	10.0
18510	37020000.0	3.0
18511	37022000.0	12.0
18512	37024000.0	8.0
18513	37026000.0	7.0
18514	37028000.0	10.0
18515	37030000.0	18.0
18516	37032000.0	5.0
18517	37034000.0	6.0
18518	37036000.0	14.0
18519	37038000.0	10.0
18520	37040000.0	10.0
18521	37042000.0	9.0
18522	37044000.0	7.0
18523	37046000.0	10.0
18524	37048000.0	9.0
18525	37050000.0	8.0
18526	37052000.0	5.0
18527	37054000.0	9.0
18528	37056000.0	5.0
18529	37058000.0	7.0
18530	37060000.0	9.0
18531	37062000.0	8.0
18532	37064000.0	6.0
18533	37066000.0	8.0
18534	37068000.0	6.0
18535	37070000.0	4.0
18536	37072000.0	4.0
18537	37074000.0	10.0
18538	37076000.0	8.0
18539	37078000.0	9.0
18540	37080000.0	6.0
18541	37082000.0	4.0
18542	37084000.0	3.0
18543	37086000.0	10.0
18544	37088000.0	6.0
18545	37090000.0	12.0
18546	37092000.0	1.0
18547	37094000.0	7.0
18548	37096000.0	10.0
18549	37098000.0	12.0
18550	37100000.0	6.0
18551	37102000.0	8.0
18552	37104000.0	4.0
18553	37106000.0	7.0
18554	37108000.0	7.0
18555	37110000.0	5.0
18556	37112000.0	9.0
18557	37114000.0	4.0
18558	37116000.0	7.0
18559	37118000.0	10.0
18560	37120000.0	10.0
18561	37122000.0	5.0
18562	37124000.0	2.0
18563	37126000.0	8.0
18564	37128000.0	5.0
18565	37130000.0	8.0
18566	37132000.0	3.0
18567	37134000.0	2.0
18568	37136000.0	8.0
18569	37138000.0	12.0
18570	37140000.0	4.0
18571	37142000.0	5.0
18572	37144000.0	4.0
18573	37146000.0	9.0
18574	37148000.0	11.0
18575	37150000.0	1.0
18576	37152000.0	10.0
18577	37154000.0	9.0
18578	37156000.0	6.0
18579	37158000.0	7.0
18580	37160000.0	3.0
18581	37162000.0	9.0
18582	37164000.0	7.0
18583	37166000.0	5.0
18584	37168000.0	3.0
18585	37170000.0	4.0
18586	37172000.0	7.0
18587	37174000.0	8.0
18588	37176000.0	8.0
18589	37178000.0	7.0
18590	37180000.0	8.0
18591	37182000.0	5.0
18592	37184000.0	4.0
18593	37186000.0	7.0
18594	37188000.0	13.0
18595	37190000.0	12.0
18596	37192000.0	7.0
18597	37194000.0	9.0
18598	37196000.0	9.0
18599	37198000.0	6.0
18600	37200000.0	11.0
18601	37202000.0	13.0
18602	37204000.0	9.0
18603	37206000.0	6.0
18604	37208000.0	8.0
18605	37210000.0	3.0
18606	37212000.0	9.0
18607	37214000.0	5.0
18608	37216000.0	6.0
18609	37218000.0	6.0
18610	37220000.0	3.0
18611	37222000.0	8.0
18612	37224000.0	8.0
18613	37226000.0	6.0
18614	37228000.0	6.0
18615	37230000.0	4.0
18616	37232000.0	7.0
18617	37234000.0	3.0
18618	37236000.0	4.0
18619	37238000.0	7.0
18620	37240000.0	10.0
18621	37242000.0	5.0
18622	37244000.0	12.0
18623	37246000.0	8.0
18624	37248000.0	8.0
18625	37250000.0	8.0
18626	37252000.0	8.0
18627	37254000.0	8.0
18628	37256000.0	7.0
18629	37258000.0	5.0
18630	37260000.0	8.0
18631	37262000.0	5.0
18632	37264000.0	2.0
18633	37266000.0	5.0
18634	37268000.0	4.0
18635	37270000.0	4.0
18636	37272000.0	9.0
18637	37274000.0	5.0
18638	37276000.0	6.0
18639	37278000.0	8.0
18640	37280000.0	7.0
18641	37282000.0	10.0
18642	37284000.0	6.0
18643	37286000.0	7.0
18644	37288000.0	7.0
18645	37290000.0	7.0
18646	37292000.0	6.0
18647	37294000.0	7.0
18648	37296000.0	7.0
18649	37298000.0	8.0
18650	37300000.0	11.0
18651	37302000.0	5.0
18652	37304000.0	6.0
18653	37306000.0	6.0
18654	37308000.0	9.0
18655	37310000.0	11.0
18656	37312000.0	7.0
18657	37314000.0	7.0
18658	37316000.0	7.0
18659	37318000.0	8.0
18660	37320000.0	7.0
18661	37322000.0	10.0
18662	37324000.0	15.0
18663	37326000.0	3.0
18664	37328000.0	10.0
18665	37330000.0	5.0
18666	37332000.0	11.0
18667	37334000.0	5.0
18668	37336000.0	5.0
18669	37338000.0	3.0
18670	37340000.0	8.0
18671	37342000.0	7.0
18672	37344000.0	3.0
18673	37346000.0	7.0
18674	37348000.0	5.0
18675	37350000.0	4.0
18676	37352000.0	5.0
18677	37354000.0	9.0
18678	37356000.0	7.0
18679	37358000.0	10.0
18680	37360000.0	16.0
18681	37362000.0	3.0
18682	37364000.0	9.0
18683	37366000.0	6.0
18684	37368000.0	5.0
18685	37370000.0	5.0
18686	37372000.0	7.0
18687	37374000.0	7.0
18688	37376000.0	5.0
18689	37378000.0	8.0
18690	37380000.0	8.0
18691	37382000.0	4.0
18692	37384000.0	6.0
18693	37386000.0	5.0
18694	37388000.0	7.0
18695	37390000.0	8.0
18696	37392000.0	15.0
18697	37394000.0	10.0
18698	37396000.0	5.0
18699	37398000.0	5.0
18700	37400000.0	4.0
18701	37402000.0	12.0
18702	37404000.0	2.0
18703	37406000.0	9.0
18704	37408000.0	7.0
18705	37410000.0	7.0
18706	37412000.0	11.0
18707	37414000.0	4.0
18708	37416000.0	11.0
18709	37418000.0	3.0
18710	37420000.0	14.0
18711	37422000.0	5.0
18712	37424000.0	13.0
18713	37426000.0	7.0
18714	37428000.0	8.0
18715	37430000.0	6.0
18716	37432000.0	4.0
18717	37434000.0	8.0
18718	37436000.0	3.0
18719	37438000.0	12.0
18720	37440000.0	10.0
18721	37442000.0	7.0
18722	37444000.0	9.0
18723	37446000.0	7.0
18724	37448000.0	4.0
18725	37450000.0	3.0
18726	37452000.0	6.0
18727	37454000.0	7.0
18728	37456000.0	6.0
18729	37458000.0	5.0
18730	37460000.0	6.0
18731	37462000.0	1.0
18732	37464000.0	3.0
18733	37466000.0	5.0
18734	37468000.0	5.0
18735	37470000.0	2.0
18736	37472000.0	6.0
18737	37474000.0	5.0
18738	37476000.0	6.0
18739	37478000.0	9.0
18740	37480000.0	4.0
18741	37482000.0	12.0
18742	37484000.0	8.0
18743	37486000.0	5.0
18744	37488000.0	13.0
18745	37490000.0	9.0
18746	37492000.0	8.0
18747	37494000.0	7.0
18748	37496000.0	5.0
18749	37498000.0	8.0
18750	37500000.0	4.0
18751	37502000.0	10.0
18752	37504000.0	3.0
18753	37506000.0	8.0
18754	37508000.0	7.0
18755	37510000.0	8.0
18756	37512000.0	8.0
18757	37514000.0	10.0
18758	37516000.0	7.0
18759	37518000.0	6.0
18760	37520000.0	7.0
18761	37522000.0	3.0
18762	37524000.0	9.0
18763	37526000.0	5.0
18764	37528000.0	8.0
18765	37530000.0	4.0
18766	37532000.0	9.0
18767	37534000.0	7.0
18768	37536000.0	6.0
18769	37538000.0	4.0
18770	37540000.0	3.0
18771	37542000.0	8.0
18772	37544000.0	6.0
18773	37546000.0	8.0
18774	37548000.0	3.0
18775	37550000.0	9.0
18776	37552000.0	8.0
18777	37554000.0	5.0
18778	37556000.0	12.0
18779	37558000.0	7.0
18780	37560000.0	8.0
18781	37562000.0	6.0
18782	37564000.0	7.0
18783	37566000.0	8.0
18784	37568000.0	8.0
18785	37570000.0	12.0
18786	37572000.0	4.0
18787	37574000.0	8.0
18788	37576000.0	10.0
18789	37578000.0	1.0
18790	37580000.0	2.0
18791	37582000.0	4.0
18792	37584000.0	5.0
18793	37586000.0	3.0
18794	37588000.0	10.0
18795	37590000.0	6.0
18796	37592000.0	6.0
18797	37594000.0	6.0
18798	37596000.0	8.0
18799	37598000.0	8.0
18800	37600000.0	3.0
18801	37602000.0	5.0
18802	37604000.0	11.0
18803	37606000.0	11.0
18804	37608000.0	5.0
18805	37610000.0	6.0
18806	37612000.0	9.0
18807	37614000.0	7.0
18808	37616000.0	5.0
18809	37618000.0	7.0
18810	37620000.0	8.0
18811	37622000.0	7.0
18812	37624000.0	12.0
18813	37626000.0	8.0
18814	37628000.0	8.0
18815	37630000.0	6.0
18816	37632000.0	7.0
18817	37634000.0	11.0
18818	37636000.0	11.0
18819	37638000.0	8.0
18820	37640000.0	2.0
18821	37642000.0	14.0
18822	37644000.0	11.0
18823	37646000.0	4.0
18824	37648000.0	4.0
18825	37650000.0	7.0
18826	37652000.0	6.0
18827	37654000.0	6.0
18828	37656000.0	7.0
18829	37658000.0	11.0
18830	37660000.0	5.0
18831	37662000.0	3.0
18832	37664000.0	10.0
18833	37666000.0	5.0
18834	37668000.0	13.0
18835	37670000.0	5.0
18836	37672000.0	7.0
18837	37674000.0	5.0
18838	37676000.0	7.0
18839	37678000.0	11.0
18840	37680000.0	4.0
18841	37682000.0	8.0
18842	37684000.0	4.0
18843	37686000.0	3.0
18844	37688000.0	7.0
18845	37690000.0	11.0
18846	37692000.0	5.0
18847	37694000.0	4.0
18848	37696000.0	6.0
18849	37698000.0	14.0
18850	37700000.0	12.0
18851	37702000.0	4.0
18852	37704000.0	7.0
18853	37706000.0	12.0
18854	37708000.0	16.0
18855	37710000.0	7.0
18856	37712000.0	8.0
18857	37714000.0	13.0
18858	37716000.0	7.0
18859	37718000.0	6.0
18860	37720000.0	5.0
18861	37722000.0	3.0
18862	37724000.0	6.0
18863	37726000.0	6.0
18864	37728000.0	8.0
18865	37730000.0	8.0
18866	37732000.0	6.0
18867	37734000.0	8.0
18868	37736000.0	9.0
18869	37738000.0	8.0
18870	37740000.0	6.0
18871	37742000.0	2.0
18872	37744000.0	10.0
18873	37746000.0	2.0
18874	37748000.0	4.0
18875	37750000.0	5.0
18876	37752000.0	5.0
18877	37754000.0	14.0
18878	37756000.0	7.0
18879	37758000.0	9.0
18880	37760000.0	6.0
18881	37762000.0	6.0
18882	37764000.0	6.0
18883	37766000.0	5.0
18884	37768000.0	5.0
18885	37770000.0	5.0
18886	37772000.0	6.0
18887	37774000.0	4.0
18888	37776000.0	4.0
18889	37778000.0	11.0
18890	37780000.0	7.0
18891	37782000.0	8.0
18892	37784000.0	7.0
18893	37786000.0	6.0
18894	37788000.0	6.0
18895	37790000.0	5.0
18896	37792000.0	8.0
18897	37794000.0	8.0
18898	37796000.0	13.0
18899	37798000.0	7.0
18900	37800000.0	4.0
18901	37802000.0	1.0
18902	37804000.0	5.0
18903	37806000.0	2.0
18904	37808000.0	8.0
18905	37810000.0	4.0
18906	37812000.0	6.0
18907	37814000.0	10.0
18908	37816000.0	9.0
18909	37818000.0	9.0
18910	37820000.0	3.0
18911	37822000.0	9.0
18912	37824000.0	4.0
18913	37826000.0	2.0
18914	37828000.0	7.0
18915	37830000.0	9.0
18916	37832000.0	7.0
18917	37834000.0	6.0
18918	37836000.0	4.0
18919	37838000.0	4.0
18920	37840000.0	7.0
18921	37842000.0	7.0
18922	37844000.0	7.0
18923	37846000.0	5.0
18924	37848000.0	7.0
18925	37850000.0	10.0
18926	37852000.0	7.0
18927	37854000.0	10.0
18928	37856000.0	3.0
18929	37858000.0	6.0
18930	37860000.0	13.0
18931	37862000.0	10.0
18932	37864000.0	9.0
18933	37866000.0	14.0
18934	37868000.0	15.0
18935	37870000.0	5.0
18936	37872000.0	4.0
18937	37874000.0	8.0
18938	37876000.0	4.0
18939	37878000.0	9.0
18940	37880000.0	3.0
18941	37882000.0	3.0
18942	37884000.0	1.0
18943	37886000.0	11.0
18944	37888000.0	6.0
18945	37890000.0	4.0
18946	37892000.0	8.0
18947	37894000.0	4.0
18948	37896000.0	9.0
18949	37898000.0	2.0
18950	37900000.0	8.0
18951	37902000.0	10.0
18952	37904000.0	7.0
18953	37906000.0	6.0
18954	37908000.0	4.0
18955	37910000.0	5.0
18956	37912000.0	9.0
18957	37914000.0	8.0
18958	37916000.0	7.0
18959	37918000.0	8.0
18960	37920000.0	5.0
18961	37922000.0	3.0
18962	37924000.0	8.0
18963	37926000.0	7.0
18964	37928000.0	6.0
18965	37930000.0	10.0
18966	37932000.0	9.0
18967	37934000.0	8.0
18968	37936000.0	9.0
18969	37938000.0	6.0
18970	37940000.0	2.0
18971	37942000.0	4.0
18972	37944000.0	7.0
18973	37946000.0	10.0
18974	37948000.0	5.0
18975	37950000.0	6.0
18976	37952000.0	6.0
18977	37954000.0	7.0
18978	37956000.0	10.0
18979	37958000.0	8.0
18980	37960000.0	5.0
18981	37962000.0	6.0
18982	37964000.0	11.0
18983	37966000.0	11.0
18984	37968000.0	7.0
18985	37970000.0	1.0
18986	37972000.0	3.0
18987	37974000.0	7.0
18988	37976000.0	6.0
18989	37978000.0	9.0
18990	37980000.0	3.0
18991	37982000.0	6.0
18992	37984000.0	9.0
18993	37986000.0	5.0
18994	37988000.0	12.0
18995	37990000.0	8.0
18996	37992000.0	4.0
18997	37994000.0	5.0
18998	37996000.0	5.0
18999	37998000.0	5.0
19000	38000000.0	11.0
19001	38002000.0	7.0
19002	38004000.0	9.0
19003	38006000.0	5.0
19004	38008000.0	7.0
19005	38010000.0	6.0
19006	38012000.0	8.0
19007	38014000.0	4.0
19008	38016000.0	4.0
19009	38018000.0	5.0
19010	38020000.0	8.0
19011	38022000.0	9.0
19012	38024000.0	4.0
19013	38026000.0	5.0
19014	38028000.0	8.0
19015	38030000.0	8.0
19016	38032000.0	7.0
19017	38034000.0	4.0
19018	38036000.0	7.0
19019	38038000.0	7.0
19020	38040000.0	5.0
19021	38042000.0	4.0
19022	38044000.0	7.0
19023	38046000.0	7.0
19024	38048000.0	5.0
19025	38050000.0	2.0
19026	38052000.0	9.0
19027	38054000.0	3.0
19028	38056000.0	5.0
19029	38058000.0	5.0
19030	38060000.0	6.0
19031	38062000.0	9.0
19032	38064000.0	14.0
19033	38066000.0	8.0
19034	38068000.0	9.0
19035	38070000.0	10.0
19036	38072000.0	6.0
19037	38074000.0	6.0
19038	38076000.0	5.0
19039	38078000.0	4.0
19040	38080000.0	8.0
19041	38082000.0	5.0
19042	38084000.0	2.0
19043	38086000.0	6.0
19044	38088000.0	6.0
19045	38090000.0	11.0
19046	38092000.0	3.0
19047	38094000.0	4.0
19048	38096000.0	14.0
19049	38098000.0	9.0
19050	38100000.0	5.0
19051	38102000.0	6.0
19052	38104000.0	14.0
19053	38106000.0	4.0
19054	38108000.0	10.0
19055	38110000.0	5.0
19056	38112000.0	4.0
19057	38114000.0	6.0
19058	38116000.0	7.0
19059	38118000.0	6.0
19060	38120000.0	6.0
19061	38122000.0	4.0
19062	38124000.0	5.0
19063	38126000.0	5.0
19064	38128000.0	14.0
19065	38130000.0	13.0
19066	38132000.0	8.0
19067	38134000.0	6.0
19068	38136000.0	11.0
19069	38138000.0	5.0
19070	38140000.0	8.0
19071	38142000.0	9.0
19072	38144000.0	11.0
19073	38146000.0	7.0
19074	38148000.0	7.0
19075	38150000.0	2.0
19076	38152000.0	6.0
19077	38154000.0	10.0
19078	38156000.0	11.0
19079	38158000.0	8.0
19080	38160000.0	7.0
19081	38162000.0	7.0
19082	38164000.0	9.0
19083	38166000.0	8.0
19084	38168000.0	10.0
19085	38170000.0	12.0
19086	38172000.0	10.0
19087	38174000.0	12.0
19088	38176000.0	5.0
19089	38178000.0	8.0
19090	38180000.0	8.0
19091	38182000.0	4.0
19092	38184000.0	2.0
19093	38186000.0	3.0
19094	38188000.0	11.0
19095	38190000.0	4.0
19096	38192000.0	6.0
19097	38194000.0	5.0
19098	38196000.0	8.0
19099	38198000.0	10.0
19100	38200000.0	9.0
19101	38202000.0	6.0
19102	38204000.0	5.0
19103	38206000.0	6.0
19104	38208000.0	12.0
19105	38210000.0	2.0
19106	38212000.0	10.0
19107	38214000.0	7.0
19108	38216000.0	7.0
19109	38218000.0	5.0
19110	38220000.0	7.0
19111	38222000.0	12.0
19112	38224000.0	12.0
19113	38226000.0	9.0
19114	38228000.0	4.0
19115	38230000.0	7.0
19116	38232000.0	6.0
19117	38234000.0	5.0
19118	38236000.0	8.0
19119	38238000.0	12.0
19120	38240000.0	6.0
19121	38242000.0	12.0
19122	38244000.0	6.0
19123	38246000.0	4.0
19124	38248000.0	5.0
19125	38250000.0	7.0
19126	38252000.0	6.0
19127	38254000.0	6.0
19128	38256000.0	6.0
19129	38258000.0	8.0
19130	38260000.0	10.0
19131	38262000.0	9.0
19132	38264000.0	5.0
19133	38266000.0	4.0
19134	38268000.0	6.0
19135	38270000.0	6.0
19136	38272000.0	6.0
19137	38274000.0	11.0
19138	38276000.0	12.0
19139	38278000.0	7.0
19140	38280000.0	8.0
19141	38282000.0	9.0
19142	38284000.0	6.0
19143	38286000.0	11.0
19144	38288000.0	7.0
19145	38290000.0	8.0
19146	38292000.0	4.0
19147	38294000.0	5.0
19148	38296000.0	12.0
19149	38298000.0	13.0
19150	38300000.0	8.0
19151	38302000.0	6.0
19152	38304000.0	12.0
19153	38306000.0	5.0
19154	38308000.0	9.0
19155	38310000.0	6.0
19156	38312000.0	6.0
19157	38314000.0	7.0
19158	38316000.0	7.0
19159	38318000.0	5.0
19160	38320000.0	7.0
19161	38322000.0	10.0
19162	38324000.0	6.0
19163	38326000.0	8.0
19164	38328000.0	6.0
19165	38330000.0	9.0
19166	38332000.0	7.0
19167	38334000.0	8.0
19168	38336000.0	9.0
19169	38338000.0	7.0
19170	38340000.0	7.0
19171	38342000.0	3.0
19172	38344000.0	6.0
19173	38346000.0	4.0
19174	38348000.0	9.0
19175	38350000.0	11.0
19176	38352000.0	4.0
19177	38354000.0	8.0
19178	38356000.0	8.0
19179	38358000.0	4.0
19180	38360000.0	7.0
19181	38362000.0	5.0
19182	38364000.0	12.0
19183	38366000.0	6.0
19184	38368000.0	13.0
19185	38370000.0	5.0
19186	38372000.0	6.0
19187	38374000.0	7.0
19188	38376000.0	9.0
19189	38378000.0	8.0
19190	38380000.0	3.0
19191	38382000.0	8.0
19192	38384000.0	5.0
19193	38386000.0	7.0
19194	38388000.0	6.0
19195	38390000.0	9.0
19196	38392000.0	7.0
19197	38394000.0	6.0
19198	38396000.0	5.0
19199	38398000.0	5.0
19200	38400000.0	9.0
19201	38402000.0	4.0
19202	38404000.0	6.0
19203	38406000.0	7.0
19204	38408000.0	6.0
19205	38410000.0	5.0
19206	38412000.0	7.0
19207	38414000.0	12.0
19208	38416000.0	8.0
19209	38418000.0	11.0
19210	38420000.0	9.0
19211	38422000.0	7.0
19212	38424000.0	7.0
19213	38426000.0	9.0
19214	38428000.0	8.0
19215	38430000.0	4.0
19216	38432000.0	5.0
19217	38434000.0	4.0
19218	38436000.0	6.0
19219	38438000.0	8.0
19220	38440000.0	9.0
19221	38442000.0	5.0
19222	38444000.0	13.0
19223	38446000.0	5.0
19224	38448000.0	9.0
19225	38450000.0	9.0
19226	38452000.0	4.0
19227	38454000.0	9.0
19228	38456000.0	6.0
19229	38458000.0	5.0
19230	38460000.0	12.0
19231	38462000.0	9.0
19232	38464000.0	6.0
19233	38466000.0	7.0
19234	38468000.0	3.0
19235	38470000.0	2.0
19236	38472000.0	11.0
19237	38474000.0	8.0
19238	38476000.0	7.0
19239	38478000.0	7.0
19240	38480000.0	3.0
19241	38482000.0	4.0
19242	38484000.0	10.0
19243	38486000.0	7.0
19244	38488000.0	10.0
19245	38490000.0	7.0
19246	38492000.0	6.0
19247	38494000.0	7.0
19248	38496000.0	13.0
19249	38498000.0	5.0
19250	38500000.0	10.0
19251	38502000.0	4.0
19252	38504000.0	2.0
19253	38506000.0	9.0
19254	38508000.0	12.0
19255	38510000.0	8.0
19256	38512000.0	8.0
19257	38514000.0	7.0
19258	38516000.0	7.0
19259	38518000.0	8.0
19260	38520000.0	3.0
19261	38522000.0	6.0
19262	38524000.0	3.0
19263	38526000.0	3.0
19264	38528000.0	7.0
19265	38530000.0	6.0
19266	38532000.0	10.0
19267	38534000.0	10.0
19268	38536000.0	4.0
19269	38538000.0	7.0
19270	38540000.0	6.0
19271	38542000.0	6.0
19272	38544000.0	6.0
19273	38546000.0	6.0
19274	38548000.0	3.0
19275	38550000.0	4.0
19276	38552000.0	2.0
19277	38554000.0	5.0
19278	38556000.0	5.0
19279	38558000.0	4.0
19280	38560000.0	8.0
19281	38562000.0	8.0
19282	38564000.0	5.0
19283	38566000.0	3.0
19284	38568000.0	4.0
19285	38570000.0	5.0
19286	38572000.0	4.0
19287	38574000.0	2.0
19288	38576000.0	6.0
19289	38578000.0	8.0
19290	38580000.0	7.0
19291	38582000.0	7.0
19292	38584000.0	10.0
19293	38586000.0	9.0
19294	38588000.0	5.0
19295	38590000.0	6.0
19296	38592000.0	9.0
19297	38594000.0	9.0
19298	38596000.0	6.0
19299	38598000.0	8.0
19300	38600000.0	8.0
19301	38602000.0	5.0
19302	38604000.0	12.0
19303	38606000.0	10.0
19304	38608000.0	9.0
19305	38610000.0	9.0
19306	38612000.0	6.0
19307	38614000.0	7.0
19308	38616000.0	12.0
19309	38618000.0	7.0
19310	38620000.0	5.0
19311	38622000.0	8.0
19312	38624000.0	10.0
19313	38626000.0	7.0
19314	38628000.0	9.0
19315	38630000.0	7.0
19316	38632000.0	4.0
19317	38634000.0	3.0
19318	38636000.0	4.0
19319	38638000.0	7.0
19320	38640000.0	10.0
19321	38642000.0	3.0
19322	38644000.0	10.0
19323	38646000.0	7.0
19324	38648000.0	6.0
19325	38650000.0	5.0
19326	38652000.0	9.0
19327	38654000.0	9.0
19328	38656000.0	10.0
19329	38658000.0	6.0
19330	38660000.0	10.0
19331	38662000.0	6.0
19332	38664000.0	4.0
19333	38666000.0	13.0
19334	38668000.0	12.0
19335	38670000.0	6.0
19336	38672000.0	5.0
19337	38674000.0	4.0
19338	38676000.0	13.0
19339	38678000.0	9.0
19340	38680000.0	9.0
19341	38682000.0	7.0
19342	38684000.0	5.0
19343	38686000.0	6.0
19344	38688000.0	5.0
19345	38690000.0	6.0
19346	38692000.0	9.0
19347	38694000.0	8.0
19348	38696000.0	3.0
19349	38698000.0	4.0
19350	38700000.0	3.0
19351	38702000.0	5.0
19352	38704000.0	7.0
19353	38706000.0	10.0
19354	38708000.0	5.0
19355	38710000.0	9.0
19356	38712000.0	4.0
19357	38714000.0	3.0
19358	38716000.0	6.0
19359	38718000.0	5.0
19360	38720000.0	7.0
19361	38722000.0	2.0
19362	38724000.0	8.0
19363	38726000.0	6.0
19364	38728000.0	8.0
19365	38730000.0	4.0
19366	38732000.0	7.0
19367	38734000.0	10.0
19368	38736000.0	10.0
19369	38738000.0	5.0
19370	38740000.0	5.0
19371	38742000.0	8.0
19372	38744000.0	12.0
19373	38746000.0	9.0
19374	38748000.0	10.0
19375	38750000.0	2.0
19376	38752000.0	5.0
19377	38754000.0	3.0
19378	38756000.0	9.0
19379	38758000.0	9.0
19380	38760000.0	9.0
19381	38762000.0	10.0
19382	38764000.0	5.0
19383	38766000.0	6.0
19384	38768000.0	9.0
19385	38770000.0	10.0
19386	38772000.0	6.0
19387	38774000.0	6.0
19388	38776000.0	7.0
19389	38778000.0	6.0
19390	38780000.0	12.0
19391	38782000.0	8.0
19392	38784000.0	3.0
19393	38786000.0	11.0
19394	38788000.0	7.0
19395	38790000.0	9.0
19396	38792000.0	6.0
19397	38794000.0	8.0
19398	38796000.0	4.0
19399	38798000.0	6.0
19400	38800000.0	9.0
19401	38802000.0	5.0
19402	38804000.0	7.0
19403	38806000.0	7.0
19404	38808000.0	8.0
19405	38810000.0	4.0
19406	38812000.0	9.0
19407	38814000.0	6.0
19408	38816000.0	4.0
19409	38818000.0	7.0
19410	38820000.0	4.0
19411	38822000.0	9.0
19412	38824000.0	7.0
19413	38826000.0	9.0
19414	38828000.0	7.0
19415	38830000.0	8.0
19416	38832000.0	3.0
19417	38834000.0	3.0
19418	38836000.0	9.0
19419	38838000.0	7.0
19420	38840000.0	4.0
19421	38842000.0	7.0
19422	38844000.0	9.0
19423	38846000.0	7.0
19424	38848000.0	8.0
19425	38850000.0	4.0
19426	38852000.0	4.0
19427	38854000.0	6.0
19428	38856000.0	8.0
19429	38858000.0	3.0
19430	38860000.0	5.0
19431	38862000.0	4.0
19432	38864000.0	6.0
19433	38866000.0	11.0
19434	38868000.0	8.0
19435	38870000.0	5.0
19436	38872000.0	4.0
19437	38874000.0	8.0
19438	38876000.0	8.0
19439	38878000.0	7.0
19440	38880000.0	3.0
19441	38882000.0	5.0
19442	38884000.0	5.0
19443	38886000.0	6.0
19444	38888000.0	3.0
19445	38890000.0	8.0
19446	38892000.0	13.0
19447	38894000.0	8.0
19448	38896000.0	8.0
19449	38898000.0	5.0
19450	38900000.0	8.0
19451	38902000.0	6.0
19452	38904000.0	9.0
19453	38906000.0	7.0
19454	38908000.0	4.0
19455	38910000.0	6.0
19456	38912000.0	14.0
19457	38914000.0	7.0
19458	38916000.0	5.0
19459	38918000.0	5.0
19460	38920000.0	10.0
19461	38922000.0	7.0
19462	38924000.0	7.0
19463	38926000.0	5.0
19464	38928000.0	13.0
19465	38930000.0	2.0
19466	38932000.0	6.0
19467	38934000.0	9.0
19468	38936000.0	5.0
19469	38938000.0	6.0
19470	38940000.0	6.0
19471	38942000.0	7.0
19472	38944000.0	9.0
19473	38946000.0	5.0
19474	38948000.0	5.0
19475	38950000.0	6.0
19476	38952000.0	6.0
19477	38954000.0	7.0
19478	38956000.0	11.0
19479	38958000.0	9.0
19480	38960000.0	8.0
19481	38962000.0	2.0
19482	38964000.0	2.0
19483	38966000.0	2.0
19484	38968000.0	14.0
19485	38970000.0	6.0
19486	38972000.0	7.0
19487	38974000.0	2.0
19488	38976000.0	7.0
19489	38978000.0	9.0
19490	38980000.0	9.0
19491	38982000.0	6.0
19492	38984000.0	12.0
19493	38986000.0	7.0
19494	38988000.0	8.0
19495	38990000.0	8.0
19496	38992000.0	5.0
19497	38994000.0	5.0
19498	38996000.0	6.0
19499	38998000.0	5.0
19500	39000000.0	11.0
19501	39002000.0	7.0
19502	39004000.0	7.0
19503	39006000.0	7.0
19504	39008000.0	6.0
19505	39010000.0	7.0
19506	39012000.0	6.0
19507	39014000.0	7.0
19508	39016000.0	8.0
19509	39018000.0	5.0
19510	39020000.0	11.0
19511	39022000.0	8.0
19512	39024000.0	8.0
19513	39026000.0	8.0
19514	39028000.0	7.0
19515	39030000.0	5.0
19516	39032000.0	6.0
19517	39034000.0	4.0
19518	39036000.0	12.0
19519	39038000.0	5.0
19520	39040000.0	2.0
19521	39042000.0	9.0
19522	39044000.0	7.0
19523	39046000.0	5.0
19524	39048000.0	7.0
19525	39050000.0	15.0
19526	39052000.0	6.0
19527	39054000.0	11.0
19528	39056000.0	5.0
19529	39058000.0	8.0
19530	39060000.0	7.0
19531	39062000.0	9.0
19532	39064000.0	3.0
19533	39066000.0	8.0
19534	39068000.0	9.0
19535	39070000.0	9.0
19536	39072000.0	9.0
19537	39074000.0	6.0
19538	39076000.0	6.0
19539	39078000.0	8.0
19540	39080000.0	9.0
19541	39082000.0	2.0
19542	39084000.0	11.0
19543	39086000.0	7.0
19544	39088000.0	12.0
19545	39090000.0	3.0
19546	39092000.0	11.0
19547	39094000.0	6.0
19548	39096000.0	7.0
19549	39098000.0	5.0
19550	39100000.0	8.0
19551	39102000.0	8.0
19552	39104000.0	9.0
19553	39106000.0	6.0
19554	39108000.0	7.0
19555	39110000.0	9.0
19556	39112000.0	8.0
19557	39114000.0	10.0
19558	39116000.0	6.0
19559	39118000.0	8.0
19560	39120000.0	7.0
19561	39122000.0	7.0
19562	39124000.0	9.0
19563	39126000.0	8.0
19564	39128000.0	5.0
19565	39130000.0	12.0
19566	39132000.0	8.0
19567	39134000.0	6.0
19568	39136000.0	5.0
19569	39138000.0	6.0
19570	39140000.0	6.0
19571	39142000.0	8.0
19572	39144000.0	3.0
19573	39146000.0	8.0
19574	39148000.0	6.0
19575	39150000.0	9.0
19576	39152000.0	6.0
19577	39154000.0	11.0
19578	39156000.0	6.0
19579	39158000.0	6.0
19580	39160000.0	9.0
19581	39162000.0	5.0
19582	39164000.0	3.0
19583	39166000.0	9.0
19584	39168000.0	11.0
19585	39170000.0	12.0
19586	39172000.0	3.0
19587	39174000.0	5.0
19588	39176000.0	1.0
19589	39178000.0	6.0
19590	39180000.0	5.0
19591	39182000.0	7.0
19592	39184000.0	7.0
19593	39186000.0	2.0
19594	39188000.0	11.0
19595	39190000.0	6.0
19596	39192000.0	11.0
19597	39194000.0	6.0
19598	39196000.0	5.0
19599	39198000.0	4.0
19600	39200000.0	7.0
19601	39202000.0	7.0
19602	39204000.0	4.0
19603	39206000.0	5.0
19604	39208000.0	3.0
19605	39210000.0	2.0
19606	39212000.0	5.0
19607	39214000.0	8.0
19608	39216000.0	3.0
19609	39218000.0	7.0
19610	39220000.0	6.0
19611	39222000.0	9.0
19612	39224000.0	7.0
19613	39226000.0	7.0
19614	39228000.0	12.0
19615	39230000.0	6.0
19616	39232000.0	11.0
19617	39234000.0	6.0
19618	39236000.0	3.0
19619	39238000.0	12.0
19620	39240000.0	6.0
19621	39242000.0	5.0
19622	39244000.0	2.0
19623	39246000.0	10.0
19624	39248000.0	6.0
19625	39250000.0	6.0
19626	39252000.0	7.0
19627	39254000.0	2.0
19628	39256000.0	9.0
19629	39258000.0	7.0
19630	39260000.0	3.0
19631	39262000.0	6.0
19632	39264000.0	6.0
19633	39266000.0	3.0
19634	39268000.0	4.0
19635	39270000.0	6.0
19636	39272000.0	3.0
19637	39274000.0	2.0
19638	39276000.0	10.0
19639	39278000.0	8.0
19640	39280000.0	9.0
19641	39282000.0	4.0
19642	39284000.0	2.0
19643	39286000.0	6.0
19644	39288000.0	4.0
19645	39290000.0	5.0
19646	39292000.0	2.0
19647	39294000.0	2.0
19648	39296000.0	8.0
19649	39298000.0	4.0
19650	39300000.0	8.0
19651	39302000.0	4.0
19652	39304000.0	4.0
19653	39306000.0	6.0
19654	39308000.0	6.0
19655	39310000.0	5.0
19656	39312000.0	8.0
19657	39314000.0	6.0
19658	39316000.0	5.0
19659	39318000.0	9.0
19660	39320000.0	8.0
19661	39322000.0	4.0
19662	39324000.0	4.0
19663	39326000.0	3.0
19664	39328000.0	8.0
19665	39330000.0	3.0
19666	39332000.0	13.0
19667	39334000.0	8.0
19668	39336000.0	7.0
19669	39338000.0	5.0
19670	39340000.0	7.0
19671	39342000.0	6.0
19672	39344000.0	9.0
19673	39346000.0	9.0
19674	39348000.0	4.0
19675	39350000.0	8.0
19676	39352000.0	6.0
19677	39354000.0	7.0
19678	39356000.0	7.0
19679	39358000.0	8.0
19680	39360000.0	7.0
19681	39362000.0	6.0
19682	39364000.0	7.0
19683	39366000.0	9.0
19684	39368000.0	3.0
19685	39370000.0	12.0
19686	39372000.0	7.0
19687	39374000.0	8.0
19688	39376000.0	4.0
19689	39378000.0	4.0
19690	39380000.0	6.0
19691	39382000.0	8.0
19692	39384000.0	6.0
19693	39386000.0	7.0
19694	39388000.0	4.0
19695	39390000.0	9.0
19696	39392000.0	9.0
19697	39394000.0	7.0
19698	39396000.0	9.0
19699	39398000.0	5.0
19700	39400000.0	6.0
19701	39402000.0	8.0
19702	39404000.0	8.0
19703	39406000.0	1.0
19704	39408000.0	6.0
19705	39410000.0	6.0
19706	39412000.0	6.0
19707	39414000.0	11.0
19708	39416000.0	10.0
19709	39418000.0	4.0
19710	39420000.0	7.0
19711	39422000.0	4.0
19712	39424000.0	5.0
19713	39426000.0	10.0
19714	39428000.0	7.0
19715	39430000.0	4.0
19716	39432000.0	4.0
19717	39434000.0	4.0
19718	39436000.0	5.0
19719	39438000.0	8.0
19720	39440000.0	6.0
19721	39442000.0	9.0
19722	39444000.0	8.0
19723	39446000.0	4.0
19724	39448000.0	3.0
19725	39450000.0	9.0
19726	39452000.0	6.0
19727	39454000.0	12.0
19728	39456000.0	3.0
19729	39458000.0	7.0
19730	39460000.0	8.0
19731	39462000.0	9.0
19732	39464000.0	8.0
19733	39466000.0	10.0
19734	39468000.0	5.0
19735	39470000.0	5.0
19736	39472000.0	8.0
19737	39474000.0	6.0
19738	39476000.0	4.0
19739	39478000.0	6.0
19740	39480000.0	6.0
19741	39482000.0	11.0
19742	39484000.0	3.0
19743	39486000.0	7.0
19744	39488000.0	4.0
19745	39490000.0	7.0
19746	39492000.0	10.0
19747	39494000.0	3.0
19748	39496000.0	6.0
19749	39498000.0	9.0
19750	39500000.0	9.0
19751	39502000.0	4.0
19752	39504000.0	4.0
19753	39506000.0	5.0
19754	39508000.0	8.0
19755	39510000.0	8.0
19756	39512000.0	8.0
19757	39514000.0	9.0
19758	39516000.0	4.0
19759	39518000.0	7.0
19760	39520000.0	6.0
19761	39522000.0	3.0
19762	39524000.0	10.0
19763	39526000.0	7.0
19764	39528000.0	9.0
19765	39530000.0	5.0
19766	39532000.0	11.0
19767	39534000.0	3.0
19768	39536000.0	10.0
19769	39538000.0	0.0
19770	39540000.0	8.0
19771	39542000.0	2.0
19772	39544000.0	5.0
19773	39546000.0	7.0
19774	39548000.0	4.0
19775	39550000.0	5.0
19776	39552000.0	7.0
19777	39554000.0	7.0
19778	39556000.0	4.0
19779	39558000.0	9.0
19780	39560000.0	9.0
19781	39562000.0	4.0
19782	39564000.0	10.0
19783	39566000.0	6.0
19784	39568000.0	9.0
19785	39570000.0	8.0
19786	39572000.0	2.0
19787	39574000.0	6.0
19788	39576000.0	7.0
19789	39578000.0	3.0
19790	39580000.0	6.0
19791	39582000.0	3.0
19792	39584000.0	10.0
19793	39586000.0	6.0
19794	39588000.0	8.0
19795	39590000.0	5.0
19796	39592000.0	4.0
19797	39594000.0	7.0
19798	39596000.0	8.0
19799	39598000.0	5.0
19800	39600000.0	14.0
19801	39602000.0	6.0
19802	39604000.0	7.0
19803	39606000.0	12.0
19804	39608000.0	7.0
19805	39610000.0	6.0
19806	39612000.0	5.0
19807	39614000.0	8.0
19808	39616000.0	8.0
19809	39618000.0	4.0
19810	39620000.0	9.0
19811	39622000.0	4.0
19812	39624000.0	1.0
19813	39626000.0	8.0
19814	39628000.0	5.0
19815	39630000.0	10.0
19816	39632000.0	3.0
19817	39634000.0	6.0
19818	39636000.0	6.0
19819	39638000.0	11.0
19820	39640000.0	8.0
19821	39642000.0	7.0
19822	39644000.0	8.0
19823	39646000.0	8.0
19824	39648000.0	4.0
19825	39650000.0	6.0
19826	39652000.0	7.0
19827	39654000.0	7.0
19828	39656000.0	8.0
19829	39658000.0	5.0
19830	39660000.0	6.0
19831	39662000.0	4.0
19832	39664000.0	7.0
19833	39666000.0	4.0
19834	39668000.0	2.0
19835	39670000.0	4.0
19836	39672000.0	0.0
19837	39674000.0	4.0
19838	39676000.0	6.0
19839	39678000.0	10.0
19840	39680000.0	6.0
19841	39682000.0	7.0
19842	39684000.0	3.0
19843	39686000.0	6.0
19844	39688000.0	8.0
19845	39690000.0	9.0
19846	39692000.0	6.0
19847	39694000.0	4.0
19848	39696000.0	5.0
19849	39698000.0	5.0
19850	39700000.0	7.0
19851	39702000.0	7.0
19852	39704000.0	8.0
19853	39706000.0	4.0
19854	39708000.0	4.0
19855	39710000.0	4.0
19856	39712000.0	9.0
19857	39714000.0	6.0
19858	39716000.0	5.0
19859	39718000.0	5.0
19860	39720000.0	5.0
19861	39722000.0	6.0
19862	39724000.0	6.0
19863	39726000.0	9.0
19864	39728000.0	3.0
19865	39730000.0	10.0
19866	39732000.0	4.0
19867	39734000.0	5.0
19868	39736000.0	5.0
19869	39738000.0	9.0
19870	39740000.0	4.0
19871	39742000.0	8.0
19872	39744000.0	8.0
19873	39746000.0	8.0
19874	39748000.0	8.0
19875	39750000.0	14.0
19876	39752000.0	5.0
19877	39754000.0	6.0
19878	39756000.0	7.0
19879	39758000.0	3.0
19880	39760000.0	6.0
19881	39762000.0	6.0
19882	39764000.0	4.0
19883	39766000.0	4.0
19884	39768000.0	2.0
19885	39770000.0	7.0
19886	39772000.0	7.0
19887	39774000.0	9.0
19888	39776000.0	5.0
19889	39778000.0	8.0
19890	39780000.0	9.0
19891	39782000.0	8.0
19892	39784000.0	5.0
19893	39786000.0	8.0
19894	39788000.0	3.0
19895	39790000.0	3.0
19896	39792000.0	10.0
19897	39794000.0	3.0
19898	39796000.0	5.0
19899	39798000.0	15.0
19900	39800000.0	8.0
19901	39802000.0	6.0
19902	39804000.0	7.0
19903	39806000.0	7.0
19904	39808000.0	1.0
19905	39810000.0	12.0
19906	39812000.0	7.0
19907	39814000.0	7.0
19908	39816000.0	3.0
19909	39818000.0	6.0
19910	39820000.0	6.0
19911	39822000.0	4.0
19912	39824000.0	3.0
19913	39826000.0	6.0
19914	39828000.0	4.0
19915	39830000.0	10.0
19916	39832000.0	4.0
19917	39834000.0	10.0
19918	39836000.0	4.0
19919	39838000.0	8.0
19920	39840000.0	11.0
19921	39842000.0	8.0
19922	39844000.0	4.0
19923	39846000.0	12.0
19924	39848000.0	9.0
19925	39850000.0	8.0
19926	39852000.0	10.0
19927	39854000.0	5.0
19928	39856000.0	4.0
19929	39858000.0	9.0
19930	39860000.0	3.0
19931	39862000.0	3.0
19932	39864000.0	8.0
19933	39866000.0	5.0
19934	39868000.0	5.0
19935	39870000.0	9.0
19936	39872000.0	5.0
19937	39874000.0	9.0
19938	39876000.0	10.0
19939	39878000.0	4.0
19940	39880000.0	4.0
19941	39882000.0	9.0
19942	39884000.0	4.0
19943	39886000.0	7.0
19944	39888000.0	5.0
19945	39890000.0	6.0
19946	39892000.0	5.0
19947	39894000.0	4.0
19948	39896000.0	11.0
19949	39898000.0	6.0
19950	39900000.0	7.0
19951	39902000.0	7.0
19952	39904000.0	5.0
19953	39906000.0	3.0
19954	39908000.0	9.0
19955	39910000.0	4.0
19956	39912000.0	7.0
19957	39914000.0	10.0
19958	39916000.0	10.0
19959	39918000.0	7.0
19960	39920000.0	7.0
19961	39922000.0	6.0
19962	39924000.0	3.0
19963	39926000.0	4.0
19964	39928000.0	6.0
19965	39930000.0	5.0
19966	39932000.0	8.0
19967	39934000.0	4.0
19968	39936000.0	7.0
19969	39938000.0	1.0
19970	39940000.0	6.0
19971	39942000.0	5.0
19972	39944000.0	8.0
19973	39946000.0	9.0
19974	39948000.0	8.0
19975	39950000.0	8.0
19976	39952000.0	6.0
19977	39954000.0	7.0
19978	39956000.0	8.0
19979	39958000.0	8.0
19980	39960000.0	8.0
19981	39962000.0	9.0
19982	39964000.0	7.0
19983	39966000.0	7.0
19984	39968000.0	8.0
19985	39970000.0	8.0
19986	39972000.0	5.0
19987	39974000.0	10.0
19988	39976000.0	2.0
19989	39978000.0	9.0
19990	39980000.0	7.0
19991	39982000.0	9.0
19992	39984000.0	4.0
19993	39986000.0	7.0
19994	39988000.0	10.0
19995	39990000.0	8.0
19996	39992000.0	8.0
19997	39994000.0	6.0
19998	39996000.0	5.0
19999	39998000.0	11.0
20000	40000000.0	3.0
20001	40002000.0	10.0
20002	40004000.0	6.0
20003	40006000.0	9.0
20004	40008000.0	6.0
20005	40010000.0	5.0
20006	40012000.0	5.0
20007	40014000.0	4.0
20008	40016000.0	8.0
20009	40018000.0	6.0
20010	40020000.0	8.0
20011	40022000.0	9.0
20012	40024000.0	8.0
20013	40026000.0	7.0
20014	40028000.0	4.0
20015	40030000.0	5.0
20016	40032000.0	6.0
20017	40034000.0	13.0
20018	40036000.0	10.0
20019	40038000.0	6.0
20020	40040000.0	7.0
20021	40042000.0	2.0
20022	40044000.0	5.0
20023	40046000.0	8.0
20024	40048000.0	7.0
20025	40050000.0	4.0
20026	40052000.0	10.0
20027	40054000.0	6.0
20028	40056000.0	3.0
20029	40058000.0	3.0
20030	40060000.0	9.0
20031	40062000.0	6.0
20032	40064000.0	5.0
20033	40066000.0	3.0
20034	40068000.0	6.0
20035	40070000.0	3.0
20036	40072000.0	8.0
20037	40074000.0	6.0
20038	40076000.0	5.0
20039	40078000.0	8.0
20040	40080000.0	7.0
20041	40082000.0	6.0
20042	40084000.0	9.0
20043	40086000.0	3.0
20044	40088000.0	8.0
20045	40090000.0	4.0
20046	40092000.0	7.0
20047	40094000.0	8.0
20048	40096000.0	7.0
20049	40098000.0	10.0
20050	40100000.0	7.0
20051	40102000.0	6.0
20052	40104000.0	6.0
20053	40106000.0	7.0
20054	40108000.0	7.0
20055	40110000.0	12.0
20056	40112000.0	8.0
20057	40114000.0	5.0
20058	40116000.0	8.0
20059	40118000.0	10.0
20060	40120000.0	10.0
20061	40122000.0	5.0
20062	40124000.0	10.0
20063	40126000.0	6.0
20064	40128000.0	6.0
20065	40130000.0	9.0
20066	40132000.0	10.0
20067	40134000.0	4.0
20068	40136000.0	6.0
20069	40138000.0	5.0
20070	40140000.0	2.0
20071	40142000.0	8.0
20072	40144000.0	6.0
20073	40146000.0	8.0
20074	40148000.0	16.0
20075	40150000.0	7.0
20076	40152000.0	7.0
20077	40154000.0	5.0
20078	40156000.0	12.0
20079	40158000.0	4.0
20080	40160000.0	1.0
20081	40162000.0	7.0
20082	40164000.0	5.0
20083	40166000.0	10.0
20084	40168000.0	6.0
20085	40170000.0	4.0
20086	40172000.0	6.0
20087	40174000.0	7.0
20088	40176000.0	4.0
20089	40178000.0	6.0
20090	40180000.0	8.0
20091	40182000.0	7.0
20092	40184000.0	3.0
20093	40186000.0	7.0
20094	40188000.0	6.0
20095	40190000.0	4.0
20096	40192000.0	3.0
20097	40194000.0	8.0
20098	40196000.0	7.0
20099	40198000.0	5.0
20100	40200000.0	5.0
20101	40202000.0	2.0
20102	40204000.0	7.0
20103	40206000.0	4.0
20104	40208000.0	11.0
20105	40210000.0	10.0
20106	40212000.0	5.0
20107	40214000.0	14.0
20108	40216000.0	5.0
20109	40218000.0	4.0
20110	40220000.0	3.0
20111	40222000.0	5.0
20112	40224000.0	6.0
20113	40226000.0	5.0
20114	40228000.0	8.0
20115	40230000.0	5.0
20116	40232000.0	5.0
20117	40234000.0	10.0
20118	40236000.0	5.0
20119	40238000.0	8.0
20120	40240000.0	8.0
20121	40242000.0	8.0
20122	40244000.0	7.0
20123	40246000.0	5.0
20124	40248000.0	7.0
20125	40250000.0	9.0
20126	40252000.0	11.0
20127	40254000.0	4.0
20128	40256000.0	9.0
20129	40258000.0	4.0
20130	40260000.0	4.0
20131	40262000.0	6.0
20132	40264000.0	4.0
20133	40266000.0	4.0
20134	40268000.0	12.0
20135	40270000.0	10.0
20136	40272000.0	8.0
20137	40274000.0	10.0
20138	40276000.0	5.0
20139	40278000.0	8.0
20140	40280000.0	3.0
20141	40282000.0	9.0
20142	40284000.0	7.0
20143	40286000.0	5.0
20144	40288000.0	5.0
20145	40290000.0	6.0
20146	40292000.0	4.0
20147	40294000.0	10.0
20148	40296000.0	7.0
20149	40298000.0	6.0
20150	40300000.0	3.0
20151	40302000.0	6.0
20152	40304000.0	6.0
20153	40306000.0	5.0
20154	40308000.0	7.0
20155	40310000.0	3.0
20156	40312000.0	12.0
20157	40314000.0	7.0
20158	40316000.0	8.0
20159	40318000.0	5.0
20160	40320000.0	4.0
20161	40322000.0	8.0
20162	40324000.0	9.0
20163	40326000.0	6.0
20164	40328000.0	11.0
20165	40330000.0	8.0
20166	40332000.0	12.0
20167	40334000.0	6.0
20168	40336000.0	6.0
20169	40338000.0	13.0
20170	40340000.0	10.0
20171	40342000.0	7.0
20172	40344000.0	6.0
20173	40346000.0	7.0
20174	40348000.0	7.0
20175	40350000.0	5.0
20176	40352000.0	4.0
20177	40354000.0	6.0
20178	40356000.0	8.0
20179	40358000.0	7.0
20180	40360000.0	5.0
20181	40362000.0	8.0
20182	40364000.0	5.0
20183	40366000.0	7.0
20184	40368000.0	4.0
20185	40370000.0	3.0
20186	40372000.0	10.0
20187	40374000.0	13.0
20188	40376000.0	6.0
20189	40378000.0	7.0
20190	40380000.0	8.0
20191	40382000.0	3.0
20192	40384000.0	3.0
20193	40386000.0	8.0
20194	40388000.0	14.0
20195	40390000.0	12.0
20196	40392000.0	3.0
20197	40394000.0	12.0
20198	40396000.0	9.0
20199	40398000.0	11.0
20200	40400000.0	9.0
20201	40402000.0	8.0
20202	40404000.0	8.0
20203	40406000.0	5.0
20204	40408000.0	6.0
20205	40410000.0	6.0
20206	40412000.0	5.0
20207	40414000.0	5.0
20208	40416000.0	7.0
20209	40418000.0	5.0
20210	40420000.0	5.0
20211	40422000.0	4.0
20212	40424000.0	7.0
20213	40426000.0	9.0
20214	40428000.0	11.0
20215	40430000.0	5.0
20216	40432000.0	13.0
20217	40434000.0	8.0
20218	40436000.0	7.0
20219	40438000.0	6.0
20220	40440000.0	8.0
20221	40442000.0	6.0
20222	40444000.0	9.0
20223	40446000.0	7.0
20224	40448000.0	10.0
20225	40450000.0	6.0
20226	40452000.0	10.0
20227	40454000.0	4.0
20228	40456000.0	9.0
20229	40458000.0	5.0
20230	40460000.0	5.0
20231	40462000.0	6.0
20232	40464000.0	6.0
20233	40466000.0	4.0
20234	40468000.0	6.0
20235	40470000.0	10.0
20236	40472000.0	5.0
20237	40474000.0	4.0
20238	40476000.0	3.0
20239	40478000.0	6.0
20240	40480000.0	8.0
20241	40482000.0	4.0
20242	40484000.0	10.0
20243	40486000.0	7.0
20244	40488000.0	6.0
20245	40490000.0	4.0
20246	40492000.0	5.0
20247	40494000.0	10.0
20248	40496000.0	13.0
20249	40498000.0	5.0
20250	40500000.0	10.0
20251	40502000.0	8.0
20252	40504000.0	6.0
20253	40506000.0	4.0
20254	40508000.0	5.0
20255	40510000.0	8.0
20256	40512000.0	7.0
20257	40514000.0	9.0
20258	40516000.0	7.0
20259	40518000.0	5.0
20260	40520000.0	7.0
20261	40522000.0	9.0
20262	40524000.0	14.0
20263	40526000.0	9.0
20264	40528000.0	9.0
20265	40530000.0	3.0
20266	40532000.0	8.0
20267	40534000.0	5.0
20268	40536000.0	6.0
20269	40538000.0	7.0
20270	40540000.0	4.0
20271	40542000.0	7.0
20272	40544000.0	9.0
20273	40546000.0	5.0
20274	40548000.0	5.0
20275	40550000.0	10.0
20276	40552000.0	4.0
20277	40554000.0	4.0
20278	40556000.0	2.0
20279	40558000.0	10.0
20280	40560000.0	6.0
20281	40562000.0	4.0
20282	40564000.0	8.0
20283	40566000.0	6.0
20284	40568000.0	6.0
20285	40570000.0	8.0
20286	40572000.0	10.0
20287	40574000.0	11.0
20288	40576000.0	9.0
20289	40578000.0	7.0
20290	40580000.0	5.0
20291	40582000.0	5.0
20292	40584000.0	3.0
20293	40586000.0	13.0
20294	40588000.0	5.0
20295	40590000.0	12.0
20296	40592000.0	11.0
20297	40594000.0	7.0
20298	40596000.0	4.0
20299	40598000.0	10.0
20300	40600000.0	3.0
20301	40602000.0	8.0
20302	40604000.0	7.0
20303	40606000.0	5.0
20304	40608000.0	5.0
20305	40610000.0	6.0
20306	40612000.0	5.0
20307	40614000.0	5.0
20308	40616000.0	6.0
20309	40618000.0	6.0
20310	40620000.0	7.0
20311	40622000.0	7.0
20312	40624000.0	6.0
20313	40626000.0	7.0
20314	40628000.0	5.0
20315	40630000.0	12.0
20316	40632000.0	7.0
20317	40634000.0	4.0
20318	40636000.0	5.0
20319	40638000.0	5.0
20320	40640000.0	5.0
20321	40642000.0	7.0
20322	40644000.0	6.0
20323	40646000.0	3.0
20324	40648000.0	4.0
20325	40650000.0	4.0
20326	40652000.0	9.0
20327	40654000.0	8.0
20328	40656000.0	11.0
20329	40658000.0	6.0
20330	40660000.0	4.0
20331	40662000.0	6.0
20332	40664000.0	11.0
20333	40666000.0	5.0
20334	40668000.0	10.0
20335	40670000.0	6.0
20336	40672000.0	4.0
20337	40674000.0	8.0
20338	40676000.0	11.0
20339	40678000.0	6.0
20340	40680000.0	5.0
20341	40682000.0	11.0
20342	40684000.0	9.0
20343	40686000.0	8.0
20344	40688000.0	8.0
20345	40690000.0	10.0
20346	40692000.0	5.0
20347	40694000.0	2.0
20348	40696000.0	8.0
20349	40698000.0	7.0
20350	40700000.0	2.0
20351	40702000.0	5.0
20352	40704000.0	8.0
20353	40706000.0	11.0
20354	40708000.0	0.0
20355	40710000.0	17.0
20356	40712000.0	10.0
20357	40714000.0	8.0
20358	40716000.0	5.0
20359	40718000.0	2.0
20360	40720000.0	3.0
20361	40722000.0	15.0
20362	40724000.0	6.0
20363	40726000.0	5.0
20364	40728000.0	6.0
20365	40730000.0	6.0
20366	40732000.0	9.0
20367	40734000.0	7.0
20368	40736000.0	10.0
20369	40738000.0	5.0
20370	40740000.0	5.0
20371	40742000.0	9.0
20372	40744000.0	7.0
20373	40746000.0	11.0
20374	40748000.0	6.0
20375	40750000.0	8.0
20376	40752000.0	9.0
20377	40754000.0	5.0
20378	40756000.0	4.0
20379	40758000.0	7.0
20380	40760000.0	6.0
20381	40762000.0	7.0
20382	40764000.0	8.0
20383	40766000.0	5.0
20384	40768000.0	6.0
20385	40770000.0	4.0
20386	40772000.0	6.0
20387	40774000.0	5.0
20388	40776000.0	11.0
20389	40778000.0	9.0
20390	40780000.0	15.0
20391	40782000.0	9.0
20392	40784000.0	6.0
20393	40786000.0	3.0
20394	40788000.0	5.0
20395	40790000.0	4.0
20396	40792000.0	5.0
20397	40794000.0	4.0
20398	40796000.0	7.0
20399	40798000.0	4.0
20400	40800000.0	5.0
20401	40802000.0	4.0
20402	40804000.0	9.0
20403	40806000.0	7.0
20404	40808000.0	3.0
20405	40810000.0	7.0
20406	40812000.0	5.0
20407	40814000.0	8.0
20408	40816000.0	5.0
20409	40818000.0	4.0
20410	40820000.0	13.0
20411	40822000.0	8.0
20412	40824000.0	5.0
20413	40826000.0	2.0
20414	40828000.0	12.0
20415	40830000.0	5.0
20416	40832000.0	7.0
20417	40834000.0	5.0
20418	40836000.0	13.0
20419	40838000.0	7.0
20420	40840000.0	6.0
20421	40842000.0	10.0
20422	40844000.0	11.0
20423	40846000.0	8.0
20424	40848000.0	8.0
20425	40850000.0	6.0
20426	40852000.0	11.0
20427	40854000.0	7.0
20428	40856000.0	11.0
20429	40858000.0	9.0
20430	40860000.0	5.0
20431	40862000.0	7.0
20432	40864000.0	8.0
20433	40866000.0	15.0
20434	40868000.0	3.0
20435	40870000.0	6.0
20436	40872000.0	4.0
20437	40874000.0	8.0
20438	40876000.0	4.0
20439	40878000.0	5.0
20440	40880000.0	8.0
20441	40882000.0	12.0
20442	40884000.0	6.0
20443	40886000.0	3.0
20444	40888000.0	9.0
20445	40890000.0	9.0
20446	40892000.0	3.0
20447	40894000.0	4.0
20448	40896000.0	8.0
20449	40898000.0	6.0
20450	40900000.0	7.0
20451	40902000.0	5.0
20452	40904000.0	9.0
20453	40906000.0	4.0
20454	40908000.0	5.0
20455	40910000.0	8.0
20456	40912000.0	8.0
20457	40914000.0	5.0
20458	40916000.0	9.0
20459	40918000.0	10.0
20460	40920000.0	7.0
20461	40922000.0	8.0
20462	40924000.0	4.0
20463	40926000.0	3.0
20464	40928000.0	6.0
20465	40930000.0	6.0
20466	40932000.0	5.0
20467	40934000.0	8.0
20468	40936000.0	7.0
20469	40938000.0	5.0
20470	40940000.0	2.0
20471	40942000.0	10.0
20472	40944000.0	5.0
20473	40946000.0	3.0
20474	40948000.0	3.0
20475	40950000.0	3.0
20476	40952000.0	8.0
20477	40954000.0	8.0
20478	40956000.0	5.0
20479	40958000.0	7.0
20480	40960000.0	5.0
20481	40962000.0	3.0
20482	40964000.0	6.0
20483	40966000.0	5.0
20484	40968000.0	8.0
20485	40970000.0	3.0
20486	40972000.0	10.0
20487	40974000.0	11.0
20488	40976000.0	6.0
20489	40978000.0	5.0
20490	40980000.0	9.0
20491	40982000.0	4.0
20492	40984000.0	7.0
20493	40986000.0	5.0
20494	40988000.0	10.0
20495	40990000.0	2.0
20496	40992000.0	4.0
20497	40994000.0	11.0
20498	40996000.0	7.0
20499	40998000.0	10.0
20500	41000000.0	7.0
20501	41002000.0	6.0
20502	41004000.0	4.0
20503	41006000.0	6.0
20504	41008000.0	7.0
20505	41010000.0	5.0
20506	41012000.0	9.0
20507	41014000.0	3.0
20508	41016000.0	6.0
20509	41018000.0	5.0
20510	41020000.0	2.0
20511	41022000.0	11.0
20512	41024000.0	8.0
20513	41026000.0	5.0
20514	41028000.0	3.0
20515	41030000.0	8.0
20516	41032000.0	1.0
20517	41034000.0	9.0
20518	41036000.0	3.0
20519	41038000.0	7.0
20520	41040000.0	10.0
20521	41042000.0	8.0
20522	41044000.0	7.0
20523	41046000.0	11.0
20524	41048000.0	6.0
20525	41050000.0	6.0
20526	41052000.0	5.0
20527	41054000.0	7.0
20528	41056000.0	6.0
20529	41058000.0	5.0
20530	41060000.0	1.0
20531	41062000.0	5.0
20532	41064000.0	11.0
20533	41066000.0	3.0
20534	41068000.0	1.0
20535	41070000.0	5.0
20536	41072000.0	4.0
20537	41074000.0	7.0
20538	41076000.0	0.0
20539	41078000.0	5.0
20540	41080000.0	5.0
20541	41082000.0	3.0
20542	41084000.0	5.0
20543	41086000.0	4.0
20544	41088000.0	6.0
20545	41090000.0	7.0
20546	41092000.0	2.0
20547	41094000.0	8.0
20548	41096000.0	4.0
20549	41098000.0	6.0
20550	41100000.0	11.0
20551	41102000.0	3.0
20552	41104000.0	8.0
20553	41106000.0	5.0
20554	41108000.0	4.0
20555	41110000.0	7.0
20556	41112000.0	7.0
20557	41114000.0	5.0
20558	41116000.0	6.0
20559	41118000.0	11.0
20560	41120000.0	6.0
20561	41122000.0	6.0
20562	41124000.0	8.0
20563	41126000.0	9.0
20564	41128000.0	6.0
20565	41130000.0	6.0
20566	41132000.0	3.0
20567	41134000.0	14.0
20568	41136000.0	8.0
20569	41138000.0	8.0
20570	41140000.0	7.0
20571	41142000.0	7.0
20572	41144000.0	7.0
20573	41146000.0	5.0
20574	41148000.0	5.0
20575	41150000.0	4.0
20576	41152000.0	5.0
20577	41154000.0	6.0
20578	41156000.0	7.0
20579	41158000.0	8.0
20580	41160000.0	4.0
20581	41162000.0	7.0
20582	41164000.0	6.0
20583	41166000.0	10.0
20584	41168000.0	7.0
20585	41170000.0	5.0
20586	41172000.0	7.0
20587	41174000.0	9.0
20588	41176000.0	8.0
20589	41178000.0	6.0
20590	41180000.0	7.0
20591	41182000.0	8.0
20592	41184000.0	9.0
20593	41186000.0	5.0
20594	41188000.0	5.0
20595	41190000.0	7.0
20596	41192000.0	6.0
20597	41194000.0	4.0
20598	41196000.0	5.0
20599	41198000.0	11.0
20600	41200000.0	4.0
20601	41202000.0	9.0
20602	41204000.0	8.0
20603	41206000.0	6.0
20604	41208000.0	5.0
20605	41210000.0	5.0
20606	41212000.0	4.0
20607	41214000.0	9.0
20608	41216000.0	5.0
20609	41218000.0	9.0
20610	41220000.0	6.0
20611	41222000.0	12.0
20612	41224000.0	8.0
20613	41226000.0	8.0
20614	41228000.0	4.0
20615	41230000.0	6.0
20616	41232000.0	7.0
20617	41234000.0	5.0
20618	41236000.0	7.0
20619	41238000.0	10.0
20620	41240000.0	5.0
20621	41242000.0	7.0
20622	41244000.0	5.0
20623	41246000.0	7.0
20624	41248000.0	6.0
20625	41250000.0	8.0
20626	41252000.0	7.0
20627	41254000.0	8.0
20628	41256000.0	8.0
20629	41258000.0	5.0
20630	41260000.0	9.0
20631	41262000.0	3.0
20632	41264000.0	8.0
20633	41266000.0	7.0
20634	41268000.0	10.0
20635	41270000.0	6.0
20636	41272000.0	6.0
20637	41274000.0	2.0
20638	41276000.0	6.0
20639	41278000.0	4.0
20640	41280000.0	8.0
20641	41282000.0	4.0
20642	41284000.0	10.0
20643	41286000.0	4.0
20644	41288000.0	6.0
20645	41290000.0	8.0
20646	41292000.0	8.0
20647	41294000.0	9.0
20648	41296000.0	5.0
20649	41298000.0	9.0
20650	41300000.0	10.0
20651	41302000.0	4.0
20652	41304000.0	6.0
20653	41306000.0	4.0
20654	41308000.0	5.0
20655	41310000.0	3.0
20656	41312000.0	4.0
20657	41314000.0	4.0
20658	41316000.0	6.0
20659	41318000.0	5.0
20660	41320000.0	5.0
20661	41322000.0	7.0
20662	41324000.0	4.0
20663	41326000.0	4.0
20664	41328000.0	7.0
20665	41330000.0	3.0
20666	41332000.0	4.0
20667	41334000.0	3.0
20668	41336000.0	4.0
20669	41338000.0	5.0
20670	41340000.0	5.0
20671	41342000.0	6.0
20672	41344000.0	4.0
20673	41346000.0	8.0
20674	41348000.0	7.0
20675	41350000.0	5.0
20676	41352000.0	8.0
20677	41354000.0	6.0
20678	41356000.0	10.0
20679	41358000.0	7.0
20680	41360000.0	7.0
20681	41362000.0	7.0
20682	41364000.0	8.0
20683	41366000.0	8.0
20684	41368000.0	11.0
20685	41370000.0	3.0
20686	41372000.0	2.0
20687	41374000.0	4.0
20688	41376000.0	7.0
20689	41378000.0	9.0
20690	41380000.0	11.0
20691	41382000.0	5.0
20692	41384000.0	3.0
20693	41386000.0	7.0
20694	41388000.0	6.0
20695	41390000.0	6.0
20696	41392000.0	3.0
20697	41394000.0	8.0
20698	41396000.0	3.0
20699	41398000.0	7.0
20700	41400000.0	7.0
20701	41402000.0	8.0
20702	41404000.0	6.0
20703	41406000.0	11.0
20704	41408000.0	3.0
20705	41410000.0	8.0
20706	41412000.0	7.0
20707	41414000.0	4.0
20708	41416000.0	5.0
20709	41418000.0	7.0
20710	41420000.0	5.0
20711	41422000.0	2.0
20712	41424000.0	7.0
20713	41426000.0	11.0
20714	41428000.0	10.0
20715	41430000.0	6.0
20716	41432000.0	2.0
20717	41434000.0	2.0
20718	41436000.0	6.0
20719	41438000.0	9.0
20720	41440000.0	3.0
20721	41442000.0	5.0
20722	41444000.0	8.0
20723	41446000.0	7.0
20724	41448000.0	7.0
20725	41450000.0	2.0
20726	41452000.0	4.0
20727	41454000.0	8.0
20728	41456000.0	8.0
20729	41458000.0	10.0
20730	41460000.0	5.0
20731	41462000.0	3.0
20732	41464000.0	5.0
20733	41466000.0	3.0
20734	41468000.0	7.0
20735	41470000.0	11.0
20736	41472000.0	6.0
20737	41474000.0	10.0
20738	41476000.0	8.0
20739	41478000.0	2.0
20740	41480000.0	4.0
20741	41482000.0	11.0
20742	41484000.0	8.0
20743	41486000.0	5.0
20744	41488000.0	3.0
20745	41490000.0	7.0
20746	41492000.0	2.0
20747	41494000.0	8.0
20748	41496000.0	8.0
20749	41498000.0	6.0
20750	41500000.0	9.0
20751	41502000.0	2.0
20752	41504000.0	9.0
20753	41506000.0	9.0
20754	41508000.0	9.0
20755	41510000.0	2.0
20756	41512000.0	7.0
20757	41514000.0	12.0
20758	41516000.0	8.0
20759	41518000.0	17.0
20760	41520000.0	9.0
20761	41522000.0	9.0
20762	41524000.0	6.0
20763	41526000.0	7.0
20764	41528000.0	6.0
20765	41530000.0	6.0
20766	41532000.0	6.0
20767	41534000.0	8.0
20768	41536000.0	10.0
20769	41538000.0	5.0
20770	41540000.0	8.0
20771	41542000.0	7.0
20772	41544000.0	7.0
20773	41546000.0	8.0
20774	41548000.0	6.0
20775	41550000.0	4.0
20776	41552000.0	8.0
20777	41554000.0	4.0
20778	41556000.0	9.0
20779	41558000.0	6.0
20780	41560000.0	8.0
20781	41562000.0	6.0
20782	41564000.0	5.0
20783	41566000.0	3.0
20784	41568000.0	14.0
20785	41570000.0	7.0
20786	41572000.0	8.0
20787	41574000.0	7.0
20788	41576000.0	6.0
20789	41578000.0	9.0
20790	41580000.0	7.0
20791	41582000.0	5.0
20792	41584000.0	7.0
20793	41586000.0	10.0
20794	41588000.0	6.0
20795	41590000.0	8.0
20796	41592000.0	4.0
20797	41594000.0	7.0
20798	41596000.0	6.0
20799	41598000.0	8.0
20800	41600000.0	6.0
20801	41602000.0	5.0
20802	41604000.0	4.0
20803	41606000.0	14.0
20804	41608000.0	9.0
20805	41610000.0	9.0
20806	41612000.0	14.0
20807	41614000.0	5.0
20808	41616000.0	8.0
20809	41618000.0	5.0
20810	41620000.0	4.0
20811	41622000.0	6.0
20812	41624000.0	4.0
20813	41626000.0	5.0
20814	41628000.0	9.0
20815	41630000.0	10.0
20816	41632000.0	10.0
20817	41634000.0	6.0
20818	41636000.0	5.0
20819	41638000.0	4.0
20820	41640000.0	5.0
20821	41642000.0	6.0
20822	41644000.0	5.0
20823	41646000.0	8.0
20824	41648000.0	8.0
20825	41650000.0	3.0
20826	41652000.0	2.0
20827	41654000.0	9.0
20828	41656000.0	6.0
20829	41658000.0	11.0
20830	41660000.0	6.0
20831	41662000.0	7.0
20832	41664000.0	6.0
20833	41666000.0	7.0
20834	41668000.0	8.0
20835	41670000.0	6.0
20836	41672000.0	5.0
20837	41674000.0	4.0
20838	41676000.0	12.0
20839	41678000.0	8.0
20840	41680000.0	6.0
20841	41682000.0	2.0
20842	41684000.0	5.0
20843	41686000.0	5.0
20844	41688000.0	5.0
20845	41690000.0	4.0
20846	41692000.0	6.0
20847	41694000.0	4.0
20848	41696000.0	6.0
20849	41698000.0	3.0
20850	41700000.0	6.0
20851	41702000.0	6.0
20852	41704000.0	7.0
20853	41706000.0	6.0
20854	41708000.0	5.0
20855	41710000.0	7.0
20856	41712000.0	4.0
20857	41714000.0	6.0
20858	41716000.0	6.0
20859	41718000.0	6.0
20860	41720000.0	6.0
20861	41722000.0	5.0
20862	41724000.0	8.0
20863	41726000.0	5.0
20864	41728000.0	4.0
20865	41730000.0	7.0
20866	41732000.0	7.0
20867	41734000.0	8.0
20868	41736000.0	5.0
20869	41738000.0	7.0
20870	41740000.0	4.0
20871	41742000.0	10.0
20872	41744000.0	2.0
20873	41746000.0	11.0
20874	41748000.0	8.0
20875	41750000.0	2.0
20876	41752000.0	1.0
20877	41754000.0	5.0
20878	41756000.0	8.0
20879	41758000.0	8.0
20880	41760000.0	4.0
20881	41762000.0	7.0
20882	41764000.0	5.0
20883	41766000.0	8.0
20884	41768000.0	9.0
20885	41770000.0	5.0
20886	41772000.0	6.0
20887	41774000.0	5.0
20888	41776000.0	5.0
20889	41778000.0	10.0
20890	41780000.0	7.0
20891	41782000.0	3.0
20892	41784000.0	8.0
20893	41786000.0	5.0
20894	41788000.0	3.0
20895	41790000.0	9.0
20896	41792000.0	8.0
20897	41794000.0	8.0
20898	41796000.0	3.0
20899	41798000.0	8.0
20900	41800000.0	5.0
20901	41802000.0	5.0
20902	41804000.0	6.0
20903	41806000.0	3.0
20904	41808000.0	3.0
20905	41810000.0	10.0
20906	41812000.0	7.0
20907	41814000.0	7.0
20908	41816000.0	5.0
20909	41818000.0	6.0
20910	41820000.0	8.0
20911	41822000.0	6.0
20912	41824000.0	3.0
20913	41826000.0	9.0
20914	41828000.0	6.0
20915	41830000.0	4.0
20916	41832000.0	7.0
20917	41834000.0	6.0
20918	41836000.0	3.0
20919	41838000.0	4.0
20920	41840000.0	5.0
20921	41842000.0	3.0
20922	41844000.0	10.0
20923	41846000.0	4.0
20924	41848000.0	8.0
20925	41850000.0	5.0
20926	41852000.0	8.0
20927	41854000.0	6.0
20928	41856000.0	11.0
20929	41858000.0	10.0
20930	41860000.0	5.0
20931	41862000.0	14.0
20932	41864000.0	4.0
20933	41866000.0	5.0
20934	41868000.0	13.0
20935	41870000.0	7.0
20936	41872000.0	6.0
20937	41874000.0	4.0
20938	41876000.0	9.0
20939	41878000.0	5.0
20940	41880000.0	5.0
20941	41882000.0	10.0
20942	41884000.0	10.0
20943	41886000.0	8.0
20944	41888000.0	6.0
20945	41890000.0	3.0
20946	41892000.0	6.0
20947	41894000.0	9.0
20948	41896000.0	10.0
20949	41898000.0	10.0
20950	41900000.0	10.0
20951	41902000.0	8.0
20952	41904000.0	3.0
20953	41906000.0	4.0
20954	41908000.0	8.0
20955	41910000.0	5.0
20956	41912000.0	4.0
20957	41914000.0	10.0
20958	41916000.0	6.0
20959	41918000.0	6.0
20960	41920000.0	7.0
20961	41922000.0	6.0
20962	41924000.0	6.0
20963	41926000.0	3.0
20964	41928000.0	5.0
20965	41930000.0	5.0
20966	41932000.0	3.0
20967	41934000.0	11.0
20968	41936000.0	3.0
20969	41938000.0	9.0
20970	41940000.0	6.0
20971	41942000.0	9.0
20972	41944000.0	6.0
20973	41946000.0	8.0
20974	41948000.0	7.0
20975	41950000.0	5.0
20976	41952000.0	3.0
20977	41954000.0	7.0
20978	41956000.0	8.0
20979	41958000.0	6.0
20980	41960000.0	8.0
20981	41962000.0	9.0
20982	41964000.0	5.0
20983	41966000.0	11.0
20984	41968000.0	6.0
20985	41970000.0	7.0
20986	41972000.0	9.0
20987	41974000.0	8.0
20988	41976000.0	6.0
20989	41978000.0	5.0
20990	41980000.0	9.0
20991	41982000.0	7.0
20992	41984000.0	6.0
20993	41986000.0	4.0
20994	41988000.0	6.0
20995	41990000.0	9.0
20996	41992000.0	5.0
20997	41994000.0	8.0
20998	41996000.0	2.0
20999	41998000.0	7.0
21000	42000000.0	4.0
21001	42002000.0	9.0
21002	42004000.0	6.0
21003	42006000.0	9.0
21004	42008000.0	4.0
21005	42010000.0	6.0
21006	42012000.0	6.0
21007	42014000.0	7.0
21008	42016000.0	5.0
21009	42018000.0	7.0
21010	42020000.0	10.0
21011	42022000.0	8.0
21012	42024000.0	5.0
21013	42026000.0	12.0
21014	42028000.0	5.0
21015	42030000.0	4.0
21016	42032000.0	7.0
21017	42034000.0	6.0
21018	42036000.0	5.0
21019	42038000.0	7.0
21020	42040000.0	1.0
21021	42042000.0	10.0
21022	42044000.0	9.0
21023	42046000.0	5.0
21024	42048000.0	7.0
21025	42050000.0	4.0
21026	42052000.0	8.0
21027	42054000.0	8.0
21028	42056000.0	6.0
21029	42058000.0	8.0
21030	42060000.0	7.0
21031	42062000.0	4.0
21032	42064000.0	7.0
21033	42066000.0	5.0
21034	42068000.0	3.0
21035	42070000.0	7.0
21036	42072000.0	6.0
21037	42074000.0	6.0
21038	42076000.0	4.0
21039	42078000.0	5.0
21040	42080000.0	6.0
21041	42082000.0	7.0
21042	42084000.0	5.0
21043	42086000.0	7.0
21044	42088000.0	5.0
21045	42090000.0	5.0
21046	42092000.0	6.0
21047	42094000.0	6.0
21048	42096000.0	4.0
21049	42098000.0	7.0
21050	42100000.0	3.0
21051	42102000.0	8.0
21052	42104000.0	10.0
21053	42106000.0	9.0
21054	42108000.0	4.0
21055	42110000.0	6.0
21056	42112000.0	7.0
21057	42114000.0	7.0
21058	42116000.0	7.0
21059	42118000.0	14.0
21060	42120000.0	2.0
21061	42122000.0	4.0
21062	42124000.0	7.0
21063	42126000.0	11.0
21064	42128000.0	3.0
21065	42130000.0	7.0
21066	42132000.0	6.0
21067	42134000.0	7.0
21068	42136000.0	7.0
21069	42138000.0	8.0
21070	42140000.0	4.0
21071	42142000.0	6.0
21072	42144000.0	3.0
21073	42146000.0	4.0
21074	42148000.0	3.0
21075	42150000.0	4.0
21076	42152000.0	11.0
21077	42154000.0	4.0
21078	42156000.0	5.0
21079	42158000.0	2.0
21080	42160000.0	13.0
21081	42162000.0	6.0
21082	42164000.0	5.0
21083	42166000.0	6.0
21084	42168000.0	4.0
21085	42170000.0	5.0
21086	42172000.0	4.0
21087	42174000.0	8.0
21088	42176000.0	8.0
21089	42178000.0	4.0
21090	42180000.0	2.0
21091	42182000.0	4.0
21092	42184000.0	8.0
21093	42186000.0	10.0
21094	42188000.0	7.0
21095	42190000.0	4.0
21096	42192000.0	7.0
21097	42194000.0	9.0
21098	42196000.0	4.0
21099	42198000.0	1.0
21100	42200000.0	1.0
21101	42202000.0	7.0
21102	42204000.0	5.0
21103	42206000.0	4.0
21104	42208000.0	3.0
21105	42210000.0	3.0
21106	42212000.0	8.0
21107	42214000.0	4.0
21108	42216000.0	6.0
21109	42218000.0	3.0
21110	42220000.0	12.0
21111	42222000.0	8.0
21112	42224000.0	10.0
21113	42226000.0	6.0
21114	42228000.0	7.0
21115	42230000.0	6.0
21116	42232000.0	5.0
21117	42234000.0	5.0
21118	42236000.0	3.0
21119	42238000.0	15.0
21120	42240000.0	5.0
21121	42242000.0	9.0
21122	42244000.0	9.0
21123	42246000.0	7.0
21124	42248000.0	8.0
21125	42250000.0	6.0
21126	42252000.0	5.0
21127	42254000.0	10.0
21128	42256000.0	9.0
21129	42258000.0	7.0
21130	42260000.0	7.0
21131	42262000.0	8.0
21132	42264000.0	6.0
21133	42266000.0	7.0
21134	42268000.0	2.0
21135	42270000.0	6.0
21136	42272000.0	6.0
21137	42274000.0	4.0
21138	42276000.0	4.0
21139	42278000.0	6.0
21140	42280000.0	8.0
21141	42282000.0	5.0
21142	42284000.0	5.0
21143	42286000.0	6.0
21144	42288000.0	4.0
21145	42290000.0	4.0
21146	42292000.0	5.0
21147	42294000.0	6.0
21148	42296000.0	2.0
21149	42298000.0	5.0
21150	42300000.0	3.0
21151	42302000.0	6.0
21152	42304000.0	7.0
21153	42306000.0	3.0
21154	42308000.0	5.0
21155	42310000.0	4.0
21156	42312000.0	5.0
21157	42314000.0	2.0
21158	42316000.0	5.0
21159	42318000.0	7.0
21160	42320000.0	9.0
21161	42322000.0	3.0
21162	42324000.0	13.0
21163	42326000.0	5.0
21164	42328000.0	7.0
21165	42330000.0	7.0
21166	42332000.0	9.0
21167	42334000.0	6.0
21168	42336000.0	9.0
21169	42338000.0	9.0
21170	42340000.0	3.0
21171	42342000.0	4.0
21172	42344000.0	3.0
21173	42346000.0	6.0
21174	42348000.0	5.0
21175	42350000.0	6.0
21176	42352000.0	3.0
21177	42354000.0	9.0
21178	42356000.0	8.0
21179	42358000.0	10.0
21180	42360000.0	9.0
21181	42362000.0	7.0
21182	42364000.0	8.0
21183	42366000.0	12.0
21184	42368000.0	2.0
21185	42370000.0	11.0
21186	42372000.0	3.0
21187	42374000.0	6.0
21188	42376000.0	9.0
21189	42378000.0	4.0
21190	42380000.0	8.0
21191	42382000.0	6.0
21192	42384000.0	6.0
21193	42386000.0	4.0
21194	42388000.0	3.0
21195	42390000.0	9.0
21196	42392000.0	5.0
21197	42394000.0	3.0
21198	42396000.0	3.0
21199	42398000.0	7.0
21200	42400000.0	7.0
21201	42402000.0	7.0
21202	42404000.0	2.0
21203	42406000.0	4.0
21204	42408000.0	5.0
21205	42410000.0	5.0
21206	42412000.0	7.0
21207	42414000.0	10.0
21208	42416000.0	7.0
21209	42418000.0	4.0
21210	42420000.0	4.0
21211	42422000.0	7.0
21212	42424000.0	4.0
21213	42426000.0	10.0
21214	42428000.0	6.0
21215	42430000.0	4.0
21216	42432000.0	5.0
21217	42434000.0	3.0
21218	42436000.0	7.0
21219	42438000.0	5.0
21220	42440000.0	9.0
21221	42442000.0	3.0
21222	42444000.0	4.0
21223	42446000.0	6.0
21224	42448000.0	6.0
21225	42450000.0	6.0
21226	42452000.0	9.0
21227	42454000.0	6.0
21228	42456000.0	6.0
21229	42458000.0	4.0
21230	42460000.0	3.0
21231	42462000.0	4.0
21232	42464000.0	7.0
21233	42466000.0	3.0
21234	42468000.0	5.0
21235	42470000.0	8.0
21236	42472000.0	4.0
21237	42474000.0	6.0
21238	42476000.0	4.0
21239	42478000.0	7.0
21240	42480000.0	2.0
21241	42482000.0	3.0
21242	42484000.0	10.0
21243	42486000.0	6.0
21244	42488000.0	6.0
21245	42490000.0	4.0
21246	42492000.0	6.0
21247	42494000.0	10.0
21248	42496000.0	4.0
21249	42498000.0	9.0
21250	42500000.0	5.0
21251	42502000.0	8.0
21252	42504000.0	6.0
21253	42506000.0	2.0
21254	42508000.0	4.0
21255	42510000.0	7.0
21256	42512000.0	5.0
21257	42514000.0	8.0
21258	42516000.0	9.0
21259	42518000.0	2.0
21260	42520000.0	2.0
21261	42522000.0	5.0
21262	42524000.0	1.0
21263	42526000.0	6.0
21264	42528000.0	6.0
21265	42530000.0	6.0
21266	42532000.0	5.0
21267	42534000.0	5.0
21268	42536000.0	3.0
21269	42538000.0	4.0
21270	42540000.0	7.0
21271	42542000.0	4.0
21272	42544000.0	7.0
21273	42546000.0	8.0
21274	42548000.0	6.0
21275	42550000.0	9.0
21276	42552000.0	10.0
21277	42554000.0	4.0
21278	42556000.0	6.0
21279	42558000.0	2.0
21280	42560000.0	8.0
21281	42562000.0	5.0
21282	42564000.0	5.0
21283	42566000.0	9.0
21284	42568000.0	5.0
21285	42570000.0	2.0
21286	42572000.0	8.0
21287	42574000.0	9.0
21288	42576000.0	6.0
21289	42578000.0	5.0
21290	42580000.0	8.0
21291	42582000.0	3.0
21292	42584000.0	4.0
21293	42586000.0	4.0
21294	42588000.0	3.0
21295	42590000.0	10.0
21296	42592000.0	6.0
21297	42594000.0	8.0
21298	42596000.0	4.0
21299	42598000.0	3.0
21300	42600000.0	7.0
21301	42602000.0	4.0
21302	42604000.0	3.0
21303	42606000.0	5.0
21304	42608000.0	7.0
21305	42610000.0	4.0
21306	42612000.0	1.0
21307	42614000.0	2.0
21308	42616000.0	7.0
21309	42618000.0	10.0
21310	42620000.0	5.0
21311	42622000.0	5.0
21312	42624000.0	1.0
21313	42626000.0	7.0
21314	42628000.0	6.0
21315	42630000.0	6.0
21316	42632000.0	11.0
21317	42634000.0	10.0
21318	42636000.0	7.0
21319	42638000.0	8.0
21320	42640000.0	3.0
21321	42642000.0	7.0
21322	42644000.0	5.0
21323	42646000.0	7.0
21324	42648000.0	11.0
21325	42650000.0	7.0
21326	42652000.0	2.0
21327	42654000.0	8.0
21328	42656000.0	3.0
21329	42658000.0	5.0
21330	42660000.0	11.0
21331	42662000.0	5.0
21332	42664000.0	5.0
21333	42666000.0	9.0
21334	42668000.0	8.0
21335	42670000.0	8.0
21336	42672000.0	6.0
21337	42674000.0	4.0
21338	42676000.0	12.0
21339	42678000.0	8.0
21340	42680000.0	4.0
21341	42682000.0	4.0
21342	42684000.0	4.0
21343	42686000.0	3.0
21344	42688000.0	11.0
21345	42690000.0	5.0
21346	42692000.0	7.0
21347	42694000.0	6.0
21348	42696000.0	6.0
21349	42698000.0	7.0
21350	42700000.0	2.0
21351	42702000.0	6.0
21352	42704000.0	4.0
21353	42706000.0	6.0
21354	42708000.0	6.0
21355	42710000.0	5.0
21356	42712000.0	4.0
21357	42714000.0	7.0
21358	42716000.0	4.0
21359	42718000.0	7.0
21360	42720000.0	11.0
21361	42722000.0	9.0
21362	42724000.0	6.0
21363	42726000.0	5.0
21364	42728000.0	6.0
21365	42730000.0	6.0
21366	42732000.0	6.0
21367	42734000.0	6.0
21368	42736000.0	4.0
21369	42738000.0	5.0
21370	42740000.0	6.0
21371	42742000.0	6.0
21372	42744000.0	6.0
21373	42746000.0	5.0
21374	42748000.0	6.0
21375	42750000.0	4.0
21376	42752000.0	5.0
21377	42754000.0	12.0
21378	42756000.0	5.0
21379	42758000.0	3.0
21380	42760000.0	6.0
21381	42762000.0	8.0
21382	42764000.0	8.0
21383	42766000.0	5.0
21384	42768000.0	15.0
21385	42770000.0	5.0
21386	42772000.0	10.0
21387	42774000.0	9.0
21388	42776000.0	4.0
21389	42778000.0	8.0
21390	42780000.0	8.0
21391	42782000.0	8.0
21392	42784000.0	6.0
21393	42786000.0	4.0
21394	42788000.0	7.0
21395	42790000.0	11.0
21396	42792000.0	7.0
21397	42794000.0	6.0
21398	42796000.0	7.0
21399	42798000.0	7.0
21400	42800000.0	10.0
21401	42802000.0	6.0
21402	42804000.0	7.0
21403	42806000.0	9.0
21404	42808000.0	8.0
21405	42810000.0	10.0
21406	42812000.0	8.0
21407	42814000.0	7.0
21408	42816000.0	9.0
21409	42818000.0	3.0
21410	42820000.0	6.0
21411	42822000.0	4.0
21412	42824000.0	10.0
21413	42826000.0	4.0
21414	42828000.0	5.0
21415	42830000.0	8.0
21416	42832000.0	4.0
21417	42834000.0	5.0
21418	42836000.0	3.0
21419	42838000.0	7.0
21420	42840000.0	5.0
21421	42842000.0	6.0
21422	42844000.0	12.0
21423	42846000.0	10.0
21424	42848000.0	5.0
21425	42850000.0	5.0
21426	42852000.0	11.0
21427	42854000.0	6.0
21428	42856000.0	4.0
21429	42858000.0	7.0
21430	42860000.0	6.0
21431	42862000.0	5.0
21432	42864000.0	6.0
21433	42866000.0	2.0
21434	42868000.0	4.0
21435	42870000.0	9.0
21436	42872000.0	4.0
21437	42874000.0	4.0
21438	42876000.0	6.0
21439	42878000.0	8.0
21440	42880000.0	3.0
21441	42882000.0	4.0
21442	42884000.0	5.0
21443	42886000.0	2.0
21444	42888000.0	1.0
21445	42890000.0	5.0
21446	42892000.0	4.0
21447	42894000.0	3.0
21448	42896000.0	5.0
21449	42898000.0	3.0
21450	42900000.0	7.0
21451	42902000.0	8.0
21452	42904000.0	5.0
21453	42906000.0	6.0
21454	42908000.0	5.0
21455	42910000.0	5.0
21456	42912000.0	10.0
21457	42914000.0	7.0
21458	42916000.0	8.0
21459	42918000.0	3.0
21460	42920000.0	9.0
21461	42922000.0	10.0
21462	42924000.0	8.0
21463	42926000.0	11.0
21464	42928000.0	8.0
21465	42930000.0	9.0
21466	42932000.0	9.0
21467	42934000.0	8.0
21468	42936000.0	17.0
21469	42938000.0	5.0
21470	42940000.0	9.0
21471	42942000.0	3.0
21472	42944000.0	6.0
21473	42946000.0	10.0
21474	42948000.0	8.0
21475	42950000.0	7.0
21476	42952000.0	4.0
21477	42954000.0	4.0
21478	42956000.0	2.0
21479	42958000.0	6.0
21480	42960000.0	4.0
21481	42962000.0	9.0
21482	42964000.0	8.0
21483	42966000.0	6.0
21484	42968000.0	5.0
21485	42970000.0	8.0
21486	42972000.0	5.0
21487	42974000.0	7.0
21488	42976000.0	2.0
21489	42978000.0	3.0
21490	42980000.0	4.0
21491	42982000.0	6.0
21492	42984000.0	5.0
21493	42986000.0	4.0
21494	42988000.0	9.0
21495	42990000.0	11.0
21496	42992000.0	8.0
21497	42994000.0	4.0
21498	42996000.0	11.0
21499	42998000.0	8.0
21500	43000000.0	1.0
21501	43002000.0	5.0
21502	43004000.0	6.0
21503	43006000.0	7.0
21504	43008000.0	6.0
21505	43010000.0	6.0
21506	43012000.0	7.0
21507	43014000.0	8.0
21508	43016000.0	6.0
21509	43018000.0	7.0
21510	43020000.0	3.0
21511	43022000.0	4.0
21512	43024000.0	7.0
21513	43026000.0	7.0
21514	43028000.0	4.0
21515	43030000.0	7.0
21516	43032000.0	6.0
21517	43034000.0	7.0
21518	43036000.0	6.0
21519	43038000.0	7.0
21520	43040000.0	6.0
21521	43042000.0	4.0
21522	43044000.0	6.0
21523	43046000.0	5.0
21524	43048000.0	8.0
21525	43050000.0	4.0
21526	43052000.0	10.0
21527	43054000.0	1.0
21528	43056000.0	6.0
21529	43058000.0	6.0
21530	43060000.0	11.0
21531	43062000.0	3.0
21532	43064000.0	4.0
21533	43066000.0	9.0
21534	43068000.0	2.0
21535	43070000.0	6.0
21536	43072000.0	4.0
21537	43074000.0	11.0
21538	43076000.0	4.0
21539	43078000.0	1.0
21540	43080000.0	8.0
21541	43082000.0	6.0
21542	43084000.0	5.0
21543	43086000.0	7.0
21544	43088000.0	3.0
21545	43090000.0	7.0
21546	43092000.0	4.0
21547	43094000.0	8.0
21548	43096000.0	9.0
21549	43098000.0	9.0
21550	43100000.0	6.0
21551	43102000.0	8.0
21552	43104000.0	8.0
21553	43106000.0	3.0
21554	43108000.0	5.0
21555	43110000.0	9.0
21556	43112000.0	6.0
21557	43114000.0	3.0
21558	43116000.0	8.0
21559	43118000.0	9.0
21560	43120000.0	7.0
21561	43122000.0	8.0
21562	43124000.0	6.0
21563	43126000.0	8.0
21564	43128000.0	3.0
21565	43130000.0	7.0
21566	43132000.0	3.0
21567	43134000.0	5.0
21568	43136000.0	6.0
21569	43138000.0	6.0
21570	43140000.0	8.0
21571	43142000.0	6.0
21572	43144000.0	3.0
21573	43146000.0	4.0
21574	43148000.0	3.0
21575	43150000.0	10.0
21576	43152000.0	4.0
21577	43154000.0	7.0
21578	43156000.0	8.0
21579	43158000.0	2.0
21580	43160000.0	10.0
21581	43162000.0	5.0
21582	43164000.0	7.0
21583	43166000.0	4.0
21584	43168000.0	6.0
21585	43170000.0	3.0
21586	43172000.0	10.0
21587	43174000.0	4.0
21588	43176000.0	5.0
21589	43178000.0	6.0
21590	43180000.0	6.0
21591	43182000.0	5.0
21592	43184000.0	9.0
21593	43186000.0	9.0
21594	43188000.0	9.0
21595	43190000.0	3.0
21596	43192000.0	7.0
21597	43194000.0	5.0
21598	43196000.0	10.0
21599	43198000.0	2.0
21600	43200000.0	2.0
21601	43202000.0	7.0
21602	43204000.0	0.0
21603	43206000.0	15.0
21604	43208000.0	5.0
21605	43210000.0	6.0
21606	43212000.0	6.0
21607	43214000.0	5.0
21608	43216000.0	5.0
21609	43218000.0	13.0
21610	43220000.0	9.0
21611	43222000.0	6.0
21612	43224000.0	4.0
21613	43226000.0	7.0
21614	43228000.0	6.0
21615	43230000.0	8.0
21616	43232000.0	9.0
21617	43234000.0	9.0
21618	43236000.0	5.0
21619	43238000.0	9.0
21620	43240000.0	6.0
21621	43242000.0	5.0
21622	43244000.0	9.0
21623	43246000.0	7.0
21624	43248000.0	4.0
21625	43250000.0	4.0
21626	43252000.0	9.0
21627	43254000.0	4.0
21628	43256000.0	1.0
21629	43258000.0	4.0
21630	43260000.0	8.0
21631	43262000.0	5.0
21632	43264000.0	4.0
21633	43266000.0	10.0
21634	43268000.0	8.0
21635	43270000.0	4.0
21636	43272000.0	6.0
21637	43274000.0	6.0
21638	43276000.0	6.0
21639	43278000.0	8.0
21640	43280000.0	9.0
21641	43282000.0	7.0
21642	43284000.0	15.0
21643	43286000.0	5.0
21644	43288000.0	6.0
21645	43290000.0	12.0
21646	43292000.0	4.0
21647	43294000.0	7.0
21648	43296000.0	5.0
21649	43298000.0	4.0
21650	43300000.0	7.0
21651	43302000.0	7.0
21652	43304000.0	5.0
21653	43306000.0	5.0
21654	43308000.0	5.0
21655	43310000.0	5.0
21656	43312000.0	6.0
21657	43314000.0	13.0
21658	43316000.0	5.0
21659	43318000.0	4.0
21660	43320000.0	8.0
21661	43322000.0	7.0
21662	43324000.0	8.0
21663	43326000.0	4.0
21664	43328000.0	9.0
21665	43330000.0	7.0
21666	43332000.0	4.0
21667	43334000.0	2.0
21668	43336000.0	6.0
21669	43338000.0	4.0
21670	43340000.0	4.0
21671	43342000.0	5.0
21672	43344000.0	4.0
21673	43346000.0	7.0
21674	43348000.0	9.0
21675	43350000.0	8.0
21676	43352000.0	2.0
21677	43354000.0	7.0
21678	43356000.0	6.0
21679	43358000.0	3.0
21680	43360000.0	4.0
21681	43362000.0	6.0
21682	43364000.0	5.0
21683	43366000.0	7.0
21684	43368000.0	8.0
21685	43370000.0	5.0
21686	43372000.0	3.0
21687	43374000.0	5.0
21688	43376000.0	7.0
21689	43378000.0	3.0
21690	43380000.0	6.0
21691	43382000.0	9.0
21692	43384000.0	6.0
21693	43386000.0	8.0
21694	43388000.0	15.0
21695	43390000.0	5.0
21696	43392000.0	6.0
21697	43394000.0	8.0
21698	43396000.0	11.0
21699	43398000.0	6.0
21700	43400000.0	6.0
21701	43402000.0	4.0
21702	43404000.0	3.0
21703	43406000.0	2.0
21704	43408000.0	6.0
21705	43410000.0	7.0
21706	43412000.0	8.0
21707	43414000.0	8.0
21708	43416000.0	5.0
21709	43418000.0	5.0
21710	43420000.0	7.0
21711	43422000.0	5.0
21712	43424000.0	7.0
21713	43426000.0	7.0
21714	43428000.0	6.0
21715	43430000.0	5.0
21716	43432000.0	6.0
21717	43434000.0	6.0
21718	43436000.0	5.0
21719	43438000.0	6.0
21720	43440000.0	6.0
21721	43442000.0	5.0
21722	43444000.0	6.0
21723	43446000.0	2.0
21724	43448000.0	9.0
21725	43450000.0	6.0
21726	43452000.0	9.0
21727	43454000.0	7.0
21728	43456000.0	7.0
21729	43458000.0	4.0
21730	43460000.0	6.0
21731	43462000.0	10.0
21732	43464000.0	7.0
21733	43466000.0	11.0
21734	43468000.0	9.0
21735	43470000.0	4.0
21736	43472000.0	3.0
21737	43474000.0	3.0
21738	43476000.0	10.0
21739	43478000.0	7.0
21740	43480000.0	7.0
21741	43482000.0	5.0
21742	43484000.0	1.0
21743	43486000.0	6.0
21744	43488000.0	5.0
21745	43490000.0	7.0
21746	43492000.0	8.0
21747	43494000.0	8.0
21748	43496000.0	2.0
21749	43498000.0	8.0
21750	43500000.0	6.0
21751	43502000.0	3.0
21752	43504000.0	6.0
21753	43506000.0	4.0
21754	43508000.0	5.0
21755	43510000.0	4.0
21756	43512000.0	6.0
21757	43514000.0	4.0
21758	43516000.0	4.0
21759	43518000.0	7.0
21760	43520000.0	8.0
21761	43522000.0	7.0
21762	43524000.0	9.0
21763	43526000.0	5.0
21764	43528000.0	5.0
21765	43530000.0	4.0
21766	43532000.0	8.0
21767	43534000.0	6.0
21768	43536000.0	8.0
21769	43538000.0	3.0
21770	43540000.0	6.0
21771	43542000.0	1.0
21772	43544000.0	3.0
21773	43546000.0	8.0
21774	43548000.0	9.0
21775	43550000.0	4.0
21776	43552000.0	7.0
21777	43554000.0	4.0
21778	43556000.0	7.0
21779	43558000.0	8.0
21780	43560000.0	3.0
21781	43562000.0	5.0
21782	43564000.0	6.0
21783	43566000.0	6.0
21784	43568000.0	4.0
21785	43570000.0	9.0
21786	43572000.0	4.0
21787	43574000.0	9.0
21788	43576000.0	4.0
21789	43578000.0	4.0
21790	43580000.0	8.0
21791	43582000.0	5.0
21792	43584000.0	6.0
21793	43586000.0	9.0
21794	43588000.0	8.0
21795	43590000.0	7.0
21796	43592000.0	3.0
21797	43594000.0	7.0
21798	43596000.0	8.0
21799	43598000.0	6.0
21800	43600000.0	2.0
21801	43602000.0	12.0
21802	43604000.0	10.0
21803	43606000.0	8.0
21804	43608000.0	1.0
21805	43610000.0	7.0
21806	43612000.0	8.0
21807	43614000.0	10.0
21808	43616000.0	10.0
21809	43618000.0	4.0
21810	43620000.0	5.0
21811	43622000.0	6.0
21812	43624000.0	11.0
21813	43626000.0	8.0
21814	43628000.0	10.0
21815	43630000.0	3.0
21816	43632000.0	5.0
21817	43634000.0	11.0
21818	43636000.0	5.0
21819	43638000.0	8.0
21820	43640000.0	5.0
21821	43642000.0	2.0
21822	43644000.0	4.0
21823	43646000.0	8.0
21824	43648000.0	7.0
21825	43650000.0	8.0
21826	43652000.0	9.0
21827	43654000.0	5.0
21828	43656000.0	10.0
21829	43658000.0	7.0
21830	43660000.0	9.0
21831	43662000.0	2.0
21832	43664000.0	1.0
21833	43666000.0	4.0
21834	43668000.0	6.0
21835	43670000.0	6.0
21836	43672000.0	4.0
21837	43674000.0	6.0
21838	43676000.0	10.0
21839	43678000.0	6.0
21840	43680000.0	8.0
21841	43682000.0	3.0
21842	43684000.0	9.0
21843	43686000.0	4.0
21844	43688000.0	5.0
21845	43690000.0	9.0
21846	43692000.0	7.0
21847	43694000.0	8.0
21848	43696000.0	9.0
21849	43698000.0	7.0
21850	43700000.0	8.0
21851	43702000.0	6.0
21852	43704000.0	10.0
21853	43706000.0	7.0
21854	43708000.0	3.0
21855	43710000.0	4.0
21856	43712000.0	3.0
21857	43714000.0	6.0
21858	43716000.0	7.0
21859	43718000.0	8.0
21860	43720000.0	7.0
21861	43722000.0	8.0
21862	43724000.0	9.0
21863	43726000.0	5.0
21864	43728000.0	2.0
21865	43730000.0	4.0
21866	43732000.0	8.0
21867	43734000.0	10.0
21868	43736000.0	13.0
21869	43738000.0	8.0
21870	43740000.0	5.0
21871	43742000.0	5.0
21872	43744000.0	7.0
21873	43746000.0	5.0
21874	43748000.0	7.0
21875	43750000.0	8.0
21876	43752000.0	6.0
21877	43754000.0	7.0
21878	43756000.0	5.0
21879	43758000.0	5.0
21880	43760000.0	5.0
21881	43762000.0	4.0
21882	43764000.0	9.0
21883	43766000.0	8.0
21884	43768000.0	5.0
21885	43770000.0	7.0
21886	43772000.0	8.0
21887	43774000.0	8.0
21888	43776000.0	10.0
21889	43778000.0	6.0
21890	43780000.0	8.0
21891	43782000.0	3.0
21892	43784000.0	5.0
21893	43786000.0	7.0
21894	43788000.0	12.0
21895	43790000.0	8.0
21896	43792000.0	7.0
21897	43794000.0	9.0
21898	43796000.0	2.0
21899	43798000.0	8.0
21900	43800000.0	3.0
21901	43802000.0	1.0
21902	43804000.0	2.0
21903	43806000.0	8.0
21904	43808000.0	5.0
21905	43810000.0	8.0
21906	43812000.0	6.0
21907	43814000.0	3.0
21908	43816000.0	12.0
21909	43818000.0	7.0
21910	43820000.0	8.0
21911	43822000.0	8.0
21912	43824000.0	6.0
21913	43826000.0	6.0
21914	43828000.0	4.0
21915	43830000.0	5.0
21916	43832000.0	5.0
21917	43834000.0	10.0
21918	43836000.0	1.0
21919	43838000.0	6.0
21920	43840000.0	4.0
21921	43842000.0	10.0
21922	43844000.0	6.0
21923	43846000.0	4.0
21924	43848000.0	3.0
21925	43850000.0	4.0
21926	43852000.0	5.0
21927	43854000.0	1.0
21928	43856000.0	3.0
21929	43858000.0	6.0
21930	43860000.0	7.0
21931	43862000.0	3.0
21932	43864000.0	4.0
21933	43866000.0	5.0
21934	43868000.0	5.0
21935	43870000.0	10.0
21936	43872000.0	4.0
21937	43874000.0	1.0
21938	43876000.0	8.0
21939	43878000.0	6.0
21940	43880000.0	8.0
21941	43882000.0	8.0
21942	43884000.0	10.0
21943	43886000.0	6.0
21944	43888000.0	4.0
21945	43890000.0	6.0
21946	43892000.0	1.0
21947	43894000.0	2.0
21948	43896000.0	7.0
21949	43898000.0	9.0
21950	43900000.0	5.0
21951	43902000.0	4.0
21952	43904000.0	5.0
21953	43906000.0	6.0
21954	43908000.0	3.0
21955	43910000.0	4.0
21956	43912000.0	5.0
21957	43914000.0	6.0
21958	43916000.0	2.0
21959	43918000.0	11.0
21960	43920000.0	7.0
21961	43922000.0	6.0
21962	43924000.0	4.0
21963	43926000.0	11.0
21964	43928000.0	8.0
21965	43930000.0	8.0
21966	43932000.0	8.0
21967	43934000.0	2.0
21968	43936000.0	4.0
21969	43938000.0	3.0
21970	43940000.0	6.0
21971	43942000.0	4.0
21972	43944000.0	3.0
21973	43946000.0	3.0
21974	43948000.0	5.0
21975	43950000.0	5.0
21976	43952000.0	4.0
21977	43954000.0	11.0
21978	43956000.0	12.0
21979	43958000.0	5.0
21980	43960000.0	7.0
21981	43962000.0	6.0
21982	43964000.0	6.0
21983	43966000.0	6.0
21984	43968000.0	5.0
21985	43970000.0	6.0
21986	43972000.0	5.0
21987	43974000.0	8.0
21988	43976000.0	8.0
21989	43978000.0	9.0
21990	43980000.0	11.0
21991	43982000.0	7.0
21992	43984000.0	7.0
21993	43986000.0	4.0
21994	43988000.0	7.0
21995	43990000.0	1.0
21996	43992000.0	11.0
21997	43994000.0	5.0
21998	43996000.0	5.0
21999	43998000.0	7.0
22000	44000000.0	7.0
22001	44002000.0	4.0
22002	44004000.0	6.0
22003	44006000.0	5.0
22004	44008000.0	3.0
22005	44010000.0	6.0
22006	44012000.0	0.0
22007	44014000.0	4.0
22008	44016000.0	7.0
22009	44018000.0	7.0
22010	44020000.0	2.0
22011	44022000.0	8.0
22012	44024000.0	5.0
22013	44026000.0	7.0
22014	44028000.0	3.0
22015	44030000.0	7.0
22016	44032000.0	2.0
22017	44034000.0	3.0
22018	44036000.0	4.0
22019	44038000.0	3.0
22020	44040000.0	9.0
22021	44042000.0	7.0
22022	44044000.0	7.0
22023	44046000.0	9.0
22024	44048000.0	10.0
22025	44050000.0	7.0
22026	44052000.0	1.0
22027	44054000.0	8.0
22028	44056000.0	8.0
22029	44058000.0	3.0
22030	44060000.0	4.0
22031	44062000.0	4.0
22032	44064000.0	7.0
22033	44066000.0	4.0
22034	44068000.0	6.0
22035	44070000.0	10.0
22036	44072000.0	5.0
22037	44074000.0	8.0
22038	44076000.0	6.0
22039	44078000.0	10.0
22040	44080000.0	9.0
22041	44082000.0	4.0
22042	44084000.0	4.0
22043	44086000.0	6.0
22044	44088000.0	8.0
22045	44090000.0	2.0
22046	44092000.0	6.0
22047	44094000.0	3.0
22048	44096000.0	3.0
22049	44098000.0	4.0
22050	44100000.0	6.0
22051	44102000.0	9.0
22052	44104000.0	11.0
22053	44106000.0	5.0
22054	44108000.0	5.0
22055	44110000.0	4.0
22056	44112000.0	5.0
22057	44114000.0	3.0
22058	44116000.0	10.0
22059	44118000.0	6.0
22060	44120000.0	6.0
22061	44122000.0	3.0
22062	44124000.0	3.0
22063	44126000.0	6.0
22064	44128000.0	4.0
22065	44130000.0	10.0
22066	44132000.0	2.0
22067	44134000.0	9.0
22068	44136000.0	8.0
22069	44138000.0	7.0
22070	44140000.0	8.0
22071	44142000.0	5.0
22072	44144000.0	2.0
22073	44146000.0	5.0
22074	44148000.0	4.0
22075	44150000.0	4.0
22076	44152000.0	5.0
22077	44154000.0	4.0
22078	44156000.0	2.0
22079	44158000.0	4.0
22080	44160000.0	10.0
22081	44162000.0	6.0
22082	44164000.0	4.0
22083	44166000.0	2.0
22084	44168000.0	6.0
22085	44170000.0	6.0
22086	44172000.0	4.0
22087	44174000.0	7.0
22088	44176000.0	9.0
22089	44178000.0	7.0
22090	44180000.0	6.0
22091	44182000.0	5.0
22092	44184000.0	4.0
22093	44186000.0	3.0
22094	44188000.0	4.0
22095	44190000.0	2.0
22096	44192000.0	4.0
22097	44194000.0	8.0
22098	44196000.0	5.0
22099	44198000.0	6.0
22100	44200000.0	9.0
22101	44202000.0	10.0
22102	44204000.0	6.0
22103	44206000.0	6.0
22104	44208000.0	7.0
22105	44210000.0	4.0
22106	44212000.0	2.0
22107	44214000.0	5.0
22108	44216000.0	4.0
22109	44218000.0	9.0
22110	44220000.0	5.0
22111	44222000.0	2.0
22112	44224000.0	6.0
22113	44226000.0	6.0
22114	44228000.0	10.0
22115	44230000.0	7.0
22116	44232000.0	9.0
22117	44234000.0	5.0
22118	44236000.0	5.0
22119	44238000.0	5.0
22120	44240000.0	8.0
22121	44242000.0	9.0
22122	44244000.0	5.0
22123	44246000.0	5.0
22124	44248000.0	6.0
22125	44250000.0	8.0
22126	44252000.0	9.0
22127	44254000.0	6.0
22128	44256000.0	5.0
22129	44258000.0	5.0
22130	44260000.0	7.0
22131	44262000.0	7.0
22132	44264000.0	4.0
22133	44266000.0	3.0
22134	44268000.0	6.0
22135	44270000.0	3.0
22136	44272000.0	5.0
22137	44274000.0	4.0
22138	44276000.0	6.0
22139	44278000.0	8.0
22140	44280000.0	7.0
22141	44282000.0	4.0
22142	44284000.0	4.0
22143	44286000.0	3.0
22144	44288000.0	8.0
22145	44290000.0	5.0
22146	44292000.0	9.0
22147	44294000.0	3.0
22148	44296000.0	9.0
22149	44298000.0	6.0
22150	44300000.0	9.0
22151	44302000.0	6.0
22152	44304000.0	1.0
22153	44306000.0	2.0
22154	44308000.0	7.0
22155	44310000.0	10.0
22156	44312000.0	8.0
22157	44314000.0	11.0
22158	44316000.0	2.0
22159	44318000.0	6.0
22160	44320000.0	8.0
22161	44322000.0	6.0
22162	44324000.0	4.0
22163	44326000.0	6.0
22164	44328000.0	8.0
22165	44330000.0	4.0
22166	44332000.0	6.0
22167	44334000.0	8.0
22168	44336000.0	13.0
22169	44338000.0	2.0
22170	44340000.0	6.0
22171	44342000.0	7.0
22172	44344000.0	4.0
22173	44346000.0	4.0
22174	44348000.0	4.0
22175	44350000.0	4.0
22176	44352000.0	5.0
22177	44354000.0	5.0
22178	44356000.0	2.0
22179	44358000.0	6.0
22180	44360000.0	3.0
22181	44362000.0	5.0
22182	44364000.0	8.0
22183	44366000.0	7.0
22184	44368000.0	2.0
22185	44370000.0	12.0
22186	44372000.0	4.0
22187	44374000.0	4.0
22188	44376000.0	7.0
22189	44378000.0	13.0
22190	44380000.0	5.0
22191	44382000.0	3.0
22192	44384000.0	7.0
22193	44386000.0	5.0
22194	44388000.0	6.0
22195	44390000.0	4.0
22196	44392000.0	4.0
22197	44394000.0	6.0
22198	44396000.0	9.0
22199	44398000.0	7.0
22200	44400000.0	11.0
22201	44402000.0	8.0
22202	44404000.0	3.0
22203	44406000.0	9.0
22204	44408000.0	4.0
22205	44410000.0	8.0
22206	44412000.0	1.0
22207	44414000.0	3.0
22208	44416000.0	4.0
22209	44418000.0	7.0
22210	44420000.0	5.0
22211	44422000.0	5.0
22212	44424000.0	2.0
22213	44426000.0	6.0
22214	44428000.0	9.0
22215	44430000.0	6.0
22216	44432000.0	4.0
22217	44434000.0	7.0
22218	44436000.0	6.0
22219	44438000.0	5.0
22220	44440000.0	5.0
22221	44442000.0	7.0
22222	44444000.0	5.0
22223	44446000.0	3.0
22224	44448000.0	3.0
22225	44450000.0	9.0
22226	44452000.0	6.0
22227	44454000.0	4.0
22228	44456000.0	8.0
22229	44458000.0	4.0
22230	44460000.0	7.0
22231	44462000.0	12.0
22232	44464000.0	4.0
22233	44466000.0	3.0
22234	44468000.0	6.0
22235	44470000.0	3.0
22236	44472000.0	5.0
22237	44474000.0	6.0
22238	44476000.0	5.0
22239	44478000.0	5.0
22240	44480000.0	11.0
22241	44482000.0	4.0
22242	44484000.0	5.0
22243	44486000.0	5.0
22244	44488000.0	5.0
22245	44490000.0	3.0
22246	44492000.0	6.0
22247	44494000.0	8.0
22248	44496000.0	6.0
22249	44498000.0	5.0
22250	44500000.0	6.0
22251	44502000.0	6.0
22252	44504000.0	3.0
22253	44506000.0	9.0
22254	44508000.0	10.0
22255	44510000.0	7.0
22256	44512000.0	3.0
22257	44514000.0	1.0
22258	44516000.0	6.0
22259	44518000.0	3.0
22260	44520000.0	4.0
22261	44522000.0	3.0
22262	44524000.0	7.0
22263	44526000.0	4.0
22264	44528000.0	11.0
22265	44530000.0	3.0
22266	44532000.0	3.0
22267	44534000.0	9.0
22268	44536000.0	8.0
22269	44538000.0	6.0
22270	44540000.0	5.0
22271	44542000.0	5.0
22272	44544000.0	4.0
22273	44546000.0	12.0
22274	44548000.0	8.0
22275	44550000.0	6.0
22276	44552000.0	8.0
22277	44554000.0	4.0
22278	44556000.0	5.0
22279	44558000.0	3.0
22280	44560000.0	6.0
22281	44562000.0	6.0
22282	44564000.0	5.0
22283	44566000.0	6.0
22284	44568000.0	3.0
22285	44570000.0	11.0
22286	44572000.0	3.0
22287	44574000.0	10.0
22288	44576000.0	7.0
22289	44578000.0	5.0
22290	44580000.0	10.0
22291	44582000.0	7.0
22292	44584000.0	9.0
22293	44586000.0	5.0
22294	44588000.0	6.0
22295	44590000.0	8.0
22296	44592000.0	6.0
22297	44594000.0	8.0
22298	44596000.0	2.0
22299	44598000.0	9.0
22300	44600000.0	6.0
22301	44602000.0	5.0
22302	44604000.0	9.0
22303	44606000.0	7.0
22304	44608000.0	5.0
22305	44610000.0	7.0
22306	44612000.0	8.0
22307	44614000.0	6.0
22308	44616000.0	11.0
22309	44618000.0	6.0
22310	44620000.0	7.0
22311	44622000.0	4.0
22312	44624000.0	8.0
22313	44626000.0	7.0
22314	44628000.0	4.0
22315	44630000.0	2.0
22316	44632000.0	9.0
22317	44634000.0	2.0
22318	44636000.0	10.0
22319	44638000.0	2.0
22320	44640000.0	7.0
22321	44642000.0	7.0
22322	44644000.0	3.0
22323	44646000.0	7.0
22324	44648000.0	3.0
22325	44650000.0	7.0
22326	44652000.0	8.0
22327	44654000.0	6.0
22328	44656000.0	5.0
22329	44658000.0	5.0
22330	44660000.0	3.0
22331	44662000.0	7.0
22332	44664000.0	7.0
22333	44666000.0	8.0
22334	44668000.0	4.0
22335	44670000.0	5.0
22336	44672000.0	5.0
22337	44674000.0	3.0
22338	44676000.0	5.0
22339	44678000.0	7.0
22340	44680000.0	6.0
22341	44682000.0	3.0
22342	44684000.0	8.0
22343	44686000.0	9.0
22344	44688000.0	6.0
22345	44690000.0	4.0
22346	44692000.0	4.0
22347	44694000.0	7.0
22348	44696000.0	7.0
22349	44698000.0	7.0
22350	44700000.0	4.0
22351	44702000.0	9.0
22352	44704000.0	8.0
22353	44706000.0	3.0
22354	44708000.0	6.0
22355	44710000.0	5.0
22356	44712000.0	9.0
22357	44714000.0	7.0
22358	44716000.0	11.0
22359	44718000.0	6.0
22360	44720000.0	1.0
22361	44722000.0	8.0
22362	44724000.0	4.0
22363	44726000.0	6.0
22364	44728000.0	8.0
22365	44730000.0	8.0
22366	44732000.0	5.0
22367	44734000.0	9.0
22368	44736000.0	8.0
22369	44738000.0	10.0
22370	44740000.0	9.0
22371	44742000.0	12.0
22372	44744000.0	3.0
22373	44746000.0	10.0
22374	44748000.0	5.0
22375	44750000.0	4.0
22376	44752000.0	6.0
22377	44754000.0	9.0
22378	44756000.0	5.0
22379	44758000.0	6.0
22380	44760000.0	7.0
22381	44762000.0	5.0
22382	44764000.0	5.0
22383	44766000.0	6.0
22384	44768000.0	2.0
22385	44770000.0	7.0
22386	44772000.0	11.0
22387	44774000.0	7.0
22388	44776000.0	2.0
22389	44778000.0	4.0
22390	44780000.0	6.0
22391	44782000.0	5.0
22392	44784000.0	7.0
22393	44786000.0	7.0
22394	44788000.0	7.0
22395	44790000.0	7.0
22396	44792000.0	7.0
22397	44794000.0	7.0
22398	44796000.0	4.0
22399	44798000.0	2.0
22400	44800000.0	5.0
22401	44802000.0	8.0
22402	44804000.0	8.0
22403	44806000.0	13.0
22404	44808000.0	6.0
22405	44810000.0	6.0
22406	44812000.0	8.0
22407	44814000.0	8.0
22408	44816000.0	1.0
22409	44818000.0	5.0
22410	44820000.0	3.0
22411	44822000.0	6.0
22412	44824000.0	7.0
22413	44826000.0	6.0
22414	44828000.0	4.0
22415	44830000.0	2.0
22416	44832000.0	8.0
22417	44834000.0	6.0
22418	44836000.0	1.0
22419	44838000.0	6.0
22420	44840000.0	8.0
22421	44842000.0	7.0
22422	44844000.0	8.0
22423	44846000.0	9.0
22424	44848000.0	5.0
22425	44850000.0	6.0
22426	44852000.0	4.0
22427	44854000.0	7.0
22428	44856000.0	4.0
22429	44858000.0	7.0
22430	44860000.0	4.0
22431	44862000.0	10.0
22432	44864000.0	5.0
22433	44866000.0	4.0
22434	44868000.0	8.0
22435	44870000.0	8.0
22436	44872000.0	8.0
22437	44874000.0	5.0
22438	44876000.0	10.0
22439	44878000.0	6.0
22440	44880000.0	8.0
22441	44882000.0	6.0
22442	44884000.0	9.0
22443	44886000.0	3.0
22444	44888000.0	9.0
22445	44890000.0	4.0
22446	44892000.0	5.0
22447	44894000.0	10.0
22448	44896000.0	4.0
22449	44898000.0	5.0
22450	44900000.0	8.0
22451	44902000.0	4.0
22452	44904000.0	6.0
22453	44906000.0	7.0
22454	44908000.0	7.0
22455	44910000.0	4.0
22456	44912000.0	5.0
22457	44914000.0	4.0
22458	44916000.0	5.0
22459	44918000.0	4.0
22460	44920000.0	3.0
22461	44922000.0	6.0
22462	44924000.0	4.0
22463	44926000.0	4.0
22464	44928000.0	7.0
22465	44930000.0	4.0
22466	44932000.0	3.0
22467	44934000.0	15.0
22468	44936000.0	7.0
22469	44938000.0	5.0
22470	44940000.0	9.0
22471	44942000.0	5.0
22472	44944000.0	3.0
22473	44946000.0	5.0
22474	44948000.0	3.0
22475	44950000.0	5.0
22476	44952000.0	6.0
22477	44954000.0	5.0
22478	44956000.0	7.0
22479	44958000.0	10.0
22480	44960000.0	9.0
22481	44962000.0	5.0
22482	44964000.0	1.0
22483	44966000.0	7.0
22484	44968000.0	2.0
22485	44970000.0	3.0
22486	44972000.0	7.0
22487	44974000.0	9.0
22488	44976000.0	8.0
22489	44978000.0	7.0
22490	44980000.0	1.0
22491	44982000.0	7.0
22492	44984000.0	8.0
22493	44986000.0	7.0
22494	44988000.0	4.0
22495	44990000.0	7.0
22496	44992000.0	7.0
22497	44994000.0	5.0
22498	44996000.0	4.0
22499	44998000.0	11.0
22500	45000000.0	6.0
22501	45002000.0	8.0
22502	45004000.0	4.0
22503	45006000.0	5.0
22504	45008000.0	7.0
22505	45010000.0	6.0
22506	45012000.0	9.0
22507	45014000.0	3.0
22508	45016000.0	4.0
22509	45018000.0	9.0
22510	45020000.0	6.0
22511	45022000.0	7.0
22512	45024000.0	4.0
22513	45026000.0	5.0
22514	45028000.0	5.0
22515	45030000.0	6.0
22516	45032000.0	5.0
22517	45034000.0	8.0
22518	45036000.0	7.0
22519	45038000.0	5.0
22520	45040000.0	10.0
22521	45042000.0	5.0
22522	45044000.0	4.0
22523	45046000.0	3.0
22524	45048000.0	7.0
22525	45050000.0	3.0
22526	45052000.0	5.0
22527	45054000.0	9.0
22528	45056000.0	9.0
22529	45058000.0	8.0
22530	45060000.0	6.0
22531	45062000.0	8.0
22532	45064000.0	8.0
22533	45066000.0	10.0
22534	45068000.0	1.0
22535	45070000.0	4.0
22536	45072000.0	4.0
22537	45074000.0	5.0
22538	45076000.0	6.0
22539	45078000.0	6.0
22540	45080000.0	5.0
22541	45082000.0	6.0
22542	45084000.0	7.0
22543	45086000.0	7.0
22544	45088000.0	9.0
22545	45090000.0	4.0
22546	45092000.0	7.0
22547	45094000.0	10.0
22548	45096000.0	4.0
22549	45098000.0	8.0
22550	45100000.0	7.0
22551	45102000.0	4.0
22552	45104000.0	6.0
22553	45106000.0	6.0
22554	45108000.0	3.0
22555	45110000.0	5.0
22556	45112000.0	8.0
22557	45114000.0	7.0
22558	45116000.0	5.0
22559	45118000.0	3.0
22560	45120000.0	8.0
22561	45122000.0	6.0
22562	45124000.0	10.0
22563	45126000.0	9.0
22564	45128000.0	4.0
22565	45130000.0	4.0
22566	45132000.0	7.0
22567	45134000.0	7.0
22568	45136000.0	13.0
22569	45138000.0	7.0
22570	45140000.0	11.0
22571	45142000.0	6.0
22572	45144000.0	2.0
22573	45146000.0	7.0
22574	45148000.0	1.0
22575	45150000.0	6.0
22576	45152000.0	6.0
22577	45154000.0	5.0
22578	45156000.0	2.0
22579	45158000.0	4.0
22580	45160000.0	4.0
22581	45162000.0	8.0
22582	45164000.0	4.0
22583	45166000.0	10.0
22584	45168000.0	6.0
22585	45170000.0	9.0
22586	45172000.0	8.0
22587	45174000.0	9.0
22588	45176000.0	7.0
22589	45178000.0	4.0
22590	45180000.0	5.0
22591	45182000.0	4.0
22592	45184000.0	5.0
22593	45186000.0	5.0
22594	45188000.0	3.0
22595	45190000.0	8.0
22596	45192000.0	7.0
22597	45194000.0	5.0
22598	45196000.0	5.0
22599	45198000.0	4.0
22600	45200000.0	8.0
22601	45202000.0	7.0
22602	45204000.0	8.0
22603	45206000.0	5.0
22604	45208000.0	5.0
22605	45210000.0	10.0
22606	45212000.0	5.0
22607	45214000.0	7.0
22608	45216000.0	7.0
22609	45218000.0	5.0
22610	45220000.0	5.0
22611	45222000.0	8.0
22612	45224000.0	8.0
22613	45226000.0	8.0
22614	45228000.0	2.0
22615	45230000.0	3.0
22616	45232000.0	3.0
22617	45234000.0	8.0
22618	45236000.0	7.0
22619	45238000.0	7.0
22620	45240000.0	7.0
22621	45242000.0	1.0
22622	45244000.0	7.0
22623	45246000.0	5.0
22624	45248000.0	6.0
22625	45250000.0	1.0
22626	45252000.0	9.0
22627	45254000.0	3.0
22628	45256000.0	4.0
22629	45258000.0	6.0
22630	45260000.0	2.0
22631	45262000.0	2.0
22632	45264000.0	6.0
22633	45266000.0	3.0
22634	45268000.0	4.0
22635	45270000.0	6.0
22636	45272000.0	3.0
22637	45274000.0	6.0
22638	45276000.0	5.0
22639	45278000.0	5.0
22640	45280000.0	11.0
22641	45282000.0	5.0
22642	45284000.0	5.0
22643	45286000.0	4.0
22644	45288000.0	9.0
22645	45290000.0	7.0
22646	45292000.0	5.0
22647	45294000.0	7.0
22648	45296000.0	10.0
22649	45298000.0	7.0
22650	45300000.0	6.0
22651	45302000.0	6.0
22652	45304000.0	3.0
22653	45306000.0	4.0
22654	45308000.0	5.0
22655	45310000.0	8.0
22656	45312000.0	5.0
22657	45314000.0	6.0
22658	45316000.0	8.0
22659	45318000.0	8.0
22660	45320000.0	6.0
22661	45322000.0	7.0
22662	45324000.0	9.0
22663	45326000.0	4.0
22664	45328000.0	4.0
22665	45330000.0	7.0
22666	45332000.0	5.0
22667	45334000.0	3.0
22668	45336000.0	7.0
22669	45338000.0	2.0
22670	45340000.0	8.0
22671	45342000.0	3.0
22672	45344000.0	4.0
22673	45346000.0	4.0
22674	45348000.0	8.0
22675	45350000.0	4.0
22676	45352000.0	6.0
22677	45354000.0	3.0
22678	45356000.0	8.0
22679	45358000.0	5.0
22680	45360000.0	9.0
22681	45362000.0	2.0
22682	45364000.0	4.0
22683	45366000.0	3.0
22684	45368000.0	1.0
22685	45370000.0	6.0
22686	45372000.0	7.0
22687	45374000.0	6.0
22688	45376000.0	1.0
22689	45378000.0	5.0
22690	45380000.0	7.0
22691	45382000.0	5.0
22692	45384000.0	1.0
22693	45386000.0	5.0
22694	45388000.0	5.0
22695	45390000.0	8.0
22696	45392000.0	6.0
22697	45394000.0	5.0
22698	45396000.0	6.0
22699	45398000.0	6.0
22700	45400000.0	6.0
22701	45402000.0	7.0
22702	45404000.0	4.0
22703	45406000.0	13.0
22704	45408000.0	8.0
22705	45410000.0	6.0
22706	45412000.0	4.0
22707	45414000.0	6.0
22708	45416000.0	6.0
22709	45418000.0	6.0
22710	45420000.0	5.0
22711	45422000.0	6.0
22712	45424000.0	4.0
22713	45426000.0	7.0
22714	45428000.0	5.0
22715	45430000.0	6.0
22716	45432000.0	4.0
22717	45434000.0	5.0
22718	45436000.0	4.0
22719	45438000.0	4.0
22720	45440000.0	3.0
22721	45442000.0	5.0
22722	45444000.0	4.0
22723	45446000.0	8.0
22724	45448000.0	5.0
22725	45450000.0	10.0
22726	45452000.0	8.0
22727	45454000.0	7.0
22728	45456000.0	7.0
22729	45458000.0	5.0
22730	45460000.0	4.0
22731	45462000.0	4.0
22732	45464000.0	9.0
22733	45466000.0	10.0
22734	45468000.0	6.0
22735	45470000.0	4.0
22736	45472000.0	10.0
22737	45474000.0	4.0
22738	45476000.0	7.0
22739	45478000.0	12.0
22740	45480000.0	3.0
22741	45482000.0	6.0
22742	45484000.0	5.0
22743	45486000.0	7.0
22744	45488000.0	3.0
22745	45490000.0	6.0
22746	45492000.0	4.0
22747	45494000.0	6.0
22748	45496000.0	5.0
22749	45498000.0	1.0
22750	45500000.0	9.0
22751	45502000.0	4.0
22752	45504000.0	4.0
22753	45506000.0	9.0
22754	45508000.0	11.0
22755	45510000.0	2.0
22756	45512000.0	12.0
22757	45514000.0	5.0
22758	45516000.0	6.0
22759	45518000.0	3.0
22760	45520000.0	5.0
22761	45522000.0	4.0
22762	45524000.0	3.0
22763	45526000.0	3.0
22764	45528000.0	6.0
22765	45530000.0	6.0
22766	45532000.0	7.0
22767	45534000.0	2.0
22768	45536000.0	5.0
22769	45538000.0	3.0
22770	45540000.0	6.0
22771	45542000.0	7.0
22772	45544000.0	12.0
22773	45546000.0	9.0
22774	45548000.0	10.0
22775	45550000.0	6.0
22776	45552000.0	6.0
22777	45554000.0	3.0
22778	45556000.0	4.0
22779	45558000.0	3.0
22780	45560000.0	7.0
22781	45562000.0	7.0
22782	45564000.0	10.0
22783	45566000.0	5.0
22784	45568000.0	6.0
22785	45570000.0	8.0
22786	45572000.0	7.0
22787	45574000.0	5.0
22788	45576000.0	3.0
22789	45578000.0	4.0
22790	45580000.0	11.0
22791	45582000.0	4.0
22792	45584000.0	5.0
22793	45586000.0	7.0
22794	45588000.0	2.0
22795	45590000.0	4.0
22796	45592000.0	6.0
22797	45594000.0	10.0
22798	45596000.0	4.0
22799	45598000.0	5.0
22800	45600000.0	5.0
22801	45602000.0	4.0
22802	45604000.0	2.0
22803	45606000.0	6.0
22804	45608000.0	8.0
22805	45610000.0	5.0
22806	45612000.0	5.0
22807	45614000.0	5.0
22808	45616000.0	6.0
22809	45618000.0	5.0
22810	45620000.0	7.0
22811	45622000.0	3.0
22812	45624000.0	7.0
22813	45626000.0	3.0
22814	45628000.0	8.0
22815	45630000.0	11.0
22816	45632000.0	4.0
22817	45634000.0	6.0
22818	45636000.0	13.0
22819	45638000.0	5.0
22820	45640000.0	3.0
22821	45642000.0	5.0
22822	45644000.0	7.0
22823	45646000.0	2.0
22824	45648000.0	8.0
22825	45650000.0	8.0
22826	45652000.0	5.0
22827	45654000.0	6.0
22828	45656000.0	6.0
22829	45658000.0	10.0
22830	45660000.0	3.0
22831	45662000.0	3.0
22832	45664000.0	6.0
22833	45666000.0	2.0
22834	45668000.0	3.0
22835	45670000.0	5.0
22836	45672000.0	2.0
22837	45674000.0	6.0
22838	45676000.0	8.0
22839	45678000.0	4.0
22840	45680000.0	7.0
22841	45682000.0	5.0
22842	45684000.0	4.0
22843	45686000.0	11.0
22844	45688000.0	11.0
22845	45690000.0	3.0
22846	45692000.0	4.0
22847	45694000.0	2.0
22848	45696000.0	13.0
22849	45698000.0	4.0
22850	45700000.0	11.0
22851	45702000.0	5.0
22852	45704000.0	7.0
22853	45706000.0	4.0
22854	45708000.0	14.0
22855	45710000.0	8.0
22856	45712000.0	4.0
22857	45714000.0	7.0
22858	45716000.0	6.0
22859	45718000.0	10.0
22860	45720000.0	11.0
22861	45722000.0	6.0
22862	45724000.0	4.0
22863	45726000.0	6.0
22864	45728000.0	8.0
22865	45730000.0	5.0
22866	45732000.0	3.0
22867	45734000.0	3.0
22868	45736000.0	7.0
22869	45738000.0	3.0
22870	45740000.0	8.0
22871	45742000.0	2.0
22872	45744000.0	8.0
22873	45746000.0	6.0
22874	45748000.0	2.0
22875	45750000.0	3.0
22876	45752000.0	9.0
22877	45754000.0	5.0
22878	45756000.0	11.0
22879	45758000.0	5.0
22880	45760000.0	6.0
22881	45762000.0	4.0
22882	45764000.0	4.0
22883	45766000.0	8.0
22884	45768000.0	8.0
22885	45770000.0	7.0
22886	45772000.0	4.0
22887	45774000.0	10.0
22888	45776000.0	4.0
22889	45778000.0	5.0
22890	45780000.0	11.0
22891	45782000.0	4.0
22892	45784000.0	6.0
22893	45786000.0	2.0
22894	45788000.0	2.0
22895	45790000.0	6.0
22896	45792000.0	5.0
22897	45794000.0	5.0
22898	45796000.0	4.0
22899	45798000.0	2.0
22900	45800000.0	5.0
22901	45802000.0	4.0
22902	45804000.0	4.0
22903	45806000.0	8.0
22904	45808000.0	10.0
22905	45810000.0	2.0
22906	45812000.0	2.0
22907	45814000.0	6.0
22908	45816000.0	6.0
22909	45818000.0	6.0
22910	45820000.0	8.0
22911	45822000.0	5.0
22912	45824000.0	8.0
22913	45826000.0	7.0
22914	45828000.0	1.0
22915	45830000.0	8.0
22916	45832000.0	7.0
22917	45834000.0	7.0
22918	45836000.0	6.0
22919	45838000.0	9.0
22920	45840000.0	11.0
22921	45842000.0	5.0
22922	45844000.0	9.0
22923	45846000.0	7.0
22924	45848000.0	1.0
22925	45850000.0	8.0
22926	45852000.0	2.0
22927	45854000.0	5.0
22928	45856000.0	5.0
22929	45858000.0	6.0
22930	45860000.0	7.0
22931	45862000.0	4.0
22932	45864000.0	7.0
22933	45866000.0	3.0
22934	45868000.0	6.0
22935	45870000.0	5.0
22936	45872000.0	10.0
22937	45874000.0	5.0
22938	45876000.0	7.0
22939	45878000.0	4.0
22940	45880000.0	4.0
22941	45882000.0	8.0
22942	45884000.0	2.0
22943	45886000.0	4.0
22944	45888000.0	7.0
22945	45890000.0	11.0
22946	45892000.0	5.0
22947	45894000.0	8.0
22948	45896000.0	6.0
22949	45898000.0	4.0
22950	45900000.0	6.0
22951	45902000.0	10.0
22952	45904000.0	7.0
22953	45906000.0	5.0
22954	45908000.0	4.0
22955	45910000.0	3.0
22956	45912000.0	7.0
22957	45914000.0	9.0
22958	45916000.0	8.0
22959	45918000.0	3.0
22960	45920000.0	3.0
22961	45922000.0	6.0
22962	45924000.0	4.0
22963	45926000.0	7.0
22964	45928000.0	2.0
22965	45930000.0	2.0
22966	45932000.0	5.0
22967	45934000.0	4.0
22968	45936000.0	2.0
22969	45938000.0	8.0
22970	45940000.0	3.0
22971	45942000.0	9.0
22972	45944000.0	7.0
22973	45946000.0	7.0
22974	45948000.0	12.0
22975	45950000.0	7.0
22976	45952000.0	6.0
22977	45954000.0	3.0
22978	45956000.0	9.0
22979	45958000.0	8.0
22980	45960000.0	5.0
22981	45962000.0	3.0
22982	45964000.0	9.0
22983	45966000.0	7.0
22984	45968000.0	5.0
22985	45970000.0	5.0
22986	45972000.0	4.0
22987	45974000.0	6.0
22988	45976000.0	5.0
22989	45978000.0	8.0
22990	45980000.0	3.0
22991	45982000.0	5.0
22992	45984000.0	2.0
22993	45986000.0	9.0
22994	45988000.0	4.0
22995	45990000.0	3.0
22996	45992000.0	9.0
22997	45994000.0	8.0
22998	45996000.0	7.0
22999	45998000.0	4.0
23000	46000000.0	1.0
23001	46002000.0	4.0
23002	46004000.0	6.0
23003	46006000.0	8.0
23004	46008000.0	4.0
23005	46010000.0	4.0
23006	46012000.0	2.0
23007	46014000.0	5.0
23008	46016000.0	8.0
23009	46018000.0	4.0
23010	46020000.0	5.0
23011	46022000.0	3.0
23012	46024000.0	5.0
23013	46026000.0	4.0
23014	46028000.0	5.0
23015	46030000.0	2.0
23016	46032000.0	5.0
23017	46034000.0	10.0
23018	46036000.0	5.0
23019	46038000.0	2.0
23020	46040000.0	6.0
23021	46042000.0	3.0
23022	46044000.0	6.0
23023	46046000.0	5.0
23024	46048000.0	6.0
23025	46050000.0	6.0
23026	46052000.0	3.0
23027	46054000.0	5.0
23028	46056000.0	6.0
23029	46058000.0	7.0
23030	46060000.0	4.0
23031	46062000.0	5.0
23032	46064000.0	5.0
23033	46066000.0	6.0
23034	46068000.0	7.0
23035	46070000.0	5.0
23036	46072000.0	6.0
23037	46074000.0	7.0
23038	46076000.0	10.0
23039	46078000.0	4.0
23040	46080000.0	9.0
23041	46082000.0	8.0
23042	46084000.0	3.0
23043	46086000.0	5.0
23044	46088000.0	6.0
23045	46090000.0	7.0
23046	46092000.0	6.0
23047	46094000.0	5.0
23048	46096000.0	3.0
23049	46098000.0	8.0
23050	46100000.0	2.0
23051	46102000.0	5.0
23052	46104000.0	6.0
23053	46106000.0	6.0
23054	46108000.0	4.0
23055	46110000.0	8.0
23056	46112000.0	4.0
23057	46114000.0	4.0
23058	46116000.0	9.0
23059	46118000.0	4.0
23060	46120000.0	7.0
23061	46122000.0	6.0
23062	46124000.0	4.0
23063	46126000.0	5.0
23064	46128000.0	3.0
23065	46130000.0	4.0
23066	46132000.0	8.0
23067	46134000.0	12.0
23068	46136000.0	8.0
23069	46138000.0	3.0
23070	46140000.0	5.0
23071	46142000.0	8.0
23072	46144000.0	4.0
23073	46146000.0	6.0
23074	46148000.0	8.0
23075	46150000.0	2.0
23076	46152000.0	12.0
23077	46154000.0	6.0
23078	46156000.0	6.0
23079	46158000.0	6.0
23080	46160000.0	3.0
23081	46162000.0	5.0
23082	46164000.0	4.0
23083	46166000.0	6.0
23084	46168000.0	2.0
23085	46170000.0	3.0
23086	46172000.0	7.0
23087	46174000.0	3.0
23088	46176000.0	5.0
23089	46178000.0	3.0
23090	46180000.0	6.0
23091	46182000.0	10.0
23092	46184000.0	8.0
23093	46186000.0	7.0
23094	46188000.0	4.0
23095	46190000.0	7.0
23096	46192000.0	3.0
23097	46194000.0	5.0
23098	46196000.0	8.0
23099	46198000.0	7.0
23100	46200000.0	6.0
23101	46202000.0	8.0
23102	46204000.0	2.0
23103	46206000.0	7.0
23104	46208000.0	5.0
23105	46210000.0	6.0
23106	46212000.0	7.0
23107	46214000.0	4.0
23108	46216000.0	4.0
23109	46218000.0	10.0
23110	46220000.0	7.0
23111	46222000.0	6.0
23112	46224000.0	11.0
23113	46226000.0	2.0
23114	46228000.0	4.0
23115	46230000.0	5.0
23116	46232000.0	6.0
23117	46234000.0	8.0
23118	46236000.0	8.0
23119	46238000.0	2.0
23120	46240000.0	6.0
23121	46242000.0	5.0
23122	46244000.0	8.0
23123	46246000.0	6.0
23124	46248000.0	6.0
23125	46250000.0	7.0
23126	46252000.0	7.0
23127	46254000.0	4.0
23128	46256000.0	3.0
23129	46258000.0	6.0
23130	46260000.0	4.0
23131	46262000.0	3.0
23132	46264000.0	5.0
23133	46266000.0	8.0
23134	46268000.0	4.0
23135	46270000.0	5.0
23136	46272000.0	4.0
23137	46274000.0	9.0
23138	46276000.0	3.0
23139	46278000.0	5.0
23140	46280000.0	2.0
23141	46282000.0	6.0
23142	46284000.0	3.0
23143	46286000.0	7.0
23144	46288000.0	5.0
23145	46290000.0	6.0
23146	46292000.0	3.0
23147	46294000.0	4.0
23148	46296000.0	4.0
23149	46298000.0	3.0
23150	46300000.0	3.0
23151	46302000.0	7.0
23152	46304000.0	7.0
23153	46306000.0	4.0
23154	46308000.0	3.0
23155	46310000.0	10.0
23156	46312000.0	5.0
23157	46314000.0	4.0
23158	46316000.0	9.0
23159	46318000.0	5.0
23160	46320000.0	1.0
23161	46322000.0	9.0
23162	46324000.0	10.0
23163	46326000.0	6.0
23164	46328000.0	6.0
23165	46330000.0	6.0
23166	46332000.0	4.0
23167	46334000.0	6.0
23168	46336000.0	6.0
23169	46338000.0	4.0
23170	46340000.0	3.0
23171	46342000.0	6.0
23172	46344000.0	4.0
23173	46346000.0	7.0
23174	46348000.0	10.0
23175	46350000.0	3.0
23176	46352000.0	2.0
23177	46354000.0	4.0
23178	46356000.0	6.0
23179	46358000.0	6.0
23180	46360000.0	8.0
23181	46362000.0	2.0
23182	46364000.0	6.0
23183	46366000.0	6.0
23184	46368000.0	7.0
23185	46370000.0	10.0
23186	46372000.0	5.0
23187	46374000.0	6.0
23188	46376000.0	5.0
23189	46378000.0	7.0
23190	46380000.0	3.0
23191	46382000.0	8.0
23192	46384000.0	2.0
23193	46386000.0	6.0
23194	46388000.0	10.0
23195	46390000.0	5.0
23196	46392000.0	4.0
23197	46394000.0	6.0
23198	46396000.0	4.0
23199	46398000.0	6.0
23200	46400000.0	7.0
23201	46402000.0	3.0
23202	46404000.0	7.0
23203	46406000.0	3.0
23204	46408000.0	6.0
23205	46410000.0	5.0
23206	46412000.0	7.0
23207	46414000.0	6.0
23208	46416000.0	7.0
23209	46418000.0	6.0
23210	46420000.0	9.0
23211	46422000.0	2.0
23212	46424000.0	11.0
23213	46426000.0	11.0
23214	46428000.0	10.0
23215	46430000.0	7.0
23216	46432000.0	4.0
23217	46434000.0	6.0
23218	46436000.0	4.0
23219	46438000.0	5.0
23220	46440000.0	8.0
23221	46442000.0	5.0
23222	46444000.0	9.0
23223	46446000.0	5.0
23224	46448000.0	6.0
23225	46450000.0	6.0
23226	46452000.0	6.0
23227	46454000.0	9.0
23228	46456000.0	8.0
23229	46458000.0	4.0
23230	46460000.0	9.0
23231	46462000.0	8.0
23232	46464000.0	11.0
23233	46466000.0	5.0
23234	46468000.0	7.0
23235	46470000.0	7.0
23236	46472000.0	7.0
23237	46474000.0	4.0
23238	46476000.0	7.0
23239	46478000.0	0.0
23240	46480000.0	3.0
23241	46482000.0	6.0
23242	46484000.0	7.0
23243	46486000.0	6.0
23244	46488000.0	2.0
23245	46490000.0	9.0
23246	46492000.0	9.0
23247	46494000.0	1.0
23248	46496000.0	10.0
23249	46498000.0	9.0
23250	46500000.0	5.0
23251	46502000.0	7.0
23252	46504000.0	4.0
23253	46506000.0	8.0
23254	46508000.0	8.0
23255	46510000.0	4.0
23256	46512000.0	6.0
23257	46514000.0	4.0
23258	46516000.0	5.0
23259	46518000.0	4.0
23260	46520000.0	3.0
23261	46522000.0	7.0
23262	46524000.0	6.0
23263	46526000.0	8.0
23264	46528000.0	4.0
23265	46530000.0	1.0
23266	46532000.0	7.0
23267	46534000.0	6.0
23268	46536000.0	7.0
23269	46538000.0	8.0
23270	46540000.0	10.0
23271	46542000.0	5.0
23272	46544000.0	6.0
23273	46546000.0	4.0
23274	46548000.0	3.0
23275	46550000.0	6.0
23276	46552000.0	7.0
23277	46554000.0	6.0
23278	46556000.0	6.0
23279	46558000.0	6.0
23280	46560000.0	11.0
23281	46562000.0	7.0
23282	46564000.0	11.0
23283	46566000.0	6.0
23284	46568000.0	11.0
23285	46570000.0	6.0
23286	46572000.0	4.0
23287	46574000.0	7.0
23288	46576000.0	6.0
23289	46578000.0	5.0
23290	46580000.0	8.0
23291	46582000.0	11.0
23292	46584000.0	10.0
23293	46586000.0	8.0
23294	46588000.0	5.0
23295	46590000.0	4.0
23296	46592000.0	5.0
23297	46594000.0	8.0
23298	46596000.0	5.0
23299	46598000.0	7.0
23300	46600000.0	7.0
23301	46602000.0	7.0
23302	46604000.0	6.0
23303	46606000.0	5.0
23304	46608000.0	5.0
23305	46610000.0	4.0
23306	46612000.0	5.0
23307	46614000.0	6.0
23308	46616000.0	4.0
23309	46618000.0	5.0
23310	46620000.0	6.0
23311	46622000.0	5.0
23312	46624000.0	4.0
23313	46626000.0	3.0
23314	46628000.0	2.0
23315	46630000.0	6.0
23316	46632000.0	4.0
23317	46634000.0	8.0
23318	46636000.0	2.0
23319	46638000.0	4.0
23320	46640000.0	7.0
23321	46642000.0	4.0
23322	46644000.0	6.0
23323	46646000.0	5.0
23324	46648000.0	5.0
23325	46650000.0	7.0
23326	46652000.0	2.0
23327	46654000.0	6.0
23328	46656000.0	2.0
23329	46658000.0	6.0
23330	46660000.0	8.0
23331	46662000.0	4.0
23332	46664000.0	11.0
23333	46666000.0	3.0
23334	46668000.0	8.0
23335	46670000.0	5.0
23336	46672000.0	3.0
23337	46674000.0	5.0
23338	46676000.0	7.0
23339	46678000.0	5.0
23340	46680000.0	10.0
23341	46682000.0	0.0
23342	46684000.0	7.0
23343	46686000.0	3.0
23344	46688000.0	5.0
23345	46690000.0	3.0
23346	46692000.0	8.0
23347	46694000.0	10.0
23348	46696000.0	5.0
23349	46698000.0	4.0
23350	46700000.0	4.0
23351	46702000.0	4.0
23352	46704000.0	3.0
23353	46706000.0	9.0
23354	46708000.0	5.0
23355	46710000.0	7.0
23356	46712000.0	7.0
23357	46714000.0	6.0
23358	46716000.0	3.0
23359	46718000.0	5.0
23360	46720000.0	5.0
23361	46722000.0	5.0
23362	46724000.0	5.0
23363	46726000.0	8.0
23364	46728000.0	7.0
23365	46730000.0	8.0
23366	46732000.0	3.0
23367	46734000.0	7.0
23368	46736000.0	7.0
23369	46738000.0	10.0
23370	46740000.0	6.0
23371	46742000.0	6.0
23372	46744000.0	3.0
23373	46746000.0	8.0
23374	46748000.0	6.0
23375	46750000.0	5.0
23376	46752000.0	8.0
23377	46754000.0	10.0
23378	46756000.0	6.0
23379	46758000.0	6.0
23380	46760000.0	5.0
23381	46762000.0	0.0
23382	46764000.0	6.0
23383	46766000.0	7.0
23384	46768000.0	6.0
23385	46770000.0	2.0
23386	46772000.0	5.0
23387	46774000.0	7.0
23388	46776000.0	5.0
23389	46778000.0	10.0
23390	46780000.0	6.0
23391	46782000.0	7.0
23392	46784000.0	5.0
23393	46786000.0	8.0
23394	46788000.0	5.0
23395	46790000.0	10.0
23396	46792000.0	4.0
23397	46794000.0	7.0
23398	46796000.0	11.0
23399	46798000.0	7.0
23400	46800000.0	8.0
23401	46802000.0	4.0
23402	46804000.0	3.0
23403	46806000.0	7.0
23404	46808000.0	1.0
23405	46810000.0	5.0
23406	46812000.0	6.0
23407	46814000.0	10.0
23408	46816000.0	5.0
23409	46818000.0	3.0
23410	46820000.0	5.0
23411	46822000.0	4.0
23412	46824000.0	5.0
23413	46826000.0	4.0
23414	46828000.0	4.0
23415	46830000.0	8.0
23416	46832000.0	9.0
23417	46834000.0	12.0
23418	46836000.0	4.0
23419	46838000.0	2.0
23420	46840000.0	5.0
23421	46842000.0	1.0
23422	46844000.0	7.0
23423	46846000.0	6.0
23424	46848000.0	5.0
23425	46850000.0	4.0
23426	46852000.0	6.0
23427	46854000.0	5.0
23428	46856000.0	5.0
23429	46858000.0	2.0
23430	46860000.0	7.0
23431	46862000.0	5.0
23432	46864000.0	6.0
23433	46866000.0	3.0
23434	46868000.0	10.0
23435	46870000.0	5.0
23436	46872000.0	3.0
23437	46874000.0	3.0
23438	46876000.0	3.0
23439	46878000.0	4.0
23440	46880000.0	12.0
23441	46882000.0	8.0
23442	46884000.0	6.0
23443	46886000.0	3.0
23444	46888000.0	4.0
23445	46890000.0	7.0
23446	46892000.0	5.0
23447	46894000.0	3.0
23448	46896000.0	5.0
23449	46898000.0	5.0
23450	46900000.0	4.0
23451	46902000.0	4.0
23452	46904000.0	8.0
23453	46906000.0	7.0
23454	46908000.0	8.0
23455	46910000.0	5.0
23456	46912000.0	4.0
23457	46914000.0	7.0
23458	46916000.0	6.0
23459	46918000.0	3.0
23460	46920000.0	2.0
23461	46922000.0	7.0
23462	46924000.0	8.0
23463	46926000.0	4.0
23464	46928000.0	7.0
23465	46930000.0	4.0
23466	46932000.0	5.0
23467	46934000.0	9.0
23468	46936000.0	4.0
23469	46938000.0	5.0
23470	46940000.0	8.0
23471	46942000.0	3.0
23472	46944000.0	8.0
23473	46946000.0	6.0
23474	46948000.0	4.0
23475	46950000.0	9.0
23476	46952000.0	3.0
23477	46954000.0	7.0
23478	46956000.0	4.0
23479	46958000.0	4.0
23480	46960000.0	1.0
23481	46962000.0	6.0
23482	46964000.0	7.0
23483	46966000.0	4.0
23484	46968000.0	11.0
23485	46970000.0	6.0
23486	46972000.0	5.0
23487	46974000.0	8.0
23488	46976000.0	4.0
23489	46978000.0	12.0
23490	46980000.0	10.0
23491	46982000.0	9.0
23492	46984000.0	6.0
23493	46986000.0	7.0
23494	46988000.0	5.0
23495	46990000.0	4.0
23496	46992000.0	2.0
23497	46994000.0	6.0
23498	46996000.0	3.0
23499	46998000.0	5.0
23500	47000000.0	6.0
23501	47002000.0	7.0
23502	47004000.0	14.0
23503	47006000.0	7.0
23504	47008000.0	4.0
23505	47010000.0	14.0
23506	47012000.0	4.0
23507	47014000.0	3.0
23508	47016000.0	7.0
23509	47018000.0	6.0
23510	47020000.0	7.0
23511	47022000.0	5.0
23512	47024000.0	3.0
23513	47026000.0	7.0
23514	47028000.0	4.0
23515	47030000.0	5.0
23516	47032000.0	4.0
23517	47034000.0	2.0
23518	47036000.0	7.0
23519	47038000.0	4.0
23520	47040000.0	7.0
23521	47042000.0	7.0
23522	47044000.0	4.0
23523	47046000.0	7.0
23524	47048000.0	11.0
23525	47050000.0	8.0
23526	47052000.0	8.0
23527	47054000.0	4.0
23528	47056000.0	4.0
23529	47058000.0	2.0
23530	47060000.0	8.0
23531	47062000.0	8.0
23532	47064000.0	5.0
23533	47066000.0	5.0
23534	47068000.0	4.0
23535	47070000.0	3.0
23536	47072000.0	10.0
23537	47074000.0	4.0
23538	47076000.0	3.0
23539	47078000.0	3.0
23540	47080000.0	0.0
23541	47082000.0	4.0
23542	47084000.0	4.0
23543	47086000.0	6.0
23544	47088000.0	5.0
23545	47090000.0	9.0
23546	47092000.0	7.0
23547	47094000.0	3.0
23548	47096000.0	4.0
23549	47098000.0	4.0
23550	47100000.0	4.0
23551	47102000.0	5.0
23552	47104000.0	3.0
23553	47106000.0	5.0
23554	47108000.0	7.0
23555	47110000.0	7.0
23556	47112000.0	3.0
23557	47114000.0	4.0
23558	47116000.0	6.0
23559	47118000.0	7.0
23560	47120000.0	9.0
23561	47122000.0	2.0
23562	47124000.0	12.0
23563	47126000.0	2.0
23564	47128000.0	10.0
23565	47130000.0	8.0
23566	47132000.0	7.0
23567	47134000.0	8.0
23568	47136000.0	2.0
23569	47138000.0	5.0
23570	47140000.0	8.0
23571	47142000.0	5.0
23572	47144000.0	4.0
23573	47146000.0	8.0
23574	47148000.0	2.0
23575	47150000.0	6.0
23576	47152000.0	6.0
23577	47154000.0	5.0
23578	47156000.0	4.0
23579	47158000.0	7.0
23580	47160000.0	7.0
23581	47162000.0	1.0
23582	47164000.0	10.0
23583	47166000.0	7.0
23584	47168000.0	6.0
23585	47170000.0	3.0
23586	47172000.0	2.0
23587	47174000.0	4.0
23588	47176000.0	8.0
23589	47178000.0	5.0
23590	47180000.0	5.0
23591	47182000.0	6.0
23592	47184000.0	7.0
23593	47186000.0	10.0
23594	47188000.0	5.0
23595	47190000.0	2.0
23596	47192000.0	6.0
23597	47194000.0	9.0
23598	47196000.0	7.0
23599	47198000.0	7.0
23600	47200000.0	6.0
23601	47202000.0	3.0
23602	47204000.0	5.0
23603	47206000.0	6.0
23604	47208000.0	6.0
23605	47210000.0	5.0
23606	47212000.0	6.0
23607	47214000.0	5.0
23608	47216000.0	4.0
23609	47218000.0	12.0
23610	47220000.0	9.0
23611	47222000.0	2.0
23612	47224000.0	6.0
23613	47226000.0	4.0
23614	47228000.0	4.0
23615	47230000.0	3.0
23616	47232000.0	3.0
23617	47234000.0	7.0
23618	47236000.0	4.0
23619	47238000.0	3.0
23620	47240000.0	8.0
23621	47242000.0	6.0
23622	47244000.0	5.0
23623	47246000.0	5.0
23624	47248000.0	5.0
23625	47250000.0	7.0
23626	47252000.0	4.0
23627	47254000.0	9.0
23628	47256000.0	3.0
23629	47258000.0	4.0
23630	47260000.0	4.0
23631	47262000.0	6.0
23632	47264000.0	3.0
23633	47266000.0	4.0
23634	47268000.0	2.0
23635	47270000.0	6.0
23636	47272000.0	4.0
23637	47274000.0	5.0
23638	47276000.0	4.0
23639	47278000.0	8.0
23640	47280000.0	9.0
23641	47282000.0	7.0
23642	47284000.0	4.0
23643	47286000.0	4.0
23644	47288000.0	7.0
23645	47290000.0	3.0
23646	47292000.0	8.0
23647	47294000.0	7.0
23648	47296000.0	4.0
23649	47298000.0	4.0
23650	47300000.0	4.0
23651	47302000.0	3.0
23652	47304000.0	3.0
23653	47306000.0	9.0
23654	47308000.0	6.0
23655	47310000.0	4.0
23656	47312000.0	8.0
23657	47314000.0	4.0
23658	47316000.0	2.0
23659	47318000.0	6.0
23660	47320000.0	8.0
23661	47322000.0	5.0
23662	47324000.0	4.0
23663	47326000.0	5.0
23664	47328000.0	7.0
23665	47330000.0	6.0
23666	47332000.0	8.0
23667	47334000.0	5.0
23668	47336000.0	6.0
23669	47338000.0	8.0
23670	47340000.0	9.0
23671	47342000.0	8.0
23672	47344000.0	6.0
23673	47346000.0	8.0
23674	47348000.0	4.0
23675	47350000.0	4.0
23676	47352000.0	4.0
23677	47354000.0	8.0
23678	47356000.0	2.0
23679	47358000.0	3.0
23680	47360000.0	4.0
23681	47362000.0	5.0
23682	47364000.0	7.0
23683	47366000.0	6.0
23684	47368000.0	6.0
23685	47370000.0	7.0
23686	47372000.0	4.0
23687	47374000.0	7.0
23688	47376000.0	6.0
23689	47378000.0	4.0
23690	47380000.0	6.0
23691	47382000.0	4.0
23692	47384000.0	3.0
23693	47386000.0	2.0
23694	47388000.0	4.0
23695	47390000.0	3.0
23696	47392000.0	4.0
23697	47394000.0	3.0
23698	47396000.0	2.0
23699	47398000.0	7.0
23700	47400000.0	2.0
23701	47402000.0	8.0
23702	47404000.0	4.0
23703	47406000.0	4.0
23704	47408000.0	4.0
23705	47410000.0	5.0
23706	47412000.0	5.0
23707	47414000.0	4.0
23708	47416000.0	1.0
23709	47418000.0	7.0
23710	47420000.0	3.0
23711	47422000.0	3.0
23712	47424000.0	7.0
23713	47426000.0	7.0
23714	47428000.0	10.0
23715	47430000.0	7.0
23716	47432000.0	6.0
23717	47434000.0	3.0
23718	47436000.0	5.0
23719	47438000.0	4.0
23720	47440000.0	3.0
23721	47442000.0	3.0
23722	47444000.0	7.0
23723	47446000.0	4.0
23724	47448000.0	7.0
23725	47450000.0	5.0
23726	47452000.0	10.0
23727	47454000.0	2.0
23728	47456000.0	5.0
23729	47458000.0	6.0
23730	47460000.0	1.0
23731	47462000.0	3.0
23732	47464000.0	4.0
23733	47466000.0	9.0
23734	47468000.0	5.0
23735	47470000.0	6.0
23736	47472000.0	4.0
23737	47474000.0	7.0
23738	47476000.0	4.0
23739	47478000.0	11.0
23740	47480000.0	6.0
23741	47482000.0	7.0
23742	47484000.0	5.0
23743	47486000.0	8.0
23744	47488000.0	3.0
23745	47490000.0	5.0
23746	47492000.0	5.0
23747	47494000.0	6.0
23748	47496000.0	4.0
23749	47498000.0	7.0
23750	47500000.0	7.0
23751	47502000.0	7.0
23752	47504000.0	4.0
23753	47506000.0	5.0
23754	47508000.0	5.0
23755	47510000.0	11.0
23756	47512000.0	7.0
23757	47514000.0	6.0
23758	47516000.0	8.0
23759	47518000.0	4.0
23760	47520000.0	8.0
23761	47522000.0	3.0
23762	47524000.0	12.0
23763	47526000.0	3.0
23764	47528000.0	2.0
23765	47530000.0	5.0
23766	47532000.0	4.0
23767	47534000.0	5.0
23768	47536000.0	6.0
23769	47538000.0	6.0
23770	47540000.0	4.0
23771	47542000.0	5.0
23772	47544000.0	3.0
23773	47546000.0	12.0
23774	47548000.0	13.0
23775	47550000.0	6.0
23776	47552000.0	5.0
23777	47554000.0	3.0
23778	47556000.0	2.0
23779	47558000.0	4.0
23780	47560000.0	7.0
23781	47562000.0	5.0
23782	47564000.0	3.0
23783	47566000.0	3.0
23784	47568000.0	7.0
23785	47570000.0	7.0
23786	47572000.0	5.0
23787	47574000.0	7.0
23788	47576000.0	7.0
23789	47578000.0	8.0
23790	47580000.0	5.0
23791	47582000.0	5.0
23792	47584000.0	10.0
23793	47586000.0	4.0
23794	47588000.0	4.0
23795	47590000.0	6.0
23796	47592000.0	7.0
23797	47594000.0	7.0
23798	47596000.0	5.0
23799	47598000.0	6.0
23800	47600000.0	5.0
23801	47602000.0	4.0
23802	47604000.0	7.0
23803	47606000.0	2.0
23804	47608000.0	4.0
23805	47610000.0	7.0
23806	47612000.0	6.0
23807	47614000.0	8.0
23808	47616000.0	4.0
23809	47618000.0	4.0
23810	47620000.0	4.0
23811	47622000.0	6.0
23812	47624000.0	6.0
23813	47626000.0	5.0
23814	47628000.0	5.0
23815	47630000.0	7.0
23816	47632000.0	7.0
23817	47634000.0	10.0
23818	47636000.0	5.0
23819	47638000.0	6.0
23820	47640000.0	4.0
23821	47642000.0	3.0
23822	47644000.0	7.0
23823	47646000.0	5.0
23824	47648000.0	13.0
23825	47650000.0	6.0
23826	47652000.0	5.0
23827	47654000.0	7.0
23828	47656000.0	7.0
23829	47658000.0	6.0
23830	47660000.0	2.0
23831	47662000.0	7.0
23832	47664000.0	6.0
23833	47666000.0	11.0
23834	47668000.0	4.0
23835	47670000.0	2.0
23836	47672000.0	5.0
23837	47674000.0	7.0
23838	47676000.0	5.0
23839	47678000.0	5.0
23840	47680000.0	5.0
23841	47682000.0	5.0
23842	47684000.0	2.0
23843	47686000.0	1.0
23844	47688000.0	3.0
23845	47690000.0	3.0
23846	47692000.0	7.0
23847	47694000.0	4.0
23848	47696000.0	4.0
23849	47698000.0	1.0
23850	47700000.0	3.0
23851	47702000.0	5.0
23852	47704000.0	9.0
23853	47706000.0	10.0
23854	47708000.0	7.0
23855	47710000.0	3.0
23856	47712000.0	3.0
23857	47714000.0	6.0
23858	47716000.0	3.0
23859	47718000.0	8.0
23860	47720000.0	4.0
23861	47722000.0	3.0
23862	47724000.0	4.0
23863	47726000.0	6.0
23864	47728000.0	5.0
23865	47730000.0	5.0
23866	47732000.0	5.0
23867	47734000.0	3.0
23868	47736000.0	4.0
23869	47738000.0	9.0
23870	47740000.0	9.0
23871	47742000.0	5.0
23872	47744000.0	8.0
23873	47746000.0	3.0
23874	47748000.0	8.0
23875	47750000.0	4.0
23876	47752000.0	5.0
23877	47754000.0	8.0
23878	47756000.0	3.0
23879	47758000.0	5.0
23880	47760000.0	6.0
23881	47762000.0	5.0
23882	47764000.0	1.0
23883	47766000.0	4.0
23884	47768000.0	7.0
23885	47770000.0	7.0
23886	47772000.0	6.0
23887	47774000.0	6.0
23888	47776000.0	8.0
23889	47778000.0	6.0
23890	47780000.0	6.0
23891	47782000.0	7.0
23892	47784000.0	7.0
23893	47786000.0	3.0
23894	47788000.0	4.0
23895	47790000.0	5.0
23896	47792000.0	5.0
23897	47794000.0	5.0
23898	47796000.0	5.0
23899	47798000.0	7.0
23900	47800000.0	7.0
23901	47802000.0	6.0
23902	47804000.0	1.0
23903	47806000.0	4.0
23904	47808000.0	10.0
23905	47810000.0	6.0
23906	47812000.0	5.0
23907	47814000.0	6.0
23908	47816000.0	4.0
23909	47818000.0	10.0
23910	47820000.0	3.0
23911	47822000.0	5.0
23912	47824000.0	2.0
23913	47826000.0	3.0
23914	47828000.0	8.0
23915	47830000.0	12.0
23916	47832000.0	7.0
23917	47834000.0	4.0
23918	47836000.0	8.0
23919	47838000.0	6.0
23920	47840000.0	4.0
23921	47842000.0	3.0
23922	47844000.0	4.0
23923	47846000.0	6.0
23924	47848000.0	5.0
23925	47850000.0	6.0
23926	47852000.0	5.0
23927	47854000.0	5.0
23928	47856000.0	11.0
23929	47858000.0	3.0
23930	47860000.0	8.0
23931	47862000.0	6.0
23932	47864000.0	7.0
23933	47866000.0	10.0
23934	47868000.0	6.0
23935	47870000.0	3.0
23936	47872000.0	5.0
23937	47874000.0	4.0
23938	47876000.0	8.0
23939	47878000.0	7.0
23940	47880000.0	9.0
23941	47882000.0	10.0
23942	47884000.0	6.0
23943	47886000.0	4.0
23944	47888000.0	8.0
23945	47890000.0	1.0
23946	47892000.0	5.0
23947	47894000.0	4.0
23948	47896000.0	2.0
23949	47898000.0	6.0
23950	47900000.0	5.0
23951	47902000.0	5.0
23952	47904000.0	1.0
23953	47906000.0	5.0
23954	47908000.0	7.0
23955	47910000.0	4.0
23956	47912000.0	8.0
23957	47914000.0	8.0
23958	47916000.0	12.0
23959	47918000.0	7.0
23960	47920000.0	6.0
23961	47922000.0	8.0
23962	47924000.0	4.0
23963	47926000.0	3.0
23964	47928000.0	3.0
23965	47930000.0	1.0
23966	47932000.0	6.0
23967	47934000.0	6.0
23968	47936000.0	6.0
23969	47938000.0	4.0
23970	47940000.0	3.0
23971	47942000.0	3.0
23972	47944000.0	5.0
23973	47946000.0	8.0
23974	47948000.0	6.0
23975	47950000.0	6.0
23976	47952000.0	4.0
23977	47954000.0	6.0
23978	47956000.0	5.0
23979	47958000.0	10.0
23980	47960000.0	7.0
23981	47962000.0	6.0
23982	47964000.0	1.0
23983	47966000.0	7.0
23984	47968000.0	9.0
23985	47970000.0	4.0
23986	47972000.0	8.0
23987	47974000.0	9.0
23988	47976000.0	4.0
23989	47978000.0	10.0
23990	47980000.0	4.0
23991	47982000.0	7.0
23992	47984000.0	8.0
23993	47986000.0	3.0
23994	47988000.0	3.0
23995	47990000.0	14.0
23996	47992000.0	5.0
23997	47994000.0	3.0
23998	47996000.0	8.0
23999	47998000.0	12.0
24000	48000000.0	6.0
24001	48002000.0	1.0
24002	48004000.0	5.0
24003	48006000.0	6.0
24004	48008000.0	6.0
24005	48010000.0	4.0
24006	48012000.0	6.0
24007	48014000.0	6.0
24008	48016000.0	2.0
24009	48018000.0	5.0
24010	48020000.0	9.0
24011	48022000.0	7.0
24012	48024000.0	5.0
24013	48026000.0	8.0
24014	48028000.0	5.0
24015	48030000.0	6.0
24016	48032000.0	8.0
24017	48034000.0	5.0
24018	48036000.0	7.0
24019	48038000.0	6.0
24020	48040000.0	6.0
24021	48042000.0	3.0
24022	48044000.0	6.0
24023	48046000.0	5.0
24024	48048000.0	7.0
24025	48050000.0	6.0
24026	48052000.0	3.0
24027	48054000.0	8.0
24028	48056000.0	2.0
24029	48058000.0	10.0
24030	48060000.0	9.0
24031	48062000.0	5.0
24032	48064000.0	5.0
24033	48066000.0	2.0
24034	48068000.0	10.0
24035	48070000.0	7.0
24036	48072000.0	4.0
24037	48074000.0	5.0
24038	48076000.0	7.0
24039	48078000.0	3.0
24040	48080000.0	6.0
24041	48082000.0	8.0
24042	48084000.0	6.0
24043	48086000.0	5.0
24044	48088000.0	7.0
24045	48090000.0	6.0
24046	48092000.0	7.0
24047	48094000.0	7.0
24048	48096000.0	4.0
24049	48098000.0	8.0
24050	48100000.0	4.0
24051	48102000.0	3.0
24052	48104000.0	8.0
24053	48106000.0	6.0
24054	48108000.0	3.0
24055	48110000.0	6.0
24056	48112000.0	6.0
24057	48114000.0	6.0
24058	48116000.0	9.0
24059	48118000.0	12.0
24060	48120000.0	5.0
24061	48122000.0	4.0
24062	48124000.0	4.0
24063	48126000.0	7.0
24064	48128000.0	7.0
24065	48130000.0	0.0
24066	48132000.0	8.0
24067	48134000.0	10.0
24068	48136000.0	7.0
24069	48138000.0	3.0
24070	48140000.0	7.0
24071	48142000.0	4.0
24072	48144000.0	4.0
24073	48146000.0	6.0
24074	48148000.0	8.0
24075	48150000.0	8.0
24076	48152000.0	4.0
24077	48154000.0	4.0
24078	48156000.0	5.0
24079	48158000.0	6.0
24080	48160000.0	3.0
24081	48162000.0	5.0
24082	48164000.0	11.0
24083	48166000.0	3.0
24084	48168000.0	3.0
24085	48170000.0	7.0
24086	48172000.0	7.0
24087	48174000.0	8.0
24088	48176000.0	11.0
24089	48178000.0	5.0
24090	48180000.0	4.0
24091	48182000.0	5.0
24092	48184000.0	4.0
24093	48186000.0	7.0
24094	48188000.0	7.0
24095	48190000.0	7.0
24096	48192000.0	7.0
24097	48194000.0	2.0
24098	48196000.0	7.0
24099	48198000.0	12.0
24100	48200000.0	4.0
24101	48202000.0	5.0
24102	48204000.0	7.0
24103	48206000.0	8.0
24104	48208000.0	8.0
24105	48210000.0	4.0
24106	48212000.0	8.0
24107	48214000.0	4.0
24108	48216000.0	7.0
24109	48218000.0	4.0
24110	48220000.0	9.0
24111	48222000.0	8.0
24112	48224000.0	4.0
24113	48226000.0	4.0
24114	48228000.0	3.0
24115	48230000.0	6.0
24116	48232000.0	4.0
24117	48234000.0	4.0
24118	48236000.0	6.0
24119	48238000.0	3.0
24120	48240000.0	6.0
24121	48242000.0	10.0
24122	48244000.0	10.0
24123	48246000.0	4.0
24124	48248000.0	8.0
24125	48250000.0	6.0
24126	48252000.0	5.0
24127	48254000.0	6.0
24128	48256000.0	7.0
24129	48258000.0	12.0
24130	48260000.0	10.0
24131	48262000.0	4.0
24132	48264000.0	5.0
24133	48266000.0	6.0
24134	48268000.0	1.0
24135	48270000.0	3.0
24136	48272000.0	4.0
24137	48274000.0	8.0
24138	48276000.0	6.0
24139	48278000.0	4.0
24140	48280000.0	7.0
24141	48282000.0	5.0
24142	48284000.0	6.0
24143	48286000.0	5.0
24144	48288000.0	8.0
24145	48290000.0	5.0
24146	48292000.0	7.0
24147	48294000.0	5.0
24148	48296000.0	0.0
24149	48298000.0	5.0
24150	48300000.0	6.0
24151	48302000.0	1.0
24152	48304000.0	2.0
24153	48306000.0	9.0
24154	48308000.0	2.0
24155	48310000.0	5.0
24156	48312000.0	5.0
24157	48314000.0	3.0
24158	48316000.0	3.0
24159	48318000.0	5.0
24160	48320000.0	4.0
24161	48322000.0	7.0
24162	48324000.0	7.0
24163	48326000.0	7.0
24164	48328000.0	6.0
24165	48330000.0	5.0
24166	48332000.0	4.0
24167	48334000.0	1.0
24168	48336000.0	6.0
24169	48338000.0	4.0
24170	48340000.0	5.0
24171	48342000.0	7.0
24172	48344000.0	2.0
24173	48346000.0	5.0
24174	48348000.0	5.0
24175	48350000.0	9.0
24176	48352000.0	8.0
24177	48354000.0	4.0
24178	48356000.0	4.0
24179	48358000.0	5.0
24180	48360000.0	3.0
24181	48362000.0	1.0
24182	48364000.0	4.0
24183	48366000.0	8.0
24184	48368000.0	5.0
24185	48370000.0	5.0
24186	48372000.0	6.0
24187	48374000.0	5.0
24188	48376000.0	6.0
24189	48378000.0	4.0
24190	48380000.0	3.0
24191	48382000.0	2.0
24192	48384000.0	2.0
24193	48386000.0	5.0
24194	48388000.0	3.0
24195	48390000.0	3.0
24196	48392000.0	3.0
24197	48394000.0	5.0
24198	48396000.0	7.0
24199	48398000.0	8.0
24200	48400000.0	4.0
24201	48402000.0	5.0
24202	48404000.0	4.0
24203	48406000.0	4.0
24204	48408000.0	8.0
24205	48410000.0	3.0
24206	48412000.0	8.0
24207	48414000.0	7.0
24208	48416000.0	6.0
24209	48418000.0	3.0
24210	48420000.0	7.0
24211	48422000.0	3.0
24212	48424000.0	15.0
24213	48426000.0	5.0
24214	48428000.0	11.0
24215	48430000.0	7.0
24216	48432000.0	5.0
24217	48434000.0	3.0
24218	48436000.0	7.0
24219	48438000.0	6.0
24220	48440000.0	5.0
24221	48442000.0	6.0
24222	48444000.0	1.0
24223	48446000.0	6.0
24224	48448000.0	3.0
24225	48450000.0	6.0
24226	48452000.0	3.0
24227	48454000.0	6.0
24228	48456000.0	7.0
24229	48458000.0	9.0
24230	48460000.0	4.0
24231	48462000.0	3.0
24232	48464000.0	3.0
24233	48466000.0	6.0
24234	48468000.0	2.0
24235	48470000.0	4.0
24236	48472000.0	6.0
24237	48474000.0	6.0
24238	48476000.0	2.0
24239	48478000.0	3.0
24240	48480000.0	8.0
24241	48482000.0	6.0
24242	48484000.0	7.0
24243	48486000.0	8.0
24244	48488000.0	6.0
24245	48490000.0	3.0
24246	48492000.0	8.0
24247	48494000.0	4.0
24248	48496000.0	9.0
24249	48498000.0	6.0
24250	48500000.0	3.0
24251	48502000.0	8.0
24252	48504000.0	4.0
24253	48506000.0	6.0
24254	48508000.0	6.0
24255	48510000.0	6.0
24256	48512000.0	8.0
24257	48514000.0	5.0
24258	48516000.0	6.0
24259	48518000.0	5.0
24260	48520000.0	6.0
24261	48522000.0	12.0
24262	48524000.0	1.0
24263	48526000.0	2.0
24264	48528000.0	3.0
24265	48530000.0	0.0
24266	48532000.0	7.0
24267	48534000.0	8.0
24268	48536000.0	5.0
24269	48538000.0	6.0
24270	48540000.0	7.0
24271	48542000.0	4.0
24272	48544000.0	7.0
24273	48546000.0	8.0
24274	48548000.0	12.0
24275	48550000.0	8.0
24276	48552000.0	2.0
24277	48554000.0	3.0
24278	48556000.0	9.0
24279	48558000.0	5.0
24280	48560000.0	5.0
24281	48562000.0	2.0
24282	48564000.0	6.0
24283	48566000.0	5.0
24284	48568000.0	4.0
24285	48570000.0	4.0
24286	48572000.0	4.0
24287	48574000.0	7.0
24288	48576000.0	4.0
24289	48578000.0	7.0
24290	48580000.0	3.0
24291	48582000.0	2.0
24292	48584000.0	6.0
24293	48586000.0	9.0
24294	48588000.0	4.0
24295	48590000.0	2.0
24296	48592000.0	3.0
24297	48594000.0	3.0
24298	48596000.0	7.0
24299	48598000.0	2.0
24300	48600000.0	6.0
24301	48602000.0	5.0
24302	48604000.0	7.0
24303	48606000.0	9.0
24304	48608000.0	3.0
24305	48610000.0	6.0
24306	48612000.0	5.0
24307	48614000.0	6.0
24308	48616000.0	6.0
24309	48618000.0	2.0
24310	48620000.0	5.0
24311	48622000.0	5.0
24312	48624000.0	4.0
24313	48626000.0	3.0
24314	48628000.0	5.0
24315	48630000.0	5.0
24316	48632000.0	5.0
24317	48634000.0	4.0
24318	48636000.0	5.0
24319	48638000.0	11.0
24320	48640000.0	3.0
24321	48642000.0	4.0
24322	48644000.0	6.0
24323	48646000.0	6.0
24324	48648000.0	3.0
24325	48650000.0	6.0
24326	48652000.0	3.0
24327	48654000.0	6.0
24328	48656000.0	6.0
24329	48658000.0	7.0
24330	48660000.0	6.0
24331	48662000.0	5.0
24332	48664000.0	5.0
24333	48666000.0	8.0
24334	48668000.0	6.0
24335	48670000.0	3.0
24336	48672000.0	7.0
24337	48674000.0	3.0
24338	48676000.0	9.0
24339	48678000.0	4.0
24340	48680000.0	4.0
24341	48682000.0	5.0
24342	48684000.0	3.0
24343	48686000.0	9.0
24344	48688000.0	4.0
24345	48690000.0	5.0
24346	48692000.0	7.0
24347	48694000.0	8.0
24348	48696000.0	3.0
24349	48698000.0	9.0
24350	48700000.0	5.0
24351	48702000.0	5.0
24352	48704000.0	6.0
24353	48706000.0	4.0
24354	48708000.0	6.0
24355	48710000.0	7.0
24356	48712000.0	4.0
24357	48714000.0	6.0
24358	48716000.0	4.0
24359	48718000.0	6.0
24360	48720000.0	1.0
24361	48722000.0	6.0
24362	48724000.0	4.0
24363	48726000.0	5.0
24364	48728000.0	4.0
24365	48730000.0	3.0
24366	48732000.0	3.0
24367	48734000.0	6.0
24368	48736000.0	9.0
24369	48738000.0	8.0
24370	48740000.0	6.0
24371	48742000.0	5.0
24372	48744000.0	2.0
24373	48746000.0	8.0
24374	48748000.0	5.0
24375	48750000.0	6.0
24376	48752000.0	4.0
24377	48754000.0	4.0
24378	48756000.0	7.0
24379	48758000.0	7.0
24380	48760000.0	12.0
24381	48762000.0	2.0
24382	48764000.0	4.0
24383	48766000.0	7.0
24384	48768000.0	9.0
24385	48770000.0	10.0
24386	48772000.0	1.0
24387	48774000.0	4.0
24388	48776000.0	1.0
24389	48778000.0	2.0
24390	48780000.0	6.0
24391	48782000.0	8.0
24392	48784000.0	4.0
24393	48786000.0	3.0
24394	48788000.0	5.0
24395	48790000.0	8.0
24396	48792000.0	8.0
24397	48794000.0	6.0
24398	48796000.0	4.0
24399	48798000.0	2.0
24400	48800000.0	3.0
24401	48802000.0	5.0
24402	48804000.0	4.0
24403	48806000.0	3.0
24404	48808000.0	4.0
24405	48810000.0	7.0
24406	48812000.0	5.0
24407	48814000.0	2.0
24408	48816000.0	5.0
24409	48818000.0	4.0
24410	48820000.0	5.0
24411	48822000.0	4.0
24412	48824000.0	4.0
24413	48826000.0	4.0
24414	48828000.0	7.0
24415	48830000.0	4.0
24416	48832000.0	4.0
24417	48834000.0	8.0
24418	48836000.0	6.0
24419	48838000.0	5.0
24420	48840000.0	6.0
24421	48842000.0	9.0
24422	48844000.0	7.0
24423	48846000.0	7.0
24424	48848000.0	6.0
24425	48850000.0	10.0
24426	48852000.0	6.0
24427	48854000.0	4.0
24428	48856000.0	3.0
24429	48858000.0	6.0
24430	48860000.0	6.0
24431	48862000.0	5.0
24432	48864000.0	4.0
24433	48866000.0	2.0
24434	48868000.0	5.0
24435	48870000.0	3.0
24436	48872000.0	6.0
24437	48874000.0	3.0
24438	48876000.0	5.0
24439	48878000.0	6.0
24440	48880000.0	4.0
24441	48882000.0	5.0
24442	48884000.0	2.0
24443	48886000.0	1.0
24444	48888000.0	7.0
24445	48890000.0	7.0
24446	48892000.0	6.0
24447	48894000.0	9.0
24448	48896000.0	3.0
24449	48898000.0	11.0
24450	48900000.0	5.0
24451	48902000.0	4.0
24452	48904000.0	2.0
24453	48906000.0	5.0
24454	48908000.0	8.0
24455	48910000.0	9.0
24456	48912000.0	6.0
24457	48914000.0	3.0
24458	48916000.0	5.0
24459	48918000.0	5.0
24460	48920000.0	6.0
24461	48922000.0	7.0
24462	48924000.0	6.0
24463	48926000.0	1.0
24464	48928000.0	2.0
24465	48930000.0	4.0
24466	48932000.0	3.0
24467	48934000.0	10.0
24468	48936000.0	4.0
24469	48938000.0	3.0
24470	48940000.0	3.0
24471	48942000.0	10.0
24472	48944000.0	9.0
24473	48946000.0	6.0
24474	48948000.0	6.0
24475	48950000.0	2.0
24476	48952000.0	8.0
24477	48954000.0	4.0
24478	48956000.0	6.0
24479	48958000.0	5.0
24480	48960000.0	4.0
24481	48962000.0	6.0
24482	48964000.0	5.0
24483	48966000.0	5.0
24484	48968000.0	4.0
24485	48970000.0	4.0
24486	48972000.0	8.0
24487	48974000.0	6.0
24488	48976000.0	3.0
24489	48978000.0	4.0
24490	48980000.0	11.0
24491	48982000.0	3.0
24492	48984000.0	3.0
24493	48986000.0	1.0
24494	48988000.0	5.0
24495	48990000.0	4.0
24496	48992000.0	4.0
24497	48994000.0	6.0
24498	48996000.0	5.0
24499	48998000.0	8.0
24500	49000000.0	4.0
24501	49002000.0	6.0
24502	49004000.0	6.0
24503	49006000.0	6.0
24504	49008000.0	3.0
24505	49010000.0	5.0
24506	49012000.0	10.0
24507	49014000.0	3.0
24508	49016000.0	8.0
24509	49018000.0	6.0
24510	49020000.0	2.0
24511	49022000.0	11.0
24512	49024000.0	5.0
24513	49026000.0	6.0
24514	49028000.0	12.0
24515	49030000.0	1.0
24516	49032000.0	0.0
24517	49034000.0	8.0
24518	49036000.0	7.0
24519	49038000.0	11.0
24520	49040000.0	7.0
24521	49042000.0	2.0
24522	49044000.0	5.0
24523	49046000.0	8.0
24524	49048000.0	1.0
24525	49050000.0	4.0
24526	49052000.0	3.0
24527	49054000.0	4.0
24528	49056000.0	5.0
24529	49058000.0	9.0
24530	49060000.0	9.0
24531	49062000.0	8.0
24532	49064000.0	5.0
24533	49066000.0	8.0
24534	49068000.0	6.0
24535	49070000.0	6.0
24536	49072000.0	7.0
24537	49074000.0	9.0
24538	49076000.0	5.0
24539	49078000.0	5.0
24540	49080000.0	9.0
24541	49082000.0	2.0
24542	49084000.0	8.0
24543	49086000.0	5.0
24544	49088000.0	4.0
24545	49090000.0	8.0
24546	49092000.0	4.0
24547	49094000.0	8.0
24548	49096000.0	6.0
24549	49098000.0	4.0
24550	49100000.0	5.0
24551	49102000.0	3.0
24552	49104000.0	4.0
24553	49106000.0	6.0
24554	49108000.0	8.0
24555	49110000.0	9.0
24556	49112000.0	5.0
24557	49114000.0	4.0
24558	49116000.0	7.0
24559	49118000.0	6.0
24560	49120000.0	4.0
24561	49122000.0	8.0
24562	49124000.0	11.0
24563	49126000.0	8.0
24564	49128000.0	5.0
24565	49130000.0	6.0
24566	49132000.0	2.0
24567	49134000.0	6.0
24568	49136000.0	5.0
24569	49138000.0	3.0
24570	49140000.0	6.0
24571	49142000.0	5.0
24572	49144000.0	5.0
24573	49146000.0	3.0
24574	49148000.0	4.0
24575	49150000.0	5.0
24576	49152000.0	3.0
24577	49154000.0	2.0
24578	49156000.0	3.0
24579	49158000.0	7.0
24580	49160000.0	8.0
24581	49162000.0	3.0
24582	49164000.0	6.0
24583	49166000.0	2.0
24584	49168000.0	6.0
24585	49170000.0	3.0
24586	49172000.0	4.0
24587	49174000.0	4.0
24588	49176000.0	3.0
24589	49178000.0	1.0
24590	49180000.0	9.0
24591	49182000.0	4.0
24592	49184000.0	4.0
24593	49186000.0	9.0
24594	49188000.0	7.0
24595	49190000.0	7.0
24596	49192000.0	7.0
24597	49194000.0	5.0
24598	49196000.0	3.0
24599	49198000.0	7.0
24600	49200000.0	5.0
24601	49202000.0	5.0
24602	49204000.0	5.0
24603	49206000.0	3.0
24604	49208000.0	6.0
24605	49210000.0	1.0
24606	49212000.0	5.0
24607	49214000.0	2.0
24608	49216000.0	8.0
24609	49218000.0	3.0
24610	49220000.0	6.0
24611	49222000.0	4.0
24612	49224000.0	6.0
24613	49226000.0	8.0
24614	49228000.0	5.0
24615	49230000.0	8.0
24616	49232000.0	1.0
24617	49234000.0	7.0
24618	49236000.0	8.0
24619	49238000.0	7.0
24620	49240000.0	3.0
24621	49242000.0	6.0
24622	49244000.0	7.0
24623	49246000.0	10.0
24624	49248000.0	6.0
24625	49250000.0	3.0
24626	49252000.0	6.0
24627	49254000.0	5.0
24628	49256000.0	5.0
24629	49258000.0	4.0
24630	49260000.0	6.0
24631	49262000.0	2.0
24632	49264000.0	8.0
24633	49266000.0	4.0
24634	49268000.0	7.0
24635	49270000.0	1.0
24636	49272000.0	10.0
24637	49274000.0	7.0
24638	49276000.0	3.0
24639	49278000.0	4.0
24640	49280000.0	7.0
24641	49282000.0	7.0
24642	49284000.0	9.0
24643	49286000.0	7.0
24644	49288000.0	6.0
24645	49290000.0	6.0
24646	49292000.0	6.0
24647	49294000.0	6.0
24648	49296000.0	6.0
24649	49298000.0	9.0
24650	49300000.0	7.0
24651	49302000.0	8.0
24652	49304000.0	7.0
24653	49306000.0	7.0
24654	49308000.0	2.0
24655	49310000.0	9.0
24656	49312000.0	3.0
24657	49314000.0	3.0
24658	49316000.0	7.0
24659	49318000.0	5.0
24660	49320000.0	3.0
24661	49322000.0	6.0
24662	49324000.0	7.0
24663	49326000.0	11.0
24664	49328000.0	6.0
24665	49330000.0	8.0
24666	49332000.0	8.0
24667	49334000.0	3.0
24668	49336000.0	4.0
24669	49338000.0	9.0
24670	49340000.0	3.0
24671	49342000.0	8.0
24672	49344000.0	8.0
24673	49346000.0	2.0
24674	49348000.0	3.0
24675	49350000.0	4.0
24676	49352000.0	4.0
24677	49354000.0	7.0
24678	49356000.0	8.0
24679	49358000.0	8.0
24680	49360000.0	6.0
24681	49362000.0	7.0
24682	49364000.0	7.0
24683	49366000.0	2.0
24684	49368000.0	5.0
24685	49370000.0	8.0
24686	49372000.0	6.0
24687	49374000.0	4.0
24688	49376000.0	5.0
24689	49378000.0	9.0
24690	49380000.0	6.0
24691	49382000.0	4.0
24692	49384000.0	7.0
24693	49386000.0	6.0
24694	49388000.0	3.0
24695	49390000.0	7.0
24696	49392000.0	6.0
24697	49394000.0	8.0
24698	49396000.0	7.0
24699	49398000.0	5.0
24700	49400000.0	6.0
24701	49402000.0	6.0
24702	49404000.0	3.0
24703	49406000.0	6.0
24704	49408000.0	3.0
24705	49410000.0	6.0
24706	49412000.0	4.0
24707	49414000.0	8.0
24708	49416000.0	5.0
24709	49418000.0	12.0
24710	49420000.0	1.0
24711	49422000.0	9.0
24712	49424000.0	4.0
24713	49426000.0	1.0
24714	49428000.0	8.0
24715	49430000.0	7.0
24716	49432000.0	1.0
24717	49434000.0	7.0
24718	49436000.0	2.0
24719	49438000.0	7.0
24720	49440000.0	4.0
24721	49442000.0	4.0
24722	49444000.0	5.0
24723	49446000.0	12.0
24724	49448000.0	4.0
24725	49450000.0	6.0
24726	49452000.0	5.0
24727	49454000.0	4.0
24728	49456000.0	4.0
24729	49458000.0	1.0
24730	49460000.0	6.0
24731	49462000.0	11.0
24732	49464000.0	3.0
24733	49466000.0	6.0
24734	49468000.0	3.0
24735	49470000.0	3.0
24736	49472000.0	4.0
24737	49474000.0	8.0
24738	49476000.0	5.0
24739	49478000.0	2.0
24740	49480000.0	8.0
24741	49482000.0	4.0
24742	49484000.0	5.0
24743	49486000.0	6.0
24744	49488000.0	10.0
24745	49490000.0	6.0
24746	49492000.0	5.0
24747	49494000.0	5.0
24748	49496000.0	5.0
24749	49498000.0	8.0
24750	49500000.0	8.0
24751	49502000.0	6.0
24752	49504000.0	5.0
24753	49506000.0	5.0
24754	49508000.0	4.0
24755	49510000.0	3.0
24756	49512000.0	5.0
24757	49514000.0	8.0
24758	49516000.0	4.0
24759	49518000.0	5.0
24760	49520000.0	6.0
24761	49522000.0	4.0
24762	49524000.0	6.0
24763	49526000.0	8.0
24764	49528000.0	7.0
24765	49530000.0	5.0
24766	49532000.0	6.0
24767	49534000.0	6.0
24768	49536000.0	5.0
24769	49538000.0	6.0
24770	49540000.0	7.0
24771	49542000.0	11.0
24772	49544000.0	3.0
24773	49546000.0	11.0
24774	49548000.0	5.0
24775	49550000.0	5.0
24776	49552000.0	4.0
24777	49554000.0	9.0
24778	49556000.0	4.0
24779	49558000.0	0.0
24780	49560000.0	4.0
24781	49562000.0	5.0
24782	49564000.0	1.0
24783	49566000.0	7.0
24784	49568000.0	7.0
24785	49570000.0	3.0
24786	49572000.0	6.0
24787	49574000.0	4.0
24788	49576000.0	4.0
24789	49578000.0	5.0
24790	49580000.0	4.0
24791	49582000.0	5.0
24792	49584000.0	6.0
24793	49586000.0	4.0
24794	49588000.0	3.0
24795	49590000.0	2.0
24796	49592000.0	4.0
24797	49594000.0	5.0
24798	49596000.0	7.0
24799	49598000.0	7.0
24800	49600000.0	7.0
24801	49602000.0	8.0
24802	49604000.0	11.0
24803	49606000.0	6.0
24804	49608000.0	3.0
24805	49610000.0	5.0
24806	49612000.0	1.0
24807	49614000.0	6.0
24808	49616000.0	8.0
24809	49618000.0	6.0
24810	49620000.0	6.0
24811	49622000.0	3.0
24812	49624000.0	3.0
24813	49626000.0	7.0
24814	49628000.0	9.0
24815	49630000.0	4.0
24816	49632000.0	6.0
24817	49634000.0	7.0
24818	49636000.0	6.0
24819	49638000.0	6.0
24820	49640000.0	6.0
24821	49642000.0	3.0
24822	49644000.0	3.0
24823	49646000.0	8.0
24824	49648000.0	5.0
24825	49650000.0	2.0
24826	49652000.0	9.0
24827	49654000.0	2.0
24828	49656000.0	2.0
24829	49658000.0	5.0
24830	49660000.0	3.0
24831	49662000.0	6.0
24832	49664000.0	3.0
24833	49666000.0	5.0
24834	49668000.0	4.0
24835	49670000.0	4.0
24836	49672000.0	7.0
24837	49674000.0	5.0
24838	49676000.0	8.0
24839	49678000.0	8.0
24840	49680000.0	5.0
24841	49682000.0	6.0
24842	49684000.0	7.0
24843	49686000.0	6.0
24844	49688000.0	9.0
24845	49690000.0	7.0
24846	49692000.0	4.0
24847	49694000.0	8.0
24848	49696000.0	7.0
24849	49698000.0	5.0
24850	49700000.0	5.0
24851	49702000.0	4.0
24852	49704000.0	3.0
24853	49706000.0	4.0
24854	49708000.0	2.0
24855	49710000.0	4.0
24856	49712000.0	10.0
24857	49714000.0	5.0
24858	49716000.0	8.0
24859	49718000.0	5.0
24860	49720000.0	4.0
24861	49722000.0	9.0
24862	49724000.0	7.0
24863	49726000.0	8.0
24864	49728000.0	6.0
24865	49730000.0	4.0
24866	49732000.0	5.0
24867	49734000.0	3.0
24868	49736000.0	4.0
24869	49738000.0	5.0
24870	49740000.0	8.0
24871	49742000.0	5.0
24872	49744000.0	5.0
24873	49746000.0	6.0
24874	49748000.0	5.0
24875	49750000.0	7.0
24876	49752000.0	4.0
24877	49754000.0	6.0
24878	49756000.0	4.0
24879	49758000.0	4.0
24880	49760000.0	2.0
24881	49762000.0	5.0
24882	49764000.0	13.0
24883	49766000.0	6.0
24884	49768000.0	3.0
24885	49770000.0	9.0
24886	49772000.0	8.0
24887	49774000.0	8.0
24888	49776000.0	5.0
24889	49778000.0	3.0
24890	49780000.0	4.0
24891	49782000.0	6.0
24892	49784000.0	4.0
24893	49786000.0	5.0
24894	49788000.0	6.0
24895	49790000.0	2.0
24896	49792000.0	2.0
24897	49794000.0	6.0
24898	49796000.0	4.0
24899	49798000.0	8.0
24900	49800000.0	2.0
24901	49802000.0	2.0
24902	49804000.0	9.0
24903	49806000.0	6.0
24904	49808000.0	3.0
24905	49810000.0	3.0
24906	49812000.0	5.0
24907	49814000.0	6.0
24908	49816000.0	4.0
24909	49818000.0	9.0
24910	49820000.0	4.0
24911	49822000.0	4.0
24912	49824000.0	3.0
24913	49826000.0	12.0
24914	49828000.0	6.0
24915	49830000.0	0.0
24916	49832000.0	3.0
24917	49834000.0	4.0
24918	49836000.0	4.0
24919	49838000.0	6.0
24920	49840000.0	5.0
24921	49842000.0	5.0
24922	49844000.0	8.0
24923	49846000.0	6.0
24924	49848000.0	7.0
24925	49850000.0	5.0
24926	49852000.0	3.0
24927	49854000.0	4.0
24928	49856000.0	4.0
24929	49858000.0	6.0
24930	49860000.0	8.0
24931	49862000.0	7.0
24932	49864000.0	5.0
24933	49866000.0	6.0
24934	49868000.0	2.0
24935	49870000.0	2.0
24936	49872000.0	5.0
24937	49874000.0	6.0
24938	49876000.0	3.0
24939	49878000.0	5.0
24940	49880000.0	1.0
24941	49882000.0	5.0
24942	49884000.0	7.0
24943	49886000.0	9.0
24944	49888000.0	4.0
24945	49890000.0	6.0
24946	49892000.0	2.0
24947	49894000.0	4.0
24948	49896000.0	5.0
24949	49898000.0	7.0
24950	49900000.0	5.0
24951	49902000.0	7.0
24952	49904000.0	1.0
24953	49906000.0	2.0
24954	49908000.0	6.0
24955	49910000.0	7.0
24956	49912000.0	3.0
24957	49914000.0	6.0
24958	49916000.0	5.0
24959	49918000.0	4.0
24960	49920000.0	5.0
24961	49922000.0	7.0
24962	49924000.0	5.0
24963	49926000.0	4.0
24964	49928000.0	5.0
24965	49930000.0	4.0
24966	49932000.0	5.0
24967	49934000.0	4.0
24968	49936000.0	6.0
24969	49938000.0	3.0
24970	49940000.0	1.0
24971	49942000.0	4.0
24972	49944000.0	6.0
24973	49946000.0	5.0
24974	49948000.0	4.0
24975	49950000.0	7.0
24976	49952000.0	6.0
24977	49954000.0	10.0
24978	49956000.0	2.0
24979	49958000.0	7.0
24980	49960000.0	5.0
24981	49962000.0	9.0
24982	49964000.0	4.0
24983	49966000.0	6.0
24984	49968000.0	3.0
24985	49970000.0	6.0
24986	49972000.0	11.0
24987	49974000.0	4.0
24988	49976000.0	4.0
24989	49978000.0	8.0
24990	49980000.0	2.0
24991	49982000.0	8.0
24992	49984000.0	4.0
24993	49986000.0	4.0
24994	49988000.0	8.0
24995	49990000.0	2.0
24996	49992000.0	6.0
24997	49994000.0	5.0
24998	49996000.0	8.0
24999	49998000.0	2.0
25000	50000000.0	2.0
25001	50002000.0	8.0
25002	50004000.0	2.0
25003	50006000.0	3.0
25004	50008000.0	7.0
25005	50010000.0	4.0
25006	50012000.0	5.0
25007	50014000.0	6.0
25008	50016000.0	6.0
25009	50018000.0	4.0
25010	50020000.0	3.0
25011	50022000.0	5.0
25012	50024000.0	2.0
25013	50026000.0	5.0
25014	50028000.0	3.0
25015	50030000.0	8.0
25016	50032000.0	7.0
25017	50034000.0	6.0
25018	50036000.0	3.0
25019	50038000.0	5.0
25020	50040000.0	5.0
25021	50042000.0	3.0
25022	50044000.0	6.0
25023	50046000.0	3.0
25024	50048000.0	8.0
25025	50050000.0	5.0
25026	50052000.0	7.0
25027	50054000.0	9.0
25028	50056000.0	5.0
25029	50058000.0	6.0
25030	50060000.0	5.0
25031	50062000.0	5.0
25032	50064000.0	4.0
25033	50066000.0	5.0
25034	50068000.0	10.0
25035	50070000.0	9.0
25036	50072000.0	8.0
25037	50074000.0	6.0
25038	50076000.0	8.0
25039	50078000.0	10.0
25040	50080000.0	13.0
25041	50082000.0	6.0
25042	50084000.0	6.0
25043	50086000.0	4.0
25044	50088000.0	3.0
25045	50090000.0	5.0
25046	50092000.0	2.0
25047	50094000.0	6.0
25048	50096000.0	8.0
25049	50098000.0	3.0
25050	50100000.0	8.0
25051	50102000.0	7.0
25052	50104000.0	8.0
25053	50106000.0	4.0
25054	50108000.0	6.0
25055	50110000.0	8.0
25056	50112000.0	5.0
25057	50114000.0	2.0
25058	50116000.0	4.0
25059	50118000.0	5.0
25060	50120000.0	5.0
25061	50122000.0	8.0
25062	50124000.0	6.0
25063	50126000.0	8.0
25064	50128000.0	5.0
25065	50130000.0	7.0
25066	50132000.0	7.0
25067	50134000.0	7.0
25068	50136000.0	4.0
25069	50138000.0	6.0
25070	50140000.0	5.0
25071	50142000.0	4.0
25072	50144000.0	7.0
25073	50146000.0	4.0
25074	50148000.0	5.0
25075	50150000.0	3.0
25076	50152000.0	9.0
25077	50154000.0	5.0
25078	50156000.0	4.0
25079	50158000.0	6.0
25080	50160000.0	3.0
25081	50162000.0	9.0
25082	50164000.0	1.0
25083	50166000.0	3.0
25084	50168000.0	6.0
25085	50170000.0	4.0
25086	50172000.0	2.0
25087	50174000.0	3.0
25088	50176000.0	1.0
25089	50178000.0	3.0
25090	50180000.0	4.0
25091	50182000.0	6.0
25092	50184000.0	7.0
25093	50186000.0	4.0
25094	50188000.0	2.0
25095	50190000.0	7.0
25096	50192000.0	6.0
25097	50194000.0	4.0
25098	50196000.0	5.0
25099	50198000.0	5.0
25100	50200000.0	4.0
25101	50202000.0	2.0
25102	50204000.0	12.0
25103	50206000.0	5.0
25104	50208000.0	6.0
25105	50210000.0	4.0
25106	50212000.0	7.0
25107	50214000.0	7.0
25108	50216000.0	2.0
25109	50218000.0	13.0
25110	50220000.0	3.0
25111	50222000.0	3.0
25112	50224000.0	4.0
25113	50226000.0	5.0
25114	50228000.0	8.0
25115	50230000.0	4.0
25116	50232000.0	3.0
25117	50234000.0	7.0
25118	50236000.0	5.0
25119	50238000.0	4.0
25120	50240000.0	6.0
25121	50242000.0	2.0
25122	50244000.0	5.0
25123	50246000.0	4.0
25124	50248000.0	5.0
25125	50250000.0	6.0
25126	50252000.0	5.0
25127	50254000.0	5.0
25128	50256000.0	5.0
25129	50258000.0	4.0
25130	50260000.0	3.0
25131	50262000.0	6.0
25132	50264000.0	3.0
25133	50266000.0	4.0
25134	50268000.0	5.0
25135	50270000.0	2.0
25136	50272000.0	5.0
25137	50274000.0	7.0
25138	50276000.0	3.0
25139	50278000.0	5.0
25140	50280000.0	6.0
25141	50282000.0	6.0
25142	50284000.0	9.0
25143	50286000.0	8.0
25144	50288000.0	3.0
25145	50290000.0	4.0
25146	50292000.0	5.0
25147	50294000.0	5.0
25148	50296000.0	8.0
25149	50298000.0	7.0
25150	50300000.0	4.0
25151	50302000.0	6.0
25152	50304000.0	5.0
25153	50306000.0	3.0
25154	50308000.0	3.0
25155	50310000.0	3.0
25156	50312000.0	7.0
25157	50314000.0	5.0
25158	50316000.0	3.0
25159	50318000.0	3.0
25160	50320000.0	6.0
25161	50322000.0	2.0
25162	50324000.0	2.0
25163	50326000.0	4.0
25164	50328000.0	6.0
25165	50330000.0	8.0
25166	50332000.0	6.0
25167	50334000.0	3.0
25168	50336000.0	4.0
25169	50338000.0	5.0
25170	50340000.0	7.0
25171	50342000.0	4.0
25172	50344000.0	5.0
25173	50346000.0	8.0
25174	50348000.0	5.0
25175	50350000.0	6.0
25176	50352000.0	5.0
25177	50354000.0	8.0
25178	50356000.0	3.0
25179	50358000.0	6.0
25180	50360000.0	5.0
25181	50362000.0	2.0
25182	50364000.0	7.0
25183	50366000.0	9.0
25184	50368000.0	6.0
25185	50370000.0	4.0
25186	50372000.0	4.0
25187	50374000.0	5.0
25188	50376000.0	8.0
25189	50378000.0	5.0
25190	50380000.0	6.0
25191	50382000.0	4.0
25192	50384000.0	6.0
25193	50386000.0	4.0
25194	50388000.0	4.0
25195	50390000.0	10.0
25196	50392000.0	1.0
25197	50394000.0	8.0
25198	50396000.0	5.0
25199	50398000.0	7.0
25200	50400000.0	2.0
25201	50402000.0	8.0
25202	50404000.0	3.0
25203	50406000.0	10.0
25204	50408000.0	11.0
25205	50410000.0	4.0
25206	50412000.0	5.0
25207	50414000.0	5.0
25208	50416000.0	5.0
25209	50418000.0	7.0
25210	50420000.0	4.0
25211	50422000.0	4.0
25212	50424000.0	5.0
25213	50426000.0	4.0
25214	50428000.0	3.0
25215	50430000.0	4.0
25216	50432000.0	9.0
25217	50434000.0	2.0
25218	50436000.0	6.0
25219	50438000.0	3.0
25220	50440000.0	7.0
25221	50442000.0	9.0
25222	50444000.0	5.0
25223	50446000.0	5.0
25224	50448000.0	6.0
25225	50450000.0	9.0
25226	50452000.0	6.0
25227	50454000.0	5.0
25228	50456000.0	7.0
25229	50458000.0	4.0
25230	50460000.0	5.0
25231	50462000.0	1.0
25232	50464000.0	5.0
25233	50466000.0	2.0
25234	50468000.0	6.0
25235	50470000.0	6.0
25236	50472000.0	2.0
25237	50474000.0	3.0
25238	50476000.0	5.0
25239	50478000.0	3.0
25240	50480000.0	7.0
25241	50482000.0	6.0
25242	50484000.0	1.0
25243	50486000.0	6.0
25244	50488000.0	10.0
25245	50490000.0	4.0
25246	50492000.0	2.0
25247	50494000.0	5.0
25248	50496000.0	2.0
25249	50498000.0	9.0
25250	50500000.0	1.0
25251	50502000.0	4.0
25252	50504000.0	7.0
25253	50506000.0	6.0
25254	50508000.0	2.0
25255	50510000.0	3.0
25256	50512000.0	4.0
25257	50514000.0	3.0
25258	50516000.0	1.0
25259	50518000.0	4.0
25260	50520000.0	5.0
25261	50522000.0	6.0
25262	50524000.0	7.0
25263	50526000.0	7.0
25264	50528000.0	5.0
25265	50530000.0	4.0
25266	50532000.0	6.0
25267	50534000.0	7.0
25268	50536000.0	3.0
25269	50538000.0	5.0
25270	50540000.0	5.0
25271	50542000.0	8.0
25272	50544000.0	3.0
25273	50546000.0	6.0
25274	50548000.0	6.0
25275	50550000.0	5.0
25276	50552000.0	5.0
25277	50554000.0	4.0
25278	50556000.0	7.0
25279	50558000.0	4.0
25280	50560000.0	5.0
25281	50562000.0	2.0
25282	50564000.0	7.0
25283	50566000.0	3.0
25284	50568000.0	5.0
25285	50570000.0	9.0
25286	50572000.0	3.0
25287	50574000.0	6.0
25288	50576000.0	7.0
25289	50578000.0	7.0
25290	50580000.0	7.0
25291	50582000.0	5.0
25292	50584000.0	4.0
25293	50586000.0	5.0
25294	50588000.0	4.0
25295	50590000.0	4.0
25296	50592000.0	2.0
25297	50594000.0	7.0
25298	50596000.0	1.0
25299	50598000.0	7.0
25300	50600000.0	5.0
25301	50602000.0	5.0
25302	50604000.0	8.0
25303	50606000.0	3.0
25304	50608000.0	7.0
25305	50610000.0	3.0
25306	50612000.0	7.0
25307	50614000.0	6.0
25308	50616000.0	7.0
25309	50618000.0	5.0
25310	50620000.0	6.0
25311	50622000.0	6.0
25312	50624000.0	2.0
25313	50626000.0	4.0
25314	50628000.0	1.0
25315	50630000.0	4.0
25316	50632000.0	5.0
25317	50634000.0	4.0
25318	50636000.0	5.0
25319	50638000.0	4.0
25320	50640000.0	7.0
25321	50642000.0	5.0
25322	50644000.0	5.0
25323	50646000.0	5.0
25324	50648000.0	1.0
25325	50650000.0	10.0
25326	50652000.0	5.0
25327	50654000.0	6.0
25328	50656000.0	7.0
25329	50658000.0	8.0
25330	50660000.0	3.0
25331	50662000.0	6.0
25332	50664000.0	7.0
25333	50666000.0	11.0
25334	50668000.0	8.0
25335	50670000.0	10.0
25336	50672000.0	6.0
25337	50674000.0	4.0
25338	50676000.0	5.0
25339	50678000.0	6.0
25340	50680000.0	3.0
25341	50682000.0	9.0
25342	50684000.0	7.0
25343	50686000.0	3.0
25344	50688000.0	3.0
25345	50690000.0	5.0
25346	50692000.0	3.0
25347	50694000.0	4.0
25348	50696000.0	5.0
25349	50698000.0	7.0
25350	50700000.0	2.0
25351	50702000.0	6.0
25352	50704000.0	3.0
25353	50706000.0	8.0
25354	50708000.0	2.0
25355	50710000.0	14.0
25356	50712000.0	2.0
25357	50714000.0	6.0
25358	50716000.0	8.0
25359	50718000.0	9.0
25360	50720000.0	4.0
25361	50722000.0	4.0
25362	50724000.0	3.0
25363	50726000.0	7.0
25364	50728000.0	7.0
25365	50730000.0	3.0
25366	50732000.0	4.0
25367	50734000.0	4.0
25368	50736000.0	5.0
25369	50738000.0	8.0
25370	50740000.0	4.0
25371	50742000.0	4.0
25372	50744000.0	8.0
25373	50746000.0	4.0
25374	50748000.0	5.0
25375	50750000.0	5.0
25376	50752000.0	5.0
25377	50754000.0	8.0
25378	50756000.0	9.0
25379	50758000.0	8.0
25380	50760000.0	4.0
25381	50762000.0	5.0
25382	50764000.0	3.0
25383	50766000.0	8.0
25384	50768000.0	5.0
25385	50770000.0	3.0
25386	50772000.0	6.0
25387	50774000.0	5.0
25388	50776000.0	5.0
25389	50778000.0	3.0
25390	50780000.0	6.0
25391	50782000.0	6.0
25392	50784000.0	3.0
25393	50786000.0	7.0
25394	50788000.0	3.0
25395	50790000.0	1.0
25396	50792000.0	4.0
25397	50794000.0	4.0
25398	50796000.0	5.0
25399	50798000.0	1.0
25400	50800000.0	7.0
25401	50802000.0	5.0
25402	50804000.0	1.0
25403	50806000.0	3.0
25404	50808000.0	4.0
25405	50810000.0	13.0
25406	50812000.0	9.0
25407	50814000.0	9.0
25408	50816000.0	2.0
25409	50818000.0	10.0
25410	50820000.0	1.0
25411	50822000.0	5.0
25412	50824000.0	7.0
25413	50826000.0	5.0
25414	50828000.0	5.0
25415	50830000.0	2.0
25416	50832000.0	1.0
25417	50834000.0	6.0
25418	50836000.0	3.0
25419	50838000.0	4.0
25420	50840000.0	3.0
25421	50842000.0	5.0
25422	50844000.0	9.0
25423	50846000.0	3.0
25424	50848000.0	3.0
25425	50850000.0	4.0
25426	50852000.0	6.0
25427	50854000.0	6.0
25428	50856000.0	6.0
25429	50858000.0	4.0
25430	50860000.0	8.0
25431	50862000.0	6.0
25432	50864000.0	4.0
25433	50866000.0	5.0
25434	50868000.0	6.0
25435	50870000.0	5.0
25436	50872000.0	3.0
25437	50874000.0	10.0
25438	50876000.0	4.0
25439	50878000.0	6.0
25440	50880000.0	0.0
25441	50882000.0	6.0
25442	50884000.0	7.0
25443	50886000.0	6.0
25444	50888000.0	5.0
25445	50890000.0	6.0
25446	50892000.0	7.0
25447	50894000.0	1.0
25448	50896000.0	6.0
25449	50898000.0	5.0
25450	50900000.0	3.0
25451	50902000.0	5.0
25452	50904000.0	4.0
25453	50906000.0	8.0
25454	50908000.0	2.0
25455	50910000.0	11.0
25456	50912000.0	6.0
25457	50914000.0	9.0
25458	50916000.0	6.0
25459	50918000.0	4.0
25460	50920000.0	2.0
25461	50922000.0	7.0
25462	50924000.0	5.0
25463	50926000.0	4.0
25464	50928000.0	7.0
25465	50930000.0	3.0
25466	50932000.0	8.0
25467	50934000.0	5.0
25468	50936000.0	5.0
25469	50938000.0	3.0
25470	50940000.0	5.0
25471	50942000.0	7.0
25472	50944000.0	5.0
25473	50946000.0	6.0
25474	50948000.0	6.0
25475	50950000.0	5.0
25476	50952000.0	7.0
25477	50954000.0	7.0
25478	50956000.0	5.0
25479	50958000.0	5.0
25480	50960000.0	8.0
25481	50962000.0	1.0
25482	50964000.0	8.0
25483	50966000.0	8.0
25484	50968000.0	2.0
25485	50970000.0	9.0
25486	50972000.0	1.0
25487	50974000.0	4.0
25488	50976000.0	7.0
25489	50978000.0	4.0
25490	50980000.0	3.0
25491	50982000.0	3.0
25492	50984000.0	5.0
25493	50986000.0	5.0
25494	50988000.0	6.0
25495	50990000.0	8.0
25496	50992000.0	5.0
25497	50994000.0	4.0
25498	50996000.0	7.0
25499	50998000.0	4.0
25500	51000000.0	8.0
25501	51002000.0	6.0
25502	51004000.0	6.0
25503	51006000.0	11.0
25504	51008000.0	9.0
25505	51010000.0	9.0
25506	51012000.0	7.0
25507	51014000.0	5.0
25508	51016000.0	7.0
25509	51018000.0	4.0
25510	51020000.0	2.0
25511	51022000.0	3.0
25512	51024000.0	4.0
25513	51026000.0	9.0
25514	51028000.0	8.0
25515	51030000.0	5.0
25516	51032000.0	1.0
25517	51034000.0	7.0
25518	51036000.0	4.0
25519	51038000.0	1.0
25520	51040000.0	5.0
25521	51042000.0	8.0
25522	51044000.0	7.0
25523	51046000.0	10.0
25524	51048000.0	6.0
25525	51050000.0	7.0
25526	51052000.0	8.0
25527	51054000.0	9.0
25528	51056000.0	4.0
25529	51058000.0	6.0
25530	51060000.0	4.0
25531	51062000.0	3.0
25532	51064000.0	1.0
25533	51066000.0	7.0
25534	51068000.0	8.0
25535	51070000.0	4.0
25536	51072000.0	5.0
25537	51074000.0	1.0
25538	51076000.0	5.0
25539	51078000.0	5.0
25540	51080000.0	8.0
25541	51082000.0	2.0
25542	51084000.0	6.0
25543	51086000.0	3.0
25544	51088000.0	4.0
25545	51090000.0	3.0
25546	51092000.0	5.0
25547	51094000.0	4.0
25548	51096000.0	5.0
25549	51098000.0	5.0
25550	51100000.0	7.0
25551	51102000.0	5.0
25552	51104000.0	6.0
25553	51106000.0	6.0
25554	51108000.0	7.0
25555	51110000.0	4.0
25556	51112000.0	6.0
25557	51114000.0	8.0
25558	51116000.0	8.0
25559	51118000.0	7.0
25560	51120000.0	5.0
25561	51122000.0	3.0
25562	51124000.0	4.0
25563	51126000.0	6.0
25564	51128000.0	8.0
25565	51130000.0	2.0
25566	51132000.0	2.0
25567	51134000.0	4.0
25568	51136000.0	4.0
25569	51138000.0	2.0
25570	51140000.0	4.0
25571	51142000.0	6.0
25572	51144000.0	4.0
25573	51146000.0	2.0
25574	51148000.0	4.0
25575	51150000.0	5.0
25576	51152000.0	4.0
25577	51154000.0	4.0
25578	51156000.0	6.0
25579	51158000.0	9.0
25580	51160000.0	7.0
25581	51162000.0	4.0
25582	51164000.0	4.0
25583	51166000.0	10.0
25584	51168000.0	5.0
25585	51170000.0	4.0
25586	51172000.0	7.0
25587	51174000.0	7.0
25588	51176000.0	4.0
25589	51178000.0	4.0
25590	51180000.0	10.0
25591	51182000.0	7.0
25592	51184000.0	4.0
25593	51186000.0	4.0
25594	51188000.0	6.0
25595	51190000.0	7.0
25596	51192000.0	4.0
25597	51194000.0	4.0
25598	51196000.0	5.0
25599	51198000.0	1.0
25600	51200000.0	6.0
25601	51202000.0	7.0
25602	51204000.0	6.0
25603	51206000.0	4.0
25604	51208000.0	6.0
25605	51210000.0	8.0
25606	51212000.0	4.0
25607	51214000.0	7.0
25608	51216000.0	4.0
25609	51218000.0	4.0
25610	51220000.0	3.0
25611	51222000.0	5.0
25612	51224000.0	6.0
25613	51226000.0	4.0
25614	51228000.0	5.0
25615	51230000.0	7.0
25616	51232000.0	4.0
25617	51234000.0	3.0
25618	51236000.0	2.0
25619	51238000.0	3.0
25620	51240000.0	5.0
25621	51242000.0	7.0
25622	51244000.0	2.0
25623	51246000.0	4.0
25624	51248000.0	4.0
25625	51250000.0	5.0
25626	51252000.0	5.0
25627	51254000.0	8.0
25628	51256000.0	6.0
25629	51258000.0	6.0
25630	51260000.0	5.0
25631	51262000.0	8.0
25632	51264000.0	4.0
25633	51266000.0	4.0
25634	51268000.0	4.0
25635	51270000.0	5.0
25636	51272000.0	2.0
25637	51274000.0	5.0
25638	51276000.0	5.0
25639	51278000.0	5.0
25640	51280000.0	4.0
25641	51282000.0	6.0
25642	51284000.0	5.0
25643	51286000.0	9.0
25644	51288000.0	6.0
25645	51290000.0	9.0
25646	51292000.0	4.0
25647	51294000.0	6.0
25648	51296000.0	1.0
25649	51298000.0	8.0
25650	51300000.0	3.0
25651	51302000.0	6.0
25652	51304000.0	8.0
25653	51306000.0	8.0
25654	51308000.0	5.0
25655	51310000.0	12.0
25656	51312000.0	7.0
25657	51314000.0	6.0
25658	51316000.0	3.0
25659	51318000.0	3.0
25660	51320000.0	8.0
25661	51322000.0	6.0
25662	51324000.0	5.0
25663	51326000.0	3.0
25664	51328000.0	7.0
25665	51330000.0	5.0
25666	51332000.0	1.0
25667	51334000.0	5.0
25668	51336000.0	3.0
25669	51338000.0	6.0
25670	51340000.0	7.0
25671	51342000.0	5.0
25672	51344000.0	4.0
25673	51346000.0	4.0
25674	51348000.0	5.0
25675	51350000.0	4.0
25676	51352000.0	3.0
25677	51354000.0	5.0
25678	51356000.0	5.0
25679	51358000.0	5.0
25680	51360000.0	5.0
25681	51362000.0	3.0
25682	51364000.0	4.0
25683	51366000.0	3.0
25684	51368000.0	6.0
25685	51370000.0	4.0
25686	51372000.0	4.0
25687	51374000.0	10.0
25688	51376000.0	7.0
25689	51378000.0	10.0
25690	51380000.0	6.0
25691	51382000.0	6.0
25692	51384000.0	8.0
25693	51386000.0	5.0
25694	51388000.0	2.0
25695	51390000.0	2.0
25696	51392000.0	4.0
25697	51394000.0	5.0
25698	51396000.0	5.0
25699	51398000.0	4.0
25700	51400000.0	2.0
25701	51402000.0	6.0
25702	51404000.0	7.0
25703	51406000.0	3.0
25704	51408000.0	2.0
25705	51410000.0	5.0
25706	51412000.0	10.0
25707	51414000.0	6.0
25708	51416000.0	6.0
25709	51418000.0	3.0
25710	51420000.0	6.0
25711	51422000.0	7.0
25712	51424000.0	4.0
25713	51426000.0	4.0
25714	51428000.0	5.0
25715	51430000.0	2.0
25716	51432000.0	4.0
25717	51434000.0	6.0
25718	51436000.0	3.0
25719	51438000.0	5.0
25720	51440000.0	2.0
25721	51442000.0	4.0
25722	51444000.0	3.0
25723	51446000.0	3.0
25724	51448000.0	7.0
25725	51450000.0	4.0
25726	51452000.0	3.0
25727	51454000.0	9.0
25728	51456000.0	6.0
25729	51458000.0	4.0
25730	51460000.0	5.0
25731	51462000.0	8.0
25732	51464000.0	5.0
25733	51466000.0	7.0
25734	51468000.0	8.0
25735	51470000.0	3.0
25736	51472000.0	6.0
25737	51474000.0	4.0
25738	51476000.0	5.0
25739	51478000.0	7.0
25740	51480000.0	3.0
25741	51482000.0	4.0
25742	51484000.0	5.0
25743	51486000.0	4.0
25744	51488000.0	4.0
25745	51490000.0	6.0
25746	51492000.0	5.0
25747	51494000.0	4.0
25748	51496000.0	3.0
25749	51498000.0	5.0
25750	51500000.0	8.0
25751	51502000.0	7.0
25752	51504000.0	5.0
25753	51506000.0	7.0
25754	51508000.0	11.0
25755	51510000.0	6.0
25756	51512000.0	4.0
25757	51514000.0	6.0
25758	51516000.0	2.0
25759	51518000.0	6.0
25760	51520000.0	7.0
25761	51522000.0	5.0
25762	51524000.0	6.0
25763	51526000.0	7.0
25764	51528000.0	5.0
25765	51530000.0	7.0
25766	51532000.0	5.0
25767	51534000.0	1.0
25768	51536000.0	5.0
25769	51538000.0	5.0
25770	51540000.0	5.0
25771	51542000.0	10.0
25772	51544000.0	7.0
25773	51546000.0	7.0
25774	51548000.0	4.0
25775	51550000.0	2.0
25776	51552000.0	10.0
25777	51554000.0	5.0
25778	51556000.0	4.0
25779	51558000.0	9.0
25780	51560000.0	2.0
25781	51562000.0	8.0
25782	51564000.0	4.0
25783	51566000.0	6.0
25784	51568000.0	7.0
25785	51570000.0	6.0
25786	51572000.0	2.0
25787	51574000.0	2.0
25788	51576000.0	3.0
25789	51578000.0	3.0
25790	51580000.0	5.0
25791	51582000.0	4.0
25792	51584000.0	1.0
25793	51586000.0	5.0
25794	51588000.0	9.0
25795	51590000.0	11.0
25796	51592000.0	5.0
25797	51594000.0	8.0
25798	51596000.0	10.0
25799	51598000.0	11.0
25800	51600000.0	2.0
25801	51602000.0	5.0
25802	51604000.0	7.0
25803	51606000.0	6.0
25804	51608000.0	4.0
25805	51610000.0	12.0
25806	51612000.0	9.0
25807	51614000.0	5.0
25808	51616000.0	3.0
25809	51618000.0	0.0
25810	51620000.0	4.0
25811	51622000.0	6.0
25812	51624000.0	5.0
25813	51626000.0	2.0
25814	51628000.0	5.0
25815	51630000.0	6.0
25816	51632000.0	5.0
25817	51634000.0	6.0
25818	51636000.0	10.0
25819	51638000.0	4.0
25820	51640000.0	7.0
25821	51642000.0	3.0
25822	51644000.0	3.0
25823	51646000.0	5.0
25824	51648000.0	5.0
25825	51650000.0	7.0
25826	51652000.0	7.0
25827	51654000.0	5.0
25828	51656000.0	7.0
25829	51658000.0	6.0
25830	51660000.0	5.0
25831	51662000.0	5.0
25832	51664000.0	6.0
25833	51666000.0	8.0
25834	51668000.0	5.0
25835	51670000.0	8.0
25836	51672000.0	7.0
25837	51674000.0	7.0
25838	51676000.0	8.0
25839	51678000.0	5.0
25840	51680000.0	12.0
25841	51682000.0	2.0
25842	51684000.0	3.0
25843	51686000.0	4.0
25844	51688000.0	7.0
25845	51690000.0	7.0
25846	51692000.0	6.0
25847	51694000.0	6.0
25848	51696000.0	5.0
25849	51698000.0	4.0
25850	51700000.0	4.0
25851	51702000.0	3.0
25852	51704000.0	6.0
25853	51706000.0	4.0
25854	51708000.0	10.0
25855	51710000.0	7.0
25856	51712000.0	7.0
25857	51714000.0	5.0
25858	51716000.0	2.0
25859	51718000.0	7.0
25860	51720000.0	4.0
25861	51722000.0	5.0
25862	51724000.0	11.0
25863	51726000.0	3.0
25864	51728000.0	5.0
25865	51730000.0	3.0
25866	51732000.0	10.0
25867	51734000.0	6.0
25868	51736000.0	5.0
25869	51738000.0	3.0
25870	51740000.0	5.0
25871	51742000.0	5.0
25872	51744000.0	6.0
25873	51746000.0	3.0
25874	51748000.0	3.0
25875	51750000.0	6.0
25876	51752000.0	3.0
25877	51754000.0	9.0
25878	51756000.0	6.0
25879	51758000.0	13.0
25880	51760000.0	6.0
25881	51762000.0	7.0
25882	51764000.0	5.0
25883	51766000.0	4.0
25884	51768000.0	5.0
25885	51770000.0	7.0
25886	51772000.0	6.0
25887	51774000.0	7.0
25888	51776000.0	7.0
25889	51778000.0	5.0
25890	51780000.0	9.0
25891	51782000.0	3.0
25892	51784000.0	3.0
25893	51786000.0	4.0
25894	51788000.0	7.0
25895	51790000.0	4.0
25896	51792000.0	5.0
25897	51794000.0	2.0
25898	51796000.0	5.0
25899	51798000.0	5.0
25900	51800000.0	6.0
25901	51802000.0	4.0
25902	51804000.0	6.0
25903	51806000.0	7.0
25904	51808000.0	5.0
25905	51810000.0	7.0
25906	51812000.0	8.0
25907	51814000.0	5.0
25908	51816000.0	4.0
25909	51818000.0	4.0
25910	51820000.0	5.0
25911	51822000.0	2.0
25912	51824000.0	8.0
25913	51826000.0	5.0
25914	51828000.0	4.0
25915	51830000.0	7.0
25916	51832000.0	7.0
25917	51834000.0	7.0
25918	51836000.0	3.0
25919	51838000.0	4.0
25920	51840000.0	7.0
25921	51842000.0	1.0
25922	51844000.0	3.0
25923	51846000.0	1.0
25924	51848000.0	11.0
25925	51850000.0	5.0
25926	51852000.0	6.0
25927	51854000.0	5.0
25928	51856000.0	2.0
25929	51858000.0	4.0
25930	51860000.0	7.0
25931	51862000.0	4.0
25932	51864000.0	2.0
25933	51866000.0	7.0
25934	51868000.0	10.0
25935	51870000.0	8.0
25936	51872000.0	5.0
25937	51874000.0	8.0
25938	51876000.0	6.0
25939	51878000.0	6.0
25940	51880000.0	6.0
25941	51882000.0	7.0
25942	51884000.0	4.0
25943	51886000.0	3.0
25944	51888000.0	4.0
25945	51890000.0	8.0
25946	51892000.0	5.0
25947	51894000.0	5.0
25948	51896000.0	6.0
25949	51898000.0	10.0
25950	51900000.0	3.0
25951	51902000.0	7.0
25952	51904000.0	3.0
25953	51906000.0	4.0
25954	51908000.0	6.0
25955	51910000.0	2.0
25956	51912000.0	8.0
25957	51914000.0	7.0
25958	51916000.0	9.0
25959	51918000.0	6.0
25960	51920000.0	4.0
25961	51922000.0	5.0
25962	51924000.0	5.0
25963	51926000.0	9.0
25964	51928000.0	5.0
25965	51930000.0	5.0
25966	51932000.0	1.0
25967	51934000.0	5.0
25968	51936000.0	2.0
25969	51938000.0	5.0
25970	51940000.0	5.0
25971	51942000.0	7.0
25972	51944000.0	10.0
25973	51946000.0	9.0
25974	51948000.0	6.0
25975	51950000.0	7.0
25976	51952000.0	4.0
25977	51954000.0	5.0
25978	51956000.0	7.0
25979	51958000.0	4.0
25980	51960000.0	3.0
25981	51962000.0	6.0
25982	51964000.0	6.0
25983	51966000.0	5.0
25984	51968000.0	8.0
25985	51970000.0	5.0
25986	51972000.0	6.0
25987	51974000.0	3.0
25988	51976000.0	5.0
25989	51978000.0	10.0
25990	51980000.0	7.0
25991	51982000.0	8.0
25992	51984000.0	5.0
25993	51986000.0	2.0
25994	51988000.0	5.0
25995	51990000.0	8.0
25996	51992000.0	9.0
25997	51994000.0	6.0
25998	51996000.0	6.0
25999	51998000.0	4.0
26000	52000000.0	7.0
26001	52002000.0	8.0
26002	52004000.0	4.0
26003	52006000.0	5.0
26004	52008000.0	5.0
26005	52010000.0	11.0
26006	52012000.0	3.0
26007	52014000.0	9.0
26008	52016000.0	5.0
26009	52018000.0	4.0
26010	52020000.0	3.0
26011	52022000.0	7.0
26012	52024000.0	7.0
26013	52026000.0	6.0
26014	52028000.0	7.0
26015	52030000.0	5.0
26016	52032000.0	6.0
26017	52034000.0	5.0
26018	52036000.0	3.0
26019	52038000.0	5.0
26020	52040000.0	7.0
26021	52042000.0	9.0
26022	52044000.0	8.0
26023	52046000.0	10.0
26024	52048000.0	6.0
26025	52050000.0	3.0
26026	52052000.0	2.0
26027	52054000.0	8.0
26028	52056000.0	5.0
26029	52058000.0	5.0
26030	52060000.0	3.0
26031	52062000.0	6.0
26032	52064000.0	4.0
26033	52066000.0	5.0
26034	52068000.0	5.0
26035	52070000.0	5.0
26036	52072000.0	6.0
26037	52074000.0	3.0
26038	52076000.0	5.0
26039	52078000.0	1.0
26040	52080000.0	8.0
26041	52082000.0	3.0
26042	52084000.0	10.0
26043	52086000.0	8.0
26044	52088000.0	3.0
26045	52090000.0	6.0
26046	52092000.0	6.0
26047	52094000.0	6.0
26048	52096000.0	5.0
26049	52098000.0	7.0
26050	52100000.0	6.0
26051	52102000.0	4.0
26052	52104000.0	6.0
26053	52106000.0	3.0
26054	52108000.0	6.0
26055	52110000.0	11.0
26056	52112000.0	3.0
26057	52114000.0	10.0
26058	52116000.0	5.0
26059	52118000.0	4.0
26060	52120000.0	9.0
26061	52122000.0	6.0
26062	52124000.0	8.0
26063	52126000.0	7.0
26064	52128000.0	5.0
26065	52130000.0	4.0
26066	52132000.0	5.0
26067	52134000.0	2.0
26068	52136000.0	9.0
26069	52138000.0	4.0
26070	52140000.0	6.0
26071	52142000.0	4.0
26072	52144000.0	6.0
26073	52146000.0	3.0
26074	52148000.0	1.0
26075	52150000.0	3.0
26076	52152000.0	7.0
26077	52154000.0	6.0
26078	52156000.0	2.0
26079	52158000.0	5.0
26080	52160000.0	4.0
26081	52162000.0	6.0
26082	52164000.0	2.0
26083	52166000.0	2.0
26084	52168000.0	5.0
26085	52170000.0	4.0
26086	52172000.0	6.0
26087	52174000.0	8.0
26088	52176000.0	3.0
26089	52178000.0	4.0
26090	52180000.0	3.0
26091	52182000.0	5.0
26092	52184000.0	4.0
26093	52186000.0	5.0
26094	52188000.0	10.0
26095	52190000.0	5.0
26096	52192000.0	3.0
26097	52194000.0	3.0
26098	52196000.0	5.0
26099	52198000.0	8.0
26100	52200000.0	5.0
26101	52202000.0	2.0
26102	52204000.0	3.0
26103	52206000.0	0.0
26104	52208000.0	7.0
26105	52210000.0	9.0
26106	52212000.0	8.0
26107	52214000.0	8.0
26108	52216000.0	6.0
26109	52218000.0	6.0
26110	52220000.0	5.0
26111	52222000.0	6.0
26112	52224000.0	7.0
26113	52226000.0	3.0
26114	52228000.0	5.0
26115	52230000.0	4.0
26116	52232000.0	3.0
26117	52234000.0	3.0
26118	52236000.0	4.0
26119	52238000.0	2.0
26120	52240000.0	2.0
26121	52242000.0	10.0
26122	52244000.0	7.0
26123	52246000.0	4.0
26124	52248000.0	5.0
26125	52250000.0	2.0
26126	52252000.0	7.0
26127	52254000.0	9.0
26128	52256000.0	8.0
26129	52258000.0	2.0
26130	52260000.0	5.0
26131	52262000.0	2.0
26132	52264000.0	7.0
26133	52266000.0	2.0
26134	52268000.0	6.0
26135	52270000.0	7.0
26136	52272000.0	8.0
26137	52274000.0	3.0
26138	52276000.0	5.0
26139	52278000.0	4.0
26140	52280000.0	9.0
26141	52282000.0	6.0
26142	52284000.0	9.0
26143	52286000.0	6.0
26144	52288000.0	8.0
26145	52290000.0	5.0
26146	52292000.0	9.0
26147	52294000.0	8.0
26148	52296000.0	5.0
26149	52298000.0	4.0
26150	52300000.0	8.0
26151	52302000.0	6.0
26152	52304000.0	5.0
26153	52306000.0	3.0
26154	52308000.0	3.0
26155	52310000.0	3.0
26156	52312000.0	4.0
26157	52314000.0	9.0
26158	52316000.0	5.0
26159	52318000.0	7.0
26160	52320000.0	5.0
26161	52322000.0	4.0
26162	52324000.0	8.0
26163	52326000.0	7.0
26164	52328000.0	6.0
26165	52330000.0	8.0
26166	52332000.0	3.0
26167	52334000.0	5.0
26168	52336000.0	4.0
26169	52338000.0	10.0
26170	52340000.0	5.0
26171	52342000.0	4.0
26172	52344000.0	6.0
26173	52346000.0	7.0
26174	52348000.0	8.0
26175	52350000.0	2.0
26176	52352000.0	5.0
26177	52354000.0	1.0
26178	52356000.0	5.0
26179	52358000.0	8.0
26180	52360000.0	6.0
26181	52362000.0	8.0
26182	52364000.0	9.0
26183	52366000.0	3.0
26184	52368000.0	3.0
26185	52370000.0	6.0
26186	52372000.0	3.0
26187	52374000.0	2.0
26188	52376000.0	10.0
26189	52378000.0	3.0
26190	52380000.0	4.0
26191	52382000.0	8.0
26192	52384000.0	8.0
26193	52386000.0	5.0
26194	52388000.0	6.0
26195	52390000.0	7.0
26196	52392000.0	7.0
26197	52394000.0	3.0
26198	52396000.0	8.0
26199	52398000.0	3.0
26200	52400000.0	5.0
26201	52402000.0	1.0
26202	52404000.0	4.0
26203	52406000.0	6.0
26204	52408000.0	8.0
26205	52410000.0	6.0
26206	52412000.0	8.0
26207	52414000.0	5.0
26208	52416000.0	3.0
26209	52418000.0	7.0
26210	52420000.0	5.0
26211	52422000.0	4.0
26212	52424000.0	4.0
26213	52426000.0	4.0
26214	52428000.0	7.0
26215	52430000.0	7.0
26216	52432000.0	6.0
26217	52434000.0	4.0
26218	52436000.0	5.0
26219	52438000.0	6.0
26220	52440000.0	6.0
26221	52442000.0	7.0
26222	52444000.0	7.0
26223	52446000.0	6.0
26224	52448000.0	1.0
26225	52450000.0	6.0
26226	52452000.0	2.0
26227	52454000.0	1.0
26228	52456000.0	3.0
26229	52458000.0	4.0
26230	52460000.0	4.0
26231	52462000.0	6.0
26232	52464000.0	9.0
26233	52466000.0	4.0
26234	52468000.0	8.0
26235	52470000.0	6.0
26236	52472000.0	8.0
26237	52474000.0	5.0
26238	52476000.0	6.0
26239	52478000.0	4.0
26240	52480000.0	4.0
26241	52482000.0	4.0
26242	52484000.0	1.0
26243	52486000.0	10.0
26244	52488000.0	4.0
26245	52490000.0	5.0
26246	52492000.0	5.0
26247	52494000.0	4.0
26248	52496000.0	3.0
26249	52498000.0	7.0
26250	52500000.0	4.0
26251	52502000.0	4.0
26252	52504000.0	7.0
26253	52506000.0	5.0
26254	52508000.0	5.0
26255	52510000.0	9.0
26256	52512000.0	5.0
26257	52514000.0	6.0
26258	52516000.0	5.0
26259	52518000.0	6.0
26260	52520000.0	6.0
26261	52522000.0	6.0
26262	52524000.0	3.0
26263	52526000.0	8.0
26264	52528000.0	9.0
26265	52530000.0	6.0
26266	52532000.0	5.0
26267	52534000.0	3.0
26268	52536000.0	8.0
26269	52538000.0	7.0
26270	52540000.0	2.0
26271	52542000.0	5.0
26272	52544000.0	5.0
26273	52546000.0	2.0
26274	52548000.0	2.0
26275	52550000.0	7.0
26276	52552000.0	5.0
26277	52554000.0	3.0
26278	52556000.0	5.0
26279	52558000.0	2.0
26280	52560000.0	4.0
26281	52562000.0	5.0
26282	52564000.0	7.0
26283	52566000.0	4.0
26284	52568000.0	5.0
26285	52570000.0	4.0
26286	52572000.0	5.0
26287	52574000.0	2.0
26288	52576000.0	2.0
26289	52578000.0	4.0
26290	52580000.0	8.0
26291	52582000.0	7.0
26292	52584000.0	1.0
26293	52586000.0	7.0
26294	52588000.0	5.0
26295	52590000.0	3.0
26296	52592000.0	1.0
26297	52594000.0	4.0
26298	52596000.0	2.0
26299	52598000.0	4.0
26300	52600000.0	6.0
26301	52602000.0	7.0
26302	52604000.0	9.0
26303	52606000.0	7.0
26304	52608000.0	5.0
26305	52610000.0	6.0
26306	52612000.0	1.0
26307	52614000.0	4.0
26308	52616000.0	10.0
26309	52618000.0	8.0
26310	52620000.0	7.0
26311	52622000.0	5.0
26312	52624000.0	2.0
26313	52626000.0	3.0
26314	52628000.0	1.0
26315	52630000.0	0.0
26316	52632000.0	5.0
26317	52634000.0	5.0
26318	52636000.0	5.0
26319	52638000.0	5.0
26320	52640000.0	8.0
26321	52642000.0	2.0
26322	52644000.0	4.0
26323	52646000.0	5.0
26324	52648000.0	6.0
26325	52650000.0	3.0
26326	52652000.0	4.0
26327	52654000.0	6.0
26328	52656000.0	4.0
26329	52658000.0	6.0
26330	52660000.0	1.0
26331	52662000.0	5.0
26332	52664000.0	2.0
26333	52666000.0	3.0
26334	52668000.0	5.0
26335	52670000.0	1.0
26336	52672000.0	5.0
26337	52674000.0	2.0
26338	52676000.0	5.0
26339	52678000.0	7.0
26340	52680000.0	3.0
26341	52682000.0	2.0
26342	52684000.0	4.0
26343	52686000.0	4.0
26344	52688000.0	2.0
26345	52690000.0	4.0
26346	52692000.0	5.0
26347	52694000.0	2.0
26348	52696000.0	7.0
26349	52698000.0	10.0
26350	52700000.0	6.0
26351	52702000.0	2.0
26352	52704000.0	6.0
26353	52706000.0	5.0
26354	52708000.0	13.0
26355	52710000.0	4.0
26356	52712000.0	11.0
26357	52714000.0	8.0
26358	52716000.0	6.0
26359	52718000.0	8.0
26360	52720000.0	5.0
26361	52722000.0	3.0
26362	52724000.0	6.0
26363	52726000.0	3.0
26364	52728000.0	5.0
26365	52730000.0	4.0
26366	52732000.0	1.0
26367	52734000.0	5.0
26368	52736000.0	5.0
26369	52738000.0	8.0
26370	52740000.0	1.0
26371	52742000.0	9.0
26372	52744000.0	3.0
26373	52746000.0	10.0
26374	52748000.0	1.0
26375	52750000.0	5.0
26376	52752000.0	8.0
26377	52754000.0	4.0
26378	52756000.0	5.0
26379	52758000.0	1.0
26380	52760000.0	5.0
26381	52762000.0	5.0
26382	52764000.0	7.0
26383	52766000.0	2.0
26384	52768000.0	6.0
26385	52770000.0	10.0
26386	52772000.0	4.0
26387	52774000.0	7.0
26388	52776000.0	7.0
26389	52778000.0	6.0
26390	52780000.0	6.0
26391	52782000.0	3.0
26392	52784000.0	11.0
26393	52786000.0	7.0
26394	52788000.0	3.0
26395	52790000.0	6.0
26396	52792000.0	8.0
26397	52794000.0	5.0
26398	52796000.0	2.0
26399	52798000.0	4.0
26400	52800000.0	4.0
26401	52802000.0	4.0
26402	52804000.0	3.0
26403	52806000.0	6.0
26404	52808000.0	6.0
26405	52810000.0	4.0
26406	52812000.0	2.0
26407	52814000.0	7.0
26408	52816000.0	9.0
26409	52818000.0	10.0
26410	52820000.0	2.0
26411	52822000.0	6.0
26412	52824000.0	7.0
26413	52826000.0	7.0
26414	52828000.0	4.0
26415	52830000.0	5.0
26416	52832000.0	5.0
26417	52834000.0	8.0
26418	52836000.0	7.0
26419	52838000.0	2.0
26420	52840000.0	2.0
26421	52842000.0	4.0
26422	52844000.0	3.0
26423	52846000.0	8.0
26424	52848000.0	4.0
26425	52850000.0	9.0
26426	52852000.0	2.0
26427	52854000.0	6.0
26428	52856000.0	4.0
26429	52858000.0	7.0
26430	52860000.0	1.0
26431	52862000.0	5.0
26432	52864000.0	9.0
26433	52866000.0	5.0
26434	52868000.0	3.0
26435	52870000.0	6.0
26436	52872000.0	8.0
26437	52874000.0	3.0
26438	52876000.0	2.0
26439	52878000.0	5.0
26440	52880000.0	6.0
26441	52882000.0	3.0
26442	52884000.0	4.0
26443	52886000.0	7.0
26444	52888000.0	3.0
26445	52890000.0	4.0
26446	52892000.0	4.0
26447	52894000.0	7.0
26448	52896000.0	3.0
26449	52898000.0	3.0
26450	52900000.0	6.0
26451	52902000.0	13.0
26452	52904000.0	6.0
26453	52906000.0	3.0
26454	52908000.0	4.0
26455	52910000.0	3.0
26456	52912000.0	8.0
26457	52914000.0	12.0
26458	52916000.0	6.0
26459	52918000.0	5.0
26460	52920000.0	8.0
26461	52922000.0	6.0
26462	52924000.0	5.0
26463	52926000.0	4.0
26464	52928000.0	2.0
26465	52930000.0	5.0
26466	52932000.0	4.0
26467	52934000.0	2.0
26468	52936000.0	10.0
26469	52938000.0	6.0
26470	52940000.0	3.0
26471	52942000.0	4.0
26472	52944000.0	6.0
26473	52946000.0	3.0
26474	52948000.0	4.0
26475	52950000.0	3.0
26476	52952000.0	7.0
26477	52954000.0	5.0
26478	52956000.0	4.0
26479	52958000.0	5.0
26480	52960000.0	7.0
26481	52962000.0	3.0
26482	52964000.0	2.0
26483	52966000.0	3.0
26484	52968000.0	3.0
26485	52970000.0	2.0
26486	52972000.0	1.0
26487	52974000.0	10.0
26488	52976000.0	6.0
26489	52978000.0	4.0
26490	52980000.0	3.0
26491	52982000.0	6.0
26492	52984000.0	5.0
26493	52986000.0	2.0
26494	52988000.0	7.0
26495	52990000.0	8.0
26496	52992000.0	10.0
26497	52994000.0	9.0
26498	52996000.0	3.0
26499	52998000.0	6.0
26500	53000000.0	5.0
26501	53002000.0	5.0
26502	53004000.0	5.0
26503	53006000.0	5.0
26504	53008000.0	5.0
26505	53010000.0	6.0
26506	53012000.0	5.0
26507	53014000.0	2.0
26508	53016000.0	6.0
26509	53018000.0	0.0
26510	53020000.0	7.0
26511	53022000.0	5.0
26512	53024000.0	7.0
26513	53026000.0	4.0
26514	53028000.0	6.0
26515	53030000.0	6.0
26516	53032000.0	8.0
26517	53034000.0	7.0
26518	53036000.0	8.0
26519	53038000.0	8.0
26520	53040000.0	5.0
26521	53042000.0	5.0
26522	53044000.0	3.0
26523	53046000.0	8.0
26524	53048000.0	8.0
26525	53050000.0	1.0
26526	53052000.0	5.0
26527	53054000.0	9.0
26528	53056000.0	10.0
26529	53058000.0	4.0
26530	53060000.0	5.0
26531	53062000.0	5.0
26532	53064000.0	5.0
26533	53066000.0	5.0
26534	53068000.0	4.0
26535	53070000.0	3.0
26536	53072000.0	4.0
26537	53074000.0	2.0
26538	53076000.0	6.0
26539	53078000.0	4.0
26540	53080000.0	6.0
26541	53082000.0	3.0
26542	53084000.0	7.0
26543	53086000.0	4.0
26544	53088000.0	10.0
26545	53090000.0	4.0
26546	53092000.0	5.0
26547	53094000.0	7.0
26548	53096000.0	5.0
26549	53098000.0	5.0
26550	53100000.0	3.0
26551	53102000.0	8.0
26552	53104000.0	5.0
26553	53106000.0	3.0
26554	53108000.0	2.0
26555	53110000.0	4.0
26556	53112000.0	5.0
26557	53114000.0	2.0
26558	53116000.0	7.0
26559	53118000.0	5.0
26560	53120000.0	7.0
26561	53122000.0	1.0
26562	53124000.0	4.0
26563	53126000.0	2.0
26564	53128000.0	4.0
26565	53130000.0	5.0
26566	53132000.0	4.0
26567	53134000.0	6.0
26568	53136000.0	3.0
26569	53138000.0	3.0
26570	53140000.0	3.0
26571	53142000.0	5.0
26572	53144000.0	2.0
26573	53146000.0	3.0
26574	53148000.0	4.0
26575	53150000.0	5.0
26576	53152000.0	5.0
26577	53154000.0	7.0
26578	53156000.0	5.0
26579	53158000.0	4.0
26580	53160000.0	5.0
26581	53162000.0	5.0
26582	53164000.0	4.0
26583	53166000.0	6.0
26584	53168000.0	8.0
26585	53170000.0	2.0
26586	53172000.0	6.0
26587	53174000.0	3.0
26588	53176000.0	2.0
26589	53178000.0	5.0
26590	53180000.0	2.0
26591	53182000.0	9.0
26592	53184000.0	6.0
26593	53186000.0	9.0
26594	53188000.0	4.0
26595	53190000.0	2.0
26596	53192000.0	4.0
26597	53194000.0	3.0
26598	53196000.0	4.0
26599	53198000.0	5.0
26600	53200000.0	3.0
26601	53202000.0	4.0
26602	53204000.0	5.0
26603	53206000.0	5.0
26604	53208000.0	2.0
26605	53210000.0	4.0
26606	53212000.0	4.0
26607	53214000.0	4.0
26608	53216000.0	6.0
26609	53218000.0	2.0
26610	53220000.0	4.0
26611	53222000.0	5.0
26612	53224000.0	7.0
26613	53226000.0	3.0
26614	53228000.0	3.0
26615	53230000.0	6.0
26616	53232000.0	6.0
26617	53234000.0	7.0
26618	53236000.0	3.0
26619	53238000.0	0.0
26620	53240000.0	4.0
26621	53242000.0	9.0
26622	53244000.0	4.0
26623	53246000.0	8.0
26624	53248000.0	3.0
26625	53250000.0	4.0
26626	53252000.0	6.0
26627	53254000.0	5.0
26628	53256000.0	3.0
26629	53258000.0	6.0
26630	53260000.0	4.0
26631	53262000.0	6.0
26632	53264000.0	7.0
26633	53266000.0	4.0
26634	53268000.0	6.0
26635	53270000.0	11.0
26636	53272000.0	5.0
26637	53274000.0	4.0
26638	53276000.0	4.0
26639	53278000.0	6.0
26640	53280000.0	3.0
26641	53282000.0	5.0
26642	53284000.0	7.0
26643	53286000.0	6.0
26644	53288000.0	4.0
26645	53290000.0	2.0
26646	53292000.0	2.0
26647	53294000.0	3.0
26648	53296000.0	2.0
26649	53298000.0	2.0
26650	53300000.0	5.0
26651	53302000.0	3.0
26652	53304000.0	4.0
26653	53306000.0	6.0
26654	53308000.0	6.0
26655	53310000.0	3.0
26656	53312000.0	3.0
26657	53314000.0	9.0
26658	53316000.0	4.0
26659	53318000.0	5.0
26660	53320000.0	8.0
26661	53322000.0	4.0
26662	53324000.0	5.0
26663	53326000.0	4.0
26664	53328000.0	7.0
26665	53330000.0	5.0
26666	53332000.0	4.0
26667	53334000.0	7.0
26668	53336000.0	5.0
26669	53338000.0	4.0
26670	53340000.0	6.0
26671	53342000.0	6.0
26672	53344000.0	8.0
26673	53346000.0	6.0
26674	53348000.0	4.0
26675	53350000.0	3.0
26676	53352000.0	7.0
26677	53354000.0	6.0
26678	53356000.0	5.0
26679	53358000.0	8.0
26680	53360000.0	6.0
26681	53362000.0	6.0
26682	53364000.0	4.0
26683	53366000.0	5.0
26684	53368000.0	2.0
26685	53370000.0	6.0
26686	53372000.0	6.0
26687	53374000.0	7.0
26688	53376000.0	8.0
26689	53378000.0	4.0
26690	53380000.0	6.0
26691	53382000.0	4.0
26692	53384000.0	4.0
26693	53386000.0	5.0
26694	53388000.0	8.0
26695	53390000.0	6.0
26696	53392000.0	2.0
26697	53394000.0	5.0
26698	53396000.0	5.0
26699	53398000.0	4.0
26700	53400000.0	4.0
26701	53402000.0	2.0
26702	53404000.0	3.0
26703	53406000.0	3.0
26704	53408000.0	3.0
26705	53410000.0	5.0
26706	53412000.0	3.0
26707	53414000.0	3.0
26708	53416000.0	8.0
26709	53418000.0	4.0
26710	53420000.0	4.0
26711	53422000.0	3.0
26712	53424000.0	5.0
26713	53426000.0	3.0
26714	53428000.0	5.0
26715	53430000.0	3.0
26716	53432000.0	2.0
26717	53434000.0	2.0
26718	53436000.0	2.0
26719	53438000.0	3.0
26720	53440000.0	8.0
26721	53442000.0	7.0
26722	53444000.0	1.0
26723	53446000.0	7.0
26724	53448000.0	3.0
26725	53450000.0	4.0
26726	53452000.0	9.0
26727	53454000.0	4.0
26728	53456000.0	3.0
26729	53458000.0	13.0
26730	53460000.0	6.0
26731	53462000.0	6.0
26732	53464000.0	4.0
26733	53466000.0	5.0
26734	53468000.0	6.0
26735	53470000.0	6.0
26736	53472000.0	6.0
26737	53474000.0	3.0
26738	53476000.0	2.0
26739	53478000.0	7.0
26740	53480000.0	4.0
26741	53482000.0	3.0
26742	53484000.0	9.0
26743	53486000.0	3.0
26744	53488000.0	5.0
26745	53490000.0	4.0
26746	53492000.0	6.0
26747	53494000.0	12.0
26748	53496000.0	6.0
26749	53498000.0	9.0
26750	53500000.0	7.0
26751	53502000.0	2.0
26752	53504000.0	2.0
26753	53506000.0	5.0
26754	53508000.0	7.0
26755	53510000.0	8.0
26756	53512000.0	4.0
26757	53514000.0	5.0
26758	53516000.0	4.0
26759	53518000.0	3.0
26760	53520000.0	5.0
26761	53522000.0	6.0
26762	53524000.0	3.0
26763	53526000.0	7.0
26764	53528000.0	9.0
26765	53530000.0	3.0
26766	53532000.0	7.0
26767	53534000.0	9.0
26768	53536000.0	5.0
26769	53538000.0	5.0
26770	53540000.0	5.0
26771	53542000.0	4.0
26772	53544000.0	8.0
26773	53546000.0	2.0
26774	53548000.0	6.0
26775	53550000.0	3.0
26776	53552000.0	3.0
26777	53554000.0	8.0
26778	53556000.0	4.0
26779	53558000.0	4.0
26780	53560000.0	4.0
26781	53562000.0	5.0
26782	53564000.0	2.0
26783	53566000.0	5.0
26784	53568000.0	4.0
26785	53570000.0	3.0
26786	53572000.0	3.0
26787	53574000.0	2.0
26788	53576000.0	4.0
26789	53578000.0	5.0
26790	53580000.0	5.0
26791	53582000.0	4.0
26792	53584000.0	4.0
26793	53586000.0	7.0
26794	53588000.0	9.0
26795	53590000.0	10.0
26796	53592000.0	5.0
26797	53594000.0	4.0
26798	53596000.0	7.0
26799	53598000.0	5.0
26800	53600000.0	6.0
26801	53602000.0	3.0
26802	53604000.0	6.0
26803	53606000.0	3.0
26804	53608000.0	6.0
26805	53610000.0	6.0
26806	53612000.0	4.0
26807	53614000.0	4.0
26808	53616000.0	3.0
26809	53618000.0	5.0
26810	53620000.0	5.0
26811	53622000.0	6.0
26812	53624000.0	5.0
26813	53626000.0	1.0
26814	53628000.0	5.0
26815	53630000.0	5.0
26816	53632000.0	3.0
26817	53634000.0	4.0
26818	53636000.0	4.0
26819	53638000.0	4.0
26820	53640000.0	4.0
26821	53642000.0	4.0
26822	53644000.0	4.0
26823	53646000.0	9.0
26824	53648000.0	11.0
26825	53650000.0	6.0
26826	53652000.0	5.0
26827	53654000.0	6.0
26828	53656000.0	3.0
26829	53658000.0	4.0
26830	53660000.0	4.0
26831	53662000.0	8.0
26832	53664000.0	5.0
26833	53666000.0	8.0
26834	53668000.0	5.0
26835	53670000.0	4.0
26836	53672000.0	4.0
26837	53674000.0	6.0
26838	53676000.0	7.0
26839	53678000.0	9.0
26840	53680000.0	7.0
26841	53682000.0	7.0
26842	53684000.0	4.0
26843	53686000.0	8.0
26844	53688000.0	2.0
26845	53690000.0	2.0
26846	53692000.0	8.0
26847	53694000.0	7.0
26848	53696000.0	6.0
26849	53698000.0	3.0
26850	53700000.0	3.0
26851	53702000.0	7.0
26852	53704000.0	7.0
26853	53706000.0	3.0
26854	53708000.0	3.0
26855	53710000.0	5.0
26856	53712000.0	4.0
26857	53714000.0	4.0
26858	53716000.0	11.0
26859	53718000.0	6.0
26860	53720000.0	4.0
26861	53722000.0	3.0
26862	53724000.0	6.0
26863	53726000.0	6.0
26864	53728000.0	5.0
26865	53730000.0	3.0
26866	53732000.0	6.0
26867	53734000.0	2.0
26868	53736000.0	2.0
26869	53738000.0	4.0
26870	53740000.0	7.0
26871	53742000.0	4.0
26872	53744000.0	5.0
26873	53746000.0	4.0
26874	53748000.0	8.0
26875	53750000.0	2.0
26876	53752000.0	6.0
26877	53754000.0	0.0
26878	53756000.0	0.0
26879	53758000.0	3.0
26880	53760000.0	6.0
26881	53762000.0	5.0
26882	53764000.0	4.0
26883	53766000.0	11.0
26884	53768000.0	7.0
26885	53770000.0	1.0
26886	53772000.0	6.0
26887	53774000.0	7.0
26888	53776000.0	4.0
26889	53778000.0	7.0
26890	53780000.0	10.0
26891	53782000.0	6.0
26892	53784000.0	10.0
26893	53786000.0	9.0
26894	53788000.0	6.0
26895	53790000.0	1.0
26896	53792000.0	3.0
26897	53794000.0	3.0
26898	53796000.0	5.0
26899	53798000.0	5.0
26900	53800000.0	9.0
26901	53802000.0	11.0
26902	53804000.0	2.0
26903	53806000.0	5.0
26904	53808000.0	8.0
26905	53810000.0	5.0
26906	53812000.0	5.0
26907	53814000.0	6.0
26908	53816000.0	7.0
26909	53818000.0	8.0
26910	53820000.0	5.0
26911	53822000.0	7.0
26912	53824000.0	3.0
26913	53826000.0	1.0
26914	53828000.0	8.0
26915	53830000.0	5.0
26916	53832000.0	5.0
26917	53834000.0	3.0
26918	53836000.0	6.0
26919	53838000.0	7.0
26920	53840000.0	4.0
26921	53842000.0	3.0
26922	53844000.0	7.0
26923	53846000.0	6.0
26924	53848000.0	8.0
26925	53850000.0	4.0
26926	53852000.0	5.0
26927	53854000.0	7.0
26928	53856000.0	5.0
26929	53858000.0	2.0
26930	53860000.0	8.0
26931	53862000.0	5.0
26932	53864000.0	4.0
26933	53866000.0	6.0
26934	53868000.0	3.0
26935	53870000.0	4.0
26936	53872000.0	5.0
26937	53874000.0	1.0
26938	53876000.0	4.0
26939	53878000.0	4.0
26940	53880000.0	7.0
26941	53882000.0	5.0
26942	53884000.0	4.0
26943	53886000.0	1.0
26944	53888000.0	3.0
26945	53890000.0	7.0
26946	53892000.0	4.0
26947	53894000.0	2.0
26948	53896000.0	4.0
26949	53898000.0	10.0
26950	53900000.0	7.0
26951	53902000.0	6.0
26952	53904000.0	7.0
26953	53906000.0	3.0
26954	53908000.0	4.0
26955	53910000.0	3.0
26956	53912000.0	4.0
26957	53914000.0	5.0
26958	53916000.0	5.0
26959	53918000.0	4.0
26960	53920000.0	6.0
26961	53922000.0	5.0
26962	53924000.0	4.0
26963	53926000.0	2.0
26964	53928000.0	4.0
26965	53930000.0	6.0
26966	53932000.0	3.0
26967	53934000.0	6.0
26968	53936000.0	10.0
26969	53938000.0	0.0
26970	53940000.0	6.0
26971	53942000.0	7.0
26972	53944000.0	13.0
26973	53946000.0	7.0
26974	53948000.0	7.0
26975	53950000.0	1.0
26976	53952000.0	5.0
26977	53954000.0	3.0
26978	53956000.0	4.0
26979	53958000.0	4.0
26980	53960000.0	8.0
26981	53962000.0	2.0
26982	53964000.0	1.0
26983	53966000.0	4.0
26984	53968000.0	6.0
26985	53970000.0	6.0
26986	53972000.0	3.0
26987	53974000.0	5.0
26988	53976000.0	9.0
26989	53978000.0	3.0
26990	53980000.0	8.0
26991	53982000.0	5.0
26992	53984000.0	5.0
26993	53986000.0	4.0
26994	53988000.0	2.0
26995	53990000.0	3.0
26996	53992000.0	3.0
26997	53994000.0	3.0
26998	53996000.0	4.0
26999	53998000.0	4.0
27000	54000000.0	6.0
27001	54002000.0	8.0
27002	54004000.0	5.0
27003	54006000.0	2.0
27004	54008000.0	7.0
27005	54010000.0	6.0
27006	54012000.0	2.0
27007	54014000.0	4.0
27008	54016000.0	8.0
27009	54018000.0	4.0
27010	54020000.0	3.0
27011	54022000.0	4.0
27012	54024000.0	3.0
27013	54026000.0	4.0
27014	54028000.0	5.0
27015	54030000.0	4.0
27016	54032000.0	4.0
27017	54034000.0	10.0
27018	54036000.0	4.0
27019	54038000.0	8.0
27020	54040000.0	1.0
27021	54042000.0	2.0
27022	54044000.0	3.0
27023	54046000.0	4.0
27024	54048000.0	3.0
27025	54050000.0	0.0
27026	54052000.0	4.0
27027	54054000.0	7.0
27028	54056000.0	2.0
27029	54058000.0	2.0
27030	54060000.0	4.0
27031	54062000.0	6.0
27032	54064000.0	7.0
27033	54066000.0	4.0
27034	54068000.0	2.0
27035	54070000.0	10.0
27036	54072000.0	7.0
27037	54074000.0	4.0
27038	54076000.0	3.0
27039	54078000.0	7.0
27040	54080000.0	7.0
27041	54082000.0	7.0
27042	54084000.0	2.0
27043	54086000.0	8.0
27044	54088000.0	5.0
27045	54090000.0	4.0
27046	54092000.0	8.0
27047	54094000.0	7.0
27048	54096000.0	5.0
27049	54098000.0	2.0
27050	54100000.0	5.0
27051	54102000.0	5.0
27052	54104000.0	5.0
27053	54106000.0	10.0
27054	54108000.0	5.0
27055	54110000.0	7.0
27056	54112000.0	3.0
27057	54114000.0	3.0
27058	54116000.0	4.0
27059	54118000.0	3.0
27060	54120000.0	5.0
27061	54122000.0	2.0
27062	54124000.0	2.0
27063	54126000.0	7.0
27064	54128000.0	5.0
27065	54130000.0	4.0
27066	54132000.0	8.0
27067	54134000.0	7.0
27068	54136000.0	7.0
27069	54138000.0	4.0
27070	54140000.0	6.0
27071	54142000.0	6.0
27072	54144000.0	4.0
27073	54146000.0	3.0
27074	54148000.0	4.0
27075	54150000.0	10.0
27076	54152000.0	6.0
27077	54154000.0	7.0
27078	54156000.0	5.0
27079	54158000.0	4.0
27080	54160000.0	5.0
27081	54162000.0	3.0
27082	54164000.0	2.0
27083	54166000.0	1.0
27084	54168000.0	7.0
27085	54170000.0	6.0
27086	54172000.0	10.0
27087	54174000.0	8.0
27088	54176000.0	9.0
27089	54178000.0	6.0
27090	54180000.0	2.0
27091	54182000.0	6.0
27092	54184000.0	6.0
27093	54186000.0	7.0
27094	54188000.0	4.0
27095	54190000.0	3.0
27096	54192000.0	7.0
27097	54194000.0	3.0
27098	54196000.0	7.0
27099	54198000.0	6.0
27100	54200000.0	4.0
27101	54202000.0	8.0
27102	54204000.0	6.0
27103	54206000.0	5.0
27104	54208000.0	5.0
27105	54210000.0	3.0
27106	54212000.0	4.0
27107	54214000.0	3.0
27108	54216000.0	5.0
27109	54218000.0	6.0
27110	54220000.0	2.0
27111	54222000.0	2.0
27112	54224000.0	4.0
27113	54226000.0	1.0
27114	54228000.0	9.0
27115	54230000.0	5.0
27116	54232000.0	7.0
27117	54234000.0	5.0
27118	54236000.0	6.0
27119	54238000.0	5.0
27120	54240000.0	4.0
27121	54242000.0	5.0
27122	54244000.0	7.0
27123	54246000.0	4.0
27124	54248000.0	3.0
27125	54250000.0	3.0
27126	54252000.0	4.0
27127	54254000.0	9.0
27128	54256000.0	6.0
27129	54258000.0	2.0
27130	54260000.0	8.0
27131	54262000.0	7.0
27132	54264000.0	6.0
27133	54266000.0	6.0
27134	54268000.0	3.0
27135	54270000.0	2.0
27136	54272000.0	3.0
27137	54274000.0	2.0
27138	54276000.0	4.0
27139	54278000.0	5.0
27140	54280000.0	5.0
27141	54282000.0	3.0
27142	54284000.0	4.0
27143	54286000.0	2.0
27144	54288000.0	7.0
27145	54290000.0	7.0
27146	54292000.0	1.0
27147	54294000.0	2.0
27148	54296000.0	5.0
27149	54298000.0	6.0
27150	54300000.0	2.0
27151	54302000.0	5.0
27152	54304000.0	10.0
27153	54306000.0	5.0
27154	54308000.0	2.0
27155	54310000.0	6.0
27156	54312000.0	9.0
27157	54314000.0	2.0
27158	54316000.0	4.0
27159	54318000.0	5.0
27160	54320000.0	5.0
27161	54322000.0	5.0
27162	54324000.0	9.0
27163	54326000.0	6.0
27164	54328000.0	5.0
27165	54330000.0	6.0
27166	54332000.0	12.0
27167	54334000.0	2.0
27168	54336000.0	6.0
27169	54338000.0	4.0
27170	54340000.0	4.0
27171	54342000.0	6.0
27172	54344000.0	8.0
27173	54346000.0	7.0
27174	54348000.0	7.0
27175	54350000.0	4.0
27176	54352000.0	5.0
27177	54354000.0	2.0
27178	54356000.0	7.0
27179	54358000.0	4.0
27180	54360000.0	2.0
27181	54362000.0	8.0
27182	54364000.0	10.0
27183	54366000.0	3.0
27184	54368000.0	5.0
27185	54370000.0	3.0
27186	54372000.0	4.0
27187	54374000.0	3.0
27188	54376000.0	5.0
27189	54378000.0	1.0
27190	54380000.0	4.0
27191	54382000.0	6.0
27192	54384000.0	6.0
27193	54386000.0	8.0
27194	54388000.0	7.0
27195	54390000.0	9.0
27196	54392000.0	2.0
27197	54394000.0	5.0
27198	54396000.0	3.0
27199	54398000.0	6.0
27200	54400000.0	4.0
27201	54402000.0	4.0
27202	54404000.0	8.0
27203	54406000.0	7.0
27204	54408000.0	3.0
27205	54410000.0	5.0
27206	54412000.0	11.0
27207	54414000.0	8.0
27208	54416000.0	4.0
27209	54418000.0	5.0
27210	54420000.0	5.0
27211	54422000.0	4.0
27212	54424000.0	4.0
27213	54426000.0	4.0
27214	54428000.0	3.0
27215	54430000.0	4.0
27216	54432000.0	4.0
27217	54434000.0	5.0
27218	54436000.0	3.0
27219	54438000.0	2.0
27220	54440000.0	6.0
27221	54442000.0	4.0
27222	54444000.0	6.0
27223	54446000.0	8.0
27224	54448000.0	7.0
27225	54450000.0	9.0
27226	54452000.0	2.0
27227	54454000.0	8.0
27228	54456000.0	3.0
27229	54458000.0	3.0
27230	54460000.0	3.0
27231	54462000.0	3.0
27232	54464000.0	1.0
27233	54466000.0	6.0
27234	54468000.0	4.0
27235	54470000.0	2.0
27236	54472000.0	4.0
27237	54474000.0	3.0
27238	54476000.0	8.0
27239	54478000.0	3.0
27240	54480000.0	3.0
27241	54482000.0	4.0
27242	54484000.0	2.0
27243	54486000.0	8.0
27244	54488000.0	4.0
27245	54490000.0	3.0
27246	54492000.0	3.0
27247	54494000.0	3.0
27248	54496000.0	10.0
27249	54498000.0	8.0
27250	54500000.0	3.0
27251	54502000.0	6.0
27252	54504000.0	4.0
27253	54506000.0	3.0
27254	54508000.0	7.0
27255	54510000.0	5.0
27256	54512000.0	5.0
27257	54514000.0	3.0
27258	54516000.0	9.0
27259	54518000.0	4.0
27260	54520000.0	5.0
27261	54522000.0	8.0
27262	54524000.0	8.0
27263	54526000.0	5.0
27264	54528000.0	2.0
27265	54530000.0	5.0
27266	54532000.0	5.0
27267	54534000.0	7.0
27268	54536000.0	7.0
27269	54538000.0	9.0
27270	54540000.0	7.0
27271	54542000.0	3.0
27272	54544000.0	3.0
27273	54546000.0	5.0
27274	54548000.0	5.0
27275	54550000.0	8.0
27276	54552000.0	2.0
27277	54554000.0	1.0
27278	54556000.0	3.0
27279	54558000.0	6.0
27280	54560000.0	4.0
27281	54562000.0	2.0
27282	54564000.0	6.0
27283	54566000.0	2.0
27284	54568000.0	6.0
27285	54570000.0	9.0
27286	54572000.0	8.0
27287	54574000.0	4.0
27288	54576000.0	4.0
27289	54578000.0	4.0
27290	54580000.0	6.0
27291	54582000.0	6.0
27292	54584000.0	4.0
27293	54586000.0	4.0
27294	54588000.0	2.0
27295	54590000.0	6.0
27296	54592000.0	5.0
27297	54594000.0	2.0
27298	54596000.0	5.0
27299	54598000.0	6.0
27300	54600000.0	3.0
27301	54602000.0	4.0
27302	54604000.0	2.0
27303	54606000.0	5.0
27304	54608000.0	8.0
27305	54610000.0	6.0
27306	54612000.0	4.0
27307	54614000.0	5.0
27308	54616000.0	9.0
27309	54618000.0	8.0
27310	54620000.0	3.0
27311	54622000.0	6.0
27312	54624000.0	4.0
27313	54626000.0	10.0
27314	54628000.0	2.0
27315	54630000.0	5.0
27316	54632000.0	4.0
27317	54634000.0	5.0
27318	54636000.0	6.0
27319	54638000.0	9.0
27320	54640000.0	4.0
27321	54642000.0	6.0
27322	54644000.0	6.0
27323	54646000.0	5.0
27324	54648000.0	2.0
27325	54650000.0	3.0
27326	54652000.0	6.0
27327	54654000.0	5.0
27328	54656000.0	4.0
27329	54658000.0	6.0
27330	54660000.0	2.0
27331	54662000.0	3.0
27332	54664000.0	4.0
27333	54666000.0	8.0
27334	54668000.0	7.0
27335	54670000.0	5.0
27336	54672000.0	2.0
27337	54674000.0	6.0
27338	54676000.0	9.0
27339	54678000.0	9.0
27340	54680000.0	4.0
27341	54682000.0	4.0
27342	54684000.0	6.0
27343	54686000.0	5.0
27344	54688000.0	6.0
27345	54690000.0	8.0
27346	54692000.0	7.0
27347	54694000.0	10.0
27348	54696000.0	5.0
27349	54698000.0	6.0
27350	54700000.0	6.0
27351	54702000.0	1.0
27352	54704000.0	7.0
27353	54706000.0	10.0
27354	54708000.0	2.0
27355	54710000.0	6.0
27356	54712000.0	4.0
27357	54714000.0	9.0
27358	54716000.0	6.0
27359	54718000.0	3.0
27360	54720000.0	4.0
27361	54722000.0	5.0
27362	54724000.0	5.0
27363	54726000.0	4.0
27364	54728000.0	3.0
27365	54730000.0	7.0
27366	54732000.0	5.0
27367	54734000.0	7.0
27368	54736000.0	5.0
27369	54738000.0	6.0
27370	54740000.0	3.0
27371	54742000.0	4.0
27372	54744000.0	10.0
27373	54746000.0	7.0
27374	54748000.0	3.0
27375	54750000.0	7.0
27376	54752000.0	7.0
27377	54754000.0	3.0
27378	54756000.0	4.0
27379	54758000.0	7.0
27380	54760000.0	6.0
27381	54762000.0	3.0
27382	54764000.0	4.0
27383	54766000.0	2.0
27384	54768000.0	5.0
27385	54770000.0	4.0
27386	54772000.0	6.0
27387	54774000.0	2.0
27388	54776000.0	2.0
27389	54778000.0	3.0
27390	54780000.0	5.0
27391	54782000.0	8.0
27392	54784000.0	5.0
27393	54786000.0	6.0
27394	54788000.0	5.0
27395	54790000.0	4.0
27396	54792000.0	5.0
27397	54794000.0	3.0
27398	54796000.0	4.0
27399	54798000.0	5.0
27400	54800000.0	6.0
27401	54802000.0	3.0
27402	54804000.0	4.0
27403	54806000.0	4.0
27404	54808000.0	4.0
27405	54810000.0	6.0
27406	54812000.0	6.0
27407	54814000.0	5.0
27408	54816000.0	8.0
27409	54818000.0	6.0
27410	54820000.0	3.0
27411	54822000.0	6.0
27412	54824000.0	7.0
27413	54826000.0	7.0
27414	54828000.0	5.0
27415	54830000.0	9.0
27416	54832000.0	9.0
27417	54834000.0	2.0
27418	54836000.0	3.0
27419	54838000.0	1.0
27420	54840000.0	4.0
27421	54842000.0	6.0
27422	54844000.0	3.0
27423	54846000.0	2.0
27424	54848000.0	8.0
27425	54850000.0	3.0
27426	54852000.0	10.0
27427	54854000.0	3.0
27428	54856000.0	3.0
27429	54858000.0	10.0
27430	54860000.0	4.0
27431	54862000.0	4.0
27432	54864000.0	5.0
27433	54866000.0	5.0
27434	54868000.0	8.0
27435	54870000.0	8.0
27436	54872000.0	7.0
27437	54874000.0	5.0
27438	54876000.0	6.0
27439	54878000.0	7.0
27440	54880000.0	4.0
27441	54882000.0	1.0
27442	54884000.0	4.0
27443	54886000.0	3.0
27444	54888000.0	2.0
27445	54890000.0	6.0
27446	54892000.0	3.0
27447	54894000.0	4.0
27448	54896000.0	2.0
27449	54898000.0	9.0
27450	54900000.0	5.0
27451	54902000.0	4.0
27452	54904000.0	6.0
27453	54906000.0	4.0
27454	54908000.0	11.0
27455	54910000.0	4.0
27456	54912000.0	3.0
27457	54914000.0	4.0
27458	54916000.0	5.0
27459	54918000.0	3.0
27460	54920000.0	6.0
27461	54922000.0	8.0
27462	54924000.0	1.0
27463	54926000.0	6.0
27464	54928000.0	3.0
27465	54930000.0	4.0
27466	54932000.0	9.0
27467	54934000.0	5.0
27468	54936000.0	2.0
27469	54938000.0	5.0
27470	54940000.0	3.0
27471	54942000.0	2.0
27472	54944000.0	8.0
27473	54946000.0	0.0
27474	54948000.0	6.0
27475	54950000.0	6.0
27476	54952000.0	7.0
27477	54954000.0	4.0
27478	54956000.0	5.0
27479	54958000.0	5.0
27480	54960000.0	6.0
27481	54962000.0	8.0
27482	54964000.0	9.0
27483	54966000.0	4.0
27484	54968000.0	6.0
27485	54970000.0	6.0
27486	54972000.0	2.0
27487	54974000.0	5.0
27488	54976000.0	5.0
27489	54978000.0	3.0
27490	54980000.0	7.0
27491	54982000.0	2.0
27492	54984000.0	1.0
27493	54986000.0	10.0
27494	54988000.0	3.0
27495	54990000.0	5.0
27496	54992000.0	8.0
27497	54994000.0	7.0
27498	54996000.0	7.0
27499	54998000.0	4.0
27500	55000000.0	7.0
27501	55002000.0	4.0
27502	55004000.0	6.0
27503	55006000.0	6.0
27504	55008000.0	1.0
27505	55010000.0	5.0
27506	55012000.0	4.0
27507	55014000.0	5.0
27508	55016000.0	2.0
27509	55018000.0	4.0
27510	55020000.0	4.0
27511	55022000.0	8.0
27512	55024000.0	7.0
27513	55026000.0	6.0
27514	55028000.0	5.0
27515	55030000.0	4.0
27516	55032000.0	2.0
27517	55034000.0	1.0
27518	55036000.0	2.0
27519	55038000.0	4.0
27520	55040000.0	5.0
27521	55042000.0	6.0
27522	55044000.0	3.0
27523	55046000.0	4.0
27524	55048000.0	9.0
27525	55050000.0	3.0
27526	55052000.0	4.0
27527	55054000.0	6.0
27528	55056000.0	2.0
27529	55058000.0	7.0
27530	55060000.0	2.0
27531	55062000.0	7.0
27532	55064000.0	4.0
27533	55066000.0	5.0
27534	55068000.0	4.0
27535	55070000.0	8.0
27536	55072000.0	3.0
27537	55074000.0	3.0
27538	55076000.0	5.0
27539	55078000.0	5.0
27540	55080000.0	5.0
27541	55082000.0	8.0
27542	55084000.0	9.0
27543	55086000.0	3.0
27544	55088000.0	8.0
27545	55090000.0	0.0
27546	55092000.0	1.0
27547	55094000.0	3.0
27548	55096000.0	6.0
27549	55098000.0	6.0
27550	55100000.0	4.0
27551	55102000.0	6.0
27552	55104000.0	8.0
27553	55106000.0	6.0
27554	55108000.0	2.0
27555	55110000.0	4.0
27556	55112000.0	3.0
27557	55114000.0	5.0
27558	55116000.0	1.0
27559	55118000.0	4.0
27560	55120000.0	2.0
27561	55122000.0	11.0
27562	55124000.0	2.0
27563	55126000.0	4.0
27564	55128000.0	4.0
27565	55130000.0	4.0
27566	55132000.0	8.0
27567	55134000.0	6.0
27568	55136000.0	1.0
27569	55138000.0	4.0
27570	55140000.0	5.0
27571	55142000.0	7.0
27572	55144000.0	4.0
27573	55146000.0	6.0
27574	55148000.0	4.0
27575	55150000.0	6.0
27576	55152000.0	2.0
27577	55154000.0	4.0
27578	55156000.0	3.0
27579	55158000.0	3.0
27580	55160000.0	6.0
27581	55162000.0	6.0
27582	55164000.0	5.0
27583	55166000.0	7.0
27584	55168000.0	6.0
27585	55170000.0	2.0
27586	55172000.0	6.0
27587	55174000.0	7.0
27588	55176000.0	2.0
27589	55178000.0	7.0
27590	55180000.0	4.0
27591	55182000.0	2.0
27592	55184000.0	2.0
27593	55186000.0	7.0
27594	55188000.0	4.0
27595	55190000.0	2.0
27596	55192000.0	6.0
27597	55194000.0	3.0
27598	55196000.0	5.0
27599	55198000.0	6.0
27600	55200000.0	6.0
27601	55202000.0	3.0
27602	55204000.0	4.0
27603	55206000.0	7.0
27604	55208000.0	1.0
27605	55210000.0	3.0
27606	55212000.0	7.0
27607	55214000.0	3.0
27608	55216000.0	3.0
27609	55218000.0	5.0
27610	55220000.0	3.0
27611	55222000.0	5.0
27612	55224000.0	2.0
27613	55226000.0	3.0
27614	55228000.0	4.0
27615	55230000.0	5.0
27616	55232000.0	10.0
27617	55234000.0	5.0
27618	55236000.0	5.0
27619	55238000.0	6.0
27620	55240000.0	8.0
27621	55242000.0	5.0
27622	55244000.0	3.0
27623	55246000.0	8.0
27624	55248000.0	4.0
27625	55250000.0	5.0
27626	55252000.0	4.0
27627	55254000.0	7.0
27628	55256000.0	0.0
27629	55258000.0	4.0
27630	55260000.0	5.0
27631	55262000.0	3.0
27632	55264000.0	7.0
27633	55266000.0	6.0
27634	55268000.0	5.0
27635	55270000.0	5.0
27636	55272000.0	4.0
27637	55274000.0	4.0
27638	55276000.0	2.0
27639	55278000.0	6.0
27640	55280000.0	5.0
27641	55282000.0	4.0
27642	55284000.0	4.0
27643	55286000.0	3.0
27644	55288000.0	5.0
27645	55290000.0	7.0
27646	55292000.0	7.0
27647	55294000.0	7.0
27648	55296000.0	6.0
27649	55298000.0	3.0
27650	55300000.0	4.0
27651	55302000.0	6.0
27652	55304000.0	3.0
27653	55306000.0	1.0
27654	55308000.0	6.0
27655	55310000.0	3.0
27656	55312000.0	10.0
27657	55314000.0	8.0
27658	55316000.0	1.0
27659	55318000.0	4.0
27660	55320000.0	5.0
27661	55322000.0	7.0
27662	55324000.0	5.0
27663	55326000.0	6.0
27664	55328000.0	2.0
27665	55330000.0	4.0
27666	55332000.0	6.0
27667	55334000.0	2.0
27668	55336000.0	4.0
27669	55338000.0	3.0
27670	55340000.0	1.0
27671	55342000.0	5.0
27672	55344000.0	4.0
27673	55346000.0	4.0
27674	55348000.0	2.0
27675	55350000.0	4.0
27676	55352000.0	7.0
27677	55354000.0	14.0
27678	55356000.0	5.0
27679	55358000.0	7.0
27680	55360000.0	3.0
27681	55362000.0	7.0
27682	55364000.0	6.0
27683	55366000.0	3.0
27684	55368000.0	4.0
27685	55370000.0	2.0
27686	55372000.0	3.0
27687	55374000.0	9.0
27688	55376000.0	5.0
27689	55378000.0	6.0
27690	55380000.0	4.0
27691	55382000.0	6.0
27692	55384000.0	7.0
27693	55386000.0	2.0
27694	55388000.0	7.0
27695	55390000.0	5.0
27696	55392000.0	2.0
27697	55394000.0	6.0
27698	55396000.0	3.0
27699	55398000.0	5.0
27700	55400000.0	4.0
27701	55402000.0	6.0
27702	55404000.0	1.0
27703	55406000.0	4.0
27704	55408000.0	1.0
27705	55410000.0	4.0
27706	55412000.0	6.0
27707	55414000.0	6.0
27708	55416000.0	4.0
27709	55418000.0	1.0
27710	55420000.0	7.0
27711	55422000.0	5.0
27712	55424000.0	4.0
27713	55426000.0	5.0
27714	55428000.0	7.0
27715	55430000.0	2.0
27716	55432000.0	2.0
27717	55434000.0	5.0
27718	55436000.0	4.0
27719	55438000.0	5.0
27720	55440000.0	2.0
27721	55442000.0	7.0
27722	55444000.0	6.0
27723	55446000.0	4.0
27724	55448000.0	4.0
27725	55450000.0	8.0
27726	55452000.0	9.0
27727	55454000.0	9.0
27728	55456000.0	7.0
27729	55458000.0	9.0
27730	55460000.0	4.0
27731	55462000.0	4.0
27732	55464000.0	7.0
27733	55466000.0	8.0
27734	55468000.0	7.0
27735	55470000.0	3.0
27736	55472000.0	5.0
27737	55474000.0	3.0
27738	55476000.0	2.0
27739	55478000.0	3.0
27740	55480000.0	7.0
27741	55482000.0	10.0
27742	55484000.0	4.0
27743	55486000.0	4.0
27744	55488000.0	7.0
27745	55490000.0	8.0
27746	55492000.0	4.0
27747	55494000.0	4.0
27748	55496000.0	5.0
27749	55498000.0	5.0
27750	55500000.0	7.0
27751	55502000.0	2.0
27752	55504000.0	7.0
27753	55506000.0	0.0
27754	55508000.0	5.0
27755	55510000.0	5.0
27756	55512000.0	11.0
27757	55514000.0	3.0
27758	55516000.0	3.0
27759	55518000.0	2.0
27760	55520000.0	7.0
27761	55522000.0	10.0
27762	55524000.0	10.0
27763	55526000.0	4.0
27764	55528000.0	6.0
27765	55530000.0	3.0
27766	55532000.0	4.0
27767	55534000.0	7.0
27768	55536000.0	1.0
27769	55538000.0	5.0
27770	55540000.0	8.0
27771	55542000.0	4.0
27772	55544000.0	6.0
27773	55546000.0	12.0
27774	55548000.0	5.0
27775	55550000.0	8.0
27776	55552000.0	8.0
27777	55554000.0	5.0
27778	55556000.0	10.0
27779	55558000.0	5.0
27780	55560000.0	7.0
27781	55562000.0	5.0
27782	55564000.0	7.0
27783	55566000.0	6.0
27784	55568000.0	9.0
27785	55570000.0	8.0
27786	55572000.0	5.0
27787	55574000.0	4.0
27788	55576000.0	1.0
27789	55578000.0	5.0
27790	55580000.0	5.0
27791	55582000.0	9.0
27792	55584000.0	8.0
27793	55586000.0	5.0
27794	55588000.0	5.0
27795	55590000.0	10.0
27796	55592000.0	6.0
27797	55594000.0	1.0
27798	55596000.0	5.0
27799	55598000.0	5.0
27800	55600000.0	2.0
27801	55602000.0	5.0
27802	55604000.0	7.0
27803	55606000.0	5.0
27804	55608000.0	4.0
27805	55610000.0	7.0
27806	55612000.0	9.0
27807	55614000.0	10.0
27808	55616000.0	4.0
27809	55618000.0	8.0
27810	55620000.0	7.0
27811	55622000.0	8.0
27812	55624000.0	7.0
27813	55626000.0	8.0
27814	55628000.0	5.0
27815	55630000.0	9.0
27816	55632000.0	5.0
27817	55634000.0	7.0
27818	55636000.0	9.0
27819	55638000.0	5.0
27820	55640000.0	2.0
27821	55642000.0	5.0
27822	55644000.0	6.0
27823	55646000.0	4.0
27824	55648000.0	2.0
27825	55650000.0	7.0
27826	55652000.0	2.0
27827	55654000.0	5.0
27828	55656000.0	6.0
27829	55658000.0	0.0
27830	55660000.0	4.0
27831	55662000.0	3.0
27832	55664000.0	4.0
27833	55666000.0	7.0
27834	55668000.0	2.0
27835	55670000.0	3.0
27836	55672000.0	1.0
27837	55674000.0	4.0
27838	55676000.0	3.0
27839	55678000.0	6.0
27840	55680000.0	3.0
27841	55682000.0	7.0
27842	55684000.0	7.0
27843	55686000.0	5.0
27844	55688000.0	4.0
27845	55690000.0	7.0
27846	55692000.0	2.0
27847	55694000.0	2.0
27848	55696000.0	7.0
27849	55698000.0	3.0
27850	55700000.0	7.0
27851	55702000.0	3.0
27852	55704000.0	7.0
27853	55706000.0	6.0
27854	55708000.0	7.0
27855	55710000.0	4.0
27856	55712000.0	7.0
27857	55714000.0	1.0
27858	55716000.0	8.0
27859	55718000.0	4.0
27860	55720000.0	3.0
27861	55722000.0	2.0
27862	55724000.0	3.0
27863	55726000.0	5.0
27864	55728000.0	3.0
27865	55730000.0	7.0
27866	55732000.0	2.0
27867	55734000.0	0.0
27868	55736000.0	9.0
27869	55738000.0	5.0
27870	55740000.0	6.0
27871	55742000.0	6.0
27872	55744000.0	5.0
27873	55746000.0	6.0
27874	55748000.0	2.0
27875	55750000.0	5.0
27876	55752000.0	3.0
27877	55754000.0	7.0
27878	55756000.0	4.0
27879	55758000.0	7.0
27880	55760000.0	8.0
27881	55762000.0	3.0
27882	55764000.0	7.0
27883	55766000.0	3.0
27884	55768000.0	4.0
27885	55770000.0	4.0
27886	55772000.0	5.0
27887	55774000.0	6.0
27888	55776000.0	3.0
27889	55778000.0	9.0
27890	55780000.0	5.0
27891	55782000.0	5.0
27892	55784000.0	8.0
27893	55786000.0	4.0
27894	55788000.0	5.0
27895	55790000.0	4.0
27896	55792000.0	4.0
27897	55794000.0	4.0
27898	55796000.0	6.0
27899	55798000.0	3.0
27900	55800000.0	5.0
27901	55802000.0	4.0
27902	55804000.0	3.0
27903	55806000.0	2.0
27904	55808000.0	6.0
27905	55810000.0	2.0
27906	55812000.0	3.0
27907	55814000.0	4.0
27908	55816000.0	8.0
27909	55818000.0	3.0
27910	55820000.0	3.0
27911	55822000.0	7.0
27912	55824000.0	6.0
27913	55826000.0	4.0
27914	55828000.0	6.0
27915	55830000.0	2.0
27916	55832000.0	6.0
27917	55834000.0	4.0
27918	55836000.0	2.0
27919	55838000.0	4.0
27920	55840000.0	6.0
27921	55842000.0	5.0
27922	55844000.0	7.0
27923	55846000.0	4.0
27924	55848000.0	6.0
27925	55850000.0	7.0
27926	55852000.0	5.0
27927	55854000.0	8.0
27928	55856000.0	7.0
27929	55858000.0	5.0
27930	55860000.0	5.0
27931	55862000.0	3.0
27932	55864000.0	4.0
27933	55866000.0	2.0
27934	55868000.0	3.0
27935	55870000.0	6.0
27936	55872000.0	4.0
27937	55874000.0	8.0
27938	55876000.0	1.0
27939	55878000.0	4.0
27940	55880000.0	5.0
27941	55882000.0	2.0
27942	55884000.0	5.0
27943	55886000.0	2.0
27944	55888000.0	3.0
27945	55890000.0	8.0
27946	55892000.0	4.0
27947	55894000.0	7.0
27948	55896000.0	3.0
27949	55898000.0	1.0
27950	55900000.0	4.0
27951	55902000.0	4.0
27952	55904000.0	3.0
27953	55906000.0	7.0
27954	55908000.0	8.0
27955	55910000.0	8.0
27956	55912000.0	6.0
27957	55914000.0	3.0
27958	55916000.0	2.0
27959	55918000.0	4.0
27960	55920000.0	4.0
27961	55922000.0	4.0
27962	55924000.0	5.0
27963	55926000.0	9.0
27964	55928000.0	11.0
27965	55930000.0	7.0
27966	55932000.0	7.0
27967	55934000.0	4.0
27968	55936000.0	6.0
27969	55938000.0	6.0
27970	55940000.0	4.0
27971	55942000.0	5.0
27972	55944000.0	6.0
27973	55946000.0	5.0
27974	55948000.0	3.0
27975	55950000.0	4.0
27976	55952000.0	4.0
27977	55954000.0	2.0
27978	55956000.0	5.0
27979	55958000.0	6.0
27980	55960000.0	6.0
27981	55962000.0	5.0
27982	55964000.0	4.0
27983	55966000.0	3.0
27984	55968000.0	6.0
27985	55970000.0	5.0
27986	55972000.0	1.0
27987	55974000.0	11.0
27988	55976000.0	8.0
27989	55978000.0	2.0
27990	55980000.0	6.0
27991	55982000.0	3.0
27992	55984000.0	4.0
27993	55986000.0	4.0
27994	55988000.0	3.0
27995	55990000.0	7.0
27996	55992000.0	4.0
27997	55994000.0	9.0
27998	55996000.0	3.0
27999	55998000.0	7.0
28000	56000000.0	3.0
28001	56002000.0	3.0
28002	56004000.0	6.0
28003	56006000.0	5.0
28004	56008000.0	3.0
28005	56010000.0	3.0
28006	56012000.0	5.0
28007	56014000.0	6.0
28008	56016000.0	1.0
28009	56018000.0	3.0
28010	56020000.0	3.0
28011	56022000.0	1.0
28012	56024000.0	5.0
28013	56026000.0	7.0
28014	56028000.0	4.0
28015	56030000.0	2.0
28016	56032000.0	4.0
28017	56034000.0	7.0
28018	56036000.0	3.0
28019	56038000.0	5.0
28020	56040000.0	4.0
28021	56042000.0	5.0
28022	56044000.0	9.0
28023	56046000.0	5.0
28024	56048000.0	5.0
28025	56050000.0	9.0
28026	56052000.0	6.0
28027	56054000.0	6.0
28028	56056000.0	7.0
28029	56058000.0	5.0
28030	56060000.0	6.0
28031	56062000.0	6.0
28032	56064000.0	6.0
28033	56066000.0	3.0
28034	56068000.0	7.0
28035	56070000.0	5.0
28036	56072000.0	4.0
28037	56074000.0	2.0
28038	56076000.0	5.0
28039	56078000.0	3.0
28040	56080000.0	4.0
28041	56082000.0	5.0
28042	56084000.0	4.0
28043	56086000.0	10.0
28044	56088000.0	3.0
28045	56090000.0	2.0
28046	56092000.0	9.0
28047	56094000.0	4.0
28048	56096000.0	4.0
28049	56098000.0	5.0
28050	56100000.0	5.0
28051	56102000.0	6.0
28052	56104000.0	7.0
28053	56106000.0	3.0
28054	56108000.0	2.0
28055	56110000.0	8.0
28056	56112000.0	5.0
28057	56114000.0	2.0
28058	56116000.0	17.0
28059	56118000.0	8.0
28060	56120000.0	3.0
28061	56122000.0	1.0
28062	56124000.0	8.0
28063	56126000.0	6.0
28064	56128000.0	6.0
28065	56130000.0	3.0
28066	56132000.0	9.0
28067	56134000.0	6.0
28068	56136000.0	7.0
28069	56138000.0	5.0
28070	56140000.0	6.0
28071	56142000.0	3.0
28072	56144000.0	5.0
28073	56146000.0	2.0
28074	56148000.0	3.0
28075	56150000.0	5.0
28076	56152000.0	0.0
28077	56154000.0	9.0
28078	56156000.0	6.0
28079	56158000.0	6.0
28080	56160000.0	6.0
28081	56162000.0	5.0
28082	56164000.0	9.0
28083	56166000.0	1.0
28084	56168000.0	4.0
28085	56170000.0	7.0
28086	56172000.0	6.0
28087	56174000.0	3.0
28088	56176000.0	6.0
28089	56178000.0	7.0
28090	56180000.0	4.0
28091	56182000.0	7.0
28092	56184000.0	2.0
28093	56186000.0	4.0
28094	56188000.0	5.0
28095	56190000.0	5.0
28096	56192000.0	4.0
28097	56194000.0	6.0
28098	56196000.0	5.0
28099	56198000.0	7.0
28100	56200000.0	4.0
28101	56202000.0	2.0
28102	56204000.0	6.0
28103	56206000.0	5.0
28104	56208000.0	4.0
28105	56210000.0	3.0
28106	56212000.0	5.0
28107	56214000.0	1.0
28108	56216000.0	3.0
28109	56218000.0	5.0
28110	56220000.0	6.0
28111	56222000.0	8.0
28112	56224000.0	5.0
28113	56226000.0	7.0
28114	56228000.0	4.0
28115	56230000.0	5.0
28116	56232000.0	6.0
28117	56234000.0	5.0
28118	56236000.0	0.0
28119	56238000.0	8.0
28120	56240000.0	5.0
28121	56242000.0	3.0
28122	56244000.0	6.0
28123	56246000.0	7.0
28124	56248000.0	4.0
28125	56250000.0	6.0
28126	56252000.0	3.0
28127	56254000.0	3.0
28128	56256000.0	5.0
28129	56258000.0	3.0
28130	56260000.0	3.0
28131	56262000.0	5.0
28132	56264000.0	9.0
28133	56266000.0	7.0
28134	56268000.0	2.0
28135	56270000.0	6.0
28136	56272000.0	5.0
28137	56274000.0	5.0
28138	56276000.0	6.0
28139	56278000.0	5.0
28140	56280000.0	5.0
28141	56282000.0	6.0
28142	56284000.0	4.0
28143	56286000.0	6.0
28144	56288000.0	2.0
28145	56290000.0	6.0
28146	56292000.0	7.0
28147	56294000.0	4.0
28148	56296000.0	3.0
28149	56298000.0	5.0
28150	56300000.0	6.0
28151	56302000.0	8.0
28152	56304000.0	5.0
28153	56306000.0	4.0
28154	56308000.0	6.0
28155	56310000.0	2.0
28156	56312000.0	6.0
28157	56314000.0	5.0
28158	56316000.0	3.0
28159	56318000.0	7.0
28160	56320000.0	6.0
28161	56322000.0	9.0
28162	56324000.0	5.0
28163	56326000.0	5.0
28164	56328000.0	7.0
28165	56330000.0	3.0
28166	56332000.0	7.0
28167	56334000.0	8.0
28168	56336000.0	4.0
28169	56338000.0	1.0
28170	56340000.0	4.0
28171	56342000.0	5.0
28172	56344000.0	2.0
28173	56346000.0	5.0
28174	56348000.0	6.0
28175	56350000.0	4.0
28176	56352000.0	5.0
28177	56354000.0	7.0
28178	56356000.0	4.0
28179	56358000.0	6.0
28180	56360000.0	8.0
28181	56362000.0	8.0
28182	56364000.0	1.0
28183	56366000.0	7.0
28184	56368000.0	5.0
28185	56370000.0	5.0
28186	56372000.0	7.0
28187	56374000.0	5.0
28188	56376000.0	8.0
28189	56378000.0	4.0
28190	56380000.0	5.0
28191	56382000.0	6.0
28192	56384000.0	4.0
28193	56386000.0	5.0
28194	56388000.0	2.0
28195	56390000.0	6.0
28196	56392000.0	4.0
28197	56394000.0	11.0
28198	56396000.0	11.0
28199	56398000.0	4.0
28200	56400000.0	6.0
28201	56402000.0	7.0
28202	56404000.0	6.0
28203	56406000.0	4.0
28204	56408000.0	7.0
28205	56410000.0	2.0
28206	56412000.0	4.0
28207	56414000.0	7.0
28208	56416000.0	5.0
28209	56418000.0	5.0
28210	56420000.0	10.0
28211	56422000.0	3.0
28212	56424000.0	5.0
28213	56426000.0	8.0
28214	56428000.0	2.0
28215	56430000.0	4.0
28216	56432000.0	10.0
28217	56434000.0	7.0
28218	56436000.0	6.0
28219	56438000.0	5.0
28220	56440000.0	4.0
28221	56442000.0	4.0
28222	56444000.0	3.0
28223	56446000.0	7.0
28224	56448000.0	3.0
28225	56450000.0	8.0
28226	56452000.0	8.0
28227	56454000.0	2.0
28228	56456000.0	6.0
28229	56458000.0	5.0
28230	56460000.0	6.0
28231	56462000.0	4.0
28232	56464000.0	5.0
28233	56466000.0	4.0
28234	56468000.0	5.0
28235	56470000.0	13.0
28236	56472000.0	4.0
28237	56474000.0	4.0
28238	56476000.0	10.0
28239	56478000.0	2.0
28240	56480000.0	7.0
28241	56482000.0	8.0
28242	56484000.0	9.0
28243	56486000.0	3.0
28244	56488000.0	6.0
28245	56490000.0	4.0
28246	56492000.0	8.0
28247	56494000.0	5.0
28248	56496000.0	5.0
28249	56498000.0	8.0
28250	56500000.0	7.0
28251	56502000.0	4.0
28252	56504000.0	3.0
28253	56506000.0	5.0
28254	56508000.0	5.0
28255	56510000.0	6.0
28256	56512000.0	6.0
28257	56514000.0	3.0
28258	56516000.0	6.0
28259	56518000.0	9.0
28260	56520000.0	6.0
28261	56522000.0	4.0
28262	56524000.0	7.0
28263	56526000.0	5.0
28264	56528000.0	3.0
28265	56530000.0	7.0
28266	56532000.0	3.0
28267	56534000.0	4.0
28268	56536000.0	7.0
28269	56538000.0	8.0
28270	56540000.0	9.0
28271	56542000.0	5.0
28272	56544000.0	4.0
28273	56546000.0	6.0
28274	56548000.0	3.0
28275	56550000.0	5.0
28276	56552000.0	2.0
28277	56554000.0	11.0
28278	56556000.0	4.0
28279	56558000.0	6.0
28280	56560000.0	8.0
28281	56562000.0	5.0
28282	56564000.0	6.0
28283	56566000.0	6.0
28284	56568000.0	7.0
28285	56570000.0	7.0
28286	56572000.0	4.0
28287	56574000.0	4.0
28288	56576000.0	6.0
28289	56578000.0	3.0
28290	56580000.0	6.0
28291	56582000.0	11.0
28292	56584000.0	2.0
28293	56586000.0	4.0
28294	56588000.0	7.0
28295	56590000.0	2.0
28296	56592000.0	4.0
28297	56594000.0	3.0
28298	56596000.0	3.0
28299	56598000.0	6.0
28300	56600000.0	2.0
28301	56602000.0	4.0
28302	56604000.0	7.0
28303	56606000.0	6.0
28304	56608000.0	8.0
28305	56610000.0	6.0
28306	56612000.0	4.0
28307	56614000.0	3.0
28308	56616000.0	5.0
28309	56618000.0	9.0
28310	56620000.0	7.0
28311	56622000.0	3.0
28312	56624000.0	2.0
28313	56626000.0	6.0
28314	56628000.0	5.0
28315	56630000.0	3.0
28316	56632000.0	7.0
28317	56634000.0	7.0
28318	56636000.0	6.0
28319	56638000.0	4.0
28320	56640000.0	5.0
28321	56642000.0	7.0
28322	56644000.0	3.0
28323	56646000.0	6.0
28324	56648000.0	10.0
28325	56650000.0	4.0
28326	56652000.0	4.0
28327	56654000.0	3.0
28328	56656000.0	6.0
28329	56658000.0	4.0
28330	56660000.0	7.0
28331	56662000.0	3.0
28332	56664000.0	7.0
28333	56666000.0	9.0
28334	56668000.0	3.0
28335	56670000.0	3.0
28336	56672000.0	2.0
28337	56674000.0	5.0
28338	56676000.0	6.0
28339	56678000.0	4.0
28340	56680000.0	5.0
28341	56682000.0	6.0
28342	56684000.0	6.0
28343	56686000.0	5.0
28344	56688000.0	7.0
28345	56690000.0	2.0
28346	56692000.0	9.0
28347	56694000.0	7.0
28348	56696000.0	4.0
28349	56698000.0	1.0
28350	56700000.0	7.0
28351	56702000.0	3.0
28352	56704000.0	4.0
28353	56706000.0	3.0
28354	56708000.0	1.0
28355	56710000.0	3.0
28356	56712000.0	6.0
28357	56714000.0	4.0
28358	56716000.0	5.0
28359	56718000.0	3.0
28360	56720000.0	7.0
28361	56722000.0	4.0
28362	56724000.0	2.0
28363	56726000.0	7.0
28364	56728000.0	9.0
28365	56730000.0	4.0
28366	56732000.0	4.0
28367	56734000.0	2.0
28368	56736000.0	1.0
28369	56738000.0	3.0
28370	56740000.0	4.0
28371	56742000.0	6.0
28372	56744000.0	4.0
28373	56746000.0	7.0
28374	56748000.0	6.0
28375	56750000.0	5.0
28376	56752000.0	4.0
28377	56754000.0	4.0
28378	56756000.0	4.0
28379	56758000.0	4.0
28380	56760000.0	3.0
28381	56762000.0	3.0
28382	56764000.0	7.0
28383	56766000.0	4.0
28384	56768000.0	3.0
28385	56770000.0	6.0
28386	56772000.0	2.0
28387	56774000.0	4.0
28388	56776000.0	1.0
28389	56778000.0	12.0
28390	56780000.0	4.0
28391	56782000.0	8.0
28392	56784000.0	1.0
28393	56786000.0	3.0
28394	56788000.0	5.0
28395	56790000.0	5.0
28396	56792000.0	6.0
28397	56794000.0	8.0
28398	56796000.0	4.0
28399	56798000.0	5.0
28400	56800000.0	5.0
28401	56802000.0	7.0
28402	56804000.0	6.0
28403	56806000.0	5.0
28404	56808000.0	4.0
28405	56810000.0	2.0
28406	56812000.0	3.0
28407	56814000.0	4.0
28408	56816000.0	8.0
28409	56818000.0	5.0
28410	56820000.0	6.0
28411	56822000.0	4.0
28412	56824000.0	4.0
28413	56826000.0	8.0
28414	56828000.0	4.0
28415	56830000.0	6.0
28416	56832000.0	7.0
28417	56834000.0	4.0
28418	56836000.0	6.0
28419	56838000.0	4.0
28420	56840000.0	0.0
28421	56842000.0	9.0
28422	56844000.0	4.0
28423	56846000.0	9.0
28424	56848000.0	3.0
28425	56850000.0	6.0
28426	56852000.0	2.0
28427	56854000.0	5.0
28428	56856000.0	8.0
28429	56858000.0	9.0
28430	56860000.0	3.0
28431	56862000.0	6.0
28432	56864000.0	6.0
28433	56866000.0	4.0
28434	56868000.0	2.0
28435	56870000.0	5.0
28436	56872000.0	3.0
28437	56874000.0	3.0
28438	56876000.0	2.0
28439	56878000.0	5.0
28440	56880000.0	7.0
28441	56882000.0	7.0
28442	56884000.0	8.0
28443	56886000.0	3.0
28444	56888000.0	3.0
28445	56890000.0	9.0
28446	56892000.0	2.0
28447	56894000.0	5.0
28448	56896000.0	6.0
28449	56898000.0	8.0
28450	56900000.0	7.0
28451	56902000.0	4.0
28452	56904000.0	7.0
28453	56906000.0	4.0
28454	56908000.0	6.0
28455	56910000.0	1.0
28456	56912000.0	4.0
28457	56914000.0	6.0
28458	56916000.0	3.0
28459	56918000.0	7.0
28460	56920000.0	4.0
28461	56922000.0	5.0
28462	56924000.0	6.0
28463	56926000.0	2.0
28464	56928000.0	9.0
28465	56930000.0	6.0
28466	56932000.0	3.0
28467	56934000.0	8.0
28468	56936000.0	4.0
28469	56938000.0	2.0
28470	56940000.0	7.0
28471	56942000.0	4.0
28472	56944000.0	3.0
28473	56946000.0	3.0
28474	56948000.0	7.0
28475	56950000.0	1.0
28476	56952000.0	4.0
28477	56954000.0	3.0
28478	56956000.0	3.0
28479	56958000.0	7.0
28480	56960000.0	4.0
28481	56962000.0	3.0
28482	56964000.0	2.0
28483	56966000.0	3.0
28484	56968000.0	6.0
28485	56970000.0	5.0
28486	56972000.0	4.0
28487	56974000.0	4.0
28488	56976000.0	2.0
28489	56978000.0	3.0
28490	56980000.0	1.0
28491	56982000.0	4.0
28492	56984000.0	6.0
28493	56986000.0	3.0
28494	56988000.0	1.0
28495	56990000.0	3.0
28496	56992000.0	6.0
28497	56994000.0	5.0
28498	56996000.0	4.0
28499	56998000.0	4.0
28500	57000000.0	8.0
28501	57002000.0	7.0
28502	57004000.0	3.0
28503	57006000.0	4.0
28504	57008000.0	6.0
28505	57010000.0	5.0
28506	57012000.0	9.0
28507	57014000.0	6.0
28508	57016000.0	3.0
28509	57018000.0	7.0
28510	57020000.0	3.0
28511	57022000.0	5.0
28512	57024000.0	6.0
28513	57026000.0	4.0
28514	57028000.0	5.0
28515	57030000.0	3.0
28516	57032000.0	6.0
28517	57034000.0	3.0
28518	57036000.0	3.0
28519	57038000.0	3.0
28520	57040000.0	10.0
28521	57042000.0	4.0
28522	57044000.0	5.0
28523	57046000.0	4.0
28524	57048000.0	3.0
28525	57050000.0	8.0
28526	57052000.0	6.0
28527	57054000.0	1.0
28528	57056000.0	4.0
28529	57058000.0	9.0
28530	57060000.0	3.0
28531	57062000.0	8.0
28532	57064000.0	4.0
28533	57066000.0	6.0
28534	57068000.0	10.0
28535	57070000.0	4.0
28536	57072000.0	6.0
28537	57074000.0	6.0
28538	57076000.0	7.0
28539	57078000.0	4.0
28540	57080000.0	5.0
28541	57082000.0	5.0
28542	57084000.0	7.0
28543	57086000.0	4.0
28544	57088000.0	1.0
28545	57090000.0	5.0
28546	57092000.0	6.0
28547	57094000.0	3.0
28548	57096000.0	8.0
28549	57098000.0	3.0
28550	57100000.0	8.0
28551	57102000.0	6.0
28552	57104000.0	7.0
28553	57106000.0	3.0
28554	57108000.0	8.0
28555	57110000.0	3.0
28556	57112000.0	3.0
28557	57114000.0	7.0
28558	57116000.0	4.0
28559	57118000.0	6.0
28560	57120000.0	1.0
28561	57122000.0	6.0
28562	57124000.0	4.0
28563	57126000.0	7.0
28564	57128000.0	7.0
28565	57130000.0	6.0
28566	57132000.0	8.0
28567	57134000.0	6.0
28568	57136000.0	6.0
28569	57138000.0	2.0
28570	57140000.0	7.0
28571	57142000.0	2.0
28572	57144000.0	2.0
28573	57146000.0	6.0
28574	57148000.0	1.0
28575	57150000.0	6.0
28576	57152000.0	8.0
28577	57154000.0	3.0
28578	57156000.0	4.0
28579	57158000.0	4.0
28580	57160000.0	6.0
28581	57162000.0	5.0
28582	57164000.0	4.0
28583	57166000.0	9.0
28584	57168000.0	2.0
28585	57170000.0	7.0
28586	57172000.0	7.0
28587	57174000.0	9.0
28588	57176000.0	5.0
28589	57178000.0	6.0
28590	57180000.0	4.0
28591	57182000.0	1.0
28592	57184000.0	9.0
28593	57186000.0	4.0
28594	57188000.0	10.0
28595	57190000.0	8.0
28596	57192000.0	4.0
28597	57194000.0	5.0
28598	57196000.0	6.0
28599	57198000.0	8.0
28600	57200000.0	5.0
28601	57202000.0	6.0
28602	57204000.0	2.0
28603	57206000.0	3.0
28604	57208000.0	2.0
28605	57210000.0	10.0
28606	57212000.0	10.0
28607	57214000.0	3.0
28608	57216000.0	6.0
28609	57218000.0	10.0
28610	57220000.0	4.0
28611	57222000.0	2.0
28612	57224000.0	4.0
28613	57226000.0	3.0
28614	57228000.0	11.0
28615	57230000.0	3.0
28616	57232000.0	6.0
28617	57234000.0	10.0
28618	57236000.0	3.0
28619	57238000.0	4.0
28620	57240000.0	3.0
28621	57242000.0	6.0
28622	57244000.0	2.0
28623	57246000.0	8.0
28624	57248000.0	4.0
28625	57250000.0	4.0
28626	57252000.0	2.0
28627	57254000.0	4.0
28628	57256000.0	7.0
28629	57258000.0	10.0
28630	57260000.0	4.0
28631	57262000.0	3.0
28632	57264000.0	3.0
28633	57266000.0	4.0
28634	57268000.0	3.0
28635	57270000.0	1.0
28636	57272000.0	1.0
28637	57274000.0	4.0
28638	57276000.0	4.0
28639	57278000.0	5.0
28640	57280000.0	6.0
28641	57282000.0	3.0
28642	57284000.0	3.0
28643	57286000.0	4.0
28644	57288000.0	9.0
28645	57290000.0	4.0
28646	57292000.0	5.0
28647	57294000.0	3.0
28648	57296000.0	3.0
28649	57298000.0	3.0
28650	57300000.0	5.0
28651	57302000.0	9.0
28652	57304000.0	2.0
28653	57306000.0	7.0
28654	57308000.0	4.0
28655	57310000.0	5.0
28656	57312000.0	2.0
28657	57314000.0	7.0
28658	57316000.0	8.0
28659	57318000.0	2.0
28660	57320000.0	6.0
28661	57322000.0	5.0
28662	57324000.0	5.0
28663	57326000.0	6.0
28664	57328000.0	6.0
28665	57330000.0	9.0
28666	57332000.0	8.0
28667	57334000.0	7.0
28668	57336000.0	2.0
28669	57338000.0	3.0
28670	57340000.0	10.0
28671	57342000.0	4.0
28672	57344000.0	1.0
28673	57346000.0	5.0
28674	57348000.0	6.0
28675	57350000.0	11.0
28676	57352000.0	2.0
28677	57354000.0	5.0
28678	57356000.0	3.0
28679	57358000.0	4.0
28680	57360000.0	3.0
28681	57362000.0	4.0
28682	57364000.0	4.0
28683	57366000.0	7.0
28684	57368000.0	8.0
28685	57370000.0	8.0
28686	57372000.0	6.0
28687	57374000.0	7.0
28688	57376000.0	5.0
28689	57378000.0	6.0
28690	57380000.0	7.0
28691	57382000.0	5.0
28692	57384000.0	3.0
28693	57386000.0	2.0
28694	57388000.0	4.0
28695	57390000.0	4.0
28696	57392000.0	3.0
28697	57394000.0	1.0
28698	57396000.0	4.0
28699	57398000.0	4.0
28700	57400000.0	4.0
28701	57402000.0	4.0
28702	57404000.0	12.0
28703	57406000.0	2.0
28704	57408000.0	5.0
28705	57410000.0	6.0
28706	57412000.0	7.0
28707	57414000.0	5.0
28708	57416000.0	5.0
28709	57418000.0	5.0
28710	57420000.0	9.0
28711	57422000.0	2.0
28712	57424000.0	4.0
28713	57426000.0	6.0
28714	57428000.0	4.0
28715	57430000.0	4.0
28716	57432000.0	4.0
28717	57434000.0	4.0
28718	57436000.0	10.0
28719	57438000.0	4.0
28720	57440000.0	4.0
28721	57442000.0	7.0
28722	57444000.0	9.0
28723	57446000.0	4.0
28724	57448000.0	5.0
28725	57450000.0	2.0
28726	57452000.0	6.0
28727	57454000.0	2.0
28728	57456000.0	4.0
28729	57458000.0	4.0
28730	57460000.0	5.0
28731	57462000.0	7.0
28732	57464000.0	3.0
28733	57466000.0	5.0
28734	57468000.0	10.0
28735	57470000.0	4.0
28736	57472000.0	1.0
28737	57474000.0	7.0
28738	57476000.0	2.0
28739	57478000.0	9.0
28740	57480000.0	2.0
28741	57482000.0	5.0
28742	57484000.0	4.0
28743	57486000.0	3.0
28744	57488000.0	7.0
28745	57490000.0	2.0
28746	57492000.0	3.0
28747	57494000.0	8.0
28748	57496000.0	3.0
28749	57498000.0	6.0
28750	57500000.0	6.0
28751	57502000.0	5.0
28752	57504000.0	5.0
28753	57506000.0	7.0
28754	57508000.0	8.0
28755	57510000.0	3.0
28756	57512000.0	7.0
28757	57514000.0	8.0
28758	57516000.0	6.0
28759	57518000.0	5.0
28760	57520000.0	11.0
28761	57522000.0	7.0
28762	57524000.0	6.0
28763	57526000.0	5.0
28764	57528000.0	4.0
28765	57530000.0	4.0
28766	57532000.0	5.0
28767	57534000.0	0.0
28768	57536000.0	8.0
28769	57538000.0	3.0
28770	57540000.0	7.0
28771	57542000.0	4.0
28772	57544000.0	4.0
28773	57546000.0	4.0
28774	57548000.0	5.0
28775	57550000.0	8.0
28776	57552000.0	9.0
28777	57554000.0	6.0
28778	57556000.0	4.0
28779	57558000.0	5.0
28780	57560000.0	6.0
28781	57562000.0	6.0
28782	57564000.0	2.0
28783	57566000.0	7.0
28784	57568000.0	3.0
28785	57570000.0	10.0
28786	57572000.0	5.0
28787	57574000.0	8.0
28788	57576000.0	5.0
28789	57578000.0	2.0
28790	57580000.0	3.0
28791	57582000.0	8.0
28792	57584000.0	5.0
28793	57586000.0	4.0
28794	57588000.0	5.0
28795	57590000.0	4.0
28796	57592000.0	10.0
28797	57594000.0	4.0
28798	57596000.0	6.0
28799	57598000.0	3.0
28800	57600000.0	9.0
28801	57602000.0	5.0
28802	57604000.0	4.0
28803	57606000.0	6.0
28804	57608000.0	6.0
28805	57610000.0	3.0
28806	57612000.0	2.0
28807	57614000.0	2.0
28808	57616000.0	5.0
28809	57618000.0	6.0
28810	57620000.0	8.0
28811	57622000.0	6.0
28812	57624000.0	6.0
28813	57626000.0	6.0
28814	57628000.0	5.0
28815	57630000.0	5.0
28816	57632000.0	4.0
28817	57634000.0	2.0
28818	57636000.0	9.0
28819	57638000.0	6.0
28820	57640000.0	4.0
28821	57642000.0	4.0
28822	57644000.0	1.0
28823	57646000.0	5.0
28824	57648000.0	5.0
28825	57650000.0	4.0
28826	57652000.0	9.0
28827	57654000.0	3.0
28828	57656000.0	8.0
28829	57658000.0	5.0
28830	57660000.0	6.0
28831	57662000.0	5.0
28832	57664000.0	2.0
28833	57666000.0	2.0
28834	57668000.0	7.0
28835	57670000.0	3.0
28836	57672000.0	4.0
28837	57674000.0	8.0
28838	57676000.0	2.0
28839	57678000.0	9.0
28840	57680000.0	1.0
28841	57682000.0	7.0
28842	57684000.0	6.0
28843	57686000.0	4.0
28844	57688000.0	6.0
28845	57690000.0	5.0
28846	57692000.0	4.0
28847	57694000.0	7.0
28848	57696000.0	12.0
28849	57698000.0	4.0
28850	57700000.0	3.0
28851	57702000.0	3.0
28852	57704000.0	3.0
28853	57706000.0	4.0
28854	57708000.0	3.0
28855	57710000.0	8.0
28856	57712000.0	2.0
28857	57714000.0	4.0
28858	57716000.0	2.0
28859	57718000.0	9.0
28860	57720000.0	8.0
28861	57722000.0	2.0
28862	57724000.0	10.0
28863	57726000.0	3.0
28864	57728000.0	2.0
28865	57730000.0	6.0
28866	57732000.0	4.0
28867	57734000.0	6.0
28868	57736000.0	3.0
28869	57738000.0	6.0
28870	57740000.0	8.0
28871	57742000.0	4.0
28872	57744000.0	4.0
28873	57746000.0	4.0
28874	57748000.0	1.0
28875	57750000.0	4.0
28876	57752000.0	3.0
28877	57754000.0	6.0
28878	57756000.0	5.0
28879	57758000.0	2.0
28880	57760000.0	5.0
28881	57762000.0	2.0
28882	57764000.0	6.0
28883	57766000.0	5.0
28884	57768000.0	3.0
28885	57770000.0	6.0
28886	57772000.0	5.0
28887	57774000.0	4.0
28888	57776000.0	6.0
28889	57778000.0	6.0
28890	57780000.0	1.0
28891	57782000.0	6.0
28892	57784000.0	4.0
28893	57786000.0	1.0
28894	57788000.0	5.0
28895	57790000.0	4.0
28896	57792000.0	3.0
28897	57794000.0	4.0
28898	57796000.0	9.0
28899	57798000.0	2.0
28900	57800000.0	6.0
28901	57802000.0	2.0
28902	57804000.0	13.0
28903	57806000.0	2.0
28904	57808000.0	8.0
28905	57810000.0	2.0
28906	57812000.0	5.0
28907	57814000.0	3.0
28908	57816000.0	6.0
28909	57818000.0	4.0
28910	57820000.0	4.0
28911	57822000.0	4.0
28912	57824000.0	4.0
28913	57826000.0	4.0
28914	57828000.0	3.0
28915	57830000.0	5.0
28916	57832000.0	2.0
28917	57834000.0	4.0
28918	57836000.0	10.0
28919	57838000.0	6.0
28920	57840000.0	6.0
28921	57842000.0	3.0
28922	57844000.0	5.0
28923	57846000.0	5.0
28924	57848000.0	2.0
28925	57850000.0	3.0
28926	57852000.0	4.0
28927	57854000.0	1.0
28928	57856000.0	4.0
28929	57858000.0	5.0
28930	57860000.0	7.0
28931	57862000.0	6.0
28932	57864000.0	4.0
28933	57866000.0	3.0
28934	57868000.0	6.0
28935	57870000.0	7.0
28936	57872000.0	5.0
28937	57874000.0	7.0
28938	57876000.0	9.0
28939	57878000.0	5.0
28940	57880000.0	4.0
28941	57882000.0	8.0
28942	57884000.0	5.0
28943	57886000.0	11.0
28944	57888000.0	5.0
28945	57890000.0	3.0
28946	57892000.0	4.0
28947	57894000.0	7.0
28948	57896000.0	5.0
28949	57898000.0	5.0
28950	57900000.0	5.0
28951	57902000.0	3.0
28952	57904000.0	9.0
28953	57906000.0	5.0
28954	57908000.0	1.0
28955	57910000.0	6.0
28956	57912000.0	2.0
28957	57914000.0	5.0
28958	57916000.0	4.0
28959	57918000.0	7.0
28960	57920000.0	4.0
28961	57922000.0	7.0
28962	57924000.0	4.0
28963	57926000.0	4.0
28964	57928000.0	4.0
28965	57930000.0	8.0
28966	57932000.0	7.0
28967	57934000.0	9.0
28968	57936000.0	7.0
28969	57938000.0	5.0
28970	57940000.0	8.0
28971	57942000.0	5.0
28972	57944000.0	1.0
28973	57946000.0	7.0
28974	57948000.0	2.0
28975	57950000.0	2.0
28976	57952000.0	2.0
28977	57954000.0	5.0
28978	57956000.0	2.0
28979	57958000.0	7.0
28980	57960000.0	5.0
28981	57962000.0	6.0
28982	57964000.0	6.0
28983	57966000.0	2.0
28984	57968000.0	5.0
28985	57970000.0	7.0
28986	57972000.0	5.0
28987	57974000.0	1.0
28988	57976000.0	6.0
28989	57978000.0	5.0
28990	57980000.0	3.0
28991	57982000.0	4.0
28992	57984000.0	6.0
28993	57986000.0	3.0
28994	57988000.0	3.0
28995	57990000.0	5.0
28996	57992000.0	3.0
28997	57994000.0	1.0
28998	57996000.0	8.0
28999	57998000.0	5.0
29000	58000000.0	3.0
29001	58002000.0	4.0
29002	58004000.0	6.0
29003	58006000.0	6.0
29004	58008000.0	2.0
29005	58010000.0	4.0
29006	58012000.0	4.0
29007	58014000.0	7.0
29008	58016000.0	3.0
29009	58018000.0	10.0
29010	58020000.0	2.0
29011	58022000.0	5.0
29012	58024000.0	10.0
29013	58026000.0	4.0
29014	58028000.0	6.0
29015	58030000.0	1.0
29016	58032000.0	2.0
29017	58034000.0	6.0
29018	58036000.0	3.0
29019	58038000.0	1.0
29020	58040000.0	3.0
29021	58042000.0	7.0
29022	58044000.0	5.0
29023	58046000.0	3.0
29024	58048000.0	2.0
29025	58050000.0	6.0
29026	58052000.0	2.0
29027	58054000.0	4.0
29028	58056000.0	4.0
29029	58058000.0	6.0
29030	58060000.0	3.0
29031	58062000.0	6.0
29032	58064000.0	7.0
29033	58066000.0	5.0
29034	58068000.0	3.0
29035	58070000.0	9.0
29036	58072000.0	11.0
29037	58074000.0	7.0
29038	58076000.0	4.0
29039	58078000.0	2.0
29040	58080000.0	6.0
29041	58082000.0	7.0
29042	58084000.0	5.0
29043	58086000.0	5.0
29044	58088000.0	5.0
29045	58090000.0	1.0
29046	58092000.0	7.0
29047	58094000.0	8.0
29048	58096000.0	5.0
29049	58098000.0	5.0
29050	58100000.0	6.0
29051	58102000.0	4.0
29052	58104000.0	4.0
29053	58106000.0	2.0
29054	58108000.0	3.0
29055	58110000.0	2.0
29056	58112000.0	7.0
29057	58114000.0	6.0
29058	58116000.0	3.0
29059	58118000.0	6.0
29060	58120000.0	6.0
29061	58122000.0	0.0
29062	58124000.0	5.0
29063	58126000.0	5.0
29064	58128000.0	6.0
29065	58130000.0	3.0
29066	58132000.0	3.0
29067	58134000.0	5.0
29068	58136000.0	8.0
29069	58138000.0	3.0
29070	58140000.0	3.0
29071	58142000.0	5.0
29072	58144000.0	10.0
29073	58146000.0	6.0
29074	58148000.0	5.0
29075	58150000.0	6.0
29076	58152000.0	6.0
29077	58154000.0	5.0
29078	58156000.0	6.0
29079	58158000.0	3.0
29080	58160000.0	5.0
29081	58162000.0	3.0
29082	58164000.0	4.0
29083	58166000.0	3.0
29084	58168000.0	7.0
29085	58170000.0	4.0
29086	58172000.0	7.0
29087	58174000.0	3.0
29088	58176000.0	4.0
29089	58178000.0	4.0
29090	58180000.0	3.0
29091	58182000.0	5.0
29092	58184000.0	4.0
29093	58186000.0	3.0
29094	58188000.0	8.0
29095	58190000.0	5.0
29096	58192000.0	6.0
29097	58194000.0	4.0
29098	58196000.0	7.0
29099	58198000.0	3.0
29100	58200000.0	7.0
29101	58202000.0	2.0
29102	58204000.0	2.0
29103	58206000.0	6.0
29104	58208000.0	2.0
29105	58210000.0	2.0
29106	58212000.0	5.0
29107	58214000.0	1.0
29108	58216000.0	2.0
29109	58218000.0	3.0
29110	58220000.0	2.0
29111	58222000.0	5.0
29112	58224000.0	2.0
29113	58226000.0	5.0
29114	58228000.0	5.0
29115	58230000.0	4.0
29116	58232000.0	3.0
29117	58234000.0	8.0
29118	58236000.0	2.0
29119	58238000.0	7.0
29120	58240000.0	2.0
29121	58242000.0	7.0
29122	58244000.0	10.0
29123	58246000.0	4.0
29124	58248000.0	5.0
29125	58250000.0	5.0
29126	58252000.0	6.0
29127	58254000.0	1.0
29128	58256000.0	8.0
29129	58258000.0	4.0
29130	58260000.0	6.0
29131	58262000.0	7.0
29132	58264000.0	7.0
29133	58266000.0	6.0
29134	58268000.0	3.0
29135	58270000.0	4.0
29136	58272000.0	5.0
29137	58274000.0	1.0
29138	58276000.0	4.0
29139	58278000.0	4.0
29140	58280000.0	3.0
29141	58282000.0	3.0
29142	58284000.0	8.0
29143	58286000.0	5.0
29144	58288000.0	3.0
29145	58290000.0	3.0
29146	58292000.0	3.0
29147	58294000.0	4.0
29148	58296000.0	3.0
29149	58298000.0	2.0
29150	58300000.0	2.0
29151	58302000.0	4.0
29152	58304000.0	5.0
29153	58306000.0	2.0
29154	58308000.0	4.0
29155	58310000.0	5.0
29156	58312000.0	3.0
29157	58314000.0	4.0
29158	58316000.0	11.0
29159	58318000.0	6.0
29160	58320000.0	5.0
29161	58322000.0	6.0
29162	58324000.0	4.0
29163	58326000.0	9.0
29164	58328000.0	6.0
29165	58330000.0	2.0
29166	58332000.0	4.0
29167	58334000.0	7.0
29168	58336000.0	3.0
29169	58338000.0	6.0
29170	58340000.0	2.0
29171	58342000.0	3.0
29172	58344000.0	4.0
29173	58346000.0	3.0
29174	58348000.0	5.0
29175	58350000.0	6.0
29176	58352000.0	4.0
29177	58354000.0	7.0
29178	58356000.0	4.0
29179	58358000.0	5.0
29180	58360000.0	3.0
29181	58362000.0	7.0
29182	58364000.0	3.0
29183	58366000.0	8.0
29184	58368000.0	4.0
29185	58370000.0	5.0
29186	58372000.0	4.0
29187	58374000.0	5.0
29188	58376000.0	1.0
29189	58378000.0	4.0
29190	58380000.0	8.0
29191	58382000.0	2.0
29192	58384000.0	2.0
29193	58386000.0	3.0
29194	58388000.0	2.0
29195	58390000.0	6.0
29196	58392000.0	5.0
29197	58394000.0	5.0
29198	58396000.0	8.0
29199	58398000.0	9.0
29200	58400000.0	5.0
29201	58402000.0	2.0
29202	58404000.0	6.0
29203	58406000.0	2.0
29204	58408000.0	1.0
29205	58410000.0	4.0
29206	58412000.0	8.0
29207	58414000.0	5.0
29208	58416000.0	5.0
29209	58418000.0	6.0
29210	58420000.0	4.0
29211	58422000.0	0.0
29212	58424000.0	7.0
29213	58426000.0	5.0
29214	58428000.0	1.0
29215	58430000.0	3.0
29216	58432000.0	5.0
29217	58434000.0	4.0
29218	58436000.0	1.0
29219	58438000.0	6.0
29220	58440000.0	7.0
29221	58442000.0	10.0
29222	58444000.0	0.0
29223	58446000.0	3.0
29224	58448000.0	3.0
29225	58450000.0	6.0
29226	58452000.0	2.0
29227	58454000.0	4.0
29228	58456000.0	2.0
29229	58458000.0	4.0
29230	58460000.0	8.0
29231	58462000.0	8.0
29232	58464000.0	4.0
29233	58466000.0	5.0
29234	58468000.0	2.0
29235	58470000.0	6.0
29236	58472000.0	7.0
29237	58474000.0	3.0
29238	58476000.0	1.0
29239	58478000.0	6.0
29240	58480000.0	5.0
29241	58482000.0	1.0
29242	58484000.0	2.0
29243	58486000.0	4.0
29244	58488000.0	2.0
29245	58490000.0	4.0
29246	58492000.0	3.0
29247	58494000.0	8.0
29248	58496000.0	3.0
29249	58498000.0	3.0
29250	58500000.0	3.0
29251	58502000.0	5.0
29252	58504000.0	4.0
29253	58506000.0	5.0
29254	58508000.0	4.0
29255	58510000.0	3.0
29256	58512000.0	4.0
29257	58514000.0	3.0
29258	58516000.0	4.0
29259	58518000.0	2.0
29260	58520000.0	3.0
29261	58522000.0	2.0
29262	58524000.0	5.0
29263	58526000.0	8.0
29264	58528000.0	8.0
29265	58530000.0	6.0
29266	58532000.0	5.0
29267	58534000.0	5.0
29268	58536000.0	6.0
29269	58538000.0	4.0
29270	58540000.0	3.0
29271	58542000.0	6.0
29272	58544000.0	7.0
29273	58546000.0	3.0
29274	58548000.0	0.0
29275	58550000.0	3.0
29276	58552000.0	1.0
29277	58554000.0	6.0
29278	58556000.0	2.0
29279	58558000.0	7.0
29280	58560000.0	4.0
29281	58562000.0	1.0
29282	58564000.0	6.0
29283	58566000.0	8.0
29284	58568000.0	7.0
29285	58570000.0	4.0
29286	58572000.0	4.0
29287	58574000.0	5.0
29288	58576000.0	7.0
29289	58578000.0	3.0
29290	58580000.0	3.0
29291	58582000.0	5.0
29292	58584000.0	5.0
29293	58586000.0	4.0
29294	58588000.0	5.0
29295	58590000.0	5.0
29296	58592000.0	2.0
29297	58594000.0	2.0
29298	58596000.0	4.0
29299	58598000.0	9.0
29300	58600000.0	3.0
29301	58602000.0	0.0
29302	58604000.0	9.0
29303	58606000.0	3.0
29304	58608000.0	4.0
29305	58610000.0	3.0
29306	58612000.0	4.0
29307	58614000.0	1.0
29308	58616000.0	5.0
29309	58618000.0	7.0
29310	58620000.0	2.0
29311	58622000.0	1.0
29312	58624000.0	3.0
29313	58626000.0	4.0
29314	58628000.0	6.0
29315	58630000.0	0.0
29316	58632000.0	2.0
29317	58634000.0	6.0
29318	58636000.0	7.0
29319	58638000.0	6.0
29320	58640000.0	2.0
29321	58642000.0	2.0
29322	58644000.0	6.0
29323	58646000.0	3.0
29324	58648000.0	5.0
29325	58650000.0	6.0
29326	58652000.0	5.0
29327	58654000.0	3.0
29328	58656000.0	6.0
29329	58658000.0	9.0
29330	58660000.0	5.0
29331	58662000.0	4.0
29332	58664000.0	1.0
29333	58666000.0	6.0
29334	58668000.0	6.0
29335	58670000.0	5.0
29336	58672000.0	6.0
29337	58674000.0	4.0
29338	58676000.0	6.0
29339	58678000.0	8.0
29340	58680000.0	6.0
29341	58682000.0	3.0
29342	58684000.0	5.0
29343	58686000.0	2.0
29344	58688000.0	6.0
29345	58690000.0	5.0
29346	58692000.0	8.0
29347	58694000.0	6.0
29348	58696000.0	6.0
29349	58698000.0	4.0
29350	58700000.0	3.0
29351	58702000.0	1.0
29352	58704000.0	3.0
29353	58706000.0	2.0
29354	58708000.0	2.0
29355	58710000.0	1.0
29356	58712000.0	4.0
29357	58714000.0	4.0
29358	58716000.0	6.0
29359	58718000.0	3.0
29360	58720000.0	4.0
29361	58722000.0	2.0
29362	58724000.0	5.0
29363	58726000.0	6.0
29364	58728000.0	2.0
29365	58730000.0	4.0
29366	58732000.0	5.0
29367	58734000.0	7.0
29368	58736000.0	5.0
29369	58738000.0	6.0
29370	58740000.0	0.0
29371	58742000.0	4.0
29372	58744000.0	4.0
29373	58746000.0	5.0
29374	58748000.0	5.0
29375	58750000.0	2.0
29376	58752000.0	3.0
29377	58754000.0	6.0
29378	58756000.0	5.0
29379	58758000.0	8.0
29380	58760000.0	6.0
29381	58762000.0	6.0
29382	58764000.0	5.0
29383	58766000.0	6.0
29384	58768000.0	4.0
29385	58770000.0	6.0
29386	58772000.0	7.0
29387	58774000.0	7.0
29388	58776000.0	3.0
29389	58778000.0	3.0
29390	58780000.0	3.0
29391	58782000.0	1.0
29392	58784000.0	8.0
29393	58786000.0	7.0
29394	58788000.0	5.0
29395	58790000.0	7.0
29396	58792000.0	5.0
29397	58794000.0	2.0
29398	58796000.0	2.0
29399	58798000.0	4.0
29400	58800000.0	8.0
29401	58802000.0	7.0
29402	58804000.0	0.0
29403	58806000.0	2.0
29404	58808000.0	4.0
29405	58810000.0	6.0
29406	58812000.0	5.0
29407	58814000.0	4.0
29408	58816000.0	4.0
29409	58818000.0	4.0
29410	58820000.0	4.0
29411	58822000.0	15.0
29412	58824000.0	0.0
29413	58826000.0	2.0
29414	58828000.0	5.0
29415	58830000.0	8.0
29416	58832000.0	4.0
29417	58834000.0	3.0
29418	58836000.0	5.0
29419	58838000.0	5.0
29420	58840000.0	1.0
29421	58842000.0	2.0
29422	58844000.0	4.0
29423	58846000.0	8.0
29424	58848000.0	1.0
29425	58850000.0	3.0
29426	58852000.0	2.0
29427	58854000.0	2.0
29428	58856000.0	8.0
29429	58858000.0	9.0
29430	58860000.0	3.0
29431	58862000.0	3.0
29432	58864000.0	3.0
29433	58866000.0	6.0
29434	58868000.0	4.0
29435	58870000.0	4.0
29436	58872000.0	4.0
29437	58874000.0	8.0
29438	58876000.0	3.0
29439	58878000.0	3.0
29440	58880000.0	7.0
29441	58882000.0	6.0
29442	58884000.0	7.0
29443	58886000.0	0.0
29444	58888000.0	7.0
29445	58890000.0	5.0
29446	58892000.0	2.0
29447	58894000.0	1.0
29448	58896000.0	0.0
29449	58898000.0	6.0
29450	58900000.0	11.0
29451	58902000.0	7.0
29452	58904000.0	5.0
29453	58906000.0	2.0
29454	58908000.0	1.0
29455	58910000.0	7.0
29456	58912000.0	5.0
29457	58914000.0	2.0
29458	58916000.0	5.0
29459	58918000.0	9.0
29460	58920000.0	5.0
29461	58922000.0	2.0
29462	58924000.0	5.0
29463	58926000.0	5.0
29464	58928000.0	3.0
29465	58930000.0	0.0
29466	58932000.0	4.0
29467	58934000.0	2.0
29468	58936000.0	7.0
29469	58938000.0	6.0
29470	58940000.0	3.0
29471	58942000.0	4.0
29472	58944000.0	2.0
29473	58946000.0	2.0
29474	58948000.0	5.0
29475	58950000.0	7.0
29476	58952000.0	4.0
29477	58954000.0	2.0
29478	58956000.0	5.0
29479	58958000.0	5.0
29480	58960000.0	3.0
29481	58962000.0	5.0
29482	58964000.0	5.0
29483	58966000.0	4.0
29484	58968000.0	5.0
29485	58970000.0	5.0
29486	58972000.0	5.0
29487	58974000.0	5.0
29488	58976000.0	5.0
29489	58978000.0	3.0
29490	58980000.0	6.0
29491	58982000.0	3.0
29492	58984000.0	4.0
29493	58986000.0	5.0
29494	58988000.0	6.0
29495	58990000.0	1.0
29496	58992000.0	7.0
29497	58994000.0	6.0
29498	58996000.0	4.0
29499	58998000.0	1.0
29500	59000000.0	5.0
29501	59002000.0	2.0
29502	59004000.0	4.0
29503	59006000.0	7.0
29504	59008000.0	5.0
29505	59010000.0	0.0
29506	59012000.0	5.0
29507	59014000.0	3.0
29508	59016000.0	3.0
29509	59018000.0	5.0
29510	59020000.0	6.0
29511	59022000.0	3.0
29512	59024000.0	5.0
29513	59026000.0	4.0
29514	59028000.0	5.0
29515	59030000.0	4.0
29516	59032000.0	4.0
29517	59034000.0	1.0
29518	59036000.0	6.0
29519	59038000.0	5.0
29520	59040000.0	3.0
29521	59042000.0	5.0
29522	59044000.0	3.0
29523	59046000.0	6.0
29524	59048000.0	5.0
29525	59050000.0	5.0
29526	59052000.0	10.0
29527	59054000.0	4.0
29528	59056000.0	7.0
29529	59058000.0	5.0
29530	59060000.0	7.0
29531	59062000.0	3.0
29532	59064000.0	9.0
29533	59066000.0	4.0
29534	59068000.0	5.0
29535	59070000.0	3.0
29536	59072000.0	6.0
29537	59074000.0	3.0
29538	59076000.0	6.0
29539	59078000.0	6.0
29540	59080000.0	5.0
29541	59082000.0	6.0
29542	59084000.0	2.0
29543	59086000.0	7.0
29544	59088000.0	6.0
29545	59090000.0	5.0
29546	59092000.0	6.0
29547	59094000.0	5.0
29548	59096000.0	3.0
29549	59098000.0	4.0
29550	59100000.0	5.0
29551	59102000.0	2.0
29552	59104000.0	2.0
29553	59106000.0	2.0
29554	59108000.0	5.0
29555	59110000.0	2.0
29556	59112000.0	5.0
29557	59114000.0	5.0
29558	59116000.0	4.0
29559	59118000.0	5.0
29560	59120000.0	4.0
29561	59122000.0	3.0
29562	59124000.0	5.0
29563	59126000.0	8.0
29564	59128000.0	6.0
29565	59130000.0	9.0
29566	59132000.0	1.0
29567	59134000.0	3.0
29568	59136000.0	3.0
29569	59138000.0	2.0
29570	59140000.0	5.0
29571	59142000.0	2.0
29572	59144000.0	6.0
29573	59146000.0	1.0
29574	59148000.0	8.0
29575	59150000.0	2.0
29576	59152000.0	5.0
29577	59154000.0	5.0
29578	59156000.0	8.0
29579	59158000.0	4.0
29580	59160000.0	4.0
29581	59162000.0	8.0
29582	59164000.0	2.0
29583	59166000.0	5.0
29584	59168000.0	7.0
29585	59170000.0	9.0
29586	59172000.0	10.0
29587	59174000.0	1.0
29588	59176000.0	5.0
29589	59178000.0	5.0
29590	59180000.0	6.0
29591	59182000.0	11.0
29592	59184000.0	7.0
29593	59186000.0	5.0
29594	59188000.0	5.0
29595	59190000.0	1.0
29596	59192000.0	3.0
29597	59194000.0	6.0
29598	59196000.0	6.0
29599	59198000.0	5.0
29600	59200000.0	6.0
29601	59202000.0	7.0
29602	59204000.0	5.0
29603	59206000.0	4.0
29604	59208000.0	6.0
29605	59210000.0	5.0
29606	59212000.0	2.0
29607	59214000.0	3.0
29608	59216000.0	6.0
29609	59218000.0	9.0
29610	59220000.0	7.0
29611	59222000.0	6.0
29612	59224000.0	3.0
29613	59226000.0	2.0
29614	59228000.0	2.0
29615	59230000.0	7.0
29616	59232000.0	0.0
29617	59234000.0	3.0
29618	59236000.0	6.0
29619	59238000.0	4.0
29620	59240000.0	4.0
29621	59242000.0	8.0
29622	59244000.0	5.0
29623	59246000.0	7.0
29624	59248000.0	3.0
29625	59250000.0	4.0
29626	59252000.0	2.0
29627	59254000.0	7.0
29628	59256000.0	1.0
29629	59258000.0	3.0
29630	59260000.0	3.0
29631	59262000.0	8.0
29632	59264000.0	6.0
29633	59266000.0	2.0
29634	59268000.0	6.0
29635	59270000.0	4.0
29636	59272000.0	7.0
29637	59274000.0	3.0
29638	59276000.0	2.0
29639	59278000.0	4.0
29640	59280000.0	4.0
29641	59282000.0	6.0
29642	59284000.0	0.0
29643	59286000.0	2.0
29644	59288000.0	5.0
29645	59290000.0	3.0
29646	59292000.0	4.0
29647	59294000.0	5.0
29648	59296000.0	3.0
29649	59298000.0	4.0
29650	59300000.0	10.0
29651	59302000.0	5.0
29652	59304000.0	4.0
29653	59306000.0	7.0
29654	59308000.0	6.0
29655	59310000.0	5.0
29656	59312000.0	4.0
29657	59314000.0	4.0
29658	59316000.0	4.0
29659	59318000.0	4.0
29660	59320000.0	6.0
29661	59322000.0	5.0
29662	59324000.0	8.0
29663	59326000.0	8.0
29664	59328000.0	7.0
29665	59330000.0	5.0
29666	59332000.0	5.0
29667	59334000.0	4.0
29668	59336000.0	5.0
29669	59338000.0	8.0
29670	59340000.0	3.0
29671	59342000.0	4.0
29672	59344000.0	5.0
29673	59346000.0	4.0
29674	59348000.0	2.0
29675	59350000.0	4.0
29676	59352000.0	9.0
29677	59354000.0	4.0
29678	59356000.0	6.0
29679	59358000.0	6.0
29680	59360000.0	3.0
29681	59362000.0	4.0
29682	59364000.0	8.0
29683	59366000.0	4.0
29684	59368000.0	7.0
29685	59370000.0	5.0
29686	59372000.0	6.0
29687	59374000.0	3.0
29688	59376000.0	4.0
29689	59378000.0	6.0
29690	59380000.0	4.0
29691	59382000.0	7.0
29692	59384000.0	3.0
29693	59386000.0	6.0
29694	59388000.0	8.0
29695	59390000.0	9.0
29696	59392000.0	6.0
29697	59394000.0	10.0
29698	59396000.0	4.0
29699	59398000.0	5.0
29700	59400000.0	4.0
29701	59402000.0	4.0
29702	59404000.0	6.0
29703	59406000.0	3.0
29704	59408000.0	6.0
29705	59410000.0	7.0
29706	59412000.0	5.0
29707	59414000.0	7.0
29708	59416000.0	5.0
29709	59418000.0	7.0
29710	59420000.0	2.0
29711	59422000.0	9.0
29712	59424000.0	10.0
29713	59426000.0	3.0
29714	59428000.0	4.0
29715	59430000.0	2.0
29716	59432000.0	5.0
29717	59434000.0	2.0
29718	59436000.0	8.0
29719	59438000.0	8.0
29720	59440000.0	5.0
29721	59442000.0	3.0
29722	59444000.0	3.0
29723	59446000.0	4.0
29724	59448000.0	3.0
29725	59450000.0	6.0
29726	59452000.0	4.0
29727	59454000.0	2.0
29728	59456000.0	4.0
29729	59458000.0	5.0
29730	59460000.0	2.0
29731	59462000.0	8.0
29732	59464000.0	4.0
29733	59466000.0	6.0
29734	59468000.0	3.0
29735	59470000.0	6.0
29736	59472000.0	5.0
29737	59474000.0	6.0
29738	59476000.0	5.0
29739	59478000.0	4.0
29740	59480000.0	6.0
29741	59482000.0	6.0
29742	59484000.0	7.0
29743	59486000.0	6.0
29744	59488000.0	2.0
29745	59490000.0	7.0
29746	59492000.0	5.0
29747	59494000.0	6.0
29748	59496000.0	6.0
29749	59498000.0	2.0
29750	59500000.0	3.0
29751	59502000.0	0.0
29752	59504000.0	7.0
29753	59506000.0	4.0
29754	59508000.0	8.0
29755	59510000.0	6.0
29756	59512000.0	3.0
29757	59514000.0	6.0
29758	59516000.0	3.0
29759	59518000.0	2.0
29760	59520000.0	7.0
29761	59522000.0	7.0
29762	59524000.0	6.0
29763	59526000.0	2.0
29764	59528000.0	7.0
29765	59530000.0	5.0
29766	59532000.0	5.0
29767	59534000.0	5.0
29768	59536000.0	7.0
29769	59538000.0	4.0
29770	59540000.0	2.0
29771	59542000.0	1.0
29772	59544000.0	4.0
29773	59546000.0	6.0
29774	59548000.0	10.0
29775	59550000.0	3.0
29776	59552000.0	4.0
29777	59554000.0	10.0
29778	59556000.0	9.0
29779	59558000.0	5.0
29780	59560000.0	3.0
29781	59562000.0	3.0
29782	59564000.0	5.0
29783	59566000.0	11.0
29784	59568000.0	4.0
29785	59570000.0	2.0
29786	59572000.0	3.0
29787	59574000.0	4.0
29788	59576000.0	4.0
29789	59578000.0	4.0
29790	59580000.0	6.0
29791	59582000.0	4.0
29792	59584000.0	7.0
29793	59586000.0	4.0
29794	59588000.0	5.0
29795	59590000.0	5.0
29796	59592000.0	3.0
29797	59594000.0	5.0
29798	59596000.0	6.0
29799	59598000.0	3.0
29800	59600000.0	2.0
29801	59602000.0	6.0
29802	59604000.0	5.0
29803	59606000.0	3.0
29804	59608000.0	3.0
29805	59610000.0	4.0
29806	59612000.0	4.0
29807	59614000.0	4.0
29808	59616000.0	3.0
29809	59618000.0	6.0
29810	59620000.0	4.0
29811	59622000.0	7.0
29812	59624000.0	7.0
29813	59626000.0	2.0
29814	59628000.0	2.0
29815	59630000.0	8.0
29816	59632000.0	5.0
29817	59634000.0	3.0
29818	59636000.0	3.0
29819	59638000.0	5.0
29820	59640000.0	3.0
29821	59642000.0	10.0
29822	59644000.0	4.0
29823	59646000.0	6.0
29824	59648000.0	4.0
29825	59650000.0	8.0
29826	59652000.0	1.0
29827	59654000.0	4.0
29828	59656000.0	5.0
29829	59658000.0	6.0
29830	59660000.0	3.0
29831	59662000.0	3.0
29832	59664000.0	4.0
29833	59666000.0	9.0
29834	59668000.0	4.0
29835	59670000.0	3.0
29836	59672000.0	6.0
29837	59674000.0	4.0
29838	59676000.0	7.0
29839	59678000.0	2.0
29840	59680000.0	4.0
29841	59682000.0	7.0
29842	59684000.0	4.0
29843	59686000.0	5.0
29844	59688000.0	5.0
29845	59690000.0	6.0
29846	59692000.0	6.0
29847	59694000.0	4.0
29848	59696000.0	5.0
29849	59698000.0	2.0
29850	59700000.0	5.0
29851	59702000.0	2.0
29852	59704000.0	4.0
29853	59706000.0	3.0
29854	59708000.0	3.0
29855	59710000.0	4.0
29856	59712000.0	7.0
29857	59714000.0	5.0
29858	59716000.0	2.0
29859	59718000.0	5.0
29860	59720000.0	6.0
29861	59722000.0	2.0
29862	59724000.0	1.0
29863	59726000.0	6.0
29864	59728000.0	5.0
29865	59730000.0	4.0
29866	59732000.0	5.0
29867	59734000.0	5.0
29868	59736000.0	9.0
29869	59738000.0	5.0
29870	59740000.0	6.0
29871	59742000.0	5.0
29872	59744000.0	3.0
29873	59746000.0	4.0
29874	59748000.0	4.0
29875	59750000.0	6.0
29876	59752000.0	5.0
29877	59754000.0	3.0
29878	59756000.0	7.0
29879	59758000.0	4.0
29880	59760000.0	4.0
29881	59762000.0	8.0
29882	59764000.0	5.0
29883	59766000.0	3.0
29884	59768000.0	5.0
29885	59770000.0	1.0
29886	59772000.0	5.0
29887	59774000.0	3.0
29888	59776000.0	1.0
29889	59778000.0	6.0
29890	59780000.0	7.0
29891	59782000.0	2.0
29892	59784000.0	0.0
29893	59786000.0	8.0
29894	59788000.0	4.0
29895	59790000.0	5.0
29896	59792000.0	4.0
29897	59794000.0	5.0
29898	59796000.0	4.0
29899	59798000.0	8.0
29900	59800000.0	6.0
29901	59802000.0	4.0
29902	59804000.0	8.0
29903	59806000.0	9.0
29904	59808000.0	2.0
29905	59810000.0	6.0
29906	59812000.0	2.0
29907	59814000.0	2.0
29908	59816000.0	4.0
29909	59818000.0	3.0
29910	59820000.0	4.0
29911	59822000.0	4.0
29912	59824000.0	4.0
29913	59826000.0	1.0
29914	59828000.0	8.0
29915	59830000.0	4.0
29916	59832000.0	5.0
29917	59834000.0	7.0
29918	59836000.0	6.0
29919	59838000.0	0.0
29920	59840000.0	2.0
29921	59842000.0	5.0
29922	59844000.0	5.0
29923	59846000.0	2.0
29924	59848000.0	6.0
29925	59850000.0	10.0
29926	59852000.0	3.0
29927	59854000.0	3.0
29928	59856000.0	4.0
29929	59858000.0	7.0
29930	59860000.0	4.0
29931	59862000.0	2.0
29932	59864000.0	6.0
29933	59866000.0	6.0
29934	59868000.0	7.0
29935	59870000.0	3.0
29936	59872000.0	4.0
29937	59874000.0	7.0
29938	59876000.0	6.0
29939	59878000.0	4.0
29940	59880000.0	7.0
29941	59882000.0	5.0
29942	59884000.0	2.0
29943	59886000.0	4.0
29944	59888000.0	3.0
29945	59890000.0	1.0
29946	59892000.0	2.0
29947	59894000.0	2.0
29948	59896000.0	2.0
29949	59898000.0	8.0
29950	59900000.0	5.0
29951	59902000.0	10.0
29952	59904000.0	3.0
29953	59906000.0	3.0
29954	59908000.0	6.0
29955	59910000.0	3.0
29956	59912000.0	7.0
29957	59914000.0	8.0
29958	59916000.0	2.0
29959	59918000.0	4.0
29960	59920000.0	8.0
29961	59922000.0	7.0
29962	59924000.0	7.0
29963	59926000.0	6.0
29964	59928000.0	3.0
29965	59930000.0	2.0
29966	59932000.0	8.0
29967	59934000.0	5.0
29968	59936000.0	5.0
29969	59938000.0	2.0
29970	59940000.0	5.0
29971	59942000.0	2.0
29972	59944000.0	9.0
29973	59946000.0	5.0
29974	59948000.0	2.0
29975	59950000.0	5.0
29976	59952000.0	5.0
29977	59954000.0	3.0
29978	59956000.0	7.0
29979	59958000.0	3.0
29980	59960000.0	2.0
29981	59962000.0	0.0
29982	59964000.0	3.0
29983	59966000.0	4.0
29984	59968000.0	1.0
29985	59970000.0	1.0
29986	59972000.0	5.0
29987	59974000.0	3.0
29988	59976000.0	1.0
29989	59978000.0	4.0
29990	59980000.0	3.0
29991	59982000.0	2.0
29992	59984000.0	4.0
29993	59986000.0	4.0
29994	59988000.0	2.0
29995	59990000.0	7.0
29996	59992000.0	1.0
29997	59994000.0	3.0
29998	59996000.0	4.0
29999	59998000.0	4.0
30000	60000000.0	5.0
30001	60002000.0	4.0
30002	60004000.0	5.0
30003	60006000.0	8.0
30004	60008000.0	5.0
30005	60010000.0	6.0
30006	60012000.0	2.0
30007	60014000.0	2.0
30008	60016000.0	7.0
30009	60018000.0	4.0
30010	60020000.0	5.0
30011	60022000.0	6.0
30012	60024000.0	4.0
30013	60026000.0	3.0
30014	60028000.0	12.0
30015	60030000.0	6.0
30016	60032000.0	2.0
30017	60034000.0	8.0
30018	60036000.0	5.0
30019	60038000.0	5.0
30020	60040000.0	5.0
30021	60042000.0	8.0
30022	60044000.0	3.0
30023	60046000.0	9.0
30024	60048000.0	4.0
30025	60050000.0	4.0
30026	60052000.0	8.0
30027	60054000.0	7.0
30028	60056000.0	4.0
30029	60058000.0	5.0
30030	60060000.0	5.0
30031	60062000.0	4.0
30032	60064000.0	9.0
30033	60066000.0	4.0
30034	60068000.0	4.0
30035	60070000.0	3.0
30036	60072000.0	2.0
30037	60074000.0	3.0
30038	60076000.0	4.0
30039	60078000.0	4.0
30040	60080000.0	3.0
30041	60082000.0	3.0
30042	60084000.0	6.0
30043	60086000.0	5.0
30044	60088000.0	3.0
30045	60090000.0	1.0
30046	60092000.0	9.0
30047	60094000.0	4.0
30048	60096000.0	2.0
30049	60098000.0	6.0
30050	60100000.0	1.0
30051	60102000.0	3.0
30052	60104000.0	4.0
30053	60106000.0	4.0
30054	60108000.0	4.0
30055	60110000.0	3.0
30056	60112000.0	2.0
30057	60114000.0	6.0
30058	60116000.0	8.0
30059	60118000.0	5.0
30060	60120000.0	3.0
30061	60122000.0	7.0
30062	60124000.0	4.0
30063	60126000.0	4.0
30064	60128000.0	6.0
30065	60130000.0	5.0
30066	60132000.0	8.0
30067	60134000.0	6.0
30068	60136000.0	6.0
30069	60138000.0	4.0
30070	60140000.0	5.0
30071	60142000.0	7.0
30072	60144000.0	4.0
30073	60146000.0	2.0
30074	60148000.0	5.0
30075	60150000.0	3.0
30076	60152000.0	4.0
30077	60154000.0	3.0
30078	60156000.0	6.0
30079	60158000.0	5.0
30080	60160000.0	2.0
30081	60162000.0	4.0
30082	60164000.0	9.0
30083	60166000.0	9.0
30084	60168000.0	6.0
30085	60170000.0	2.0
30086	60172000.0	4.0
30087	60174000.0	7.0
30088	60176000.0	5.0
30089	60178000.0	4.0
30090	60180000.0	4.0
30091	60182000.0	5.0
30092	60184000.0	4.0
30093	60186000.0	3.0
30094	60188000.0	4.0
30095	60190000.0	3.0
30096	60192000.0	5.0
30097	60194000.0	5.0
30098	60196000.0	3.0
30099	60198000.0	6.0
30100	60200000.0	1.0
30101	60202000.0	7.0
30102	60204000.0	5.0
30103	60206000.0	4.0
30104	60208000.0	6.0
30105	60210000.0	4.0
30106	60212000.0	11.0
30107	60214000.0	3.0
30108	60216000.0	8.0
30109	60218000.0	2.0
30110	60220000.0	5.0
30111	60222000.0	4.0
30112	60224000.0	6.0
30113	60226000.0	2.0
30114	60228000.0	4.0
30115	60230000.0	5.0
30116	60232000.0	6.0
30117	60234000.0	6.0
30118	60236000.0	6.0
30119	60238000.0	6.0
30120	60240000.0	7.0
30121	60242000.0	2.0
30122	60244000.0	5.0
30123	60246000.0	1.0
30124	60248000.0	4.0
30125	60250000.0	4.0
30126	60252000.0	7.0
30127	60254000.0	5.0
30128	60256000.0	4.0
30129	60258000.0	8.0
30130	60260000.0	2.0
30131	60262000.0	1.0
30132	60264000.0	9.0
30133	60266000.0	6.0
30134	60268000.0	7.0
30135	60270000.0	4.0
30136	60272000.0	6.0
30137	60274000.0	6.0
30138	60276000.0	7.0
30139	60278000.0	3.0
30140	60280000.0	4.0
30141	60282000.0	6.0
30142	60284000.0	7.0
30143	60286000.0	4.0
30144	60288000.0	6.0
30145	60290000.0	7.0
30146	60292000.0	2.0
30147	60294000.0	5.0
30148	60296000.0	3.0
30149	60298000.0	2.0
30150	60300000.0	6.0
30151	60302000.0	3.0
30152	60304000.0	4.0
30153	60306000.0	5.0
30154	60308000.0	7.0
30155	60310000.0	3.0
30156	60312000.0	7.0
30157	60314000.0	4.0
30158	60316000.0	4.0
30159	60318000.0	9.0
30160	60320000.0	4.0
30161	60322000.0	4.0
30162	60324000.0	8.0
30163	60326000.0	3.0
30164	60328000.0	4.0
30165	60330000.0	4.0
30166	60332000.0	1.0
30167	60334000.0	6.0
30168	60336000.0	3.0
30169	60338000.0	6.0
30170	60340000.0	1.0
30171	60342000.0	1.0
30172	60344000.0	5.0
30173	60346000.0	2.0
30174	60348000.0	4.0
30175	60350000.0	5.0
30176	60352000.0	3.0
30177	60354000.0	3.0
30178	60356000.0	0.0
30179	60358000.0	4.0
30180	60360000.0	6.0
30181	60362000.0	9.0
30182	60364000.0	6.0
30183	60366000.0	5.0
30184	60368000.0	2.0
30185	60370000.0	2.0
30186	60372000.0	5.0
30187	60374000.0	5.0
30188	60376000.0	6.0
30189	60378000.0	6.0
30190	60380000.0	1.0
30191	60382000.0	3.0
30192	60384000.0	3.0
30193	60386000.0	5.0
30194	60388000.0	8.0
30195	60390000.0	4.0
30196	60392000.0	3.0
30197	60394000.0	8.0
30198	60396000.0	4.0
30199	60398000.0	5.0
30200	60400000.0	5.0
30201	60402000.0	4.0
30202	60404000.0	5.0
30203	60406000.0	6.0
30204	60408000.0	2.0
30205	60410000.0	4.0
30206	60412000.0	3.0
30207	60414000.0	9.0
30208	60416000.0	2.0
30209	60418000.0	5.0
30210	60420000.0	4.0
30211	60422000.0	7.0
30212	60424000.0	3.0
30213	60426000.0	2.0
30214	60428000.0	4.0
30215	60430000.0	4.0
30216	60432000.0	4.0
30217	60434000.0	7.0
30218	60436000.0	7.0
30219	60438000.0	5.0
30220	60440000.0	3.0
30221	60442000.0	3.0
30222	60444000.0	2.0
30223	60446000.0	6.0
30224	60448000.0	6.0
30225	60450000.0	2.0
30226	60452000.0	8.0
30227	60454000.0	3.0
30228	60456000.0	2.0
30229	60458000.0	9.0
30230	60460000.0	4.0
30231	60462000.0	4.0
30232	60464000.0	7.0
30233	60466000.0	6.0
30234	60468000.0	5.0
30235	60470000.0	6.0
30236	60472000.0	4.0
30237	60474000.0	2.0
30238	60476000.0	9.0
30239	60478000.0	3.0
30240	60480000.0	2.0
30241	60482000.0	4.0
30242	60484000.0	3.0
30243	60486000.0	5.0
30244	60488000.0	4.0
30245	60490000.0	5.0
30246	60492000.0	6.0
30247	60494000.0	10.0
30248	60496000.0	4.0
30249	60498000.0	6.0
30250	60500000.0	1.0
30251	60502000.0	8.0
30252	60504000.0	4.0
30253	60506000.0	6.0
30254	60508000.0	2.0
30255	60510000.0	7.0
30256	60512000.0	4.0
30257	60514000.0	3.0
30258	60516000.0	4.0
30259	60518000.0	2.0
30260	60520000.0	9.0
30261	60522000.0	6.0
30262	60524000.0	2.0
30263	60526000.0	5.0
30264	60528000.0	5.0
30265	60530000.0	4.0
30266	60532000.0	6.0
30267	60534000.0	4.0
30268	60536000.0	7.0
30269	60538000.0	8.0
30270	60540000.0	7.0
30271	60542000.0	6.0
30272	60544000.0	3.0
30273	60546000.0	6.0
30274	60548000.0	2.0
30275	60550000.0	5.0
30276	60552000.0	0.0
30277	60554000.0	3.0
30278	60556000.0	6.0
30279	60558000.0	8.0
30280	60560000.0	6.0
30281	60562000.0	6.0
30282	60564000.0	3.0
30283	60566000.0	4.0
30284	60568000.0	6.0
30285	60570000.0	3.0
30286	60572000.0	3.0
30287	60574000.0	9.0
30288	60576000.0	6.0
30289	60578000.0	7.0
30290	60580000.0	5.0
30291	60582000.0	6.0
30292	60584000.0	6.0
30293	60586000.0	3.0
30294	60588000.0	3.0
30295	60590000.0	2.0
30296	60592000.0	5.0
30297	60594000.0	1.0
30298	60596000.0	7.0
30299	60598000.0	5.0
30300	60600000.0	9.0
30301	60602000.0	5.0
30302	60604000.0	3.0
30303	60606000.0	6.0
30304	60608000.0	4.0
30305	60610000.0	4.0
30306	60612000.0	4.0
30307	60614000.0	3.0
30308	60616000.0	6.0
30309	60618000.0	1.0
30310	60620000.0	5.0
30311	60622000.0	5.0
30312	60624000.0	5.0
30313	60626000.0	4.0
30314	60628000.0	2.0
30315	60630000.0	0.0
30316	60632000.0	2.0
30317	60634000.0	5.0
30318	60636000.0	5.0
30319	60638000.0	8.0
30320	60640000.0	3.0
30321	60642000.0	5.0
30322	60644000.0	7.0
30323	60646000.0	5.0
30324	60648000.0	5.0
30325	60650000.0	7.0
30326	60652000.0	4.0
30327	60654000.0	5.0
30328	60656000.0	5.0
30329	60658000.0	8.0
30330	60660000.0	8.0
30331	60662000.0	7.0
30332	60664000.0	4.0
30333	60666000.0	1.0
30334	60668000.0	4.0
30335	60670000.0	4.0
30336	60672000.0	3.0
30337	60674000.0	7.0
30338	60676000.0	4.0
30339	60678000.0	4.0
30340	60680000.0	5.0
30341	60682000.0	5.0
30342	60684000.0	4.0
30343	60686000.0	5.0
30344	60688000.0	6.0
30345	60690000.0	5.0
30346	60692000.0	4.0
30347	60694000.0	4.0
30348	60696000.0	4.0
30349	60698000.0	4.0
30350	60700000.0	9.0
30351	60702000.0	5.0
30352	60704000.0	1.0
30353	60706000.0	6.0
30354	60708000.0	6.0
30355	60710000.0	4.0
30356	60712000.0	6.0
30357	60714000.0	3.0
30358	60716000.0	5.0
30359	60718000.0	6.0
30360	60720000.0	6.0
30361	60722000.0	5.0
30362	60724000.0	5.0
30363	60726000.0	1.0
30364	60728000.0	7.0
30365	60730000.0	3.0
30366	60732000.0	11.0
30367	60734000.0	3.0
30368	60736000.0	5.0
30369	60738000.0	2.0
30370	60740000.0	8.0
30371	60742000.0	7.0
30372	60744000.0	6.0
30373	60746000.0	6.0
30374	60748000.0	7.0
30375	60750000.0	4.0
30376	60752000.0	5.0
30377	60754000.0	3.0
30378	60756000.0	2.0
30379	60758000.0	4.0
30380	60760000.0	8.0
30381	60762000.0	4.0
30382	60764000.0	2.0
30383	60766000.0	4.0
30384	60768000.0	3.0
30385	60770000.0	5.0
30386	60772000.0	12.0
30387	60774000.0	3.0
30388	60776000.0	6.0
30389	60778000.0	4.0
30390	60780000.0	2.0
30391	60782000.0	5.0
30392	60784000.0	7.0
30393	60786000.0	3.0
30394	60788000.0	3.0
30395	60790000.0	2.0
30396	60792000.0	10.0
30397	60794000.0	4.0
30398	60796000.0	7.0
30399	60798000.0	8.0
30400	60800000.0	8.0
30401	60802000.0	6.0
30402	60804000.0	2.0
30403	60806000.0	4.0
30404	60808000.0	5.0
30405	60810000.0	3.0
30406	60812000.0	5.0
30407	60814000.0	6.0
30408	60816000.0	0.0
30409	60818000.0	1.0
30410	60820000.0	5.0
30411	60822000.0	3.0
30412	60824000.0	2.0
30413	60826000.0	5.0
30414	60828000.0	4.0
30415	60830000.0	4.0
30416	60832000.0	2.0
30417	60834000.0	9.0
30418	60836000.0	5.0
30419	60838000.0	7.0
30420	60840000.0	4.0
30421	60842000.0	5.0
30422	60844000.0	4.0
30423	60846000.0	4.0
30424	60848000.0	6.0
30425	60850000.0	7.0
30426	60852000.0	3.0
30427	60854000.0	3.0
30428	60856000.0	2.0
30429	60858000.0	0.0
30430	60860000.0	0.0
30431	60862000.0	8.0
30432	60864000.0	5.0
30433	60866000.0	2.0
30434	60868000.0	3.0
30435	60870000.0	8.0
30436	60872000.0	7.0
30437	60874000.0	4.0
30438	60876000.0	3.0
30439	60878000.0	4.0
30440	60880000.0	4.0
30441	60882000.0	4.0
30442	60884000.0	8.0
30443	60886000.0	4.0
30444	60888000.0	5.0
30445	60890000.0	5.0
30446	60892000.0	5.0
30447	60894000.0	5.0
30448	60896000.0	4.0
30449	60898000.0	6.0
30450	60900000.0	5.0
30451	60902000.0	4.0
30452	60904000.0	8.0
30453	60906000.0	3.0
30454	60908000.0	1.0
30455	60910000.0	4.0
30456	60912000.0	7.0
30457	60914000.0	9.0
30458	60916000.0	6.0
30459	60918000.0	5.0
30460	60920000.0	4.0
30461	60922000.0	1.0
30462	60924000.0	5.0
30463	60926000.0	5.0
30464	60928000.0	4.0
30465	60930000.0	7.0
30466	60932000.0	8.0
30467	60934000.0	5.0
30468	60936000.0	6.0
30469	60938000.0	3.0
30470	60940000.0	5.0
30471	60942000.0	2.0
30472	60944000.0	3.0
30473	60946000.0	3.0
30474	60948000.0	6.0
30475	60950000.0	9.0
30476	60952000.0	2.0
30477	60954000.0	3.0
30478	60956000.0	4.0
30479	60958000.0	4.0
30480	60960000.0	4.0
30481	60962000.0	5.0
30482	60964000.0	2.0
30483	60966000.0	3.0
30484	60968000.0	5.0
30485	60970000.0	6.0
30486	60972000.0	0.0
30487	60974000.0	8.0
30488	60976000.0	5.0
30489	60978000.0	5.0
30490	60980000.0	7.0
30491	60982000.0	4.0
30492	60984000.0	4.0
30493	60986000.0	7.0
30494	60988000.0	4.0
30495	60990000.0	2.0
30496	60992000.0	3.0
30497	60994000.0	5.0
30498	60996000.0	6.0
30499	60998000.0	3.0
30500	61000000.0	3.0
30501	61002000.0	4.0
30502	61004000.0	4.0
30503	61006000.0	2.0
30504	61008000.0	2.0
30505	61010000.0	5.0
30506	61012000.0	5.0
30507	61014000.0	5.0
30508	61016000.0	4.0
30509	61018000.0	3.0
30510	61020000.0	3.0
30511	61022000.0	6.0
30512	61024000.0	4.0
30513	61026000.0	4.0
30514	61028000.0	7.0
30515	61030000.0	4.0
30516	61032000.0	8.0
30517	61034000.0	9.0
30518	61036000.0	7.0
30519	61038000.0	7.0
30520	61040000.0	4.0
30521	61042000.0	4.0
30522	61044000.0	1.0
30523	61046000.0	4.0
30524	61048000.0	2.0
30525	61050000.0	4.0
30526	61052000.0	3.0
30527	61054000.0	4.0
30528	61056000.0	2.0
30529	61058000.0	6.0
30530	61060000.0	4.0
30531	61062000.0	8.0
30532	61064000.0	2.0
30533	61066000.0	7.0
30534	61068000.0	9.0
30535	61070000.0	2.0
30536	61072000.0	9.0
30537	61074000.0	2.0
30538	61076000.0	8.0
30539	61078000.0	6.0
30540	61080000.0	3.0
30541	61082000.0	7.0
30542	61084000.0	10.0
30543	61086000.0	5.0
30544	61088000.0	8.0
30545	61090000.0	4.0
30546	61092000.0	4.0
30547	61094000.0	2.0
30548	61096000.0	2.0
30549	61098000.0	9.0
30550	61100000.0	5.0
30551	61102000.0	7.0
30552	61104000.0	3.0
30553	61106000.0	5.0
30554	61108000.0	4.0
30555	61110000.0	2.0
30556	61112000.0	7.0
30557	61114000.0	8.0
30558	61116000.0	4.0
30559	61118000.0	5.0
30560	61120000.0	8.0
30561	61122000.0	3.0
30562	61124000.0	4.0
30563	61126000.0	4.0
30564	61128000.0	4.0
30565	61130000.0	4.0
30566	61132000.0	6.0
30567	61134000.0	5.0
30568	61136000.0	3.0
30569	61138000.0	4.0
30570	61140000.0	5.0
30571	61142000.0	3.0
30572	61144000.0	4.0
30573	61146000.0	9.0
30574	61148000.0	4.0
30575	61150000.0	2.0
30576	61152000.0	5.0
30577	61154000.0	7.0
30578	61156000.0	6.0
30579	61158000.0	6.0
30580	61160000.0	5.0
30581	61162000.0	4.0
30582	61164000.0	6.0
30583	61166000.0	2.0
30584	61168000.0	5.0
30585	61170000.0	5.0
30586	61172000.0	4.0
30587	61174000.0	9.0
30588	61176000.0	3.0
30589	61178000.0	3.0
30590	61180000.0	5.0
30591	61182000.0	6.0
30592	61184000.0	5.0
30593	61186000.0	1.0
30594	61188000.0	4.0
30595	61190000.0	1.0
30596	61192000.0	6.0
30597	61194000.0	4.0
30598	61196000.0	5.0
30599	61198000.0	5.0
30600	61200000.0	1.0
30601	61202000.0	7.0
30602	61204000.0	3.0
30603	61206000.0	3.0
30604	61208000.0	7.0
30605	61210000.0	6.0
30606	61212000.0	2.0
30607	61214000.0	12.0
30608	61216000.0	4.0
30609	61218000.0	9.0
30610	61220000.0	2.0
30611	61222000.0	3.0
30612	61224000.0	6.0
30613	61226000.0	7.0
30614	61228000.0	4.0
30615	61230000.0	3.0
30616	61232000.0	4.0
30617	61234000.0	4.0
30618	61236000.0	1.0
30619	61238000.0	5.0
30620	61240000.0	4.0
30621	61242000.0	5.0
30622	61244000.0	7.0
30623	61246000.0	4.0
30624	61248000.0	4.0
30625	61250000.0	0.0
30626	61252000.0	3.0
30627	61254000.0	4.0
30628	61256000.0	6.0
30629	61258000.0	7.0
30630	61260000.0	4.0
30631	61262000.0	1.0
30632	61264000.0	2.0
30633	61266000.0	4.0
30634	61268000.0	2.0
30635	61270000.0	7.0
30636	61272000.0	5.0
30637	61274000.0	7.0
30638	61276000.0	3.0
30639	61278000.0	7.0
30640	61280000.0	2.0
30641	61282000.0	8.0
30642	61284000.0	1.0
30643	61286000.0	3.0
30644	61288000.0	2.0
30645	61290000.0	3.0
30646	61292000.0	3.0
30647	61294000.0	5.0
30648	61296000.0	10.0
30649	61298000.0	4.0
30650	61300000.0	10.0
30651	61302000.0	3.0
30652	61304000.0	7.0
30653	61306000.0	1.0
30654	61308000.0	5.0
30655	61310000.0	5.0
30656	61312000.0	9.0
30657	61314000.0	2.0
30658	61316000.0	3.0
30659	61318000.0	5.0
30660	61320000.0	7.0
30661	61322000.0	5.0
30662	61324000.0	3.0
30663	61326000.0	1.0
30664	61328000.0	6.0
30665	61330000.0	4.0
30666	61332000.0	4.0
30667	61334000.0	3.0
30668	61336000.0	4.0
30669	61338000.0	4.0
30670	61340000.0	8.0
30671	61342000.0	3.0
30672	61344000.0	5.0
30673	61346000.0	4.0
30674	61348000.0	8.0
30675	61350000.0	6.0
30676	61352000.0	5.0
30677	61354000.0	2.0
30678	61356000.0	3.0
30679	61358000.0	4.0
30680	61360000.0	5.0
30681	61362000.0	8.0
30682	61364000.0	3.0
30683	61366000.0	3.0
30684	61368000.0	4.0
30685	61370000.0	2.0
30686	61372000.0	5.0
30687	61374000.0	3.0
30688	61376000.0	3.0
30689	61378000.0	6.0
30690	61380000.0	2.0
30691	61382000.0	2.0
30692	61384000.0	1.0
30693	61386000.0	3.0
30694	61388000.0	7.0
30695	61390000.0	5.0
30696	61392000.0	4.0
30697	61394000.0	5.0
30698	61396000.0	7.0
30699	61398000.0	2.0
30700	61400000.0	5.0
30701	61402000.0	3.0
30702	61404000.0	5.0
30703	61406000.0	5.0
30704	61408000.0	3.0
30705	61410000.0	5.0
30706	61412000.0	3.0
30707	61414000.0	4.0
30708	61416000.0	3.0
30709	61418000.0	2.0
30710	61420000.0	3.0
30711	61422000.0	4.0
30712	61424000.0	2.0
30713	61426000.0	6.0
30714	61428000.0	9.0
30715	61430000.0	4.0
30716	61432000.0	4.0
30717	61434000.0	4.0
30718	61436000.0	6.0
30719	61438000.0	8.0
30720	61440000.0	9.0
30721	61442000.0	4.0
30722	61444000.0	2.0
30723	61446000.0	10.0
30724	61448000.0	7.0
30725	61450000.0	9.0
30726	61452000.0	8.0
30727	61454000.0	5.0
30728	61456000.0	1.0
30729	61458000.0	1.0
30730	61460000.0	4.0
30731	61462000.0	4.0
30732	61464000.0	3.0
30733	61466000.0	1.0
30734	61468000.0	5.0
30735	61470000.0	5.0
30736	61472000.0	6.0
30737	61474000.0	4.0
30738	61476000.0	3.0
30739	61478000.0	5.0
30740	61480000.0	2.0
30741	61482000.0	2.0
30742	61484000.0	3.0
30743	61486000.0	5.0
30744	61488000.0	4.0
30745	61490000.0	5.0
30746	61492000.0	8.0
30747	61494000.0	3.0
30748	61496000.0	9.0
30749	61498000.0	3.0
30750	61500000.0	4.0
30751	61502000.0	7.0
30752	61504000.0	0.0
30753	61506000.0	4.0
30754	61508000.0	3.0
30755	61510000.0	3.0
30756	61512000.0	5.0
30757	61514000.0	5.0
30758	61516000.0	5.0
30759	61518000.0	3.0
30760	61520000.0	3.0
30761	61522000.0	6.0
30762	61524000.0	0.0
30763	61526000.0	2.0
30764	61528000.0	6.0
30765	61530000.0	8.0
30766	61532000.0	3.0
30767	61534000.0	7.0
30768	61536000.0	3.0
30769	61538000.0	6.0
30770	61540000.0	9.0
30771	61542000.0	4.0
30772	61544000.0	2.0
30773	61546000.0	5.0
30774	61548000.0	6.0
30775	61550000.0	8.0
30776	61552000.0	5.0
30777	61554000.0	7.0
30778	61556000.0	2.0
30779	61558000.0	2.0
30780	61560000.0	5.0
30781	61562000.0	5.0
30782	61564000.0	5.0
30783	61566000.0	3.0
30784	61568000.0	3.0
30785	61570000.0	3.0
30786	61572000.0	3.0
30787	61574000.0	4.0
30788	61576000.0	4.0
30789	61578000.0	10.0
30790	61580000.0	9.0
30791	61582000.0	3.0
30792	61584000.0	2.0
30793	61586000.0	3.0
30794	61588000.0	4.0
30795	61590000.0	8.0
30796	61592000.0	3.0
30797	61594000.0	2.0
30798	61596000.0	8.0
30799	61598000.0	4.0
30800	61600000.0	4.0
30801	61602000.0	3.0
30802	61604000.0	6.0
30803	61606000.0	6.0
30804	61608000.0	8.0
30805	61610000.0	1.0
30806	61612000.0	8.0
30807	61614000.0	4.0
30808	61616000.0	4.0
30809	61618000.0	3.0
30810	61620000.0	3.0
30811	61622000.0	4.0
30812	61624000.0	6.0
30813	61626000.0	6.0
30814	61628000.0	2.0
30815	61630000.0	5.0
30816	61632000.0	5.0
30817	61634000.0	2.0
30818	61636000.0	4.0
30819	61638000.0	3.0
30820	61640000.0	6.0
30821	61642000.0	2.0
30822	61644000.0	1.0
30823	61646000.0	2.0
30824	61648000.0	10.0
30825	61650000.0	3.0
30826	61652000.0	2.0
30827	61654000.0	7.0
30828	61656000.0	2.0
30829	61658000.0	0.0
30830	61660000.0	3.0
30831	61662000.0	2.0
30832	61664000.0	6.0
30833	61666000.0	4.0
30834	61668000.0	3.0
30835	61670000.0	7.0
30836	61672000.0	7.0
30837	61674000.0	4.0
30838	61676000.0	4.0
30839	61678000.0	3.0
30840	61680000.0	8.0
30841	61682000.0	3.0
30842	61684000.0	6.0
30843	61686000.0	6.0
30844	61688000.0	4.0
30845	61690000.0	3.0
30846	61692000.0	6.0
30847	61694000.0	5.0
30848	61696000.0	2.0
30849	61698000.0	4.0
30850	61700000.0	5.0
30851	61702000.0	3.0
30852	61704000.0	8.0
30853	61706000.0	1.0
30854	61708000.0	3.0
30855	61710000.0	3.0
30856	61712000.0	5.0
30857	61714000.0	4.0
30858	61716000.0	3.0
30859	61718000.0	3.0
30860	61720000.0	5.0
30861	61722000.0	7.0
30862	61724000.0	4.0
30863	61726000.0	3.0
30864	61728000.0	4.0
30865	61730000.0	3.0
30866	61732000.0	3.0
30867	61734000.0	7.0
30868	61736000.0	5.0
30869	61738000.0	6.0
30870	61740000.0	4.0
30871	61742000.0	4.0
30872	61744000.0	4.0
30873	61746000.0	2.0
30874	61748000.0	1.0
30875	61750000.0	4.0
30876	61752000.0	6.0
30877	61754000.0	3.0
30878	61756000.0	6.0
30879	61758000.0	3.0
30880	61760000.0	2.0
30881	61762000.0	3.0
30882	61764000.0	4.0
30883	61766000.0	6.0
30884	61768000.0	5.0
30885	61770000.0	2.0
30886	61772000.0	3.0
30887	61774000.0	4.0
30888	61776000.0	1.0
30889	61778000.0	7.0
30890	61780000.0	5.0
30891	61782000.0	2.0
30892	61784000.0	3.0
30893	61786000.0	4.0
30894	61788000.0	5.0
30895	61790000.0	3.0
30896	61792000.0	2.0
30897	61794000.0	6.0
30898	61796000.0	3.0
30899	61798000.0	3.0
30900	61800000.0	2.0
30901	61802000.0	4.0
30902	61804000.0	4.0
30903	61806000.0	7.0
30904	61808000.0	3.0
30905	61810000.0	5.0
30906	61812000.0	4.0
30907	61814000.0	5.0
30908	61816000.0	4.0
30909	61818000.0	2.0
30910	61820000.0	7.0
30911	61822000.0	4.0
30912	61824000.0	8.0
30913	61826000.0	1.0
30914	61828000.0	8.0
30915	61830000.0	4.0
30916	61832000.0	2.0
30917	61834000.0	7.0
30918	61836000.0	5.0
30919	61838000.0	4.0
30920	61840000.0	1.0
30921	61842000.0	4.0
30922	61844000.0	6.0
30923	61846000.0	6.0
30924	61848000.0	2.0
30925	61850000.0	2.0
30926	61852000.0	2.0
30927	61854000.0	3.0
30928	61856000.0	6.0
30929	61858000.0	9.0
30930	61860000.0	6.0
30931	61862000.0	5.0
30932	61864000.0	8.0
30933	61866000.0	5.0
30934	61868000.0	5.0
30935	61870000.0	4.0
30936	61872000.0	5.0
30937	61874000.0	3.0
30938	61876000.0	5.0
30939	61878000.0	5.0
30940	61880000.0	1.0
30941	61882000.0	3.0
30942	61884000.0	6.0
30943	61886000.0	2.0
30944	61888000.0	4.0
30945	61890000.0	3.0
30946	61892000.0	5.0
30947	61894000.0	3.0
30948	61896000.0	4.0
30949	61898000.0	4.0
30950	61900000.0	10.0
30951	61902000.0	6.0
30952	61904000.0	6.0
30953	61906000.0	3.0
30954	61908000.0	5.0
30955	61910000.0	6.0
30956	61912000.0	5.0
30957	61914000.0	2.0
30958	61916000.0	5.0
30959	61918000.0	4.0
30960	61920000.0	7.0
30961	61922000.0	3.0
30962	61924000.0	4.0
30963	61926000.0	3.0
30964	61928000.0	9.0
30965	61930000.0	5.0
30966	61932000.0	5.0
30967	61934000.0	5.0
30968	61936000.0	3.0
30969	61938000.0	1.0
30970	61940000.0	1.0
30971	61942000.0	6.0
30972	61944000.0	9.0
30973	61946000.0	1.0
30974	61948000.0	5.0
30975	61950000.0	3.0
30976	61952000.0	4.0
30977	61954000.0	6.0
30978	61956000.0	5.0
30979	61958000.0	7.0
30980	61960000.0	6.0
30981	61962000.0	7.0
30982	61964000.0	4.0
30983	61966000.0	9.0
30984	61968000.0	6.0
30985	61970000.0	3.0
30986	61972000.0	8.0
30987	61974000.0	5.0
30988	61976000.0	9.0
30989	61978000.0	3.0
30990	61980000.0	4.0
30991	61982000.0	7.0
30992	61984000.0	3.0
30993	61986000.0	5.0
30994	61988000.0	1.0
30995	61990000.0	4.0
30996	61992000.0	4.0
30997	61994000.0	6.0
30998	61996000.0	3.0
30999	61998000.0	5.0
31000	62000000.0	6.0
31001	62002000.0	6.0
31002	62004000.0	4.0
31003	62006000.0	9.0
31004	62008000.0	4.0
31005	62010000.0	6.0
31006	62012000.0	3.0
31007	62014000.0	6.0
31008	62016000.0	3.0
31009	62018000.0	6.0
31010	62020000.0	7.0
31011	62022000.0	2.0
31012	62024000.0	5.0
31013	62026000.0	4.0
31014	62028000.0	7.0
31015	62030000.0	9.0
31016	62032000.0	2.0
31017	62034000.0	9.0
31018	62036000.0	6.0
31019	62038000.0	9.0
31020	62040000.0	2.0
31021	62042000.0	10.0
31022	62044000.0	6.0
31023	62046000.0	10.0
31024	62048000.0	5.0
31025	62050000.0	3.0
31026	62052000.0	10.0
31027	62054000.0	5.0
31028	62056000.0	3.0
31029	62058000.0	5.0
31030	62060000.0	3.0
31031	62062000.0	1.0
31032	62064000.0	7.0
31033	62066000.0	5.0
31034	62068000.0	3.0
31035	62070000.0	3.0
31036	62072000.0	3.0
31037	62074000.0	4.0
31038	62076000.0	1.0
31039	62078000.0	2.0
31040	62080000.0	2.0
31041	62082000.0	5.0
31042	62084000.0	4.0
31043	62086000.0	6.0
31044	62088000.0	5.0
31045	62090000.0	4.0
31046	62092000.0	5.0
31047	62094000.0	4.0
31048	62096000.0	3.0
31049	62098000.0	1.0
31050	62100000.0	2.0
31051	62102000.0	4.0
31052	62104000.0	2.0
31053	62106000.0	8.0
31054	62108000.0	3.0
31055	62110000.0	1.0
31056	62112000.0	2.0
31057	62114000.0	6.0
31058	62116000.0	6.0
31059	62118000.0	6.0
31060	62120000.0	4.0
31061	62122000.0	2.0
31062	62124000.0	6.0
31063	62126000.0	3.0
31064	62128000.0	4.0
31065	62130000.0	7.0
31066	62132000.0	8.0
31067	62134000.0	4.0
31068	62136000.0	5.0
31069	62138000.0	4.0
31070	62140000.0	3.0
31071	62142000.0	3.0
31072	62144000.0	7.0
31073	62146000.0	5.0
31074	62148000.0	5.0
31075	62150000.0	5.0
31076	62152000.0	4.0
31077	62154000.0	5.0
31078	62156000.0	2.0
31079	62158000.0	4.0
31080	62160000.0	5.0
31081	62162000.0	7.0
31082	62164000.0	5.0
31083	62166000.0	4.0
31084	62168000.0	7.0
31085	62170000.0	5.0
31086	62172000.0	9.0
31087	62174000.0	1.0
31088	62176000.0	5.0
31089	62178000.0	7.0
31090	62180000.0	2.0
31091	62182000.0	2.0
31092	62184000.0	1.0
31093	62186000.0	7.0
31094	62188000.0	2.0
31095	62190000.0	2.0
31096	62192000.0	2.0
31097	62194000.0	2.0
31098	62196000.0	7.0
31099	62198000.0	2.0
31100	62200000.0	5.0
31101	62202000.0	6.0
31102	62204000.0	8.0
31103	62206000.0	5.0
31104	62208000.0	3.0
31105	62210000.0	4.0
31106	62212000.0	6.0
31107	62214000.0	4.0
31108	62216000.0	4.0
31109	62218000.0	6.0
31110	62220000.0	4.0
31111	62222000.0	6.0
31112	62224000.0	1.0
31113	62226000.0	2.0
31114	62228000.0	4.0
31115	62230000.0	5.0
31116	62232000.0	5.0
31117	62234000.0	3.0
31118	62236000.0	4.0
31119	62238000.0	2.0
31120	62240000.0	4.0
31121	62242000.0	5.0
31122	62244000.0	8.0
31123	62246000.0	4.0
31124	62248000.0	1.0
31125	62250000.0	1.0
31126	62252000.0	3.0
31127	62254000.0	9.0
31128	62256000.0	0.0
31129	62258000.0	8.0
31130	62260000.0	7.0
31131	62262000.0	7.0
31132	62264000.0	4.0
31133	62266000.0	4.0
31134	62268000.0	3.0
31135	62270000.0	4.0
31136	62272000.0	6.0
31137	62274000.0	0.0
31138	62276000.0	3.0
31139	62278000.0	5.0
31140	62280000.0	4.0
31141	62282000.0	7.0
31142	62284000.0	2.0
31143	62286000.0	6.0
31144	62288000.0	5.0
31145	62290000.0	5.0
31146	62292000.0	2.0
31147	62294000.0	7.0
31148	62296000.0	4.0
31149	62298000.0	4.0
31150	62300000.0	5.0
31151	62302000.0	6.0
31152	62304000.0	3.0
31153	62306000.0	4.0
31154	62308000.0	6.0
31155	62310000.0	5.0
31156	62312000.0	7.0
31157	62314000.0	4.0
31158	62316000.0	6.0
31159	62318000.0	3.0
31160	62320000.0	6.0
31161	62322000.0	1.0
31162	62324000.0	1.0
31163	62326000.0	5.0
31164	62328000.0	4.0
31165	62330000.0	2.0
31166	62332000.0	5.0
31167	62334000.0	7.0
31168	62336000.0	1.0
31169	62338000.0	4.0
31170	62340000.0	4.0
31171	62342000.0	1.0
31172	62344000.0	3.0
31173	62346000.0	1.0
31174	62348000.0	2.0
31175	62350000.0	5.0
31176	62352000.0	3.0
31177	62354000.0	5.0
31178	62356000.0	3.0
31179	62358000.0	6.0
31180	62360000.0	4.0
31181	62362000.0	6.0
31182	62364000.0	2.0
31183	62366000.0	8.0
31184	62368000.0	2.0
31185	62370000.0	1.0
31186	62372000.0	6.0
31187	62374000.0	4.0
31188	62376000.0	2.0
31189	62378000.0	7.0
31190	62380000.0	6.0
31191	62382000.0	5.0
31192	62384000.0	4.0
31193	62386000.0	2.0
31194	62388000.0	6.0
31195	62390000.0	4.0
31196	62392000.0	4.0
31197	62394000.0	2.0
31198	62396000.0	3.0
31199	62398000.0	7.0
31200	62400000.0	5.0
31201	62402000.0	2.0
31202	62404000.0	3.0
31203	62406000.0	7.0
31204	62408000.0	6.0
31205	62410000.0	4.0
31206	62412000.0	7.0
31207	62414000.0	5.0
31208	62416000.0	2.0
31209	62418000.0	6.0
31210	62420000.0	9.0
31211	62422000.0	6.0
31212	62424000.0	4.0
31213	62426000.0	1.0
31214	62428000.0	3.0
31215	62430000.0	3.0
31216	62432000.0	2.0
31217	62434000.0	6.0
31218	62436000.0	5.0
31219	62438000.0	5.0
31220	62440000.0	6.0
31221	62442000.0	3.0
31222	62444000.0	5.0
31223	62446000.0	5.0
31224	62448000.0	4.0
31225	62450000.0	7.0
31226	62452000.0	3.0
31227	62454000.0	5.0
31228	62456000.0	4.0
31229	62458000.0	1.0
31230	62460000.0	7.0
31231	62462000.0	6.0
31232	62464000.0	6.0
31233	62466000.0	5.0
31234	62468000.0	6.0
31235	62470000.0	4.0
31236	62472000.0	7.0
31237	62474000.0	7.0
31238	62476000.0	6.0
31239	62478000.0	3.0
31240	62480000.0	6.0
31241	62482000.0	6.0
31242	62484000.0	4.0
31243	62486000.0	4.0
31244	62488000.0	3.0
31245	62490000.0	5.0
31246	62492000.0	8.0
31247	62494000.0	4.0
31248	62496000.0	4.0
31249	62498000.0	6.0
31250	62500000.0	7.0
31251	62502000.0	2.0
31252	62504000.0	2.0
31253	62506000.0	4.0
31254	62508000.0	3.0
31255	62510000.0	6.0
31256	62512000.0	6.0
31257	62514000.0	7.0
31258	62516000.0	7.0
31259	62518000.0	1.0
31260	62520000.0	1.0
31261	62522000.0	0.0
31262	62524000.0	5.0
31263	62526000.0	10.0
31264	62528000.0	4.0
31265	62530000.0	3.0
31266	62532000.0	5.0
31267	62534000.0	10.0
31268	62536000.0	3.0
31269	62538000.0	5.0
31270	62540000.0	4.0
31271	62542000.0	6.0
31272	62544000.0	6.0
31273	62546000.0	1.0
31274	62548000.0	3.0
31275	62550000.0	2.0
31276	62552000.0	4.0
31277	62554000.0	2.0
31278	62556000.0	1.0
31279	62558000.0	5.0
31280	62560000.0	4.0
31281	62562000.0	3.0
31282	62564000.0	3.0
31283	62566000.0	5.0
31284	62568000.0	4.0
31285	62570000.0	4.0
31286	62572000.0	5.0
31287	62574000.0	6.0
31288	62576000.0	4.0
31289	62578000.0	4.0
31290	62580000.0	4.0
31291	62582000.0	3.0
31292	62584000.0	6.0
31293	62586000.0	5.0
31294	62588000.0	10.0
31295	62590000.0	3.0
31296	62592000.0	3.0
31297	62594000.0	2.0
31298	62596000.0	1.0
31299	62598000.0	8.0
31300	62600000.0	6.0
31301	62602000.0	5.0
31302	62604000.0	1.0
31303	62606000.0	4.0
31304	62608000.0	3.0
31305	62610000.0	5.0
31306	62612000.0	5.0
31307	62614000.0	3.0
31308	62616000.0	1.0
31309	62618000.0	6.0
31310	62620000.0	6.0
31311	62622000.0	3.0
31312	62624000.0	5.0
31313	62626000.0	4.0
31314	62628000.0	8.0
31315	62630000.0	3.0
31316	62632000.0	10.0
31317	62634000.0	5.0
31318	62636000.0	4.0
31319	62638000.0	7.0
31320	62640000.0	3.0
31321	62642000.0	5.0
31322	62644000.0	4.0
31323	62646000.0	3.0
31324	62648000.0	1.0
31325	62650000.0	4.0
31326	62652000.0	4.0
31327	62654000.0	4.0
31328	62656000.0	7.0
31329	62658000.0	3.0
31330	62660000.0	4.0
31331	62662000.0	2.0
31332	62664000.0	8.0
31333	62666000.0	5.0
31334	62668000.0	2.0
31335	62670000.0	3.0
31336	62672000.0	2.0
31337	62674000.0	3.0
31338	62676000.0	4.0
31339	62678000.0	5.0
31340	62680000.0	2.0
31341	62682000.0	4.0
31342	62684000.0	4.0
31343	62686000.0	5.0
31344	62688000.0	0.0
31345	62690000.0	6.0
31346	62692000.0	5.0
31347	62694000.0	4.0
31348	62696000.0	9.0
31349	62698000.0	5.0
31350	62700000.0	6.0
31351	62702000.0	3.0
31352	62704000.0	11.0
31353	62706000.0	3.0
31354	62708000.0	2.0
31355	62710000.0	4.0
31356	62712000.0	2.0
31357	62714000.0	4.0
31358	62716000.0	6.0
31359	62718000.0	5.0
31360	62720000.0	1.0
31361	62722000.0	2.0
31362	62724000.0	1.0
31363	62726000.0	4.0
31364	62728000.0	3.0
31365	62730000.0	2.0
31366	62732000.0	8.0
31367	62734000.0	2.0
31368	62736000.0	3.0
31369	62738000.0	3.0
31370	62740000.0	1.0
31371	62742000.0	3.0
31372	62744000.0	2.0
31373	62746000.0	5.0
31374	62748000.0	0.0
31375	62750000.0	6.0
31376	62752000.0	4.0
31377	62754000.0	2.0
31378	62756000.0	4.0
31379	62758000.0	10.0
31380	62760000.0	1.0
31381	62762000.0	5.0
31382	62764000.0	5.0
31383	62766000.0	2.0
31384	62768000.0	5.0
31385	62770000.0	6.0
31386	62772000.0	6.0
31387	62774000.0	3.0
31388	62776000.0	4.0
31389	62778000.0	4.0
31390	62780000.0	5.0
31391	62782000.0	3.0
31392	62784000.0	7.0
31393	62786000.0	7.0
31394	62788000.0	1.0
31395	62790000.0	3.0
31396	62792000.0	7.0
31397	62794000.0	3.0
31398	62796000.0	2.0
31399	62798000.0	0.0
31400	62800000.0	1.0
31401	62802000.0	8.0
31402	62804000.0	3.0
31403	62806000.0	6.0
31404	62808000.0	8.0
31405	62810000.0	1.0
31406	62812000.0	9.0
31407	62814000.0	3.0
31408	62816000.0	6.0
31409	62818000.0	1.0
31410	62820000.0	3.0
31411	62822000.0	6.0
31412	62824000.0	5.0
31413	62826000.0	5.0
31414	62828000.0	2.0
31415	62830000.0	7.0
31416	62832000.0	1.0
31417	62834000.0	3.0
31418	62836000.0	1.0
31419	62838000.0	5.0
31420	62840000.0	7.0
31421	62842000.0	5.0
31422	62844000.0	2.0
31423	62846000.0	3.0
31424	62848000.0	10.0
31425	62850000.0	4.0
31426	62852000.0	3.0
31427	62854000.0	3.0
31428	62856000.0	6.0
31429	62858000.0	3.0
31430	62860000.0	2.0
31431	62862000.0	6.0
31432	62864000.0	2.0
31433	62866000.0	9.0
31434	62868000.0	4.0
31435	62870000.0	2.0
31436	62872000.0	10.0
31437	62874000.0	7.0
31438	62876000.0	7.0
31439	62878000.0	5.0
31440	62880000.0	4.0
31441	62882000.0	12.0
31442	62884000.0	4.0
31443	62886000.0	2.0
31444	62888000.0	5.0
31445	62890000.0	3.0
31446	62892000.0	4.0
31447	62894000.0	5.0
31448	62896000.0	7.0
31449	62898000.0	3.0
31450	62900000.0	2.0
31451	62902000.0	6.0
31452	62904000.0	4.0
31453	62906000.0	8.0
31454	62908000.0	1.0
31455	62910000.0	3.0
31456	62912000.0	6.0
31457	62914000.0	5.0
31458	62916000.0	3.0
31459	62918000.0	7.0
31460	62920000.0	6.0
31461	62922000.0	6.0
31462	62924000.0	5.0
31463	62926000.0	9.0
31464	62928000.0	3.0
31465	62930000.0	3.0
31466	62932000.0	4.0
31467	62934000.0	6.0
31468	62936000.0	6.0
31469	62938000.0	9.0
31470	62940000.0	6.0
31471	62942000.0	4.0
31472	62944000.0	5.0
31473	62946000.0	6.0
31474	62948000.0	5.0
31475	62950000.0	6.0
31476	62952000.0	12.0
31477	62954000.0	1.0
31478	62956000.0	5.0
31479	62958000.0	2.0
31480	62960000.0	7.0
31481	62962000.0	7.0
31482	62964000.0	6.0
31483	62966000.0	4.0
31484	62968000.0	6.0
31485	62970000.0	4.0
31486	62972000.0	5.0
31487	62974000.0	5.0
31488	62976000.0	4.0
31489	62978000.0	6.0
31490	62980000.0	5.0
31491	62982000.0	7.0
31492	62984000.0	6.0
31493	62986000.0	7.0
31494	62988000.0	5.0
31495	62990000.0	11.0
31496	62992000.0	6.0
31497	62994000.0	4.0
31498	62996000.0	4.0
31499	62998000.0	5.0
31500	63000000.0	5.0
31501	63002000.0	2.0
31502	63004000.0	4.0
31503	63006000.0	1.0
31504	63008000.0	3.0
31505	63010000.0	4.0
31506	63012000.0	3.0
31507	63014000.0	4.0
31508	63016000.0	9.0
31509	63018000.0	5.0
31510	63020000.0	6.0
31511	63022000.0	7.0
31512	63024000.0	5.0
31513	63026000.0	5.0
31514	63028000.0	3.0
31515	63030000.0	4.0
31516	63032000.0	3.0
31517	63034000.0	5.0
31518	63036000.0	8.0
31519	63038000.0	5.0
31520	63040000.0	1.0
31521	63042000.0	4.0
31522	63044000.0	5.0
31523	63046000.0	5.0
31524	63048000.0	2.0
31525	63050000.0	5.0
31526	63052000.0	3.0
31527	63054000.0	6.0
31528	63056000.0	2.0
31529	63058000.0	3.0
31530	63060000.0	5.0
31531	63062000.0	6.0
31532	63064000.0	7.0
31533	63066000.0	8.0
31534	63068000.0	7.0
31535	63070000.0	7.0
31536	63072000.0	3.0
31537	63074000.0	3.0
31538	63076000.0	3.0
31539	63078000.0	3.0
31540	63080000.0	5.0
31541	63082000.0	0.0
31542	63084000.0	4.0
31543	63086000.0	6.0
31544	63088000.0	6.0
31545	63090000.0	5.0
31546	63092000.0	6.0
31547	63094000.0	3.0
31548	63096000.0	2.0
31549	63098000.0	1.0
31550	63100000.0	5.0
31551	63102000.0	3.0
31552	63104000.0	6.0
31553	63106000.0	3.0
31554	63108000.0	2.0
31555	63110000.0	4.0
31556	63112000.0	3.0
31557	63114000.0	6.0
31558	63116000.0	5.0
31559	63118000.0	8.0
31560	63120000.0	5.0
31561	63122000.0	5.0
31562	63124000.0	4.0
31563	63126000.0	2.0
31564	63128000.0	4.0
31565	63130000.0	8.0
31566	63132000.0	6.0
31567	63134000.0	0.0
31568	63136000.0	2.0
31569	63138000.0	8.0
31570	63140000.0	4.0
31571	63142000.0	2.0
31572	63144000.0	3.0
31573	63146000.0	3.0
31574	63148000.0	5.0
31575	63150000.0	5.0
31576	63152000.0	4.0
31577	63154000.0	4.0
31578	63156000.0	2.0
31579	63158000.0	4.0
31580	63160000.0	7.0
31581	63162000.0	5.0
31582	63164000.0	5.0
31583	63166000.0	4.0
31584	63168000.0	1.0
31585	63170000.0	1.0
31586	63172000.0	4.0
31587	63174000.0	8.0
31588	63176000.0	4.0
31589	63178000.0	7.0
31590	63180000.0	6.0
31591	63182000.0	4.0
31592	63184000.0	3.0
31593	63186000.0	5.0
31594	63188000.0	4.0
31595	63190000.0	2.0
31596	63192000.0	4.0
31597	63194000.0	2.0
31598	63196000.0	9.0
31599	63198000.0	4.0
31600	63200000.0	7.0
31601	63202000.0	7.0
31602	63204000.0	6.0
31603	63206000.0	0.0
31604	63208000.0	7.0
31605	63210000.0	2.0
31606	63212000.0	5.0
31607	63214000.0	6.0
31608	63216000.0	8.0
31609	63218000.0	10.0
31610	63220000.0	3.0
31611	63222000.0	4.0
31612	63224000.0	4.0
31613	63226000.0	5.0
31614	63228000.0	4.0
31615	63230000.0	3.0
31616	63232000.0	7.0
31617	63234000.0	4.0
31618	63236000.0	8.0
31619	63238000.0	2.0
31620	63240000.0	3.0
31621	63242000.0	3.0
31622	63244000.0	5.0
31623	63246000.0	3.0
31624	63248000.0	6.0
31625	63250000.0	8.0
31626	63252000.0	3.0
31627	63254000.0	4.0
31628	63256000.0	8.0
31629	63258000.0	3.0
31630	63260000.0	3.0
31631	63262000.0	4.0
31632	63264000.0	3.0
31633	63266000.0	6.0
31634	63268000.0	0.0
31635	63270000.0	3.0
31636	63272000.0	6.0
31637	63274000.0	4.0
31638	63276000.0	7.0
31639	63278000.0	4.0
31640	63280000.0	4.0
31641	63282000.0	7.0
31642	63284000.0	4.0
31643	63286000.0	2.0
31644	63288000.0	3.0
31645	63290000.0	2.0
31646	63292000.0	4.0
31647	63294000.0	9.0
31648	63296000.0	6.0
31649	63298000.0	9.0
31650	63300000.0	7.0
31651	63302000.0	6.0
31652	63304000.0	5.0
31653	63306000.0	5.0
31654	63308000.0	1.0
31655	63310000.0	2.0
31656	63312000.0	2.0
31657	63314000.0	2.0
31658	63316000.0	4.0
31659	63318000.0	4.0
31660	63320000.0	1.0
31661	63322000.0	1.0
31662	63324000.0	9.0
31663	63326000.0	5.0
31664	63328000.0	2.0
31665	63330000.0	3.0
31666	63332000.0	8.0
31667	63334000.0	6.0
31668	63336000.0	5.0
31669	63338000.0	5.0
31670	63340000.0	7.0
31671	63342000.0	2.0
31672	63344000.0	4.0
31673	63346000.0	7.0
31674	63348000.0	4.0
31675	63350000.0	6.0
31676	63352000.0	2.0
31677	63354000.0	3.0
31678	63356000.0	4.0
31679	63358000.0	5.0
31680	63360000.0	8.0
31681	63362000.0	1.0
31682	63364000.0	5.0
31683	63366000.0	4.0
31684	63368000.0	6.0
31685	63370000.0	4.0
31686	63372000.0	3.0
31687	63374000.0	5.0
31688	63376000.0	5.0
31689	63378000.0	8.0
31690	63380000.0	5.0
31691	63382000.0	5.0
31692	63384000.0	5.0
31693	63386000.0	4.0
31694	63388000.0	2.0
31695	63390000.0	5.0
31696	63392000.0	6.0
31697	63394000.0	4.0
31698	63396000.0	3.0
31699	63398000.0	2.0
31700	63400000.0	6.0
31701	63402000.0	5.0
31702	63404000.0	4.0
31703	63406000.0	6.0
31704	63408000.0	3.0
31705	63410000.0	6.0
31706	63412000.0	5.0
31707	63414000.0	7.0
31708	63416000.0	3.0
31709	63418000.0	4.0
31710	63420000.0	3.0
31711	63422000.0	3.0
31712	63424000.0	1.0
31713	63426000.0	4.0
31714	63428000.0	3.0
31715	63430000.0	6.0
31716	63432000.0	3.0
31717	63434000.0	7.0
31718	63436000.0	4.0
31719	63438000.0	6.0
31720	63440000.0	6.0
31721	63442000.0	4.0
31722	63444000.0	4.0
31723	63446000.0	5.0
31724	63448000.0	5.0
31725	63450000.0	5.0
31726	63452000.0	1.0
31727	63454000.0	4.0
31728	63456000.0	4.0
31729	63458000.0	3.0
31730	63460000.0	2.0
31731	63462000.0	7.0
31732	63464000.0	9.0
31733	63466000.0	3.0
31734	63468000.0	4.0
31735	63470000.0	8.0
31736	63472000.0	4.0
31737	63474000.0	5.0
31738	63476000.0	5.0
31739	63478000.0	3.0
31740	63480000.0	6.0
31741	63482000.0	2.0
31742	63484000.0	6.0
31743	63486000.0	3.0
31744	63488000.0	2.0
31745	63490000.0	3.0
31746	63492000.0	3.0
31747	63494000.0	5.0
31748	63496000.0	4.0
31749	63498000.0	2.0
31750	63500000.0	3.0
31751	63502000.0	3.0
31752	63504000.0	5.0
31753	63506000.0	6.0
31754	63508000.0	1.0
31755	63510000.0	3.0
31756	63512000.0	5.0
31757	63514000.0	2.0
31758	63516000.0	5.0
31759	63518000.0	1.0
31760	63520000.0	3.0
31761	63522000.0	10.0
31762	63524000.0	6.0
31763	63526000.0	0.0
31764	63528000.0	5.0
31765	63530000.0	2.0
31766	63532000.0	5.0
31767	63534000.0	3.0
31768	63536000.0	2.0
31769	63538000.0	2.0
31770	63540000.0	4.0
31771	63542000.0	5.0
31772	63544000.0	7.0
31773	63546000.0	2.0
31774	63548000.0	4.0
31775	63550000.0	4.0
31776	63552000.0	6.0
31777	63554000.0	9.0
31778	63556000.0	6.0
31779	63558000.0	1.0
31780	63560000.0	5.0
31781	63562000.0	3.0
31782	63564000.0	2.0
31783	63566000.0	7.0
31784	63568000.0	1.0
31785	63570000.0	4.0
31786	63572000.0	3.0
31787	63574000.0	5.0
31788	63576000.0	6.0
31789	63578000.0	8.0
31790	63580000.0	3.0
31791	63582000.0	4.0
31792	63584000.0	8.0
31793	63586000.0	7.0
31794	63588000.0	6.0
31795	63590000.0	2.0
31796	63592000.0	5.0
31797	63594000.0	4.0
31798	63596000.0	8.0
31799	63598000.0	8.0
31800	63600000.0	1.0
31801	63602000.0	3.0
31802	63604000.0	8.0
31803	63606000.0	6.0
31804	63608000.0	3.0
31805	63610000.0	7.0
31806	63612000.0	2.0
31807	63614000.0	6.0
31808	63616000.0	3.0
31809	63618000.0	6.0
31810	63620000.0	8.0
31811	63622000.0	6.0
31812	63624000.0	7.0
31813	63626000.0	6.0
31814	63628000.0	7.0
31815	63630000.0	4.0
31816	63632000.0	4.0
31817	63634000.0	3.0
31818	63636000.0	2.0
31819	63638000.0	2.0
31820	63640000.0	3.0
31821	63642000.0	4.0
31822	63644000.0	4.0
31823	63646000.0	3.0
31824	63648000.0	6.0
31825	63650000.0	2.0
31826	63652000.0	2.0
31827	63654000.0	3.0
31828	63656000.0	6.0
31829	63658000.0	9.0
31830	63660000.0	3.0
31831	63662000.0	4.0
31832	63664000.0	6.0
31833	63666000.0	3.0
31834	63668000.0	3.0
31835	63670000.0	4.0
31836	63672000.0	2.0
31837	63674000.0	3.0
31838	63676000.0	5.0
31839	63678000.0	7.0
31840	63680000.0	6.0
31841	63682000.0	3.0
31842	63684000.0	3.0
31843	63686000.0	8.0
31844	63688000.0	5.0
31845	63690000.0	4.0
31846	63692000.0	3.0
31847	63694000.0	5.0
31848	63696000.0	2.0
31849	63698000.0	8.0
31850	63700000.0	9.0
31851	63702000.0	3.0
31852	63704000.0	4.0
31853	63706000.0	2.0
31854	63708000.0	6.0
31855	63710000.0	3.0
31856	63712000.0	5.0
31857	63714000.0	7.0
31858	63716000.0	5.0
31859	63718000.0	4.0
31860	63720000.0	5.0
31861	63722000.0	4.0
31862	63724000.0	4.0
31863	63726000.0	8.0
31864	63728000.0	2.0
31865	63730000.0	8.0
31866	63732000.0	4.0
31867	63734000.0	7.0
31868	63736000.0	6.0
31869	63738000.0	3.0
31870	63740000.0	4.0
31871	63742000.0	4.0
31872	63744000.0	2.0
31873	63746000.0	1.0
31874	63748000.0	4.0
31875	63750000.0	4.0
31876	63752000.0	4.0
31877	63754000.0	3.0
31878	63756000.0	7.0
31879	63758000.0	7.0
31880	63760000.0	3.0
31881	63762000.0	3.0
31882	63764000.0	1.0
31883	63766000.0	2.0
31884	63768000.0	6.0
31885	63770000.0	6.0
31886	63772000.0	6.0
31887	63774000.0	4.0
31888	63776000.0	5.0
31889	63778000.0	2.0
31890	63780000.0	3.0
31891	63782000.0	5.0
31892	63784000.0	2.0
31893	63786000.0	2.0
31894	63788000.0	3.0
31895	63790000.0	7.0
31896	63792000.0	7.0
31897	63794000.0	2.0
31898	63796000.0	2.0
31899	63798000.0	5.0
31900	63800000.0	6.0
31901	63802000.0	5.0
31902	63804000.0	3.0
31903	63806000.0	4.0
31904	63808000.0	7.0
31905	63810000.0	8.0
31906	63812000.0	5.0
31907	63814000.0	7.0
31908	63816000.0	3.0
31909	63818000.0	4.0
31910	63820000.0	4.0
31911	63822000.0	5.0
31912	63824000.0	8.0
31913	63826000.0	1.0
31914	63828000.0	3.0
31915	63830000.0	7.0
31916	63832000.0	6.0
31917	63834000.0	4.0
31918	63836000.0	7.0
31919	63838000.0	1.0
31920	63840000.0	4.0
31921	63842000.0	6.0
31922	63844000.0	6.0
31923	63846000.0	4.0
31924	63848000.0	4.0
31925	63850000.0	6.0
31926	63852000.0	3.0
31927	63854000.0	2.0
31928	63856000.0	5.0
31929	63858000.0	4.0
31930	63860000.0	4.0
31931	63862000.0	5.0
31932	63864000.0	4.0
31933	63866000.0	3.0
31934	63868000.0	1.0
31935	63870000.0	6.0
31936	63872000.0	5.0
31937	63874000.0	6.0
31938	63876000.0	4.0
31939	63878000.0	7.0
31940	63880000.0	2.0
31941	63882000.0	2.0
31942	63884000.0	7.0
31943	63886000.0	6.0
31944	63888000.0	5.0
31945	63890000.0	5.0
31946	63892000.0	5.0
31947	63894000.0	6.0
31948	63896000.0	4.0
31949	63898000.0	4.0
31950	63900000.0	3.0
31951	63902000.0	0.0
31952	63904000.0	1.0
31953	63906000.0	4.0
31954	63908000.0	8.0
31955	63910000.0	4.0
31956	63912000.0	5.0
31957	63914000.0	4.0
31958	63916000.0	5.0
31959	63918000.0	5.0
31960	63920000.0	2.0
31961	63922000.0	4.0
31962	63924000.0	4.0
31963	63926000.0	2.0
31964	63928000.0	7.0
31965	63930000.0	2.0
31966	63932000.0	7.0
31967	63934000.0	3.0
31968	63936000.0	9.0
31969	63938000.0	7.0
31970	63940000.0	6.0
31971	63942000.0	8.0
31972	63944000.0	3.0
31973	63946000.0	3.0
31974	63948000.0	8.0
31975	63950000.0	3.0
31976	63952000.0	2.0
31977	63954000.0	4.0
31978	63956000.0	10.0
31979	63958000.0	7.0
31980	63960000.0	7.0
31981	63962000.0	7.0
31982	63964000.0	4.0
31983	63966000.0	5.0
31984	63968000.0	5.0
31985	63970000.0	8.0
31986	63972000.0	6.0
31987	63974000.0	4.0
31988	63976000.0	5.0
31989	63978000.0	6.0
31990	63980000.0	4.0
31991	63982000.0	4.0
31992	63984000.0	5.0
31993	63986000.0	1.0
31994	63988000.0	6.0
31995	63990000.0	2.0
31996	63992000.0	3.0
31997	63994000.0	4.0
31998	63996000.0	8.0
31999	63998000.0	3.0
32000	64000000.0	6.0
32001	64002000.0	4.0
32002	64004000.0	5.0
32003	64006000.0	4.0
32004	64008000.0	6.0
32005	64010000.0	5.0
32006	64012000.0	6.0
32007	64014000.0	8.0
32008	64016000.0	3.0
32009	64018000.0	7.0
32010	64020000.0	6.0
32011	64022000.0	7.0
32012	64024000.0	3.0
32013	64026000.0	5.0
32014	64028000.0	6.0
32015	64030000.0	4.0
32016	64032000.0	4.0
32017	64034000.0	2.0
32018	64036000.0	6.0
32019	64038000.0	4.0
32020	64040000.0	1.0
32021	64042000.0	5.0
32022	64044000.0	3.0
32023	64046000.0	5.0
32024	64048000.0	1.0
32025	64050000.0	0.0
32026	64052000.0	4.0
32027	64054000.0	1.0
32028	64056000.0	2.0
32029	64058000.0	5.0
32030	64060000.0	3.0
32031	64062000.0	4.0
32032	64064000.0	5.0
32033	64066000.0	4.0
32034	64068000.0	5.0
32035	64070000.0	3.0
32036	64072000.0	3.0
32037	64074000.0	1.0
32038	64076000.0	5.0
32039	64078000.0	5.0
32040	64080000.0	2.0
32041	64082000.0	4.0
32042	64084000.0	9.0
32043	64086000.0	5.0
32044	64088000.0	4.0
32045	64090000.0	3.0
32046	64092000.0	5.0
32047	64094000.0	2.0
32048	64096000.0	4.0
32049	64098000.0	3.0
32050	64100000.0	5.0
32051	64102000.0	5.0
32052	64104000.0	7.0
32053	64106000.0	6.0
32054	64108000.0	9.0
32055	64110000.0	4.0
32056	64112000.0	6.0
32057	64114000.0	6.0
32058	64116000.0	5.0
32059	64118000.0	3.0
32060	64120000.0	3.0
32061	64122000.0	4.0
32062	64124000.0	3.0
32063	64126000.0	2.0
32064	64128000.0	8.0
32065	64130000.0	1.0
32066	64132000.0	4.0
32067	64134000.0	3.0
32068	64136000.0	4.0
32069	64138000.0	9.0
32070	64140000.0	4.0
32071	64142000.0	4.0
32072	64144000.0	2.0
32073	64146000.0	2.0
32074	64148000.0	6.0
32075	64150000.0	6.0
32076	64152000.0	7.0
32077	64154000.0	5.0
32078	64156000.0	3.0
32079	64158000.0	3.0
32080	64160000.0	5.0
32081	64162000.0	6.0
32082	64164000.0	2.0
32083	64166000.0	6.0
32084	64168000.0	5.0
32085	64170000.0	6.0
32086	64172000.0	5.0
32087	64174000.0	8.0
32088	64176000.0	4.0
32089	64178000.0	4.0
32090	64180000.0	4.0
32091	64182000.0	5.0
32092	64184000.0	7.0
32093	64186000.0	5.0
32094	64188000.0	7.0
32095	64190000.0	1.0
32096	64192000.0	7.0
32097	64194000.0	2.0
32098	64196000.0	4.0
32099	64198000.0	4.0
32100	64200000.0	5.0
32101	64202000.0	8.0
32102	64204000.0	3.0
32103	64206000.0	2.0
32104	64208000.0	1.0
32105	64210000.0	5.0
32106	64212000.0	7.0
32107	64214000.0	4.0
32108	64216000.0	4.0
32109	64218000.0	3.0
32110	64220000.0	6.0
32111	64222000.0	1.0
32112	64224000.0	3.0
32113	64226000.0	2.0
32114	64228000.0	2.0
32115	64230000.0	5.0
32116	64232000.0	4.0
32117	64234000.0	1.0
32118	64236000.0	2.0
32119	64238000.0	2.0
32120	64240000.0	8.0
32121	64242000.0	6.0
32122	64244000.0	2.0
32123	64246000.0	4.0
32124	64248000.0	4.0
32125	64250000.0	4.0
32126	64252000.0	5.0
32127	64254000.0	5.0
32128	64256000.0	4.0
32129	64258000.0	7.0
32130	64260000.0	6.0
32131	64262000.0	5.0
32132	64264000.0	6.0
32133	64266000.0	3.0
32134	64268000.0	7.0
32135	64270000.0	4.0
32136	64272000.0	5.0
32137	64274000.0	7.0
32138	64276000.0	8.0
32139	64278000.0	8.0
32140	64280000.0	5.0
32141	64282000.0	5.0
32142	64284000.0	6.0
32143	64286000.0	2.0
32144	64288000.0	2.0
32145	64290000.0	3.0
32146	64292000.0	3.0
32147	64294000.0	4.0
32148	64296000.0	4.0
32149	64298000.0	6.0
32150	64300000.0	4.0
32151	64302000.0	6.0
32152	64304000.0	4.0
32153	64306000.0	3.0
32154	64308000.0	2.0
32155	64310000.0	5.0
32156	64312000.0	5.0
32157	64314000.0	8.0
32158	64316000.0	5.0
32159	64318000.0	1.0
32160	64320000.0	5.0
32161	64322000.0	6.0
32162	64324000.0	3.0
32163	64326000.0	4.0
32164	64328000.0	4.0
32165	64330000.0	7.0
32166	64332000.0	3.0
32167	64334000.0	4.0
32168	64336000.0	4.0
32169	64338000.0	4.0
32170	64340000.0	2.0
32171	64342000.0	6.0
32172	64344000.0	4.0
32173	64346000.0	4.0
32174	64348000.0	8.0
32175	64350000.0	9.0
32176	64352000.0	3.0
32177	64354000.0	2.0
32178	64356000.0	6.0
32179	64358000.0	5.0
32180	64360000.0	8.0
32181	64362000.0	2.0
32182	64364000.0	3.0
32183	64366000.0	2.0
32184	64368000.0	3.0
32185	64370000.0	2.0
32186	64372000.0	0.0
32187	64374000.0	3.0
32188	64376000.0	5.0
32189	64378000.0	3.0
32190	64380000.0	4.0
32191	64382000.0	5.0
32192	64384000.0	7.0
32193	64386000.0	5.0
32194	64388000.0	9.0
32195	64390000.0	6.0
32196	64392000.0	4.0
32197	64394000.0	7.0
32198	64396000.0	3.0
32199	64398000.0	3.0
32200	64400000.0	5.0
32201	64402000.0	9.0
32202	64404000.0	5.0
32203	64406000.0	2.0
32204	64408000.0	4.0
32205	64410000.0	7.0
32206	64412000.0	4.0
32207	64414000.0	3.0
32208	64416000.0	3.0
32209	64418000.0	2.0
32210	64420000.0	3.0
32211	64422000.0	4.0
32212	64424000.0	7.0
32213	64426000.0	4.0
32214	64428000.0	7.0
32215	64430000.0	4.0
32216	64432000.0	8.0
32217	64434000.0	4.0
32218	64436000.0	1.0
32219	64438000.0	2.0
32220	64440000.0	7.0
32221	64442000.0	5.0
32222	64444000.0	2.0
32223	64446000.0	3.0
32224	64448000.0	6.0
32225	64450000.0	7.0
32226	64452000.0	1.0
32227	64454000.0	3.0
32228	64456000.0	6.0
32229	64458000.0	2.0
32230	64460000.0	7.0
32231	64462000.0	6.0
32232	64464000.0	3.0
32233	64466000.0	3.0
32234	64468000.0	4.0
32235	64470000.0	3.0
32236	64472000.0	0.0
32237	64474000.0	3.0
32238	64476000.0	2.0
32239	64478000.0	6.0
32240	64480000.0	6.0
32241	64482000.0	4.0
32242	64484000.0	6.0
32243	64486000.0	2.0
32244	64488000.0	3.0
32245	64490000.0	3.0
32246	64492000.0	4.0
32247	64494000.0	6.0
32248	64496000.0	5.0
32249	64498000.0	2.0
32250	64500000.0	5.0
32251	64502000.0	4.0
32252	64504000.0	7.0
32253	64506000.0	7.0
32254	64508000.0	11.0
32255	64510000.0	4.0
32256	64512000.0	6.0
32257	64514000.0	5.0
32258	64516000.0	7.0
32259	64518000.0	8.0
32260	64520000.0	2.0
32261	64522000.0	0.0
32262	64524000.0	4.0
32263	64526000.0	5.0
32264	64528000.0	7.0
32265	64530000.0	5.0
32266	64532000.0	6.0
32267	64534000.0	2.0
32268	64536000.0	5.0
32269	64538000.0	2.0
32270	64540000.0	8.0
32271	64542000.0	9.0
32272	64544000.0	3.0
32273	64546000.0	3.0
32274	64548000.0	5.0
32275	64550000.0	8.0
32276	64552000.0	6.0
32277	64554000.0	7.0
32278	64556000.0	4.0
32279	64558000.0	3.0
32280	64560000.0	3.0
32281	64562000.0	3.0
32282	64564000.0	5.0
32283	64566000.0	5.0
32284	64568000.0	10.0
32285	64570000.0	5.0
32286	64572000.0	3.0
32287	64574000.0	5.0
32288	64576000.0	4.0
32289	64578000.0	3.0
32290	64580000.0	7.0
32291	64582000.0	6.0
32292	64584000.0	3.0
32293	64586000.0	2.0
32294	64588000.0	5.0
32295	64590000.0	7.0
32296	64592000.0	5.0
32297	64594000.0	9.0
32298	64596000.0	9.0
32299	64598000.0	2.0
32300	64600000.0	2.0
32301	64602000.0	2.0
32302	64604000.0	1.0
32303	64606000.0	2.0
32304	64608000.0	5.0
32305	64610000.0	4.0
32306	64612000.0	7.0
32307	64614000.0	3.0
32308	64616000.0	6.0
32309	64618000.0	5.0
32310	64620000.0	8.0
32311	64622000.0	5.0
32312	64624000.0	5.0
32313	64626000.0	5.0
32314	64628000.0	6.0
32315	64630000.0	1.0
32316	64632000.0	9.0
32317	64634000.0	7.0
32318	64636000.0	9.0
32319	64638000.0	4.0
32320	64640000.0	8.0
32321	64642000.0	8.0
32322	64644000.0	3.0
32323	64646000.0	4.0
32324	64648000.0	3.0
32325	64650000.0	2.0
32326	64652000.0	5.0
32327	64654000.0	3.0
32328	64656000.0	6.0
32329	64658000.0	5.0
32330	64660000.0	5.0
32331	64662000.0	5.0
32332	64664000.0	5.0
32333	64666000.0	5.0
32334	64668000.0	6.0
32335	64670000.0	4.0
32336	64672000.0	3.0
32337	64674000.0	1.0
32338	64676000.0	4.0
32339	64678000.0	7.0
32340	64680000.0	1.0
32341	64682000.0	10.0
32342	64684000.0	4.0
32343	64686000.0	5.0
32344	64688000.0	7.0
32345	64690000.0	4.0
32346	64692000.0	7.0
32347	64694000.0	3.0
32348	64696000.0	3.0
32349	64698000.0	6.0
32350	64700000.0	3.0
32351	64702000.0	5.0
32352	64704000.0	7.0
32353	64706000.0	6.0
32354	64708000.0	7.0
32355	64710000.0	4.0
32356	64712000.0	8.0
32357	64714000.0	6.0
32358	64716000.0	5.0
32359	64718000.0	6.0
32360	64720000.0	2.0
32361	64722000.0	2.0
32362	64724000.0	4.0
32363	64726000.0	6.0
32364	64728000.0	5.0
32365	64730000.0	4.0
32366	64732000.0	4.0
32367	64734000.0	6.0
32368	64736000.0	4.0
32369	64738000.0	5.0
32370	64740000.0	2.0
32371	64742000.0	5.0
32372	64744000.0	6.0
32373	64746000.0	4.0
32374	64748000.0	2.0
32375	64750000.0	4.0
32376	64752000.0	5.0
32377	64754000.0	9.0
32378	64756000.0	2.0
32379	64758000.0	4.0
32380	64760000.0	5.0
32381	64762000.0	3.0
32382	64764000.0	4.0
32383	64766000.0	7.0
32384	64768000.0	3.0
32385	64770000.0	6.0
32386	64772000.0	6.0
32387	64774000.0	5.0
32388	64776000.0	2.0
32389	64778000.0	2.0
32390	64780000.0	2.0
32391	64782000.0	1.0
32392	64784000.0	5.0
32393	64786000.0	4.0
32394	64788000.0	5.0
32395	64790000.0	4.0
32396	64792000.0	8.0
32397	64794000.0	2.0
32398	64796000.0	5.0
32399	64798000.0	7.0
32400	64800000.0	4.0
32401	64802000.0	5.0
32402	64804000.0	5.0
32403	64806000.0	6.0
32404	64808000.0	6.0
32405	64810000.0	3.0
32406	64812000.0	8.0
32407	64814000.0	4.0
32408	64816000.0	6.0
32409	64818000.0	2.0
32410	64820000.0	7.0
32411	64822000.0	1.0
32412	64824000.0	4.0
32413	64826000.0	5.0
32414	64828000.0	1.0
32415	64830000.0	6.0
32416	64832000.0	5.0
32417	64834000.0	5.0
32418	64836000.0	4.0
32419	64838000.0	9.0
32420	64840000.0	3.0
32421	64842000.0	2.0
32422	64844000.0	3.0
32423	64846000.0	9.0
32424	64848000.0	3.0
32425	64850000.0	5.0
32426	64852000.0	3.0
32427	64854000.0	8.0
32428	64856000.0	6.0
32429	64858000.0	6.0
32430	64860000.0	4.0
32431	64862000.0	4.0
32432	64864000.0	8.0
32433	64866000.0	1.0
32434	64868000.0	3.0
32435	64870000.0	4.0
32436	64872000.0	5.0
32437	64874000.0	7.0
32438	64876000.0	3.0
32439	64878000.0	3.0
32440	64880000.0	3.0
32441	64882000.0	5.0
32442	64884000.0	3.0
32443	64886000.0	4.0
32444	64888000.0	6.0
32445	64890000.0	5.0
32446	64892000.0	3.0
32447	64894000.0	6.0
32448	64896000.0	6.0
32449	64898000.0	5.0
32450	64900000.0	7.0
32451	64902000.0	1.0
32452	64904000.0	6.0
32453	64906000.0	8.0
32454	64908000.0	3.0
32455	64910000.0	4.0
32456	64912000.0	4.0
32457	64914000.0	3.0
32458	64916000.0	1.0
32459	64918000.0	11.0
32460	64920000.0	0.0
32461	64922000.0	9.0
32462	64924000.0	6.0
32463	64926000.0	4.0
32464	64928000.0	4.0
32465	64930000.0	5.0
32466	64932000.0	5.0
32467	64934000.0	4.0
32468	64936000.0	6.0
32469	64938000.0	4.0
32470	64940000.0	8.0
32471	64942000.0	2.0
32472	64944000.0	7.0
32473	64946000.0	3.0
32474	64948000.0	3.0
32475	64950000.0	7.0
32476	64952000.0	4.0
32477	64954000.0	2.0
32478	64956000.0	2.0
32479	64958000.0	5.0
32480	64960000.0	5.0
32481	64962000.0	6.0
32482	64964000.0	4.0
32483	64966000.0	4.0
32484	64968000.0	1.0
32485	64970000.0	3.0
32486	64972000.0	7.0
32487	64974000.0	3.0
32488	64976000.0	9.0
32489	64978000.0	1.0
32490	64980000.0	3.0
32491	64982000.0	5.0
32492	64984000.0	5.0
32493	64986000.0	2.0
32494	64988000.0	1.0
32495	64990000.0	4.0
32496	64992000.0	7.0
32497	64994000.0	2.0
32498	64996000.0	2.0
32499	64998000.0	4.0
32500	65000000.0	3.0
32501	65002000.0	4.0
32502	65004000.0	4.0
32503	65006000.0	9.0
32504	65008000.0	2.0
32505	65010000.0	8.0
32506	65012000.0	8.0
32507	65014000.0	5.0
32508	65016000.0	4.0
32509	65018000.0	6.0
32510	65020000.0	3.0
32511	65022000.0	6.0
32512	65024000.0	6.0
32513	65026000.0	7.0
32514	65028000.0	2.0
32515	65030000.0	5.0
32516	65032000.0	1.0
32517	65034000.0	2.0
32518	65036000.0	2.0
32519	65038000.0	5.0
32520	65040000.0	5.0
32521	65042000.0	7.0
32522	65044000.0	5.0
32523	65046000.0	4.0
32524	65048000.0	5.0
32525	65050000.0	4.0
32526	65052000.0	3.0
32527	65054000.0	2.0
32528	65056000.0	1.0
32529	65058000.0	1.0
32530	65060000.0	6.0
32531	65062000.0	7.0
32532	65064000.0	7.0
32533	65066000.0	5.0
32534	65068000.0	4.0
32535	65070000.0	6.0
32536	65072000.0	9.0
32537	65074000.0	4.0
32538	65076000.0	4.0
32539	65078000.0	6.0
32540	65080000.0	4.0
32541	65082000.0	4.0
32542	65084000.0	4.0
32543	65086000.0	5.0
32544	65088000.0	1.0
32545	65090000.0	4.0
32546	65092000.0	2.0
32547	65094000.0	4.0
32548	65096000.0	6.0
32549	65098000.0	6.0
32550	65100000.0	3.0
32551	65102000.0	5.0
32552	65104000.0	7.0
32553	65106000.0	6.0
32554	65108000.0	3.0
32555	65110000.0	8.0
32556	65112000.0	3.0
32557	65114000.0	4.0
32558	65116000.0	4.0
32559	65118000.0	2.0
32560	65120000.0	2.0
32561	65122000.0	4.0
32562	65124000.0	2.0
32563	65126000.0	6.0
32564	65128000.0	0.0
32565	65130000.0	4.0
32566	65132000.0	2.0
32567	65134000.0	3.0
32568	65136000.0	4.0
32569	65138000.0	4.0
32570	65140000.0	6.0
32571	65142000.0	1.0
32572	65144000.0	4.0
32573	65146000.0	6.0
32574	65148000.0	7.0
32575	65150000.0	4.0
32576	65152000.0	4.0
32577	65154000.0	9.0
32578	65156000.0	8.0
32579	65158000.0	2.0
32580	65160000.0	4.0
32581	65162000.0	4.0
32582	65164000.0	6.0
32583	65166000.0	5.0
32584	65168000.0	0.0
32585	65170000.0	2.0
32586	65172000.0	4.0
32587	65174000.0	4.0
32588	65176000.0	3.0
32589	65178000.0	3.0
32590	65180000.0	4.0
32591	65182000.0	6.0
32592	65184000.0	5.0
32593	65186000.0	7.0
32594	65188000.0	8.0
32595	65190000.0	5.0
32596	65192000.0	6.0
32597	65194000.0	5.0
32598	65196000.0	5.0
32599	65198000.0	4.0
32600	65200000.0	3.0
32601	65202000.0	5.0
32602	65204000.0	8.0
32603	65206000.0	2.0
32604	65208000.0	5.0
32605	65210000.0	6.0
32606	65212000.0	4.0
32607	65214000.0	4.0
32608	65216000.0	4.0
32609	65218000.0	7.0
32610	65220000.0	3.0
32611	65222000.0	6.0
32612	65224000.0	1.0
32613	65226000.0	5.0
32614	65228000.0	1.0
32615	65230000.0	4.0
32616	65232000.0	1.0
32617	65234000.0	4.0
32618	65236000.0	6.0
32619	65238000.0	4.0
32620	65240000.0	5.0
32621	65242000.0	3.0
32622	65244000.0	3.0
32623	65246000.0	3.0
32624	65248000.0	8.0
32625	65250000.0	2.0
32626	65252000.0	5.0
32627	65254000.0	7.0
32628	65256000.0	7.0
32629	65258000.0	4.0
32630	65260000.0	7.0
32631	65262000.0	6.0
32632	65264000.0	5.0
32633	65266000.0	6.0
32634	65268000.0	7.0
32635	65270000.0	2.0
32636	65272000.0	5.0
32637	65274000.0	5.0
32638	65276000.0	5.0
32639	65278000.0	2.0
32640	65280000.0	4.0
32641	65282000.0	3.0
32642	65284000.0	4.0
32643	65286000.0	4.0
32644	65288000.0	4.0
32645	65290000.0	5.0
32646	65292000.0	6.0
32647	65294000.0	7.0
32648	65296000.0	7.0
32649	65298000.0	5.0
32650	65300000.0	3.0
32651	65302000.0	10.0
32652	65304000.0	5.0
32653	65306000.0	7.0
32654	65308000.0	1.0
32655	65310000.0	1.0
32656	65312000.0	7.0
32657	65314000.0	5.0
32658	65316000.0	5.0
32659	65318000.0	6.0
32660	65320000.0	7.0
32661	65322000.0	2.0
32662	65324000.0	6.0
32663	65326000.0	6.0
32664	65328000.0	6.0
32665	65330000.0	5.0
32666	65332000.0	2.0
32667	65334000.0	4.0
32668	65336000.0	7.0
32669	65338000.0	8.0
32670	65340000.0	6.0
32671	65342000.0	4.0
32672	65344000.0	3.0
32673	65346000.0	7.0
32674	65348000.0	2.0
32675	65350000.0	3.0
32676	65352000.0	5.0
32677	65354000.0	4.0
32678	65356000.0	5.0
32679	65358000.0	5.0
32680	65360000.0	2.0
32681	65362000.0	6.0
32682	65364000.0	2.0
32683	65366000.0	5.0
32684	65368000.0	7.0
32685	65370000.0	8.0
32686	65372000.0	3.0
32687	65374000.0	3.0
32688	65376000.0	4.0
32689	65378000.0	2.0
32690	65380000.0	5.0
32691	65382000.0	8.0
32692	65384000.0	0.0
32693	65386000.0	6.0
32694	65388000.0	3.0
32695	65390000.0	10.0
32696	65392000.0	4.0
32697	65394000.0	3.0
32698	65396000.0	0.0
32699	65398000.0	8.0
32700	65400000.0	4.0
32701	65402000.0	6.0
32702	65404000.0	5.0
32703	65406000.0	6.0
32704	65408000.0	1.0
32705	65410000.0	3.0
32706	65412000.0	4.0
32707	65414000.0	4.0
32708	65416000.0	1.0
32709	65418000.0	3.0
32710	65420000.0	6.0
32711	65422000.0	2.0
32712	65424000.0	3.0
32713	65426000.0	6.0
32714	65428000.0	4.0
32715	65430000.0	2.0
32716	65432000.0	5.0
32717	65434000.0	2.0
32718	65436000.0	5.0
32719	65438000.0	7.0
32720	65440000.0	5.0
32721	65442000.0	6.0
32722	65444000.0	3.0
32723	65446000.0	5.0
32724	65448000.0	4.0
32725	65450000.0	5.0
32726	65452000.0	5.0
32727	65454000.0	2.0
32728	65456000.0	8.0
32729	65458000.0	1.0
32730	65460000.0	5.0
32731	65462000.0	9.0
32732	65464000.0	4.0
32733	65466000.0	4.0
32734	65468000.0	7.0
32735	65470000.0	5.0
32736	65472000.0	6.0
32737	65474000.0	8.0
32738	65476000.0	5.0
32739	65478000.0	6.0
32740	65480000.0	6.0
32741	65482000.0	4.0
32742	65484000.0	7.0
32743	65486000.0	3.0
32744	65488000.0	2.0
32745	65490000.0	2.0
32746	65492000.0	2.0
32747	65494000.0	4.0
32748	65496000.0	6.0
32749	65498000.0	6.0
32750	65500000.0	4.0
32751	65502000.0	3.0
32752	65504000.0	6.0
32753	65506000.0	3.0
32754	65508000.0	5.0
32755	65510000.0	4.0
32756	65512000.0	5.0
32757	65514000.0	3.0
32758	65516000.0	6.0
32759	65518000.0	6.0
32760	65520000.0	5.0
32761	65522000.0	6.0
32762	65524000.0	3.0
32763	65526000.0	3.0
32764	65528000.0	6.0
32765	65530000.0	7.0
32766	65532000.0	8.0
32767	65534000.0	4.0
