	bins [ps]	counts [#]
0	0.0	0.0
1	500.0	0.0
2	1000.0	2.0
3	1500.0	0.0
4	2000.0	0.0
5	2500.0	0.0
6	3000.0	0.0
7	3500.0	0.0
8	4000.0	0.0
9	4500.0	0.0
10	5000.0	2.0
11	5500.0	0.0
12	6000.0	0.0
13	6500.0	1.0
14	7000.0	0.0
15	7500.0	0.0
16	8000.0	0.0
17	8500.0	0.0
18	9000.0	0.0
19	9500.0	0.0
20	10000.0	0.0
21	10500.0	0.0
22	11000.0	0.0
23	11500.0	0.0
24	12000.0	0.0
25	12500.0	0.0
26	13000.0	0.0
27	13500.0	0.0
28	14000.0	0.0
29	14500.0	0.0
30	15000.0	0.0
31	15500.0	0.0
32	16000.0	0.0
33	16500.0	0.0
34	17000.0	2.0
35	17500.0	0.0
36	18000.0	1.0
37	18500.0	0.0
38	19000.0	0.0
39	19500.0	0.0
40	20000.0	0.0
41	20500.0	0.0
42	21000.0	0.0
43	21500.0	0.0
44	22000.0	0.0
45	22500.0	0.0
46	23000.0	0.0
47	23500.0	0.0
48	24000.0	1.0
49	24500.0	0.0
50	25000.0	0.0
51	25500.0	0.0
52	26000.0	0.0
53	26500.0	0.0
54	27000.0	0.0
55	27500.0	0.0
56	28000.0	0.0
57	28500.0	2.0
58	29000.0	1.0
59	29500.0	0.0
60	30000.0	0.0
61	30500.0	0.0
62	31000.0	0.0
63	31500.0	0.0
64	32000.0	0.0
65	32500.0	0.0
66	33000.0	0.0
67	33500.0	0.0
68	34000.0	0.0
69	34500.0	0.0
70	35000.0	1.0
71	35500.0	0.0
72	36000.0	0.0
73	36500.0	0.0
74	37000.0	0.0
75	37500.0	0.0
76	38000.0	0.0
77	38500.0	0.0
78	39000.0	1.0
79	39500.0	1.0
80	40000.0	0.0
81	40500.0	0.0
82	41000.0	1.0
83	41500.0	0.0
84	42000.0	0.0
85	42500.0	0.0
86	43000.0	1.0
87	43500.0	0.0
88	44000.0	0.0
89	44500.0	0.0
90	45000.0	0.0
91	45500.0	0.0
92	46000.0	0.0
93	46500.0	1.0
94	47000.0	1.0
95	47500.0	0.0
96	48000.0	0.0
97	48500.0	0.0
98	49000.0	0.0
99	49500.0	0.0
100	50000.0	0.0
101	50500.0	0.0
102	51000.0	0.0
103	51500.0	0.0
104	52000.0	0.0
105	52500.0	0.0
106	53000.0	0.0
107	53500.0	0.0
108	54000.0	0.0
109	54500.0	0.0
110	55000.0	0.0
111	55500.0	0.0
112	56000.0	0.0
113	56500.0	0.0
114	57000.0	1.0
115	57500.0	0.0
116	58000.0	2.0
117	58500.0	4.0
118	59000.0	5.0
119	59500.0	6.0
120	60000.0	7.0
121	60500.0	8.0
122	61000.0	5.0
123	61500.0	11.0
124	62000.0	8.0
125	62500.0	2.0
126	63000.0	4.0
127	63500.0	8.0
128	64000.0	6.0
129	64500.0	7.0
130	65000.0	6.0
131	65500.0	7.0
132	66000.0	3.0
133	66500.0	5.0
134	67000.0	4.0
135	67500.0	6.0
136	68000.0	6.0
137	68500.0	6.0
138	69000.0	3.0
139	69500.0	5.0
140	70000.0	5.0
141	70500.0	7.0
142	71000.0	5.0
143	71500.0	5.0
144	72000.0	7.0
145	72500.0	7.0
146	73000.0	4.0
147	73500.0	5.0
148	74000.0	9.0
149	74500.0	5.0
150	75000.0	4.0
151	75500.0	4.0
152	76000.0	3.0
153	76500.0	11.0
154	77000.0	6.0
155	77500.0	4.0
156	78000.0	4.0
157	78500.0	5.0
158	79000.0	8.0
159	79500.0	7.0
160	80000.0	8.0
161	80500.0	5.0
162	81000.0	3.0
163	81500.0	8.0
164	82000.0	3.0
165	82500.0	7.0
166	83000.0	6.0
167	83500.0	4.0
168	84000.0	5.0
169	84500.0	0.0
170	85000.0	3.0
171	85500.0	4.0
172	86000.0	6.0
173	86500.0	6.0
174	87000.0	3.0
175	87500.0	3.0
176	88000.0	7.0
177	88500.0	2.0
178	89000.0	3.0
179	89500.0	3.0
180	90000.0	4.0
181	90500.0	4.0
182	91000.0	2.0
183	91500.0	5.0
184	92000.0	3.0
185	92500.0	4.0
186	93000.0	4.0
187	93500.0	3.0
188	94000.0	5.0
189	94500.0	6.0
190	95000.0	1.0
191	95500.0	4.0
192	96000.0	2.0
193	96500.0	3.0
194	97000.0	3.0
195	97500.0	2.0
196	98000.0	2.0
197	98500.0	5.0
198	99000.0	3.0
199	99500.0	3.0
200	100000.0	4.0
201	100500.0	6.0
202	101000.0	3.0
203	101500.0	4.0
204	102000.0	5.0
205	102500.0	3.0
206	103000.0	3.0
207	103500.0	3.0
208	104000.0	2.0
209	104500.0	2.0
210	105000.0	1.0
211	105500.0	2.0
212	106000.0	7.0
213	106500.0	1.0
214	107000.0	5.0
215	107500.0	4.0
216	108000.0	8.0
217	108500.0	3.0
218	109000.0	4.0
219	109500.0	1.0
220	110000.0	4.0
221	110500.0	4.0
222	111000.0	3.0
223	111500.0	4.0
224	112000.0	2.0
225	112500.0	8.0
226	113000.0	9.0
227	113500.0	7.0
228	114000.0	1.0
229	114500.0	0.0
230	115000.0	5.0
231	115500.0	6.0
232	116000.0	4.0
233	116500.0	2.0
234	117000.0	4.0
235	117500.0	2.0
236	118000.0	2.0
237	118500.0	2.0
238	119000.0	2.0
239	119500.0	3.0
240	120000.0	3.0
241	120500.0	3.0
242	121000.0	3.0
243	121500.0	6.0
244	122000.0	3.0
245	122500.0	3.0
246	123000.0	4.0
247	123500.0	8.0
248	124000.0	5.0
249	124500.0	1.0
250	125000.0	5.0
251	125500.0	4.0
252	126000.0	4.0
253	126500.0	1.0
254	127000.0	2.0
255	127500.0	9.0
256	128000.0	3.0
257	128500.0	2.0
258	129000.0	2.0
259	129500.0	1.0
260	130000.0	3.0
261	130500.0	2.0
262	131000.0	2.0
263	131500.0	2.0
264	132000.0	2.0
265	132500.0	6.0
266	133000.0	4.0
267	133500.0	2.0
268	134000.0	4.0
269	134500.0	2.0
270	135000.0	4.0
271	135500.0	4.0
272	136000.0	3.0
273	136500.0	6.0
274	137000.0	6.0
275	137500.0	5.0
276	138000.0	4.0
277	138500.0	4.0
278	139000.0	4.0
279	139500.0	1.0
280	140000.0	4.0
281	140500.0	2.0
282	141000.0	4.0
283	141500.0	6.0
284	142000.0	1.0
285	142500.0	2.0
286	143000.0	6.0
287	143500.0	3.0
288	144000.0	2.0
289	144500.0	6.0
290	145000.0	3.0
291	145500.0	0.0
292	146000.0	8.0
293	146500.0	4.0
294	147000.0	1.0
295	147500.0	5.0
296	148000.0	2.0
297	148500.0	2.0
298	149000.0	5.0
299	149500.0	4.0
300	150000.0	3.0
301	150500.0	6.0
302	151000.0	3.0
303	151500.0	3.0
304	152000.0	4.0
305	152500.0	3.0
306	153000.0	3.0
307	153500.0	5.0
308	154000.0	3.0
309	154500.0	3.0
310	155000.0	7.0
311	155500.0	5.0
312	156000.0	4.0
313	156500.0	4.0
314	157000.0	4.0
315	157500.0	3.0
316	158000.0	3.0
317	158500.0	5.0
318	159000.0	1.0
319	159500.0	3.0
320	160000.0	2.0
321	160500.0	4.0
322	161000.0	7.0
323	161500.0	2.0
324	162000.0	2.0
325	162500.0	2.0
326	163000.0	3.0
327	163500.0	3.0
328	164000.0	4.0
329	164500.0	5.0
330	165000.0	1.0
331	165500.0	0.0
332	166000.0	6.0
333	166500.0	5.0
334	167000.0	2.0
335	167500.0	3.0
336	168000.0	1.0
337	168500.0	5.0
338	169000.0	4.0
339	169500.0	2.0
340	170000.0	5.0
341	170500.0	3.0
342	171000.0	4.0
343	171500.0	1.0
344	172000.0	5.0
345	172500.0	1.0
346	173000.0	0.0
347	173500.0	2.0
348	174000.0	5.0
349	174500.0	4.0
350	175000.0	2.0
351	175500.0	6.0
352	176000.0	2.0
353	176500.0	3.0
354	177000.0	1.0
355	177500.0	1.0
356	178000.0	2.0
357	178500.0	3.0
358	179000.0	4.0
359	179500.0	3.0
360	180000.0	3.0
361	180500.0	2.0
362	181000.0	3.0
363	181500.0	3.0
364	182000.0	2.0
365	182500.0	0.0
366	183000.0	2.0
367	183500.0	1.0
368	184000.0	4.0
369	184500.0	3.0
370	185000.0	1.0
371	185500.0	3.0
372	186000.0	4.0
373	186500.0	5.0
374	187000.0	1.0
375	187500.0	4.0
376	188000.0	4.0
377	188500.0	7.0
378	189000.0	2.0
379	189500.0	5.0
380	190000.0	3.0
381	190500.0	3.0
382	191000.0	3.0
383	191500.0	4.0
384	192000.0	8.0
385	192500.0	5.0
386	193000.0	9.0
387	193500.0	2.0
388	194000.0	2.0
389	194500.0	3.0
390	195000.0	1.0
391	195500.0	4.0
392	196000.0	2.0
393	196500.0	5.0
394	197000.0	3.0
395	197500.0	3.0
396	198000.0	2.0
397	198500.0	4.0
398	199000.0	3.0
399	199500.0	1.0
400	200000.0	2.0
401	200500.0	3.0
402	201000.0	1.0
403	201500.0	3.0
404	202000.0	2.0
405	202500.0	1.0
406	203000.0	1.0
407	203500.0	1.0
408	204000.0	2.0
409	204500.0	1.0
410	205000.0	4.0
411	205500.0	3.0
412	206000.0	1.0
413	206500.0	2.0
414	207000.0	1.0
415	207500.0	2.0
416	208000.0	3.0
417	208500.0	3.0
418	209000.0	1.0
419	209500.0	1.0
420	210000.0	6.0
421	210500.0	5.0
422	211000.0	3.0
423	211500.0	4.0
424	212000.0	1.0
425	212500.0	2.0
426	213000.0	1.0
427	213500.0	5.0
428	214000.0	4.0
429	214500.0	8.0
430	215000.0	4.0
431	215500.0	4.0
432	216000.0	4.0
433	216500.0	4.0
434	217000.0	1.0
435	217500.0	2.0
436	218000.0	3.0
437	218500.0	8.0
438	219000.0	2.0
439	219500.0	2.0
440	220000.0	5.0
441	220500.0	3.0
442	221000.0	1.0
443	221500.0	4.0
444	222000.0	1.0
445	222500.0	1.0
446	223000.0	2.0
447	223500.0	1.0
448	224000.0	3.0
449	224500.0	1.0
450	225000.0	0.0
451	225500.0	1.0
452	226000.0	1.0
453	226500.0	2.0
454	227000.0	2.0
455	227500.0	4.0
456	228000.0	4.0
457	228500.0	2.0
458	229000.0	6.0
459	229500.0	3.0
460	230000.0	4.0
461	230500.0	3.0
462	231000.0	3.0
463	231500.0	2.0
464	232000.0	6.0
465	232500.0	2.0
466	233000.0	6.0
467	233500.0	3.0
468	234000.0	4.0
469	234500.0	6.0
470	235000.0	3.0
471	235500.0	3.0
472	236000.0	2.0
473	236500.0	2.0
474	237000.0	3.0
475	237500.0	3.0
476	238000.0	4.0
477	238500.0	4.0
478	239000.0	4.0
479	239500.0	1.0
480	240000.0	4.0
481	240500.0	4.0
482	241000.0	2.0
483	241500.0	2.0
484	242000.0	4.0
485	242500.0	3.0
486	243000.0	1.0
487	243500.0	2.0
488	244000.0	1.0
489	244500.0	3.0
490	245000.0	2.0
491	245500.0	2.0
492	246000.0	2.0
493	246500.0	2.0
494	247000.0	3.0
495	247500.0	1.0
496	248000.0	0.0
497	248500.0	2.0
498	249000.0	2.0
499	249500.0	7.0
500	250000.0	2.0
501	250500.0	6.0
502	251000.0	4.0
503	251500.0	6.0
504	252000.0	5.0
505	252500.0	4.0
506	253000.0	4.0
507	253500.0	3.0
508	254000.0	0.0
509	254500.0	3.0
510	255000.0	3.0
511	255500.0	6.0
512	256000.0	5.0
513	256500.0	5.0
514	257000.0	2.0
515	257500.0	1.0
516	258000.0	6.0
517	258500.0	2.0
518	259000.0	3.0
519	259500.0	5.0
520	260000.0	2.0
521	260500.0	1.0
522	261000.0	5.0
523	261500.0	0.0
524	262000.0	5.0
525	262500.0	2.0
526	263000.0	2.0
527	263500.0	5.0
528	264000.0	4.0
529	264500.0	4.0
530	265000.0	3.0
531	265500.0	2.0
532	266000.0	4.0
533	266500.0	5.0
534	267000.0	1.0
535	267500.0	6.0
536	268000.0	4.0
537	268500.0	1.0
538	269000.0	3.0
539	269500.0	1.0
540	270000.0	1.0
541	270500.0	4.0
542	271000.0	1.0
543	271500.0	4.0
544	272000.0	2.0
545	272500.0	3.0
546	273000.0	2.0
547	273500.0	1.0
548	274000.0	0.0
549	274500.0	4.0
550	275000.0	4.0
551	275500.0	1.0
552	276000.0	4.0
553	276500.0	4.0
554	277000.0	5.0
555	277500.0	1.0
556	278000.0	3.0
557	278500.0	0.0
558	279000.0	3.0
559	279500.0	1.0
560	280000.0	2.0
561	280500.0	6.0
562	281000.0	2.0
563	281500.0	3.0
564	282000.0	6.0
565	282500.0	3.0
566	283000.0	0.0
567	283500.0	3.0
568	284000.0	1.0
569	284500.0	4.0
570	285000.0	3.0
571	285500.0	1.0
572	286000.0	3.0
573	286500.0	1.0
574	287000.0	2.0
575	287500.0	5.0
576	288000.0	4.0
577	288500.0	4.0
578	289000.0	1.0
579	289500.0	3.0
580	290000.0	6.0
581	290500.0	7.0
582	291000.0	3.0
583	291500.0	1.0
584	292000.0	3.0
585	292500.0	3.0
586	293000.0	7.0
587	293500.0	2.0
588	294000.0	3.0
589	294500.0	0.0
590	295000.0	5.0
591	295500.0	5.0
592	296000.0	0.0
593	296500.0	3.0
594	297000.0	3.0
595	297500.0	3.0
596	298000.0	3.0
597	298500.0	2.0
598	299000.0	2.0
599	299500.0	4.0
600	300000.0	3.0
601	300500.0	2.0
602	301000.0	5.0
603	301500.0	3.0
604	302000.0	4.0
605	302500.0	4.0
606	303000.0	0.0
607	303500.0	3.0
608	304000.0	3.0
609	304500.0	4.0
610	305000.0	3.0
611	305500.0	2.0
612	306000.0	6.0
613	306500.0	2.0
614	307000.0	3.0
615	307500.0	2.0
616	308000.0	7.0
617	308500.0	2.0
618	309000.0	2.0
619	309500.0	2.0
620	310000.0	2.0
621	310500.0	4.0
622	311000.0	4.0
623	311500.0	1.0
624	312000.0	1.0
625	312500.0	2.0
626	313000.0	2.0
627	313500.0	6.0
628	314000.0	5.0
629	314500.0	3.0
630	315000.0	1.0
631	315500.0	4.0
632	316000.0	2.0
633	316500.0	4.0
634	317000.0	5.0
635	317500.0	6.0
636	318000.0	4.0
637	318500.0	7.0
638	319000.0	0.0
639	319500.0	7.0
640	320000.0	2.0
641	320500.0	3.0
642	321000.0	0.0
643	321500.0	4.0
644	322000.0	1.0
645	322500.0	1.0
646	323000.0	7.0
647	323500.0	2.0
648	324000.0	2.0
649	324500.0	2.0
650	325000.0	1.0
651	325500.0	6.0
652	326000.0	4.0
653	326500.0	4.0
654	327000.0	2.0
655	327500.0	0.0
656	328000.0	1.0
657	328500.0	0.0
658	329000.0	5.0
659	329500.0	2.0
660	330000.0	2.0
661	330500.0	4.0
662	331000.0	1.0
663	331500.0	2.0
664	332000.0	1.0
665	332500.0	2.0
666	333000.0	3.0
667	333500.0	3.0
668	334000.0	2.0
669	334500.0	6.0
670	335000.0	1.0
671	335500.0	4.0
672	336000.0	1.0
673	336500.0	2.0
674	337000.0	2.0
675	337500.0	4.0
676	338000.0	3.0
677	338500.0	3.0
678	339000.0	1.0
679	339500.0	2.0
680	340000.0	2.0
681	340500.0	3.0
682	341000.0	4.0
683	341500.0	3.0
684	342000.0	4.0
685	342500.0	2.0
686	343000.0	2.0
687	343500.0	1.0
688	344000.0	4.0
689	344500.0	2.0
690	345000.0	2.0
691	345500.0	1.0
692	346000.0	4.0
693	346500.0	2.0
694	347000.0	4.0
695	347500.0	0.0
696	348000.0	2.0
697	348500.0	6.0
698	349000.0	1.0
699	349500.0	3.0
700	350000.0	0.0
701	350500.0	2.0
702	351000.0	3.0
703	351500.0	3.0
704	352000.0	2.0
705	352500.0	3.0
706	353000.0	4.0
707	353500.0	4.0
708	354000.0	2.0
709	354500.0	4.0
710	355000.0	0.0
711	355500.0	4.0
712	356000.0	3.0
713	356500.0	2.0
714	357000.0	4.0
715	357500.0	2.0
716	358000.0	4.0
717	358500.0	2.0
718	359000.0	4.0
719	359500.0	1.0
720	360000.0	3.0
721	360500.0	4.0
722	361000.0	1.0
723	361500.0	2.0
724	362000.0	2.0
725	362500.0	4.0
726	363000.0	0.0
727	363500.0	1.0
728	364000.0	1.0
729	364500.0	3.0
730	365000.0	2.0
731	365500.0	1.0
732	366000.0	6.0
733	366500.0	5.0
734	367000.0	0.0
735	367500.0	4.0
736	368000.0	7.0
737	368500.0	5.0
738	369000.0	4.0
739	369500.0	5.0
740	370000.0	4.0
741	370500.0	5.0
742	371000.0	4.0
743	371500.0	3.0
744	372000.0	3.0
745	372500.0	2.0
746	373000.0	6.0
747	373500.0	3.0
748	374000.0	3.0
749	374500.0	4.0
750	375000.0	4.0
751	375500.0	5.0
752	376000.0	1.0
753	376500.0	3.0
754	377000.0	6.0
755	377500.0	2.0
756	378000.0	2.0
757	378500.0	2.0
758	379000.0	2.0
759	379500.0	3.0
760	380000.0	2.0
761	380500.0	3.0
762	381000.0	2.0
763	381500.0	3.0
764	382000.0	3.0
765	382500.0	3.0
766	383000.0	1.0
767	383500.0	2.0
768	384000.0	1.0
769	384500.0	3.0
770	385000.0	2.0
771	385500.0	2.0
772	386000.0	2.0
773	386500.0	0.0
774	387000.0	2.0
775	387500.0	2.0
776	388000.0	2.0
777	388500.0	1.0
778	389000.0	3.0
779	389500.0	1.0
780	390000.0	10.0
781	390500.0	1.0
782	391000.0	3.0
783	391500.0	2.0
784	392000.0	2.0
785	392500.0	2.0
786	393000.0	0.0
787	393500.0	2.0
788	394000.0	1.0
789	394500.0	2.0
790	395000.0	5.0
791	395500.0	5.0
792	396000.0	6.0
793	396500.0	1.0
794	397000.0	4.0
795	397500.0	3.0
796	398000.0	0.0
797	398500.0	2.0
798	399000.0	3.0
799	399500.0	2.0
800	400000.0	3.0
801	400500.0	2.0
802	401000.0	3.0
803	401500.0	0.0
804	402000.0	2.0
805	402500.0	4.0
806	403000.0	4.0
807	403500.0	3.0
808	404000.0	3.0
809	404500.0	2.0
810	405000.0	2.0
811	405500.0	0.0
812	406000.0	0.0
813	406500.0	2.0
814	407000.0	4.0
815	407500.0	3.0
816	408000.0	3.0
817	408500.0	3.0
818	409000.0	4.0
819	409500.0	1.0
820	410000.0	3.0
821	410500.0	0.0
822	411000.0	5.0
823	411500.0	3.0
824	412000.0	1.0
825	412500.0	2.0
826	413000.0	4.0
827	413500.0	1.0
828	414000.0	2.0
829	414500.0	6.0
830	415000.0	5.0
831	415500.0	3.0
832	416000.0	2.0
833	416500.0	5.0
834	417000.0	4.0
835	417500.0	2.0
836	418000.0	1.0
837	418500.0	1.0
838	419000.0	1.0
839	419500.0	4.0
840	420000.0	4.0
841	420500.0	0.0
842	421000.0	1.0
843	421500.0	1.0
844	422000.0	4.0
845	422500.0	2.0
846	423000.0	2.0
847	423500.0	5.0
848	424000.0	1.0
849	424500.0	3.0
850	425000.0	2.0
851	425500.0	3.0
852	426000.0	2.0
853	426500.0	2.0
854	427000.0	3.0
855	427500.0	3.0
856	428000.0	2.0
857	428500.0	1.0
858	429000.0	2.0
859	429500.0	4.0
860	430000.0	4.0
861	430500.0	3.0
862	431000.0	4.0
863	431500.0	2.0
864	432000.0	1.0
865	432500.0	1.0
866	433000.0	2.0
867	433500.0	4.0
868	434000.0	4.0
869	434500.0	2.0
870	435000.0	0.0
871	435500.0	1.0
872	436000.0	1.0
873	436500.0	4.0
874	437000.0	5.0
875	437500.0	3.0
876	438000.0	5.0
877	438500.0	5.0
878	439000.0	2.0
879	439500.0	4.0
880	440000.0	4.0
881	440500.0	2.0
882	441000.0	0.0
883	441500.0	3.0
884	442000.0	1.0
885	442500.0	0.0
886	443000.0	1.0
887	443500.0	2.0
888	444000.0	5.0
889	444500.0	2.0
890	445000.0	3.0
891	445500.0	3.0
892	446000.0	0.0
893	446500.0	1.0
894	447000.0	1.0
895	447500.0	2.0
896	448000.0	8.0
897	448500.0	5.0
898	449000.0	2.0
899	449500.0	0.0
900	450000.0	0.0
901	450500.0	3.0
902	451000.0	1.0
903	451500.0	2.0
904	452000.0	2.0
905	452500.0	5.0
906	453000.0	1.0
907	453500.0	6.0
908	454000.0	6.0
909	454500.0	3.0
910	455000.0	3.0
911	455500.0	3.0
912	456000.0	2.0
913	456500.0	0.0
914	457000.0	2.0
915	457500.0	4.0
916	458000.0	4.0
917	458500.0	2.0
918	459000.0	4.0
919	459500.0	3.0
920	460000.0	5.0
921	460500.0	3.0
922	461000.0	4.0
923	461500.0	4.0
924	462000.0	2.0
925	462500.0	5.0
926	463000.0	2.0
927	463500.0	6.0
928	464000.0	0.0
929	464500.0	6.0
930	465000.0	4.0
931	465500.0	8.0
932	466000.0	2.0
933	466500.0	3.0
934	467000.0	1.0
935	467500.0	4.0
936	468000.0	0.0
937	468500.0	2.0
938	469000.0	2.0
939	469500.0	2.0
940	470000.0	4.0
941	470500.0	2.0
942	471000.0	5.0
943	471500.0	1.0
944	472000.0	2.0
945	472500.0	1.0
946	473000.0	8.0
947	473500.0	2.0
948	474000.0	4.0
949	474500.0	8.0
950	475000.0	1.0
951	475500.0	4.0
952	476000.0	3.0
953	476500.0	4.0
954	477000.0	2.0
955	477500.0	5.0
956	478000.0	3.0
957	478500.0	5.0
958	479000.0	2.0
959	479500.0	4.0
960	480000.0	1.0
961	480500.0	1.0
962	481000.0	3.0
963	481500.0	0.0
964	482000.0	3.0
965	482500.0	7.0
966	483000.0	2.0
967	483500.0	3.0
968	484000.0	3.0
969	484500.0	4.0
970	485000.0	5.0
971	485500.0	5.0
972	486000.0	2.0
973	486500.0	0.0
974	487000.0	5.0
975	487500.0	4.0
976	488000.0	5.0
977	488500.0	2.0
978	489000.0	3.0
979	489500.0	4.0
980	490000.0	5.0
981	490500.0	3.0
982	491000.0	4.0
983	491500.0	5.0
984	492000.0	8.0
985	492500.0	5.0
986	493000.0	3.0
987	493500.0	5.0
988	494000.0	4.0
989	494500.0	3.0
990	495000.0	6.0
991	495500.0	4.0
992	496000.0	1.0
993	496500.0	5.0
994	497000.0	1.0
995	497500.0	5.0
996	498000.0	2.0
997	498500.0	1.0
998	499000.0	5.0
999	499500.0	2.0
1000	500000.0	2.0
1001	500500.0	3.0
1002	501000.0	3.0
1003	501500.0	4.0
1004	502000.0	3.0
1005	502500.0	2.0
1006	503000.0	1.0
1007	503500.0	5.0
1008	504000.0	4.0
1009	504500.0	7.0
1010	505000.0	5.0
1011	505500.0	3.0
1012	506000.0	3.0
1013	506500.0	1.0
1014	507000.0	6.0
1015	507500.0	3.0
1016	508000.0	3.0
1017	508500.0	4.0
1018	509000.0	6.0
1019	509500.0	2.0
1020	510000.0	2.0
1021	510500.0	5.0
1022	511000.0	5.0
1023	511500.0	6.0
1024	512000.0	6.0
1025	512500.0	2.0
1026	513000.0	2.0
1027	513500.0	4.0
1028	514000.0	0.0
1029	514500.0	1.0
1030	515000.0	2.0
1031	515500.0	4.0
1032	516000.0	5.0
1033	516500.0	3.0
1034	517000.0	4.0
1035	517500.0	4.0
1036	518000.0	0.0
1037	518500.0	5.0
1038	519000.0	4.0
1039	519500.0	1.0
1040	520000.0	1.0
1041	520500.0	2.0
1042	521000.0	4.0
1043	521500.0	5.0
1044	522000.0	2.0
1045	522500.0	2.0
1046	523000.0	0.0
1047	523500.0	3.0
1048	524000.0	2.0
1049	524500.0	2.0
1050	525000.0	4.0
1051	525500.0	4.0
1052	526000.0	2.0
1053	526500.0	3.0
1054	527000.0	3.0
1055	527500.0	4.0
1056	528000.0	2.0
1057	528500.0	2.0
1058	529000.0	3.0
1059	529500.0	2.0
1060	530000.0	2.0
1061	530500.0	6.0
1062	531000.0	1.0
1063	531500.0	1.0
1064	532000.0	2.0
1065	532500.0	3.0
1066	533000.0	5.0
1067	533500.0	1.0
1068	534000.0	5.0
1069	534500.0	4.0
1070	535000.0	1.0
1071	535500.0	3.0
1072	536000.0	4.0
1073	536500.0	3.0
1074	537000.0	2.0
1075	537500.0	4.0
1076	538000.0	4.0
1077	538500.0	0.0
1078	539000.0	4.0
1079	539500.0	3.0
1080	540000.0	2.0
1081	540500.0	1.0
1082	541000.0	6.0
1083	541500.0	6.0
1084	542000.0	5.0
1085	542500.0	3.0
1086	543000.0	3.0
1087	543500.0	2.0
1088	544000.0	2.0
1089	544500.0	3.0
1090	545000.0	3.0
1091	545500.0	4.0
1092	546000.0	2.0
1093	546500.0	3.0
1094	547000.0	7.0
1095	547500.0	3.0
1096	548000.0	1.0
1097	548500.0	5.0
1098	549000.0	3.0
1099	549500.0	2.0
1100	550000.0	3.0
1101	550500.0	1.0
1102	551000.0	1.0
1103	551500.0	0.0
1104	552000.0	2.0
1105	552500.0	3.0
1106	553000.0	1.0
1107	553500.0	6.0
1108	554000.0	1.0
1109	554500.0	0.0
1110	555000.0	1.0
1111	555500.0	4.0
1112	556000.0	2.0
1113	556500.0	1.0
1114	557000.0	2.0
1115	557500.0	4.0
1116	558000.0	6.0
1117	558500.0	5.0
1118	559000.0	4.0
1119	559500.0	5.0
1120	560000.0	1.0
1121	560500.0	0.0
1122	561000.0	1.0
1123	561500.0	3.0
1124	562000.0	6.0
1125	562500.0	2.0
1126	563000.0	2.0
1127	563500.0	3.0
1128	564000.0	2.0
1129	564500.0	6.0
1130	565000.0	6.0
1131	565500.0	1.0
1132	566000.0	3.0
1133	566500.0	1.0
1134	567000.0	2.0
1135	567500.0	5.0
1136	568000.0	2.0
1137	568500.0	2.0
1138	569000.0	4.0
1139	569500.0	2.0
1140	570000.0	0.0
1141	570500.0	1.0
1142	571000.0	3.0
1143	571500.0	5.0
1144	572000.0	4.0
1145	572500.0	2.0
1146	573000.0	4.0
1147	573500.0	3.0
1148	574000.0	8.0
1149	574500.0	1.0
1150	575000.0	1.0
1151	575500.0	1.0
1152	576000.0	4.0
1153	576500.0	3.0
1154	577000.0	4.0
1155	577500.0	6.0
1156	578000.0	5.0
1157	578500.0	2.0
1158	579000.0	5.0
1159	579500.0	2.0
1160	580000.0	6.0
1161	580500.0	4.0
1162	581000.0	1.0
1163	581500.0	1.0
1164	582000.0	2.0
1165	582500.0	2.0
1166	583000.0	5.0
1167	583500.0	2.0
1168	584000.0	1.0
1169	584500.0	2.0
1170	585000.0	3.0
1171	585500.0	3.0
1172	586000.0	3.0
1173	586500.0	2.0
1174	587000.0	4.0
1175	587500.0	5.0
1176	588000.0	4.0
1177	588500.0	3.0
1178	589000.0	1.0
1179	589500.0	1.0
1180	590000.0	3.0
1181	590500.0	3.0
1182	591000.0	1.0
1183	591500.0	4.0
1184	592000.0	0.0
1185	592500.0	2.0
1186	593000.0	6.0
1187	593500.0	2.0
1188	594000.0	1.0
1189	594500.0	4.0
1190	595000.0	2.0
1191	595500.0	1.0
1192	596000.0	2.0
1193	596500.0	1.0
1194	597000.0	4.0
1195	597500.0	3.0
1196	598000.0	0.0
1197	598500.0	2.0
1198	599000.0	4.0
1199	599500.0	5.0
1200	600000.0	2.0
1201	600500.0	2.0
1202	601000.0	3.0
1203	601500.0	6.0
1204	602000.0	2.0
1205	602500.0	2.0
1206	603000.0	1.0
1207	603500.0	4.0
1208	604000.0	8.0
1209	604500.0	5.0
1210	605000.0	4.0
1211	605500.0	2.0
1212	606000.0	3.0
1213	606500.0	1.0
1214	607000.0	1.0
1215	607500.0	1.0
1216	608000.0	1.0
1217	608500.0	3.0
1218	609000.0	3.0
1219	609500.0	3.0
1220	610000.0	4.0
1221	610500.0	0.0
1222	611000.0	4.0
1223	611500.0	2.0
1224	612000.0	5.0
1225	612500.0	3.0
1226	613000.0	4.0
1227	613500.0	3.0
1228	614000.0	5.0
1229	614500.0	3.0
1230	615000.0	3.0
1231	615500.0	2.0
1232	616000.0	5.0
1233	616500.0	2.0
1234	617000.0	1.0
1235	617500.0	4.0
1236	618000.0	2.0
1237	618500.0	1.0
1238	619000.0	6.0
1239	619500.0	2.0
1240	620000.0	3.0
1241	620500.0	3.0
1242	621000.0	3.0
1243	621500.0	4.0
1244	622000.0	3.0
1245	622500.0	2.0
1246	623000.0	2.0
1247	623500.0	2.0
1248	624000.0	3.0
1249	624500.0	3.0
1250	625000.0	1.0
1251	625500.0	4.0
1252	626000.0	3.0
1253	626500.0	0.0
1254	627000.0	2.0
1255	627500.0	0.0
1256	628000.0	2.0
1257	628500.0	7.0
1258	629000.0	2.0
1259	629500.0	3.0
1260	630000.0	1.0
1261	630500.0	0.0
1262	631000.0	3.0
1263	631500.0	2.0
1264	632000.0	2.0
1265	632500.0	1.0
1266	633000.0	3.0
1267	633500.0	8.0
1268	634000.0	5.0
1269	634500.0	2.0
1270	635000.0	1.0
1271	635500.0	2.0
1272	636000.0	4.0
1273	636500.0	4.0
1274	637000.0	1.0
1275	637500.0	2.0
1276	638000.0	2.0
1277	638500.0	1.0
1278	639000.0	2.0
1279	639500.0	2.0
1280	640000.0	2.0
1281	640500.0	4.0
1282	641000.0	2.0
1283	641500.0	6.0
1284	642000.0	3.0
1285	642500.0	3.0
1286	643000.0	1.0
1287	643500.0	2.0
1288	644000.0	5.0
1289	644500.0	1.0
1290	645000.0	2.0
1291	645500.0	1.0
1292	646000.0	3.0
1293	646500.0	6.0
1294	647000.0	1.0
1295	647500.0	1.0
1296	648000.0	6.0
1297	648500.0	4.0
1298	649000.0	1.0
1299	649500.0	1.0
1300	650000.0	3.0
1301	650500.0	0.0
1302	651000.0	4.0
1303	651500.0	0.0
1304	652000.0	2.0
1305	652500.0	2.0
1306	653000.0	4.0
1307	653500.0	1.0
1308	654000.0	2.0
1309	654500.0	1.0
1310	655000.0	2.0
1311	655500.0	5.0
1312	656000.0	3.0
1313	656500.0	2.0
1314	657000.0	2.0
1315	657500.0	1.0
1316	658000.0	6.0
1317	658500.0	1.0
1318	659000.0	3.0
1319	659500.0	4.0
1320	660000.0	2.0
1321	660500.0	5.0
1322	661000.0	3.0
1323	661500.0	1.0
1324	662000.0	1.0
1325	662500.0	3.0
1326	663000.0	2.0
1327	663500.0	1.0
1328	664000.0	6.0
1329	664500.0	4.0
1330	665000.0	5.0
1331	665500.0	3.0
1332	666000.0	5.0
1333	666500.0	2.0
1334	667000.0	2.0
1335	667500.0	2.0
1336	668000.0	5.0
1337	668500.0	3.0
1338	669000.0	2.0
1339	669500.0	3.0
1340	670000.0	1.0
1341	670500.0	1.0
1342	671000.0	1.0
1343	671500.0	1.0
1344	672000.0	3.0
1345	672500.0	3.0
1346	673000.0	0.0
1347	673500.0	1.0
1348	674000.0	3.0
1349	674500.0	3.0
1350	675000.0	1.0
1351	675500.0	3.0
1352	676000.0	4.0
1353	676500.0	4.0
1354	677000.0	6.0
1355	677500.0	0.0
1356	678000.0	1.0
1357	678500.0	2.0
1358	679000.0	3.0
1359	679500.0	3.0
1360	680000.0	2.0
1361	680500.0	2.0
1362	681000.0	0.0
1363	681500.0	2.0
1364	682000.0	0.0
1365	682500.0	4.0
1366	683000.0	1.0
1367	683500.0	1.0
1368	684000.0	1.0
1369	684500.0	3.0
1370	685000.0	4.0
1371	685500.0	9.0
1372	686000.0	3.0
1373	686500.0	1.0
1374	687000.0	5.0
1375	687500.0	3.0
1376	688000.0	5.0
1377	688500.0	2.0
1378	689000.0	6.0
1379	689500.0	0.0
1380	690000.0	2.0
1381	690500.0	4.0
1382	691000.0	5.0
1383	691500.0	2.0
1384	692000.0	3.0
1385	692500.0	3.0
1386	693000.0	4.0
1387	693500.0	2.0
1388	694000.0	3.0
1389	694500.0	4.0
1390	695000.0	3.0
1391	695500.0	5.0
1392	696000.0	4.0
1393	696500.0	5.0
1394	697000.0	3.0
1395	697500.0	0.0
1396	698000.0	1.0
1397	698500.0	6.0
1398	699000.0	2.0
1399	699500.0	6.0
1400	700000.0	0.0
1401	700500.0	2.0
1402	701000.0	3.0
1403	701500.0	4.0
1404	702000.0	3.0
1405	702500.0	4.0
1406	703000.0	1.0
1407	703500.0	1.0
1408	704000.0	4.0
1409	704500.0	3.0
1410	705000.0	3.0
1411	705500.0	2.0
1412	706000.0	3.0
1413	706500.0	8.0
1414	707000.0	6.0
1415	707500.0	5.0
1416	708000.0	5.0
1417	708500.0	1.0
1418	709000.0	3.0
1419	709500.0	1.0
1420	710000.0	4.0
1421	710500.0	0.0
1422	711000.0	3.0
1423	711500.0	5.0
1424	712000.0	4.0
1425	712500.0	2.0
1426	713000.0	0.0
1427	713500.0	5.0
1428	714000.0	2.0
1429	714500.0	3.0
1430	715000.0	4.0
1431	715500.0	4.0
1432	716000.0	1.0
1433	716500.0	1.0
1434	717000.0	6.0
1435	717500.0	2.0
1436	718000.0	3.0
1437	718500.0	3.0
1438	719000.0	2.0
1439	719500.0	3.0
1440	720000.0	3.0
1441	720500.0	2.0
1442	721000.0	4.0
1443	721500.0	3.0
1444	722000.0	2.0
1445	722500.0	2.0
1446	723000.0	3.0
1447	723500.0	1.0
1448	724000.0	1.0
1449	724500.0	2.0
1450	725000.0	1.0
1451	725500.0	3.0
1452	726000.0	3.0
1453	726500.0	3.0
1454	727000.0	2.0
1455	727500.0	3.0
1456	728000.0	1.0
1457	728500.0	5.0
1458	729000.0	1.0
1459	729500.0	5.0
1460	730000.0	4.0
1461	730500.0	0.0
1462	731000.0	2.0
1463	731500.0	2.0
1464	732000.0	5.0
1465	732500.0	2.0
1466	733000.0	2.0
1467	733500.0	1.0
1468	734000.0	3.0
1469	734500.0	6.0
1470	735000.0	1.0
1471	735500.0	1.0
1472	736000.0	3.0
1473	736500.0	2.0
1474	737000.0	1.0
1475	737500.0	2.0
1476	738000.0	4.0
1477	738500.0	2.0
1478	739000.0	3.0
1479	739500.0	4.0
1480	740000.0	2.0
1481	740500.0	3.0
1482	741000.0	1.0
1483	741500.0	4.0
1484	742000.0	1.0
1485	742500.0	3.0
1486	743000.0	0.0
1487	743500.0	0.0
1488	744000.0	2.0
1489	744500.0	6.0
1490	745000.0	4.0
1491	745500.0	3.0
1492	746000.0	3.0
1493	746500.0	3.0
1494	747000.0	5.0
1495	747500.0	5.0
1496	748000.0	2.0
1497	748500.0	3.0
1498	749000.0	4.0
1499	749500.0	4.0
1500	750000.0	2.0
1501	750500.0	4.0
1502	751000.0	4.0
1503	751500.0	2.0
1504	752000.0	4.0
1505	752500.0	0.0
1506	753000.0	10.0
1507	753500.0	2.0
1508	754000.0	2.0
1509	754500.0	3.0
1510	755000.0	1.0
1511	755500.0	4.0
1512	756000.0	1.0
1513	756500.0	5.0
1514	757000.0	1.0
1515	757500.0	4.0
1516	758000.0	2.0
1517	758500.0	7.0
1518	759000.0	0.0
1519	759500.0	2.0
1520	760000.0	2.0
1521	760500.0	2.0
1522	761000.0	3.0
1523	761500.0	3.0
1524	762000.0	1.0
1525	762500.0	1.0
1526	763000.0	2.0
1527	763500.0	6.0
1528	764000.0	3.0
1529	764500.0	1.0
1530	765000.0	2.0
1531	765500.0	5.0
1532	766000.0	2.0
1533	766500.0	4.0
1534	767000.0	1.0
1535	767500.0	4.0
1536	768000.0	3.0
1537	768500.0	2.0
1538	769000.0	4.0
1539	769500.0	2.0
1540	770000.0	5.0
1541	770500.0	3.0
1542	771000.0	3.0
1543	771500.0	3.0
1544	772000.0	2.0
1545	772500.0	2.0
1546	773000.0	1.0
1547	773500.0	2.0
1548	774000.0	3.0
1549	774500.0	3.0
1550	775000.0	2.0
1551	775500.0	1.0
1552	776000.0	5.0
1553	776500.0	3.0
1554	777000.0	2.0
1555	777500.0	3.0
1556	778000.0	4.0
1557	778500.0	4.0
1558	779000.0	2.0
1559	779500.0	5.0
1560	780000.0	3.0
1561	780500.0	0.0
1562	781000.0	2.0
1563	781500.0	1.0
1564	782000.0	7.0
1565	782500.0	3.0
1566	783000.0	2.0
1567	783500.0	2.0
1568	784000.0	3.0
1569	784500.0	2.0
1570	785000.0	3.0
1571	785500.0	2.0
1572	786000.0	5.0
1573	786500.0	3.0
1574	787000.0	3.0
1575	787500.0	2.0
1576	788000.0	1.0
1577	788500.0	1.0
1578	789000.0	3.0
1579	789500.0	1.0
1580	790000.0	2.0
1581	790500.0	3.0
1582	791000.0	2.0
1583	791500.0	2.0
1584	792000.0	2.0
1585	792500.0	3.0
1586	793000.0	1.0
1587	793500.0	5.0
1588	794000.0	4.0
1589	794500.0	5.0
1590	795000.0	3.0
1591	795500.0	1.0
1592	796000.0	3.0
1593	796500.0	3.0
1594	797000.0	2.0
1595	797500.0	3.0
1596	798000.0	4.0
1597	798500.0	4.0
1598	799000.0	1.0
1599	799500.0	0.0
1600	800000.0	1.0
1601	800500.0	2.0
1602	801000.0	4.0
1603	801500.0	1.0
1604	802000.0	3.0
1605	802500.0	3.0
1606	803000.0	4.0
1607	803500.0	2.0
1608	804000.0	4.0
1609	804500.0	3.0
1610	805000.0	2.0
1611	805500.0	4.0
1612	806000.0	5.0
1613	806500.0	2.0
1614	807000.0	2.0
1615	807500.0	1.0
1616	808000.0	3.0
1617	808500.0	2.0
1618	809000.0	3.0
1619	809500.0	3.0
1620	810000.0	7.0
1621	810500.0	4.0
1622	811000.0	5.0
1623	811500.0	3.0
1624	812000.0	2.0
1625	812500.0	1.0
1626	813000.0	3.0
1627	813500.0	5.0
1628	814000.0	3.0
1629	814500.0	1.0
1630	815000.0	4.0
1631	815500.0	3.0
1632	816000.0	5.0
1633	816500.0	1.0
1634	817000.0	1.0
1635	817500.0	2.0
1636	818000.0	5.0
1637	818500.0	1.0
1638	819000.0	6.0
1639	819500.0	0.0
1640	820000.0	0.0
1641	820500.0	2.0
1642	821000.0	1.0
1643	821500.0	4.0
1644	822000.0	8.0
1645	822500.0	3.0
1646	823000.0	2.0
1647	823500.0	3.0
1648	824000.0	5.0
1649	824500.0	0.0
1650	825000.0	2.0
1651	825500.0	4.0
1652	826000.0	4.0
1653	826500.0	2.0
1654	827000.0	3.0
1655	827500.0	2.0
1656	828000.0	3.0
1657	828500.0	1.0
1658	829000.0	0.0
1659	829500.0	2.0
1660	830000.0	4.0
1661	830500.0	4.0
1662	831000.0	3.0
1663	831500.0	3.0
1664	832000.0	1.0
1665	832500.0	2.0
1666	833000.0	2.0
1667	833500.0	3.0
1668	834000.0	3.0
1669	834500.0	4.0
1670	835000.0	3.0
1671	835500.0	4.0
1672	836000.0	1.0
1673	836500.0	3.0
1674	837000.0	5.0
1675	837500.0	7.0
1676	838000.0	4.0
1677	838500.0	5.0
1678	839000.0	1.0
1679	839500.0	5.0
1680	840000.0	2.0
1681	840500.0	3.0
1682	841000.0	4.0
1683	841500.0	3.0
1684	842000.0	1.0
1685	842500.0	2.0
1686	843000.0	1.0
1687	843500.0	1.0
1688	844000.0	4.0
1689	844500.0	4.0
1690	845000.0	1.0
1691	845500.0	1.0
1692	846000.0	1.0
1693	846500.0	3.0
1694	847000.0	1.0
1695	847500.0	2.0
1696	848000.0	3.0
1697	848500.0	4.0
1698	849000.0	1.0
1699	849500.0	1.0
1700	850000.0	2.0
1701	850500.0	3.0
1702	851000.0	3.0
1703	851500.0	5.0
1704	852000.0	1.0
1705	852500.0	1.0
1706	853000.0	2.0
1707	853500.0	3.0
1708	854000.0	3.0
1709	854500.0	4.0
1710	855000.0	4.0
1711	855500.0	3.0
1712	856000.0	4.0
1713	856500.0	2.0
1714	857000.0	5.0
1715	857500.0	3.0
1716	858000.0	2.0
1717	858500.0	2.0
1718	859000.0	6.0
1719	859500.0	6.0
1720	860000.0	4.0
1721	860500.0	1.0
1722	861000.0	3.0
1723	861500.0	3.0
1724	862000.0	2.0
1725	862500.0	2.0
1726	863000.0	3.0
1727	863500.0	1.0
1728	864000.0	2.0
1729	864500.0	2.0
1730	865000.0	1.0
1731	865500.0	1.0
1732	866000.0	4.0
1733	866500.0	3.0
1734	867000.0	1.0
1735	867500.0	3.0
1736	868000.0	1.0
1737	868500.0	4.0
1738	869000.0	2.0
1739	869500.0	4.0
1740	870000.0	4.0
1741	870500.0	2.0
1742	871000.0	2.0
1743	871500.0	2.0
1744	872000.0	0.0
1745	872500.0	0.0
1746	873000.0	3.0
1747	873500.0	0.0
1748	874000.0	3.0
1749	874500.0	1.0
1750	875000.0	3.0
1751	875500.0	3.0
1752	876000.0	3.0
1753	876500.0	3.0
1754	877000.0	5.0
1755	877500.0	1.0
1756	878000.0	1.0
1757	878500.0	3.0
1758	879000.0	1.0
1759	879500.0	2.0
1760	880000.0	0.0
1761	880500.0	4.0
1762	881000.0	1.0
1763	881500.0	5.0
1764	882000.0	1.0
1765	882500.0	3.0
1766	883000.0	2.0
1767	883500.0	3.0
1768	884000.0	5.0
1769	884500.0	2.0
1770	885000.0	2.0
1771	885500.0	4.0
1772	886000.0	1.0
1773	886500.0	4.0
1774	887000.0	4.0
1775	887500.0	3.0
1776	888000.0	1.0
1777	888500.0	1.0
1778	889000.0	4.0
1779	889500.0	3.0
1780	890000.0	2.0
1781	890500.0	1.0
1782	891000.0	5.0
1783	891500.0	5.0
1784	892000.0	6.0
1785	892500.0	3.0
1786	893000.0	1.0
1787	893500.0	4.0
1788	894000.0	3.0
1789	894500.0	5.0
1790	895000.0	3.0
1791	895500.0	4.0
1792	896000.0	0.0
1793	896500.0	3.0
1794	897000.0	0.0
1795	897500.0	3.0
1796	898000.0	1.0
1797	898500.0	1.0
1798	899000.0	4.0
1799	899500.0	1.0
1800	900000.0	2.0
1801	900500.0	0.0
1802	901000.0	6.0
1803	901500.0	5.0
1804	902000.0	2.0
1805	902500.0	2.0
1806	903000.0	1.0
1807	903500.0	1.0
1808	904000.0	2.0
1809	904500.0	3.0
1810	905000.0	2.0
1811	905500.0	3.0
1812	906000.0	4.0
1813	906500.0	1.0
1814	907000.0	5.0
1815	907500.0	5.0
1816	908000.0	2.0
1817	908500.0	3.0
1818	909000.0	4.0
1819	909500.0	2.0
1820	910000.0	1.0
1821	910500.0	3.0
1822	911000.0	0.0
1823	911500.0	2.0
1824	912000.0	1.0
1825	912500.0	2.0
1826	913000.0	4.0
1827	913500.0	1.0
1828	914000.0	2.0
1829	914500.0	2.0
1830	915000.0	3.0
1831	915500.0	3.0
1832	916000.0	3.0
1833	916500.0	2.0
1834	917000.0	1.0
1835	917500.0	1.0
1836	918000.0	4.0
1837	918500.0	6.0
1838	919000.0	5.0
1839	919500.0	2.0
1840	920000.0	4.0
1841	920500.0	6.0
1842	921000.0	2.0
1843	921500.0	2.0
1844	922000.0	3.0
1845	922500.0	3.0
1846	923000.0	3.0
1847	923500.0	2.0
1848	924000.0	3.0
1849	924500.0	3.0
1850	925000.0	2.0
1851	925500.0	5.0
1852	926000.0	2.0
1853	926500.0	3.0
1854	927000.0	1.0
1855	927500.0	6.0
1856	928000.0	1.0
1857	928500.0	2.0
1858	929000.0	1.0
1859	929500.0	3.0
1860	930000.0	3.0
1861	930500.0	4.0
1862	931000.0	2.0
1863	931500.0	1.0
1864	932000.0	3.0
1865	932500.0	2.0
1866	933000.0	2.0
1867	933500.0	0.0
1868	934000.0	4.0
1869	934500.0	3.0
1870	935000.0	5.0
1871	935500.0	1.0
1872	936000.0	0.0
1873	936500.0	4.0
1874	937000.0	2.0
1875	937500.0	2.0
1876	938000.0	2.0
1877	938500.0	1.0
1878	939000.0	1.0
1879	939500.0	2.0
1880	940000.0	4.0
1881	940500.0	3.0
1882	941000.0	6.0
1883	941500.0	1.0
1884	942000.0	4.0
1885	942500.0	3.0
1886	943000.0	4.0
1887	943500.0	3.0
1888	944000.0	1.0
1889	944500.0	4.0
1890	945000.0	5.0
1891	945500.0	3.0
1892	946000.0	1.0
1893	946500.0	2.0
1894	947000.0	5.0
1895	947500.0	3.0
1896	948000.0	5.0
1897	948500.0	6.0
1898	949000.0	4.0
1899	949500.0	2.0
1900	950000.0	2.0
1901	950500.0	3.0
1902	951000.0	1.0
1903	951500.0	3.0
1904	952000.0	0.0
1905	952500.0	3.0
1906	953000.0	1.0
1907	953500.0	3.0
1908	954000.0	2.0
1909	954500.0	0.0
1910	955000.0	5.0
1911	955500.0	2.0
1912	956000.0	3.0
1913	956500.0	3.0
1914	957000.0	3.0
1915	957500.0	1.0
1916	958000.0	3.0
1917	958500.0	4.0
1918	959000.0	4.0
1919	959500.0	3.0
1920	960000.0	3.0
1921	960500.0	1.0
1922	961000.0	2.0
1923	961500.0	2.0
1924	962000.0	0.0
1925	962500.0	1.0
1926	963000.0	4.0
1927	963500.0	1.0
1928	964000.0	3.0
1929	964500.0	5.0
1930	965000.0	1.0
1931	965500.0	3.0
1932	966000.0	4.0
1933	966500.0	2.0
1934	967000.0	2.0
1935	967500.0	2.0
1936	968000.0	3.0
1937	968500.0	1.0
1938	969000.0	3.0
1939	969500.0	3.0
1940	970000.0	5.0
1941	970500.0	2.0
1942	971000.0	7.0
1943	971500.0	0.0
1944	972000.0	5.0
1945	972500.0	4.0
1946	973000.0	3.0
1947	973500.0	4.0
1948	974000.0	4.0
1949	974500.0	3.0
1950	975000.0	0.0
1951	975500.0	3.0
1952	976000.0	2.0
1953	976500.0	2.0
1954	977000.0	2.0
1955	977500.0	2.0
1956	978000.0	1.0
1957	978500.0	1.0
1958	979000.0	2.0
1959	979500.0	1.0
1960	980000.0	2.0
1961	980500.0	1.0
1962	981000.0	4.0
1963	981500.0	1.0
1964	982000.0	3.0
1965	982500.0	1.0
1966	983000.0	1.0
1967	983500.0	2.0
1968	984000.0	1.0
1969	984500.0	3.0
1970	985000.0	3.0
1971	985500.0	3.0
1972	986000.0	2.0
1973	986500.0	0.0
1974	987000.0	7.0
1975	987500.0	4.0
1976	988000.0	1.0
1977	988500.0	1.0
1978	989000.0	3.0
1979	989500.0	5.0
1980	990000.0	1.0
1981	990500.0	3.0
1982	991000.0	0.0
1983	991500.0	1.0
1984	992000.0	2.0
1985	992500.0	1.0
1986	993000.0	0.0
1987	993500.0	0.0
1988	994000.0	0.0
1989	994500.0	6.0
1990	995000.0	3.0
1991	995500.0	0.0
1992	996000.0	1.0
1993	996500.0	5.0
1994	997000.0	4.0
1995	997500.0	5.0
1996	998000.0	1.0
1997	998500.0	3.0
1998	999000.0	3.0
1999	999500.0	4.0
2000	1000000.0	7.0
2001	1000500.0	1.0
2002	1001000.0	3.0
2003	1001500.0	3.0
2004	1002000.0	1.0
2005	1002500.0	2.0
2006	1003000.0	2.0
2007	1003500.0	1.0
2008	1004000.0	5.0
2009	1004500.0	1.0
2010	1005000.0	1.0
2011	1005500.0	0.0
2012	1006000.0	2.0
2013	1006500.0	4.0
2014	1007000.0	4.0
2015	1007500.0	3.0
2016	1008000.0	4.0
2017	1008500.0	4.0
2018	1009000.0	1.0
2019	1009500.0	4.0
2020	1010000.0	3.0
2021	1010500.0	1.0
2022	1011000.0	3.0
2023	1011500.0	2.0
2024	1012000.0	2.0
2025	1012500.0	1.0
2026	1013000.0	3.0
2027	1013500.0	0.0
2028	1014000.0	1.0
2029	1014500.0	2.0
2030	1015000.0	4.0
2031	1015500.0	2.0
2032	1016000.0	1.0
2033	1016500.0	1.0
2034	1017000.0	2.0
2035	1017500.0	6.0
2036	1018000.0	3.0
2037	1018500.0	3.0
2038	1019000.0	2.0
2039	1019500.0	2.0
2040	1020000.0	0.0
2041	1020500.0	0.0
2042	1021000.0	1.0
2043	1021500.0	2.0
2044	1022000.0	2.0
2045	1022500.0	0.0
2046	1023000.0	3.0
2047	1023500.0	6.0
2048	1024000.0	1.0
2049	1024500.0	3.0
2050	1025000.0	3.0
2051	1025500.0	1.0
2052	1026000.0	3.0
2053	1026500.0	3.0
2054	1027000.0	5.0
2055	1027500.0	5.0
2056	1028000.0	1.0
2057	1028500.0	4.0
2058	1029000.0	2.0
2059	1029500.0	6.0
2060	1030000.0	4.0
2061	1030500.0	1.0
2062	1031000.0	3.0
2063	1031500.0	2.0
2064	1032000.0	4.0
2065	1032500.0	4.0
2066	1033000.0	2.0
2067	1033500.0	7.0
2068	1034000.0	3.0
2069	1034500.0	1.0
2070	1035000.0	3.0
2071	1035500.0	1.0
2072	1036000.0	3.0
2073	1036500.0	2.0
2074	1037000.0	3.0
2075	1037500.0	0.0
2076	1038000.0	3.0
2077	1038500.0	4.0
2078	1039000.0	3.0
2079	1039500.0	2.0
2080	1040000.0	3.0
2081	1040500.0	1.0
2082	1041000.0	1.0
2083	1041500.0	1.0
2084	1042000.0	3.0
2085	1042500.0	1.0
2086	1043000.0	2.0
2087	1043500.0	4.0
2088	1044000.0	3.0
2089	1044500.0	2.0
2090	1045000.0	3.0
2091	1045500.0	5.0
2092	1046000.0	1.0
2093	1046500.0	1.0
2094	1047000.0	3.0
2095	1047500.0	2.0
2096	1048000.0	5.0
2097	1048500.0	2.0
2098	1049000.0	3.0
2099	1049500.0	6.0
2100	1050000.0	2.0
2101	1050500.0	5.0
2102	1051000.0	7.0
2103	1051500.0	4.0
2104	1052000.0	5.0
2105	1052500.0	1.0
2106	1053000.0	3.0
2107	1053500.0	1.0
2108	1054000.0	6.0
2109	1054500.0	3.0
2110	1055000.0	4.0
2111	1055500.0	1.0
2112	1056000.0	4.0
2113	1056500.0	5.0
2114	1057000.0	5.0
2115	1057500.0	3.0
2116	1058000.0	6.0
2117	1058500.0	4.0
2118	1059000.0	1.0
2119	1059500.0	1.0
2120	1060000.0	1.0
2121	1060500.0	4.0
2122	1061000.0	4.0
2123	1061500.0	3.0
2124	1062000.0	2.0
2125	1062500.0	4.0
2126	1063000.0	4.0
2127	1063500.0	4.0
2128	1064000.0	3.0
2129	1064500.0	5.0
2130	1065000.0	3.0
2131	1065500.0	1.0
2132	1066000.0	3.0
2133	1066500.0	3.0
2134	1067000.0	3.0
2135	1067500.0	7.0
2136	1068000.0	2.0
2137	1068500.0	1.0
2138	1069000.0	3.0
2139	1069500.0	4.0
2140	1070000.0	4.0
2141	1070500.0	2.0
2142	1071000.0	3.0
2143	1071500.0	1.0
2144	1072000.0	2.0
2145	1072500.0	1.0
2146	1073000.0	4.0
2147	1073500.0	3.0
2148	1074000.0	1.0
2149	1074500.0	4.0
2150	1075000.0	2.0
2151	1075500.0	0.0
2152	1076000.0	3.0
2153	1076500.0	0.0
2154	1077000.0	3.0
2155	1077500.0	3.0
2156	1078000.0	2.0
2157	1078500.0	1.0
2158	1079000.0	3.0
2159	1079500.0	3.0
2160	1080000.0	1.0
2161	1080500.0	5.0
2162	1081000.0	1.0
2163	1081500.0	5.0
2164	1082000.0	3.0
2165	1082500.0	5.0
2166	1083000.0	1.0
2167	1083500.0	3.0
2168	1084000.0	3.0
2169	1084500.0	4.0
2170	1085000.0	2.0
2171	1085500.0	2.0
2172	1086000.0	2.0
2173	1086500.0	2.0
2174	1087000.0	3.0
2175	1087500.0	1.0
2176	1088000.0	2.0
2177	1088500.0	3.0
2178	1089000.0	3.0
2179	1089500.0	2.0
2180	1090000.0	2.0
2181	1090500.0	1.0
2182	1091000.0	1.0
2183	1091500.0	5.0
2184	1092000.0	1.0
2185	1092500.0	3.0
2186	1093000.0	2.0
2187	1093500.0	4.0
2188	1094000.0	2.0
2189	1094500.0	2.0
2190	1095000.0	0.0
2191	1095500.0	3.0
2192	1096000.0	3.0
2193	1096500.0	5.0
2194	1097000.0	1.0
2195	1097500.0	4.0
2196	1098000.0	1.0
2197	1098500.0	5.0
2198	1099000.0	0.0
2199	1099500.0	2.0
2200	1100000.0	5.0
2201	1100500.0	1.0
2202	1101000.0	2.0
2203	1101500.0	3.0
2204	1102000.0	3.0
2205	1102500.0	0.0
2206	1103000.0	2.0
2207	1103500.0	2.0
2208	1104000.0	1.0
2209	1104500.0	3.0
2210	1105000.0	4.0
2211	1105500.0	5.0
2212	1106000.0	2.0
2213	1106500.0	0.0
2214	1107000.0	9.0
2215	1107500.0	2.0
2216	1108000.0	3.0
2217	1108500.0	3.0
2218	1109000.0	3.0
2219	1109500.0	2.0
2220	1110000.0	2.0
2221	1110500.0	1.0
2222	1111000.0	3.0
2223	1111500.0	2.0
2224	1112000.0	1.0
2225	1112500.0	3.0
2226	1113000.0	4.0
2227	1113500.0	1.0
2228	1114000.0	2.0
2229	1114500.0	1.0
2230	1115000.0	1.0
2231	1115500.0	2.0
2232	1116000.0	3.0
2233	1116500.0	2.0
2234	1117000.0	3.0
2235	1117500.0	4.0
2236	1118000.0	6.0
2237	1118500.0	2.0
2238	1119000.0	3.0
2239	1119500.0	1.0
2240	1120000.0	1.0
2241	1120500.0	5.0
2242	1121000.0	2.0
2243	1121500.0	2.0
2244	1122000.0	1.0
2245	1122500.0	2.0
2246	1123000.0	4.0
2247	1123500.0	4.0
2248	1124000.0	2.0
2249	1124500.0	2.0
2250	1125000.0	2.0
2251	1125500.0	5.0
2252	1126000.0	2.0
2253	1126500.0	1.0
2254	1127000.0	2.0
2255	1127500.0	3.0
2256	1128000.0	1.0
2257	1128500.0	2.0
2258	1129000.0	3.0
2259	1129500.0	5.0
2260	1130000.0	4.0
2261	1130500.0	2.0
2262	1131000.0	1.0
2263	1131500.0	2.0
2264	1132000.0	2.0
2265	1132500.0	3.0
2266	1133000.0	1.0
2267	1133500.0	4.0
2268	1134000.0	3.0
2269	1134500.0	7.0
2270	1135000.0	1.0
2271	1135500.0	2.0
2272	1136000.0	3.0
2273	1136500.0	4.0
2274	1137000.0	3.0
2275	1137500.0	3.0
2276	1138000.0	4.0
2277	1138500.0	3.0
2278	1139000.0	1.0
2279	1139500.0	1.0
2280	1140000.0	3.0
2281	1140500.0	0.0
2282	1141000.0	4.0
2283	1141500.0	0.0
2284	1142000.0	3.0
2285	1142500.0	4.0
2286	1143000.0	2.0
2287	1143500.0	2.0
2288	1144000.0	7.0
2289	1144500.0	2.0
2290	1145000.0	2.0
2291	1145500.0	3.0
2292	1146000.0	1.0
2293	1146500.0	3.0
2294	1147000.0	1.0
2295	1147500.0	4.0
2296	1148000.0	4.0
2297	1148500.0	2.0
2298	1149000.0	2.0
2299	1149500.0	1.0
2300	1150000.0	3.0
2301	1150500.0	1.0
2302	1151000.0	1.0
2303	1151500.0	4.0
2304	1152000.0	4.0
2305	1152500.0	3.0
2306	1153000.0	5.0
2307	1153500.0	4.0
2308	1154000.0	1.0
2309	1154500.0	4.0
2310	1155000.0	4.0
2311	1155500.0	3.0
2312	1156000.0	6.0
2313	1156500.0	3.0
2314	1157000.0	1.0
2315	1157500.0	1.0
2316	1158000.0	3.0
2317	1158500.0	2.0
2318	1159000.0	2.0
2319	1159500.0	3.0
2320	1160000.0	2.0
2321	1160500.0	0.0
2322	1161000.0	1.0
2323	1161500.0	2.0
2324	1162000.0	2.0
2325	1162500.0	1.0
2326	1163000.0	1.0
2327	1163500.0	4.0
2328	1164000.0	2.0
2329	1164500.0	1.0
2330	1165000.0	5.0
2331	1165500.0	3.0
2332	1166000.0	2.0
2333	1166500.0	5.0
2334	1167000.0	1.0
2335	1167500.0	4.0
2336	1168000.0	3.0
2337	1168500.0	3.0
2338	1169000.0	1.0
2339	1169500.0	1.0
2340	1170000.0	3.0
2341	1170500.0	4.0
2342	1171000.0	5.0
2343	1171500.0	5.0
2344	1172000.0	2.0
2345	1172500.0	0.0
2346	1173000.0	2.0
2347	1173500.0	2.0
2348	1174000.0	2.0
2349	1174500.0	4.0
2350	1175000.0	3.0
2351	1175500.0	4.0
2352	1176000.0	0.0
2353	1176500.0	4.0
2354	1177000.0	2.0
2355	1177500.0	2.0
2356	1178000.0	5.0
2357	1178500.0	2.0
2358	1179000.0	1.0
2359	1179500.0	2.0
2360	1180000.0	3.0
2361	1180500.0	3.0
2362	1181000.0	6.0
2363	1181500.0	1.0
2364	1182000.0	2.0
2365	1182500.0	4.0
2366	1183000.0	3.0
2367	1183500.0	2.0
2368	1184000.0	2.0
2369	1184500.0	4.0
2370	1185000.0	2.0
2371	1185500.0	2.0
2372	1186000.0	2.0
2373	1186500.0	5.0
2374	1187000.0	2.0
2375	1187500.0	2.0
2376	1188000.0	1.0
2377	1188500.0	3.0
2378	1189000.0	3.0
2379	1189500.0	0.0
2380	1190000.0	1.0
2381	1190500.0	3.0
2382	1191000.0	2.0
2383	1191500.0	2.0
2384	1192000.0	0.0
2385	1192500.0	1.0
2386	1193000.0	1.0
2387	1193500.0	3.0
2388	1194000.0	1.0
2389	1194500.0	2.0
2390	1195000.0	4.0
2391	1195500.0	3.0
2392	1196000.0	3.0
2393	1196500.0	2.0
2394	1197000.0	6.0
2395	1197500.0	0.0
2396	1198000.0	4.0
2397	1198500.0	2.0
2398	1199000.0	4.0
2399	1199500.0	1.0
2400	1200000.0	4.0
2401	1200500.0	3.0
2402	1201000.0	2.0
2403	1201500.0	4.0
2404	1202000.0	1.0
2405	1202500.0	3.0
2406	1203000.0	2.0
2407	1203500.0	1.0
2408	1204000.0	2.0
2409	1204500.0	3.0
2410	1205000.0	0.0
2411	1205500.0	0.0
2412	1206000.0	2.0
2413	1206500.0	2.0
2414	1207000.0	3.0
2415	1207500.0	2.0
2416	1208000.0	4.0
2417	1208500.0	5.0
2418	1209000.0	0.0
2419	1209500.0	0.0
2420	1210000.0	1.0
2421	1210500.0	1.0
2422	1211000.0	4.0
2423	1211500.0	2.0
2424	1212000.0	1.0
2425	1212500.0	0.0
2426	1213000.0	0.0
2427	1213500.0	3.0
2428	1214000.0	4.0
2429	1214500.0	2.0
2430	1215000.0	3.0
2431	1215500.0	2.0
2432	1216000.0	5.0
2433	1216500.0	7.0
2434	1217000.0	2.0
2435	1217500.0	5.0
2436	1218000.0	4.0
2437	1218500.0	1.0
2438	1219000.0	2.0
2439	1219500.0	3.0
2440	1220000.0	1.0
2441	1220500.0	1.0
2442	1221000.0	5.0
2443	1221500.0	1.0
2444	1222000.0	2.0
2445	1222500.0	3.0
2446	1223000.0	1.0
2447	1223500.0	1.0
2448	1224000.0	1.0
2449	1224500.0	4.0
2450	1225000.0	3.0
2451	1225500.0	3.0
2452	1226000.0	2.0
2453	1226500.0	2.0
2454	1227000.0	0.0
2455	1227500.0	2.0
2456	1228000.0	1.0
2457	1228500.0	1.0
2458	1229000.0	2.0
2459	1229500.0	2.0
2460	1230000.0	3.0
2461	1230500.0	4.0
2462	1231000.0	2.0
2463	1231500.0	2.0
2464	1232000.0	4.0
2465	1232500.0	3.0
2466	1233000.0	2.0
2467	1233500.0	1.0
2468	1234000.0	3.0
2469	1234500.0	1.0
2470	1235000.0	3.0
2471	1235500.0	7.0
2472	1236000.0	2.0
2473	1236500.0	2.0
2474	1237000.0	4.0
2475	1237500.0	3.0
2476	1238000.0	2.0
2477	1238500.0	1.0
2478	1239000.0	3.0
2479	1239500.0	2.0
2480	1240000.0	2.0
2481	1240500.0	0.0
2482	1241000.0	1.0
2483	1241500.0	1.0
2484	1242000.0	6.0
2485	1242500.0	3.0
2486	1243000.0	2.0
2487	1243500.0	1.0
2488	1244000.0	3.0
2489	1244500.0	5.0
2490	1245000.0	3.0
2491	1245500.0	0.0
2492	1246000.0	2.0
2493	1246500.0	1.0
2494	1247000.0	1.0
2495	1247500.0	3.0
2496	1248000.0	3.0
2497	1248500.0	0.0
2498	1249000.0	1.0
2499	1249500.0	5.0
2500	1250000.0	2.0
2501	1250500.0	3.0
2502	1251000.0	1.0
2503	1251500.0	2.0
2504	1252000.0	3.0
2505	1252500.0	3.0
2506	1253000.0	6.0
2507	1253500.0	1.0
2508	1254000.0	2.0
2509	1254500.0	2.0
2510	1255000.0	3.0
2511	1255500.0	0.0
2512	1256000.0	2.0
2513	1256500.0	1.0
2514	1257000.0	4.0
2515	1257500.0	2.0
2516	1258000.0	2.0
2517	1258500.0	0.0
2518	1259000.0	0.0
2519	1259500.0	3.0
2520	1260000.0	1.0
2521	1260500.0	4.0
2522	1261000.0	2.0
2523	1261500.0	3.0
2524	1262000.0	7.0
2525	1262500.0	2.0
2526	1263000.0	4.0
2527	1263500.0	1.0
2528	1264000.0	0.0
2529	1264500.0	1.0
2530	1265000.0	3.0
2531	1265500.0	3.0
2532	1266000.0	3.0
2533	1266500.0	3.0
2534	1267000.0	2.0
2535	1267500.0	4.0
2536	1268000.0	1.0
2537	1268500.0	1.0
2538	1269000.0	1.0
2539	1269500.0	2.0
2540	1270000.0	2.0
2541	1270500.0	2.0
2542	1271000.0	2.0
2543	1271500.0	3.0
2544	1272000.0	1.0
2545	1272500.0	3.0
2546	1273000.0	1.0
2547	1273500.0	1.0
2548	1274000.0	5.0
2549	1274500.0	0.0
2550	1275000.0	5.0
2551	1275500.0	4.0
2552	1276000.0	2.0
2553	1276500.0	2.0
2554	1277000.0	2.0
2555	1277500.0	1.0
2556	1278000.0	3.0
2557	1278500.0	1.0
2558	1279000.0	2.0
2559	1279500.0	2.0
2560	1280000.0	0.0
2561	1280500.0	7.0
2562	1281000.0	3.0
2563	1281500.0	0.0
2564	1282000.0	3.0
2565	1282500.0	3.0
2566	1283000.0	6.0
2567	1283500.0	2.0
2568	1284000.0	2.0
2569	1284500.0	0.0
2570	1285000.0	1.0
2571	1285500.0	3.0
2572	1286000.0	4.0
2573	1286500.0	1.0
2574	1287000.0	5.0
2575	1287500.0	1.0
2576	1288000.0	4.0
2577	1288500.0	5.0
2578	1289000.0	5.0
2579	1289500.0	2.0
2580	1290000.0	3.0
2581	1290500.0	6.0
2582	1291000.0	2.0
2583	1291500.0	2.0
2584	1292000.0	2.0
2585	1292500.0	2.0
2586	1293000.0	1.0
2587	1293500.0	3.0
2588	1294000.0	1.0
2589	1294500.0	3.0
2590	1295000.0	4.0
2591	1295500.0	3.0
2592	1296000.0	0.0
2593	1296500.0	2.0
2594	1297000.0	3.0
2595	1297500.0	1.0
2596	1298000.0	3.0
2597	1298500.0	2.0
2598	1299000.0	1.0
2599	1299500.0	2.0
2600	1300000.0	4.0
2601	1300500.0	1.0
2602	1301000.0	2.0
2603	1301500.0	2.0
2604	1302000.0	1.0
2605	1302500.0	0.0
2606	1303000.0	3.0
2607	1303500.0	2.0
2608	1304000.0	1.0
2609	1304500.0	2.0
2610	1305000.0	3.0
2611	1305500.0	1.0
2612	1306000.0	5.0
2613	1306500.0	3.0
2614	1307000.0	1.0
2615	1307500.0	2.0
2616	1308000.0	2.0
2617	1308500.0	2.0
2618	1309000.0	2.0
2619	1309500.0	2.0
2620	1310000.0	2.0
2621	1310500.0	2.0
2622	1311000.0	2.0
2623	1311500.0	3.0
2624	1312000.0	2.0
2625	1312500.0	3.0
2626	1313000.0	0.0
2627	1313500.0	1.0
2628	1314000.0	2.0
2629	1314500.0	4.0
2630	1315000.0	2.0
2631	1315500.0	1.0
2632	1316000.0	1.0
2633	1316500.0	2.0
2634	1317000.0	0.0
2635	1317500.0	1.0
2636	1318000.0	3.0
2637	1318500.0	1.0
2638	1319000.0	2.0
2639	1319500.0	2.0
2640	1320000.0	0.0
2641	1320500.0	2.0
2642	1321000.0	1.0
2643	1321500.0	1.0
2644	1322000.0	4.0
2645	1322500.0	1.0
2646	1323000.0	1.0
2647	1323500.0	5.0
2648	1324000.0	5.0
2649	1324500.0	3.0
2650	1325000.0	2.0
2651	1325500.0	2.0
2652	1326000.0	4.0
2653	1326500.0	3.0
2654	1327000.0	3.0
2655	1327500.0	1.0
2656	1328000.0	4.0
2657	1328500.0	3.0
2658	1329000.0	3.0
2659	1329500.0	2.0
2660	1330000.0	3.0
2661	1330500.0	0.0
2662	1331000.0	4.0
2663	1331500.0	3.0
2664	1332000.0	2.0
2665	1332500.0	3.0
2666	1333000.0	1.0
2667	1333500.0	3.0
2668	1334000.0	2.0
2669	1334500.0	4.0
2670	1335000.0	1.0
2671	1335500.0	5.0
2672	1336000.0	1.0
2673	1336500.0	2.0
2674	1337000.0	1.0
2675	1337500.0	2.0
2676	1338000.0	1.0
2677	1338500.0	1.0
2678	1339000.0	1.0
2679	1339500.0	2.0
2680	1340000.0	1.0
2681	1340500.0	1.0
2682	1341000.0	2.0
2683	1341500.0	1.0
2684	1342000.0	1.0
2685	1342500.0	1.0
2686	1343000.0	4.0
2687	1343500.0	3.0
2688	1344000.0	1.0
2689	1344500.0	2.0
2690	1345000.0	5.0
2691	1345500.0	2.0
2692	1346000.0	5.0
2693	1346500.0	3.0
2694	1347000.0	1.0
2695	1347500.0	1.0
2696	1348000.0	1.0
2697	1348500.0	3.0
2698	1349000.0	2.0
2699	1349500.0	3.0
2700	1350000.0	2.0
2701	1350500.0	5.0
2702	1351000.0	1.0
2703	1351500.0	0.0
2704	1352000.0	4.0
2705	1352500.0	0.0
2706	1353000.0	1.0
2707	1353500.0	2.0
2708	1354000.0	2.0
2709	1354500.0	1.0
2710	1355000.0	2.0
2711	1355500.0	3.0
2712	1356000.0	3.0
2713	1356500.0	2.0
2714	1357000.0	1.0
2715	1357500.0	4.0
2716	1358000.0	1.0
2717	1358500.0	6.0
2718	1359000.0	3.0
2719	1359500.0	2.0
2720	1360000.0	1.0
2721	1360500.0	1.0
2722	1361000.0	1.0
2723	1361500.0	0.0
2724	1362000.0	3.0
2725	1362500.0	1.0
2726	1363000.0	3.0
2727	1363500.0	4.0
2728	1364000.0	3.0
2729	1364500.0	3.0
2730	1365000.0	0.0
2731	1365500.0	1.0
2732	1366000.0	3.0
2733	1366500.0	6.0
2734	1367000.0	2.0
2735	1367500.0	3.0
2736	1368000.0	2.0
2737	1368500.0	6.0
2738	1369000.0	0.0
2739	1369500.0	7.0
2740	1370000.0	2.0
2741	1370500.0	1.0
2742	1371000.0	3.0
2743	1371500.0	2.0
2744	1372000.0	3.0
2745	1372500.0	3.0
2746	1373000.0	4.0
2747	1373500.0	5.0
2748	1374000.0	0.0
2749	1374500.0	3.0
2750	1375000.0	2.0
2751	1375500.0	3.0
2752	1376000.0	4.0
2753	1376500.0	2.0
2754	1377000.0	2.0
2755	1377500.0	0.0
2756	1378000.0	3.0
2757	1378500.0	2.0
2758	1379000.0	2.0
2759	1379500.0	3.0
2760	1380000.0	1.0
2761	1380500.0	3.0
2762	1381000.0	1.0
2763	1381500.0	1.0
2764	1382000.0	3.0
2765	1382500.0	1.0
2766	1383000.0	2.0
2767	1383500.0	1.0
2768	1384000.0	1.0
2769	1384500.0	1.0
2770	1385000.0	2.0
2771	1385500.0	1.0
2772	1386000.0	0.0
2773	1386500.0	2.0
2774	1387000.0	5.0
2775	1387500.0	4.0
2776	1388000.0	5.0
2777	1388500.0	2.0
2778	1389000.0	5.0
2779	1389500.0	4.0
2780	1390000.0	1.0
2781	1390500.0	4.0
2782	1391000.0	5.0
2783	1391500.0	3.0
2784	1392000.0	2.0
2785	1392500.0	3.0
2786	1393000.0	1.0
2787	1393500.0	2.0
2788	1394000.0	2.0
2789	1394500.0	1.0
2790	1395000.0	0.0
2791	1395500.0	0.0
2792	1396000.0	4.0
2793	1396500.0	1.0
2794	1397000.0	4.0
2795	1397500.0	0.0
2796	1398000.0	1.0
2797	1398500.0	3.0
2798	1399000.0	4.0
2799	1399500.0	3.0
2800	1400000.0	1.0
2801	1400500.0	2.0
2802	1401000.0	2.0
2803	1401500.0	3.0
2804	1402000.0	3.0
2805	1402500.0	1.0
2806	1403000.0	1.0
2807	1403500.0	2.0
2808	1404000.0	1.0
2809	1404500.0	1.0
2810	1405000.0	3.0
2811	1405500.0	1.0
2812	1406000.0	3.0
2813	1406500.0	1.0
2814	1407000.0	3.0
2815	1407500.0	3.0
2816	1408000.0	2.0
2817	1408500.0	1.0
2818	1409000.0	1.0
2819	1409500.0	2.0
2820	1410000.0	3.0
2821	1410500.0	4.0
2822	1411000.0	1.0
2823	1411500.0	4.0
2824	1412000.0	2.0
2825	1412500.0	1.0
2826	1413000.0	4.0
2827	1413500.0	2.0
2828	1414000.0	2.0
2829	1414500.0	5.0
2830	1415000.0	3.0
2831	1415500.0	2.0
2832	1416000.0	3.0
2833	1416500.0	5.0
2834	1417000.0	3.0
2835	1417500.0	2.0
2836	1418000.0	1.0
2837	1418500.0	3.0
2838	1419000.0	6.0
2839	1419500.0	3.0
2840	1420000.0	1.0
2841	1420500.0	4.0
2842	1421000.0	2.0
2843	1421500.0	3.0
2844	1422000.0	1.0
2845	1422500.0	4.0
2846	1423000.0	5.0
2847	1423500.0	1.0
2848	1424000.0	4.0
2849	1424500.0	4.0
2850	1425000.0	3.0
2851	1425500.0	1.0
2852	1426000.0	0.0
2853	1426500.0	1.0
2854	1427000.0	3.0
2855	1427500.0	3.0
2856	1428000.0	2.0
2857	1428500.0	2.0
2858	1429000.0	4.0
2859	1429500.0	2.0
2860	1430000.0	3.0
2861	1430500.0	2.0
2862	1431000.0	3.0
2863	1431500.0	0.0
2864	1432000.0	2.0
2865	1432500.0	5.0
2866	1433000.0	5.0
2867	1433500.0	3.0
2868	1434000.0	0.0
2869	1434500.0	2.0
2870	1435000.0	4.0
2871	1435500.0	4.0
2872	1436000.0	1.0
2873	1436500.0	5.0
2874	1437000.0	1.0
2875	1437500.0	3.0
2876	1438000.0	1.0
2877	1438500.0	2.0
2878	1439000.0	4.0
2879	1439500.0	2.0
2880	1440000.0	3.0
2881	1440500.0	1.0
2882	1441000.0	5.0
2883	1441500.0	2.0
2884	1442000.0	3.0
2885	1442500.0	2.0
2886	1443000.0	4.0
2887	1443500.0	1.0
2888	1444000.0	3.0
2889	1444500.0	6.0
2890	1445000.0	1.0
2891	1445500.0	2.0
2892	1446000.0	0.0
2893	1446500.0	9.0
2894	1447000.0	0.0
2895	1447500.0	0.0
2896	1448000.0	2.0
2897	1448500.0	2.0
2898	1449000.0	3.0
2899	1449500.0	3.0
2900	1450000.0	2.0
2901	1450500.0	0.0
2902	1451000.0	3.0
2903	1451500.0	3.0
2904	1452000.0	5.0
2905	1452500.0	3.0
2906	1453000.0	2.0
2907	1453500.0	0.0
2908	1454000.0	3.0
2909	1454500.0	2.0
2910	1455000.0	5.0
2911	1455500.0	5.0
2912	1456000.0	0.0
2913	1456500.0	4.0
2914	1457000.0	3.0
2915	1457500.0	3.0
2916	1458000.0	3.0
2917	1458500.0	3.0
2918	1459000.0	2.0
2919	1459500.0	3.0
2920	1460000.0	5.0
2921	1460500.0	1.0
2922	1461000.0	4.0
2923	1461500.0	3.0
2924	1462000.0	3.0
2925	1462500.0	3.0
2926	1463000.0	3.0
2927	1463500.0	0.0
2928	1464000.0	6.0
2929	1464500.0	2.0
2930	1465000.0	4.0
2931	1465500.0	2.0
2932	1466000.0	2.0
2933	1466500.0	2.0
2934	1467000.0	3.0
2935	1467500.0	1.0
2936	1468000.0	1.0
2937	1468500.0	1.0
2938	1469000.0	3.0
2939	1469500.0	2.0
2940	1470000.0	1.0
2941	1470500.0	2.0
2942	1471000.0	1.0
2943	1471500.0	5.0
2944	1472000.0	3.0
2945	1472500.0	2.0
2946	1473000.0	9.0
2947	1473500.0	2.0
2948	1474000.0	5.0
2949	1474500.0	3.0
2950	1475000.0	0.0
2951	1475500.0	2.0
2952	1476000.0	3.0
2953	1476500.0	2.0
2954	1477000.0	2.0
2955	1477500.0	1.0
2956	1478000.0	3.0
2957	1478500.0	6.0
2958	1479000.0	2.0
2959	1479500.0	2.0
2960	1480000.0	2.0
2961	1480500.0	5.0
2962	1481000.0	1.0
2963	1481500.0	1.0
2964	1482000.0	2.0
2965	1482500.0	4.0
2966	1483000.0	4.0
2967	1483500.0	3.0
2968	1484000.0	5.0
2969	1484500.0	3.0
2970	1485000.0	2.0
2971	1485500.0	2.0
2972	1486000.0	2.0
2973	1486500.0	3.0
2974	1487000.0	6.0
2975	1487500.0	2.0
2976	1488000.0	3.0
2977	1488500.0	3.0
2978	1489000.0	2.0
2979	1489500.0	7.0
2980	1490000.0	2.0
2981	1490500.0	3.0
2982	1491000.0	0.0
2983	1491500.0	2.0
2984	1492000.0	6.0
2985	1492500.0	1.0
2986	1493000.0	3.0
2987	1493500.0	3.0
2988	1494000.0	6.0
2989	1494500.0	3.0
2990	1495000.0	0.0
2991	1495500.0	1.0
2992	1496000.0	2.0
2993	1496500.0	3.0
2994	1497000.0	2.0
2995	1497500.0	3.0
2996	1498000.0	4.0
2997	1498500.0	4.0
2998	1499000.0	3.0
2999	1499500.0	2.0
3000	1500000.0	4.0
3001	1500500.0	4.0
3002	1501000.0	5.0
3003	1501500.0	4.0
3004	1502000.0	2.0
3005	1502500.0	2.0
3006	1503000.0	4.0
3007	1503500.0	1.0
3008	1504000.0	2.0
3009	1504500.0	4.0
3010	1505000.0	2.0
3011	1505500.0	3.0
3012	1506000.0	2.0
3013	1506500.0	2.0
3014	1507000.0	4.0
3015	1507500.0	1.0
3016	1508000.0	4.0
3017	1508500.0	2.0
3018	1509000.0	3.0
3019	1509500.0	3.0
3020	1510000.0	1.0
3021	1510500.0	1.0
3022	1511000.0	3.0
3023	1511500.0	3.0
3024	1512000.0	4.0
3025	1512500.0	1.0
3026	1513000.0	1.0
3027	1513500.0	1.0
3028	1514000.0	0.0
3029	1514500.0	0.0
3030	1515000.0	1.0
3031	1515500.0	1.0
3032	1516000.0	3.0
3033	1516500.0	4.0
3034	1517000.0	2.0
3035	1517500.0	1.0
3036	1518000.0	6.0
3037	1518500.0	4.0
3038	1519000.0	4.0
3039	1519500.0	0.0
3040	1520000.0	3.0
3041	1520500.0	2.0
3042	1521000.0	2.0
3043	1521500.0	4.0
3044	1522000.0	0.0
3045	1522500.0	4.0
3046	1523000.0	2.0
3047	1523500.0	1.0
3048	1524000.0	4.0
3049	1524500.0	2.0
3050	1525000.0	4.0
3051	1525500.0	1.0
3052	1526000.0	2.0
3053	1526500.0	2.0
3054	1527000.0	3.0
3055	1527500.0	2.0
3056	1528000.0	6.0
3057	1528500.0	4.0
3058	1529000.0	2.0
3059	1529500.0	3.0
3060	1530000.0	5.0
3061	1530500.0	2.0
3062	1531000.0	1.0
3063	1531500.0	2.0
3064	1532000.0	1.0
3065	1532500.0	1.0
3066	1533000.0	1.0
3067	1533500.0	3.0
3068	1534000.0	2.0
3069	1534500.0	2.0
3070	1535000.0	3.0
3071	1535500.0	3.0
3072	1536000.0	2.0
3073	1536500.0	3.0
3074	1537000.0	0.0
3075	1537500.0	5.0
3076	1538000.0	3.0
3077	1538500.0	2.0
3078	1539000.0	4.0
3079	1539500.0	2.0
3080	1540000.0	2.0
3081	1540500.0	1.0
3082	1541000.0	2.0
3083	1541500.0	3.0
3084	1542000.0	4.0
3085	1542500.0	2.0
3086	1543000.0	1.0
3087	1543500.0	0.0
3088	1544000.0	3.0
3089	1544500.0	0.0
3090	1545000.0	0.0
3091	1545500.0	2.0
3092	1546000.0	5.0
3093	1546500.0	4.0
3094	1547000.0	2.0
3095	1547500.0	3.0
3096	1548000.0	2.0
3097	1548500.0	3.0
3098	1549000.0	2.0
3099	1549500.0	2.0
3100	1550000.0	2.0
3101	1550500.0	0.0
3102	1551000.0	3.0
3103	1551500.0	0.0
3104	1552000.0	2.0
3105	1552500.0	1.0
3106	1553000.0	3.0
3107	1553500.0	2.0
3108	1554000.0	3.0
3109	1554500.0	4.0
3110	1555000.0	1.0
3111	1555500.0	1.0
3112	1556000.0	3.0
3113	1556500.0	0.0
3114	1557000.0	3.0
3115	1557500.0	3.0
3116	1558000.0	1.0
3117	1558500.0	3.0
3118	1559000.0	0.0
3119	1559500.0	4.0
3120	1560000.0	5.0
3121	1560500.0	7.0
3122	1561000.0	4.0
3123	1561500.0	3.0
3124	1562000.0	1.0
3125	1562500.0	3.0
3126	1563000.0	1.0
3127	1563500.0	1.0
3128	1564000.0	1.0
3129	1564500.0	1.0
3130	1565000.0	4.0
3131	1565500.0	6.0
3132	1566000.0	4.0
3133	1566500.0	1.0
3134	1567000.0	1.0
3135	1567500.0	2.0
3136	1568000.0	1.0
3137	1568500.0	0.0
3138	1569000.0	4.0
3139	1569500.0	0.0
3140	1570000.0	1.0
3141	1570500.0	5.0
3142	1571000.0	3.0
3143	1571500.0	4.0
3144	1572000.0	1.0
3145	1572500.0	4.0
3146	1573000.0	4.0
3147	1573500.0	0.0
3148	1574000.0	4.0
3149	1574500.0	6.0
3150	1575000.0	0.0
3151	1575500.0	2.0
3152	1576000.0	2.0
3153	1576500.0	1.0
3154	1577000.0	2.0
3155	1577500.0	2.0
3156	1578000.0	4.0
3157	1578500.0	3.0
3158	1579000.0	3.0
3159	1579500.0	2.0
3160	1580000.0	2.0
3161	1580500.0	0.0
3162	1581000.0	0.0
3163	1581500.0	0.0
3164	1582000.0	2.0
3165	1582500.0	2.0
3166	1583000.0	3.0
3167	1583500.0	5.0
3168	1584000.0	4.0
3169	1584500.0	3.0
3170	1585000.0	2.0
3171	1585500.0	2.0
3172	1586000.0	0.0
3173	1586500.0	2.0
3174	1587000.0	1.0
3175	1587500.0	2.0
3176	1588000.0	1.0
3177	1588500.0	0.0
3178	1589000.0	3.0
3179	1589500.0	2.0
3180	1590000.0	2.0
3181	1590500.0	0.0
3182	1591000.0	5.0
3183	1591500.0	6.0
3184	1592000.0	3.0
3185	1592500.0	3.0
3186	1593000.0	3.0
3187	1593500.0	1.0
3188	1594000.0	1.0
3189	1594500.0	5.0
3190	1595000.0	2.0
3191	1595500.0	1.0
3192	1596000.0	2.0
3193	1596500.0	1.0
3194	1597000.0	3.0
3195	1597500.0	2.0
3196	1598000.0	4.0
3197	1598500.0	4.0
3198	1599000.0	2.0
3199	1599500.0	2.0
3200	1600000.0	8.0
3201	1600500.0	1.0
3202	1601000.0	8.0
3203	1601500.0	0.0
3204	1602000.0	2.0
3205	1602500.0	1.0
3206	1603000.0	0.0
3207	1603500.0	0.0
3208	1604000.0	3.0
3209	1604500.0	4.0
3210	1605000.0	1.0
3211	1605500.0	3.0
3212	1606000.0	2.0
3213	1606500.0	2.0
3214	1607000.0	3.0
3215	1607500.0	1.0
3216	1608000.0	3.0
3217	1608500.0	1.0
3218	1609000.0	1.0
3219	1609500.0	1.0
3220	1610000.0	5.0
3221	1610500.0	3.0
3222	1611000.0	1.0
3223	1611500.0	2.0
3224	1612000.0	4.0
3225	1612500.0	3.0
3226	1613000.0	4.0
3227	1613500.0	2.0
3228	1614000.0	3.0
3229	1614500.0	2.0
3230	1615000.0	0.0
3231	1615500.0	3.0
3232	1616000.0	2.0
3233	1616500.0	2.0
3234	1617000.0	1.0
3235	1617500.0	0.0
3236	1618000.0	0.0
3237	1618500.0	2.0
3238	1619000.0	1.0
3239	1619500.0	6.0
3240	1620000.0	1.0
3241	1620500.0	2.0
3242	1621000.0	1.0
3243	1621500.0	1.0
3244	1622000.0	0.0
3245	1622500.0	3.0
3246	1623000.0	2.0
3247	1623500.0	1.0
3248	1624000.0	2.0
3249	1624500.0	3.0
3250	1625000.0	1.0
3251	1625500.0	3.0
3252	1626000.0	4.0
3253	1626500.0	1.0
3254	1627000.0	1.0
3255	1627500.0	1.0
3256	1628000.0	2.0
3257	1628500.0	3.0
3258	1629000.0	3.0
3259	1629500.0	0.0
3260	1630000.0	5.0
3261	1630500.0	1.0
3262	1631000.0	4.0
3263	1631500.0	1.0
3264	1632000.0	3.0
3265	1632500.0	5.0
3266	1633000.0	2.0
3267	1633500.0	1.0
3268	1634000.0	1.0
3269	1634500.0	2.0
3270	1635000.0	6.0
3271	1635500.0	0.0
3272	1636000.0	2.0
3273	1636500.0	3.0
3274	1637000.0	1.0
3275	1637500.0	3.0
3276	1638000.0	5.0
3277	1638500.0	1.0
3278	1639000.0	3.0
3279	1639500.0	4.0
3280	1640000.0	1.0
3281	1640500.0	1.0
3282	1641000.0	0.0
3283	1641500.0	2.0
3284	1642000.0	2.0
3285	1642500.0	4.0
3286	1643000.0	1.0
3287	1643500.0	6.0
3288	1644000.0	1.0
3289	1644500.0	2.0
3290	1645000.0	3.0
3291	1645500.0	2.0
3292	1646000.0	0.0
3293	1646500.0	7.0
3294	1647000.0	0.0
3295	1647500.0	3.0
3296	1648000.0	5.0
3297	1648500.0	1.0
3298	1649000.0	2.0
3299	1649500.0	1.0
3300	1650000.0	4.0
3301	1650500.0	2.0
3302	1651000.0	2.0
3303	1651500.0	1.0
3304	1652000.0	2.0
3305	1652500.0	3.0
3306	1653000.0	2.0
3307	1653500.0	2.0
3308	1654000.0	1.0
3309	1654500.0	1.0
3310	1655000.0	2.0
3311	1655500.0	2.0
3312	1656000.0	6.0
3313	1656500.0	3.0
3314	1657000.0	3.0
3315	1657500.0	1.0
3316	1658000.0	1.0
3317	1658500.0	3.0
3318	1659000.0	1.0
3319	1659500.0	1.0
3320	1660000.0	1.0
3321	1660500.0	1.0
3322	1661000.0	2.0
3323	1661500.0	1.0
3324	1662000.0	2.0
3325	1662500.0	2.0
3326	1663000.0	1.0
3327	1663500.0	4.0
3328	1664000.0	1.0
3329	1664500.0	6.0
3330	1665000.0	1.0
3331	1665500.0	2.0
3332	1666000.0	3.0
3333	1666500.0	5.0
3334	1667000.0	5.0
3335	1667500.0	2.0
3336	1668000.0	2.0
3337	1668500.0	3.0
3338	1669000.0	0.0
3339	1669500.0	2.0
3340	1670000.0	5.0
3341	1670500.0	1.0
3342	1671000.0	2.0
3343	1671500.0	2.0
3344	1672000.0	3.0
3345	1672500.0	2.0
3346	1673000.0	5.0
3347	1673500.0	1.0
3348	1674000.0	3.0
3349	1674500.0	2.0
3350	1675000.0	3.0
3351	1675500.0	5.0
3352	1676000.0	3.0
3353	1676500.0	3.0
3354	1677000.0	0.0
3355	1677500.0	2.0
3356	1678000.0	3.0
3357	1678500.0	1.0
3358	1679000.0	1.0
3359	1679500.0	4.0
3360	1680000.0	4.0
3361	1680500.0	1.0
3362	1681000.0	0.0
3363	1681500.0	4.0
3364	1682000.0	0.0
3365	1682500.0	3.0
3366	1683000.0	3.0
3367	1683500.0	2.0
3368	1684000.0	5.0
3369	1684500.0	0.0
3370	1685000.0	1.0
3371	1685500.0	2.0
3372	1686000.0	2.0
3373	1686500.0	6.0
3374	1687000.0	0.0
3375	1687500.0	2.0
3376	1688000.0	2.0
3377	1688500.0	2.0
3378	1689000.0	3.0
3379	1689500.0	2.0
3380	1690000.0	0.0
3381	1690500.0	1.0
3382	1691000.0	1.0
3383	1691500.0	1.0
3384	1692000.0	1.0
3385	1692500.0	5.0
3386	1693000.0	4.0
3387	1693500.0	3.0
3388	1694000.0	1.0
3389	1694500.0	1.0
3390	1695000.0	3.0
3391	1695500.0	3.0
3392	1696000.0	3.0
3393	1696500.0	2.0
3394	1697000.0	3.0
3395	1697500.0	2.0
3396	1698000.0	2.0
3397	1698500.0	4.0
3398	1699000.0	6.0
3399	1699500.0	3.0
3400	1700000.0	1.0
3401	1700500.0	2.0
3402	1701000.0	3.0
3403	1701500.0	5.0
3404	1702000.0	2.0
3405	1702500.0	3.0
3406	1703000.0	4.0
3407	1703500.0	5.0
3408	1704000.0	4.0
3409	1704500.0	3.0
3410	1705000.0	2.0
3411	1705500.0	4.0
3412	1706000.0	3.0
3413	1706500.0	3.0
3414	1707000.0	3.0
3415	1707500.0	3.0
3416	1708000.0	4.0
3417	1708500.0	0.0
3418	1709000.0	2.0
3419	1709500.0	3.0
3420	1710000.0	2.0
3421	1710500.0	4.0
3422	1711000.0	2.0
3423	1711500.0	1.0
3424	1712000.0	2.0
3425	1712500.0	2.0
3426	1713000.0	1.0
3427	1713500.0	3.0
3428	1714000.0	1.0
3429	1714500.0	1.0
3430	1715000.0	0.0
3431	1715500.0	1.0
3432	1716000.0	2.0
3433	1716500.0	2.0
3434	1717000.0	3.0
3435	1717500.0	1.0
3436	1718000.0	1.0
3437	1718500.0	4.0
3438	1719000.0	3.0
3439	1719500.0	0.0
3440	1720000.0	3.0
3441	1720500.0	1.0
3442	1721000.0	2.0
3443	1721500.0	4.0
3444	1722000.0	0.0
3445	1722500.0	2.0
3446	1723000.0	4.0
3447	1723500.0	7.0
3448	1724000.0	3.0
3449	1724500.0	1.0
3450	1725000.0	3.0
3451	1725500.0	3.0
3452	1726000.0	1.0
3453	1726500.0	4.0
3454	1727000.0	3.0
3455	1727500.0	2.0
3456	1728000.0	1.0
3457	1728500.0	2.0
3458	1729000.0	4.0
3459	1729500.0	0.0
3460	1730000.0	2.0
3461	1730500.0	4.0
3462	1731000.0	1.0
3463	1731500.0	4.0
3464	1732000.0	2.0
3465	1732500.0	2.0
3466	1733000.0	1.0
3467	1733500.0	0.0
3468	1734000.0	1.0
3469	1734500.0	4.0
3470	1735000.0	2.0
3471	1735500.0	0.0
3472	1736000.0	2.0
3473	1736500.0	2.0
3474	1737000.0	1.0
3475	1737500.0	0.0
3476	1738000.0	2.0
3477	1738500.0	1.0
3478	1739000.0	5.0
3479	1739500.0	1.0
3480	1740000.0	5.0
3481	1740500.0	1.0
3482	1741000.0	5.0
3483	1741500.0	4.0
3484	1742000.0	3.0
3485	1742500.0	0.0
3486	1743000.0	0.0
3487	1743500.0	3.0
3488	1744000.0	2.0
3489	1744500.0	0.0
3490	1745000.0	7.0
3491	1745500.0	6.0
3492	1746000.0	3.0
3493	1746500.0	1.0
3494	1747000.0	2.0
3495	1747500.0	6.0
3496	1748000.0	3.0
3497	1748500.0	1.0
3498	1749000.0	4.0
3499	1749500.0	3.0
3500	1750000.0	5.0
3501	1750500.0	2.0
3502	1751000.0	3.0
3503	1751500.0	3.0
3504	1752000.0	2.0
3505	1752500.0	2.0
3506	1753000.0	3.0
3507	1753500.0	2.0
3508	1754000.0	2.0
3509	1754500.0	4.0
3510	1755000.0	0.0
3511	1755500.0	1.0
3512	1756000.0	2.0
3513	1756500.0	3.0
3514	1757000.0	0.0
3515	1757500.0	3.0
3516	1758000.0	0.0
3517	1758500.0	3.0
3518	1759000.0	2.0
3519	1759500.0	3.0
3520	1760000.0	0.0
3521	1760500.0	1.0
3522	1761000.0	4.0
3523	1761500.0	1.0
3524	1762000.0	2.0
3525	1762500.0	2.0
3526	1763000.0	1.0
3527	1763500.0	1.0
3528	1764000.0	4.0
3529	1764500.0	1.0
3530	1765000.0	1.0
3531	1765500.0	3.0
3532	1766000.0	4.0
3533	1766500.0	0.0
3534	1767000.0	1.0
3535	1767500.0	0.0
3536	1768000.0	4.0
3537	1768500.0	4.0
3538	1769000.0	1.0
3539	1769500.0	3.0
3540	1770000.0	2.0
3541	1770500.0	2.0
3542	1771000.0	1.0
3543	1771500.0	4.0
3544	1772000.0	2.0
3545	1772500.0	2.0
3546	1773000.0	5.0
3547	1773500.0	3.0
3548	1774000.0	3.0
3549	1774500.0	1.0
3550	1775000.0	1.0
3551	1775500.0	0.0
3552	1776000.0	5.0
3553	1776500.0	2.0
3554	1777000.0	3.0
3555	1777500.0	2.0
3556	1778000.0	2.0
3557	1778500.0	3.0
3558	1779000.0	3.0
3559	1779500.0	2.0
3560	1780000.0	2.0
3561	1780500.0	0.0
3562	1781000.0	1.0
3563	1781500.0	2.0
3564	1782000.0	2.0
3565	1782500.0	3.0
3566	1783000.0	1.0
3567	1783500.0	2.0
3568	1784000.0	3.0
3569	1784500.0	2.0
3570	1785000.0	6.0
3571	1785500.0	1.0
3572	1786000.0	2.0
3573	1786500.0	5.0
3574	1787000.0	1.0
3575	1787500.0	2.0
3576	1788000.0	3.0
3577	1788500.0	2.0
3578	1789000.0	2.0
3579	1789500.0	1.0
3580	1790000.0	5.0
3581	1790500.0	0.0
3582	1791000.0	2.0
3583	1791500.0	0.0
3584	1792000.0	1.0
3585	1792500.0	3.0
3586	1793000.0	1.0
3587	1793500.0	2.0
3588	1794000.0	2.0
3589	1794500.0	3.0
3590	1795000.0	1.0
3591	1795500.0	1.0
3592	1796000.0	0.0
3593	1796500.0	5.0
3594	1797000.0	2.0
3595	1797500.0	5.0
3596	1798000.0	2.0
3597	1798500.0	2.0
3598	1799000.0	2.0
3599	1799500.0	4.0
3600	1800000.0	3.0
3601	1800500.0	4.0
3602	1801000.0	3.0
3603	1801500.0	3.0
3604	1802000.0	6.0
3605	1802500.0	3.0
3606	1803000.0	0.0
3607	1803500.0	3.0
3608	1804000.0	2.0
3609	1804500.0	2.0
3610	1805000.0	2.0
3611	1805500.0	2.0
3612	1806000.0	2.0
3613	1806500.0	3.0
3614	1807000.0	1.0
3615	1807500.0	1.0
3616	1808000.0	1.0
3617	1808500.0	3.0
3618	1809000.0	1.0
3619	1809500.0	3.0
3620	1810000.0	3.0
3621	1810500.0	3.0
3622	1811000.0	0.0
3623	1811500.0	3.0
3624	1812000.0	3.0
3625	1812500.0	2.0
3626	1813000.0	3.0
3627	1813500.0	2.0
3628	1814000.0	0.0
3629	1814500.0	1.0
3630	1815000.0	4.0
3631	1815500.0	2.0
3632	1816000.0	2.0
3633	1816500.0	1.0
3634	1817000.0	1.0
3635	1817500.0	7.0
3636	1818000.0	1.0
3637	1818500.0	5.0
3638	1819000.0	4.0
3639	1819500.0	5.0
3640	1820000.0	3.0
3641	1820500.0	0.0
3642	1821000.0	2.0
3643	1821500.0	3.0
3644	1822000.0	4.0
3645	1822500.0	3.0
3646	1823000.0	1.0
3647	1823500.0	5.0
3648	1824000.0	0.0
3649	1824500.0	2.0
3650	1825000.0	3.0
3651	1825500.0	3.0
3652	1826000.0	0.0
3653	1826500.0	2.0
3654	1827000.0	3.0
3655	1827500.0	2.0
3656	1828000.0	2.0
3657	1828500.0	4.0
3658	1829000.0	4.0
3659	1829500.0	3.0
3660	1830000.0	3.0
3661	1830500.0	0.0
3662	1831000.0	3.0
3663	1831500.0	2.0
3664	1832000.0	3.0
3665	1832500.0	2.0
3666	1833000.0	3.0
3667	1833500.0	2.0
3668	1834000.0	4.0
3669	1834500.0	2.0
3670	1835000.0	3.0
3671	1835500.0	3.0
3672	1836000.0	2.0
3673	1836500.0	3.0
3674	1837000.0	1.0
3675	1837500.0	4.0
3676	1838000.0	1.0
3677	1838500.0	1.0
3678	1839000.0	0.0
3679	1839500.0	2.0
3680	1840000.0	5.0
3681	1840500.0	4.0
3682	1841000.0	3.0
3683	1841500.0	3.0
3684	1842000.0	2.0
3685	1842500.0	0.0
3686	1843000.0	6.0
3687	1843500.0	7.0
3688	1844000.0	4.0
3689	1844500.0	1.0
3690	1845000.0	2.0
3691	1845500.0	3.0
3692	1846000.0	2.0
3693	1846500.0	1.0
3694	1847000.0	3.0
3695	1847500.0	0.0
3696	1848000.0	3.0
3697	1848500.0	4.0
3698	1849000.0	2.0
3699	1849500.0	6.0
3700	1850000.0	3.0
3701	1850500.0	3.0
3702	1851000.0	0.0
3703	1851500.0	3.0
3704	1852000.0	2.0
3705	1852500.0	7.0
3706	1853000.0	1.0
3707	1853500.0	2.0
3708	1854000.0	0.0
3709	1854500.0	4.0
3710	1855000.0	1.0
3711	1855500.0	1.0
3712	1856000.0	1.0
3713	1856500.0	2.0
3714	1857000.0	3.0
3715	1857500.0	4.0
3716	1858000.0	4.0
3717	1858500.0	5.0
3718	1859000.0	3.0
3719	1859500.0	2.0
3720	1860000.0	2.0
3721	1860500.0	3.0
3722	1861000.0	3.0
3723	1861500.0	3.0
3724	1862000.0	0.0
3725	1862500.0	2.0
3726	1863000.0	4.0
3727	1863500.0	4.0
3728	1864000.0	1.0
3729	1864500.0	0.0
3730	1865000.0	2.0
3731	1865500.0	4.0
3732	1866000.0	1.0
3733	1866500.0	2.0
3734	1867000.0	1.0
3735	1867500.0	3.0
3736	1868000.0	1.0
3737	1868500.0	3.0
3738	1869000.0	5.0
3739	1869500.0	2.0
3740	1870000.0	1.0
3741	1870500.0	5.0
3742	1871000.0	2.0
3743	1871500.0	2.0
3744	1872000.0	4.0
3745	1872500.0	3.0
3746	1873000.0	4.0
3747	1873500.0	1.0
3748	1874000.0	2.0
3749	1874500.0	2.0
3750	1875000.0	2.0
3751	1875500.0	1.0
3752	1876000.0	2.0
3753	1876500.0	1.0
3754	1877000.0	1.0
3755	1877500.0	3.0
3756	1878000.0	2.0
3757	1878500.0	4.0
3758	1879000.0	2.0
3759	1879500.0	1.0
3760	1880000.0	2.0
3761	1880500.0	2.0
3762	1881000.0	1.0
3763	1881500.0	2.0
3764	1882000.0	4.0
3765	1882500.0	0.0
3766	1883000.0	3.0
3767	1883500.0	2.0
3768	1884000.0	4.0
3769	1884500.0	4.0
3770	1885000.0	2.0
3771	1885500.0	4.0
3772	1886000.0	3.0
3773	1886500.0	1.0
3774	1887000.0	1.0
3775	1887500.0	3.0
3776	1888000.0	2.0
3777	1888500.0	0.0
3778	1889000.0	1.0
3779	1889500.0	1.0
3780	1890000.0	2.0
3781	1890500.0	0.0
3782	1891000.0	3.0
3783	1891500.0	3.0
3784	1892000.0	5.0
3785	1892500.0	1.0
3786	1893000.0	4.0
3787	1893500.0	1.0
3788	1894000.0	1.0
3789	1894500.0	3.0
3790	1895000.0	2.0
3791	1895500.0	1.0
3792	1896000.0	2.0
3793	1896500.0	3.0
3794	1897000.0	2.0
3795	1897500.0	1.0
3796	1898000.0	1.0
3797	1898500.0	3.0
3798	1899000.0	1.0
3799	1899500.0	2.0
3800	1900000.0	3.0
3801	1900500.0	4.0
3802	1901000.0	1.0
3803	1901500.0	1.0
3804	1902000.0	4.0
3805	1902500.0	2.0
3806	1903000.0	2.0
3807	1903500.0	0.0
3808	1904000.0	3.0
3809	1904500.0	2.0
3810	1905000.0	2.0
3811	1905500.0	1.0
3812	1906000.0	6.0
3813	1906500.0	1.0
3814	1907000.0	2.0
3815	1907500.0	5.0
3816	1908000.0	1.0
3817	1908500.0	1.0
3818	1909000.0	4.0
3819	1909500.0	1.0
3820	1910000.0	0.0
3821	1910500.0	1.0
3822	1911000.0	1.0
3823	1911500.0	1.0
3824	1912000.0	4.0
3825	1912500.0	1.0
3826	1913000.0	4.0
3827	1913500.0	2.0
3828	1914000.0	4.0
3829	1914500.0	1.0
3830	1915000.0	2.0
3831	1915500.0	5.0
3832	1916000.0	2.0
3833	1916500.0	1.0
3834	1917000.0	2.0
3835	1917500.0	3.0
3836	1918000.0	4.0
3837	1918500.0	2.0
3838	1919000.0	2.0
3839	1919500.0	3.0
3840	1920000.0	3.0
3841	1920500.0	2.0
3842	1921000.0	1.0
3843	1921500.0	2.0
3844	1922000.0	1.0
3845	1922500.0	3.0
3846	1923000.0	3.0
3847	1923500.0	3.0
3848	1924000.0	3.0
3849	1924500.0	4.0
3850	1925000.0	1.0
3851	1925500.0	0.0
3852	1926000.0	4.0
3853	1926500.0	1.0
3854	1927000.0	2.0
3855	1927500.0	3.0
3856	1928000.0	1.0
3857	1928500.0	2.0
3858	1929000.0	5.0
3859	1929500.0	2.0
3860	1930000.0	2.0
3861	1930500.0	5.0
3862	1931000.0	4.0
3863	1931500.0	0.0
3864	1932000.0	2.0
3865	1932500.0	1.0
3866	1933000.0	3.0
3867	1933500.0	1.0
3868	1934000.0	3.0
3869	1934500.0	0.0
3870	1935000.0	1.0
3871	1935500.0	0.0
3872	1936000.0	1.0
3873	1936500.0	3.0
3874	1937000.0	3.0
3875	1937500.0	2.0
3876	1938000.0	2.0
3877	1938500.0	1.0
3878	1939000.0	3.0
3879	1939500.0	0.0
3880	1940000.0	5.0
3881	1940500.0	4.0
3882	1941000.0	0.0
3883	1941500.0	2.0
3884	1942000.0	4.0
3885	1942500.0	1.0
3886	1943000.0	5.0
3887	1943500.0	2.0
3888	1944000.0	5.0
3889	1944500.0	3.0
3890	1945000.0	1.0
3891	1945500.0	3.0
3892	1946000.0	2.0
3893	1946500.0	5.0
3894	1947000.0	2.0
3895	1947500.0	1.0
3896	1948000.0	3.0
3897	1948500.0	2.0
3898	1949000.0	1.0
3899	1949500.0	3.0
3900	1950000.0	1.0
3901	1950500.0	2.0
3902	1951000.0	4.0
3903	1951500.0	3.0
3904	1952000.0	4.0
3905	1952500.0	2.0
3906	1953000.0	1.0
3907	1953500.0	0.0
3908	1954000.0	1.0
3909	1954500.0	2.0
3910	1955000.0	0.0
3911	1955500.0	1.0
3912	1956000.0	2.0
3913	1956500.0	2.0
3914	1957000.0	4.0
3915	1957500.0	4.0
3916	1958000.0	0.0
3917	1958500.0	2.0
3918	1959000.0	2.0
3919	1959500.0	4.0
3920	1960000.0	0.0
3921	1960500.0	2.0
3922	1961000.0	0.0
3923	1961500.0	1.0
3924	1962000.0	1.0
3925	1962500.0	2.0
3926	1963000.0	2.0
3927	1963500.0	0.0
3928	1964000.0	4.0
3929	1964500.0	2.0
3930	1965000.0	6.0
3931	1965500.0	2.0
3932	1966000.0	2.0
3933	1966500.0	1.0
3934	1967000.0	1.0
3935	1967500.0	2.0
3936	1968000.0	3.0
3937	1968500.0	3.0
3938	1969000.0	4.0
3939	1969500.0	2.0
3940	1970000.0	1.0
3941	1970500.0	1.0
3942	1971000.0	2.0
3943	1971500.0	2.0
3944	1972000.0	2.0
3945	1972500.0	6.0
3946	1973000.0	1.0
3947	1973500.0	3.0
3948	1974000.0	4.0
3949	1974500.0	3.0
3950	1975000.0	2.0
3951	1975500.0	0.0
3952	1976000.0	2.0
3953	1976500.0	2.0
3954	1977000.0	4.0
3955	1977500.0	3.0
3956	1978000.0	1.0
3957	1978500.0	4.0
3958	1979000.0	0.0
3959	1979500.0	4.0
3960	1980000.0	0.0
3961	1980500.0	2.0
3962	1981000.0	3.0
3963	1981500.0	2.0
3964	1982000.0	1.0
3965	1982500.0	3.0
3966	1983000.0	2.0
3967	1983500.0	0.0
3968	1984000.0	2.0
3969	1984500.0	1.0
3970	1985000.0	3.0
3971	1985500.0	5.0
3972	1986000.0	3.0
3973	1986500.0	3.0
3974	1987000.0	0.0
3975	1987500.0	2.0
3976	1988000.0	2.0
3977	1988500.0	1.0
3978	1989000.0	1.0
3979	1989500.0	0.0
3980	1990000.0	1.0
3981	1990500.0	1.0
3982	1991000.0	4.0
3983	1991500.0	0.0
3984	1992000.0	1.0
3985	1992500.0	2.0
3986	1993000.0	2.0
3987	1993500.0	1.0
3988	1994000.0	2.0
3989	1994500.0	8.0
3990	1995000.0	5.0
3991	1995500.0	3.0
3992	1996000.0	2.0
3993	1996500.0	3.0
3994	1997000.0	2.0
3995	1997500.0	1.0
3996	1998000.0	4.0
3997	1998500.0	1.0
3998	1999000.0	1.0
3999	1999500.0	2.0
4000	2000000.0	2.0
4001	2000500.0	1.0
4002	2001000.0	4.0
4003	2001500.0	4.0
4004	2002000.0	0.0
4005	2002500.0	3.0
4006	2003000.0	1.0
4007	2003500.0	3.0
4008	2004000.0	1.0
4009	2004500.0	0.0
4010	2005000.0	1.0
4011	2005500.0	7.0
4012	2006000.0	0.0
4013	2006500.0	3.0
4014	2007000.0	4.0
4015	2007500.0	0.0
4016	2008000.0	1.0
4017	2008500.0	2.0
4018	2009000.0	0.0
4019	2009500.0	2.0
4020	2010000.0	3.0
4021	2010500.0	2.0
4022	2011000.0	1.0
4023	2011500.0	1.0
4024	2012000.0	3.0
4025	2012500.0	2.0
4026	2013000.0	1.0
4027	2013500.0	3.0
4028	2014000.0	2.0
4029	2014500.0	2.0
4030	2015000.0	2.0
4031	2015500.0	3.0
4032	2016000.0	3.0
4033	2016500.0	1.0
4034	2017000.0	1.0
4035	2017500.0	1.0
4036	2018000.0	0.0
4037	2018500.0	2.0
4038	2019000.0	2.0
4039	2019500.0	1.0
4040	2020000.0	5.0
4041	2020500.0	2.0
4042	2021000.0	0.0
4043	2021500.0	0.0
4044	2022000.0	0.0
4045	2022500.0	3.0
4046	2023000.0	2.0
4047	2023500.0	3.0
4048	2024000.0	3.0
4049	2024500.0	5.0
4050	2025000.0	2.0
4051	2025500.0	1.0
4052	2026000.0	0.0
4053	2026500.0	1.0
4054	2027000.0	1.0
4055	2027500.0	0.0
4056	2028000.0	1.0
4057	2028500.0	3.0
4058	2029000.0	2.0
4059	2029500.0	3.0
4060	2030000.0	2.0
4061	2030500.0	6.0
4062	2031000.0	6.0
4063	2031500.0	2.0
4064	2032000.0	0.0
4065	2032500.0	4.0
4066	2033000.0	4.0
4067	2033500.0	1.0
4068	2034000.0	3.0
4069	2034500.0	1.0
4070	2035000.0	1.0
4071	2035500.0	2.0
4072	2036000.0	2.0
4073	2036500.0	1.0
4074	2037000.0	1.0
4075	2037500.0	1.0
4076	2038000.0	1.0
4077	2038500.0	6.0
4078	2039000.0	4.0
4079	2039500.0	4.0
4080	2040000.0	2.0
4081	2040500.0	2.0
4082	2041000.0	3.0
4083	2041500.0	3.0
4084	2042000.0	3.0
4085	2042500.0	1.0
4086	2043000.0	2.0
4087	2043500.0	1.0
4088	2044000.0	1.0
4089	2044500.0	2.0
4090	2045000.0	2.0
4091	2045500.0	6.0
4092	2046000.0	3.0
4093	2046500.0	4.0
4094	2047000.0	1.0
4095	2047500.0	2.0
4096	2048000.0	3.0
4097	2048500.0	2.0
4098	2049000.0	3.0
4099	2049500.0	2.0
4100	2050000.0	2.0
4101	2050500.0	1.0
4102	2051000.0	2.0
4103	2051500.0	3.0
4104	2052000.0	2.0
4105	2052500.0	1.0
4106	2053000.0	2.0
4107	2053500.0	2.0
4108	2054000.0	0.0
4109	2054500.0	1.0
4110	2055000.0	3.0
4111	2055500.0	2.0
4112	2056000.0	2.0
4113	2056500.0	3.0
4114	2057000.0	2.0
4115	2057500.0	1.0
4116	2058000.0	2.0
4117	2058500.0	2.0
4118	2059000.0	3.0
4119	2059500.0	1.0
4120	2060000.0	0.0
4121	2060500.0	3.0
4122	2061000.0	0.0
4123	2061500.0	2.0
4124	2062000.0	4.0
4125	2062500.0	2.0
4126	2063000.0	1.0
4127	2063500.0	0.0
4128	2064000.0	5.0
4129	2064500.0	2.0
4130	2065000.0	2.0
4131	2065500.0	3.0
4132	2066000.0	3.0
4133	2066500.0	2.0
4134	2067000.0	4.0
4135	2067500.0	2.0
4136	2068000.0	5.0
4137	2068500.0	2.0
4138	2069000.0	2.0
4139	2069500.0	4.0
4140	2070000.0	3.0
4141	2070500.0	3.0
4142	2071000.0	0.0
4143	2071500.0	1.0
4144	2072000.0	3.0
4145	2072500.0	3.0
4146	2073000.0	1.0
4147	2073500.0	5.0
4148	2074000.0	3.0
4149	2074500.0	3.0
4150	2075000.0	3.0
4151	2075500.0	0.0
4152	2076000.0	4.0
4153	2076500.0	0.0
4154	2077000.0	3.0
4155	2077500.0	2.0
4156	2078000.0	4.0
4157	2078500.0	7.0
4158	2079000.0	3.0
4159	2079500.0	2.0
4160	2080000.0	2.0
4161	2080500.0	3.0
4162	2081000.0	0.0
4163	2081500.0	1.0
4164	2082000.0	2.0
4165	2082500.0	1.0
4166	2083000.0	1.0
4167	2083500.0	1.0
4168	2084000.0	0.0
4169	2084500.0	4.0
4170	2085000.0	2.0
4171	2085500.0	2.0
4172	2086000.0	0.0
4173	2086500.0	4.0
4174	2087000.0	2.0
4175	2087500.0	2.0
4176	2088000.0	4.0
4177	2088500.0	1.0
4178	2089000.0	3.0
4179	2089500.0	4.0
4180	2090000.0	2.0
4181	2090500.0	5.0
4182	2091000.0	1.0
4183	2091500.0	1.0
4184	2092000.0	0.0
4185	2092500.0	4.0
4186	2093000.0	5.0
4187	2093500.0	2.0
4188	2094000.0	0.0
4189	2094500.0	5.0
4190	2095000.0	2.0
4191	2095500.0	6.0
4192	2096000.0	1.0
4193	2096500.0	1.0
4194	2097000.0	1.0
4195	2097500.0	7.0
4196	2098000.0	2.0
4197	2098500.0	1.0
4198	2099000.0	0.0
4199	2099500.0	2.0
4200	2100000.0	0.0
4201	2100500.0	1.0
4202	2101000.0	5.0
4203	2101500.0	2.0
4204	2102000.0	4.0
4205	2102500.0	1.0
4206	2103000.0	2.0
4207	2103500.0	3.0
4208	2104000.0	2.0
4209	2104500.0	2.0
4210	2105000.0	3.0
4211	2105500.0	2.0
4212	2106000.0	2.0
4213	2106500.0	4.0
4214	2107000.0	0.0
4215	2107500.0	3.0
4216	2108000.0	4.0
4217	2108500.0	3.0
4218	2109000.0	3.0
4219	2109500.0	3.0
4220	2110000.0	0.0
4221	2110500.0	0.0
4222	2111000.0	2.0
4223	2111500.0	2.0
4224	2112000.0	4.0
4225	2112500.0	2.0
4226	2113000.0	2.0
4227	2113500.0	2.0
4228	2114000.0	2.0
4229	2114500.0	1.0
4230	2115000.0	5.0
4231	2115500.0	3.0
4232	2116000.0	2.0
4233	2116500.0	0.0
4234	2117000.0	1.0
4235	2117500.0	3.0
4236	2118000.0	2.0
4237	2118500.0	3.0
4238	2119000.0	3.0
4239	2119500.0	4.0
4240	2120000.0	2.0
4241	2120500.0	3.0
4242	2121000.0	3.0
4243	2121500.0	0.0
4244	2122000.0	1.0
4245	2122500.0	0.0
4246	2123000.0	1.0
4247	2123500.0	1.0
4248	2124000.0	0.0
4249	2124500.0	0.0
4250	2125000.0	1.0
4251	2125500.0	2.0
4252	2126000.0	1.0
4253	2126500.0	1.0
4254	2127000.0	0.0
4255	2127500.0	2.0
4256	2128000.0	2.0
4257	2128500.0	1.0
4258	2129000.0	3.0
4259	2129500.0	2.0
4260	2130000.0	1.0
4261	2130500.0	0.0
4262	2131000.0	2.0
4263	2131500.0	3.0
4264	2132000.0	1.0
4265	2132500.0	2.0
4266	2133000.0	2.0
4267	2133500.0	3.0
4268	2134000.0	2.0
4269	2134500.0	2.0
4270	2135000.0	5.0
4271	2135500.0	4.0
4272	2136000.0	2.0
4273	2136500.0	2.0
4274	2137000.0	3.0
4275	2137500.0	3.0
4276	2138000.0	5.0
4277	2138500.0	2.0
4278	2139000.0	2.0
4279	2139500.0	0.0
4280	2140000.0	2.0
4281	2140500.0	5.0
4282	2141000.0	2.0
4283	2141500.0	2.0
4284	2142000.0	1.0
4285	2142500.0	3.0
4286	2143000.0	3.0
4287	2143500.0	2.0
4288	2144000.0	6.0
4289	2144500.0	0.0
4290	2145000.0	3.0
4291	2145500.0	2.0
4292	2146000.0	2.0
4293	2146500.0	2.0
4294	2147000.0	3.0
4295	2147500.0	2.0
4296	2148000.0	1.0
4297	2148500.0	1.0
4298	2149000.0	1.0
4299	2149500.0	0.0
4300	2150000.0	5.0
4301	2150500.0	2.0
4302	2151000.0	1.0
4303	2151500.0	1.0
4304	2152000.0	2.0
4305	2152500.0	1.0
4306	2153000.0	4.0
4307	2153500.0	2.0
4308	2154000.0	3.0
4309	2154500.0	2.0
4310	2155000.0	4.0
4311	2155500.0	2.0
4312	2156000.0	6.0
4313	2156500.0	3.0
4314	2157000.0	0.0
4315	2157500.0	3.0
4316	2158000.0	6.0
4317	2158500.0	2.0
4318	2159000.0	0.0
4319	2159500.0	5.0
4320	2160000.0	2.0
4321	2160500.0	2.0
4322	2161000.0	2.0
4323	2161500.0	1.0
4324	2162000.0	2.0
4325	2162500.0	2.0
4326	2163000.0	2.0
4327	2163500.0	0.0
4328	2164000.0	1.0
4329	2164500.0	2.0
4330	2165000.0	2.0
4331	2165500.0	1.0
4332	2166000.0	2.0
4333	2166500.0	2.0
4334	2167000.0	2.0
4335	2167500.0	2.0
4336	2168000.0	2.0
4337	2168500.0	5.0
4338	2169000.0	2.0
4339	2169500.0	1.0
4340	2170000.0	2.0
4341	2170500.0	1.0
4342	2171000.0	3.0
4343	2171500.0	3.0
4344	2172000.0	1.0
4345	2172500.0	2.0
4346	2173000.0	2.0
4347	2173500.0	2.0
4348	2174000.0	2.0
4349	2174500.0	1.0
4350	2175000.0	1.0
4351	2175500.0	6.0
4352	2176000.0	0.0
4353	2176500.0	2.0
4354	2177000.0	0.0
4355	2177500.0	8.0
4356	2178000.0	3.0
4357	2178500.0	2.0
4358	2179000.0	1.0
4359	2179500.0	0.0
4360	2180000.0	1.0
4361	2180500.0	0.0
4362	2181000.0	2.0
4363	2181500.0	3.0
4364	2182000.0	1.0
4365	2182500.0	3.0
4366	2183000.0	2.0
4367	2183500.0	2.0
4368	2184000.0	1.0
4369	2184500.0	3.0
4370	2185000.0	5.0
4371	2185500.0	1.0
4372	2186000.0	2.0
4373	2186500.0	2.0
4374	2187000.0	3.0
4375	2187500.0	1.0
4376	2188000.0	5.0
4377	2188500.0	2.0
4378	2189000.0	4.0
4379	2189500.0	3.0
4380	2190000.0	0.0
4381	2190500.0	2.0
4382	2191000.0	1.0
4383	2191500.0	2.0
4384	2192000.0	3.0
4385	2192500.0	1.0
4386	2193000.0	2.0
4387	2193500.0	2.0
4388	2194000.0	2.0
4389	2194500.0	5.0
4390	2195000.0	1.0
4391	2195500.0	3.0
4392	2196000.0	4.0
4393	2196500.0	3.0
4394	2197000.0	1.0
4395	2197500.0	2.0
4396	2198000.0	3.0
4397	2198500.0	1.0
4398	2199000.0	1.0
4399	2199500.0	4.0
4400	2200000.0	3.0
4401	2200500.0	1.0
4402	2201000.0	1.0
4403	2201500.0	6.0
4404	2202000.0	1.0
4405	2202500.0	1.0
4406	2203000.0	2.0
4407	2203500.0	0.0
4408	2204000.0	0.0
4409	2204500.0	3.0
4410	2205000.0	4.0
4411	2205500.0	1.0
4412	2206000.0	0.0
4413	2206500.0	2.0
4414	2207000.0	2.0
4415	2207500.0	2.0
4416	2208000.0	1.0
4417	2208500.0	2.0
4418	2209000.0	1.0
4419	2209500.0	3.0
4420	2210000.0	1.0
4421	2210500.0	2.0
4422	2211000.0	3.0
4423	2211500.0	2.0
4424	2212000.0	1.0
4425	2212500.0	1.0
4426	2213000.0	2.0
4427	2213500.0	3.0
4428	2214000.0	2.0
4429	2214500.0	0.0
4430	2215000.0	3.0
4431	2215500.0	2.0
4432	2216000.0	2.0
4433	2216500.0	5.0
4434	2217000.0	0.0
4435	2217500.0	4.0
4436	2218000.0	3.0
4437	2218500.0	3.0
4438	2219000.0	4.0
4439	2219500.0	2.0
4440	2220000.0	2.0
4441	2220500.0	4.0
4442	2221000.0	2.0
4443	2221500.0	2.0
4444	2222000.0	2.0
4445	2222500.0	2.0
4446	2223000.0	3.0
4447	2223500.0	2.0
4448	2224000.0	2.0
4449	2224500.0	2.0
4450	2225000.0	1.0
4451	2225500.0	4.0
4452	2226000.0	1.0
4453	2226500.0	0.0
4454	2227000.0	2.0
4455	2227500.0	6.0
4456	2228000.0	1.0
4457	2228500.0	4.0
4458	2229000.0	2.0
4459	2229500.0	3.0
4460	2230000.0	2.0
4461	2230500.0	2.0
4462	2231000.0	2.0
4463	2231500.0	1.0
4464	2232000.0	0.0
4465	2232500.0	3.0
4466	2233000.0	2.0
4467	2233500.0	1.0
4468	2234000.0	1.0
4469	2234500.0	3.0
4470	2235000.0	2.0
4471	2235500.0	1.0
4472	2236000.0	1.0
4473	2236500.0	1.0
4474	2237000.0	2.0
4475	2237500.0	0.0
4476	2238000.0	7.0
4477	2238500.0	1.0
4478	2239000.0	4.0
4479	2239500.0	5.0
4480	2240000.0	2.0
4481	2240500.0	0.0
4482	2241000.0	2.0
4483	2241500.0	4.0
4484	2242000.0	0.0
4485	2242500.0	3.0
4486	2243000.0	3.0
4487	2243500.0	2.0
4488	2244000.0	2.0
4489	2244500.0	3.0
4490	2245000.0	2.0
4491	2245500.0	0.0
4492	2246000.0	5.0
4493	2246500.0	1.0
4494	2247000.0	2.0
4495	2247500.0	1.0
4496	2248000.0	3.0
4497	2248500.0	1.0
4498	2249000.0	6.0
4499	2249500.0	4.0
4500	2250000.0	2.0
4501	2250500.0	1.0
4502	2251000.0	5.0
4503	2251500.0	1.0
4504	2252000.0	1.0
4505	2252500.0	1.0
4506	2253000.0	1.0
4507	2253500.0	0.0
4508	2254000.0	4.0
4509	2254500.0	4.0
4510	2255000.0	1.0
4511	2255500.0	4.0
4512	2256000.0	2.0
4513	2256500.0	3.0
4514	2257000.0	3.0
4515	2257500.0	0.0
4516	2258000.0	2.0
4517	2258500.0	0.0
4518	2259000.0	0.0
4519	2259500.0	3.0
4520	2260000.0	2.0
4521	2260500.0	3.0
4522	2261000.0	2.0
4523	2261500.0	2.0
4524	2262000.0	0.0
4525	2262500.0	3.0
4526	2263000.0	1.0
4527	2263500.0	5.0
4528	2264000.0	5.0
4529	2264500.0	5.0
4530	2265000.0	3.0
4531	2265500.0	1.0
4532	2266000.0	0.0
4533	2266500.0	1.0
4534	2267000.0	4.0
4535	2267500.0	2.0
4536	2268000.0	2.0
4537	2268500.0	3.0
4538	2269000.0	3.0
4539	2269500.0	0.0
4540	2270000.0	3.0
4541	2270500.0	1.0
4542	2271000.0	1.0
4543	2271500.0	2.0
4544	2272000.0	2.0
4545	2272500.0	1.0
4546	2273000.0	2.0
4547	2273500.0	4.0
4548	2274000.0	3.0
4549	2274500.0	4.0
4550	2275000.0	3.0
4551	2275500.0	2.0
4552	2276000.0	3.0
4553	2276500.0	3.0
4554	2277000.0	4.0
4555	2277500.0	2.0
4556	2278000.0	2.0
4557	2278500.0	2.0
4558	2279000.0	0.0
4559	2279500.0	2.0
4560	2280000.0	3.0
4561	2280500.0	2.0
4562	2281000.0	2.0
4563	2281500.0	3.0
4564	2282000.0	3.0
4565	2282500.0	2.0
4566	2283000.0	2.0
4567	2283500.0	3.0
4568	2284000.0	1.0
4569	2284500.0	1.0
4570	2285000.0	2.0
4571	2285500.0	1.0
4572	2286000.0	1.0
4573	2286500.0	3.0
4574	2287000.0	2.0
4575	2287500.0	1.0
4576	2288000.0	4.0
4577	2288500.0	5.0
4578	2289000.0	3.0
4579	2289500.0	5.0
4580	2290000.0	3.0
4581	2290500.0	3.0
4582	2291000.0	4.0
4583	2291500.0	2.0
4584	2292000.0	3.0
4585	2292500.0	3.0
4586	2293000.0	1.0
4587	2293500.0	0.0
4588	2294000.0	0.0
4589	2294500.0	2.0
4590	2295000.0	0.0
4591	2295500.0	1.0
4592	2296000.0	0.0
4593	2296500.0	1.0
4594	2297000.0	2.0
4595	2297500.0	5.0
4596	2298000.0	1.0
4597	2298500.0	3.0
4598	2299000.0	2.0
4599	2299500.0	1.0
4600	2300000.0	3.0
4601	2300500.0	2.0
4602	2301000.0	2.0
4603	2301500.0	1.0
4604	2302000.0	2.0
4605	2302500.0	1.0
4606	2303000.0	4.0
4607	2303500.0	3.0
4608	2304000.0	5.0
4609	2304500.0	2.0
4610	2305000.0	1.0
4611	2305500.0	2.0
4612	2306000.0	2.0
4613	2306500.0	1.0
4614	2307000.0	3.0
4615	2307500.0	1.0
4616	2308000.0	3.0
4617	2308500.0	2.0
4618	2309000.0	1.0
4619	2309500.0	1.0
4620	2310000.0	0.0
4621	2310500.0	5.0
4622	2311000.0	1.0
4623	2311500.0	1.0
4624	2312000.0	2.0
4625	2312500.0	2.0
4626	2313000.0	2.0
4627	2313500.0	0.0
4628	2314000.0	6.0
4629	2314500.0	3.0
4630	2315000.0	2.0
4631	2315500.0	3.0
4632	2316000.0	4.0
4633	2316500.0	3.0
4634	2317000.0	3.0
4635	2317500.0	2.0
4636	2318000.0	0.0
4637	2318500.0	0.0
4638	2319000.0	3.0
4639	2319500.0	0.0
4640	2320000.0	2.0
4641	2320500.0	4.0
4642	2321000.0	2.0
4643	2321500.0	0.0
4644	2322000.0	2.0
4645	2322500.0	0.0
4646	2323000.0	2.0
4647	2323500.0	2.0
4648	2324000.0	1.0
4649	2324500.0	4.0
4650	2325000.0	1.0
4651	2325500.0	1.0
4652	2326000.0	3.0
4653	2326500.0	3.0
4654	2327000.0	2.0
4655	2327500.0	4.0
4656	2328000.0	3.0
4657	2328500.0	3.0
4658	2329000.0	1.0
4659	2329500.0	3.0
4660	2330000.0	3.0
4661	2330500.0	4.0
4662	2331000.0	1.0
4663	2331500.0	0.0
4664	2332000.0	1.0
4665	2332500.0	2.0
4666	2333000.0	0.0
4667	2333500.0	1.0
4668	2334000.0	3.0
4669	2334500.0	2.0
4670	2335000.0	4.0
4671	2335500.0	3.0
4672	2336000.0	4.0
4673	2336500.0	1.0
4674	2337000.0	2.0
4675	2337500.0	3.0
4676	2338000.0	2.0
4677	2338500.0	3.0
4678	2339000.0	5.0
4679	2339500.0	3.0
4680	2340000.0	1.0
4681	2340500.0	3.0
4682	2341000.0	2.0
4683	2341500.0	1.0
4684	2342000.0	1.0
4685	2342500.0	2.0
4686	2343000.0	2.0
4687	2343500.0	2.0
4688	2344000.0	2.0
4689	2344500.0	1.0
4690	2345000.0	4.0
4691	2345500.0	0.0
4692	2346000.0	0.0
4693	2346500.0	3.0
4694	2347000.0	1.0
4695	2347500.0	3.0
4696	2348000.0	7.0
4697	2348500.0	3.0
4698	2349000.0	3.0
4699	2349500.0	1.0
4700	2350000.0	3.0
4701	2350500.0	2.0
4702	2351000.0	2.0
4703	2351500.0	1.0
4704	2352000.0	1.0
4705	2352500.0	2.0
4706	2353000.0	2.0
4707	2353500.0	1.0
4708	2354000.0	3.0
4709	2354500.0	4.0
4710	2355000.0	4.0
4711	2355500.0	4.0
4712	2356000.0	1.0
4713	2356500.0	1.0
4714	2357000.0	4.0
4715	2357500.0	0.0
4716	2358000.0	4.0
4717	2358500.0	3.0
4718	2359000.0	2.0
4719	2359500.0	5.0
4720	2360000.0	1.0
4721	2360500.0	3.0
4722	2361000.0	5.0
4723	2361500.0	4.0
4724	2362000.0	2.0
4725	2362500.0	2.0
4726	2363000.0	0.0
4727	2363500.0	1.0
4728	2364000.0	0.0
4729	2364500.0	2.0
4730	2365000.0	3.0
4731	2365500.0	3.0
4732	2366000.0	0.0
4733	2366500.0	7.0
4734	2367000.0	5.0
4735	2367500.0	3.0
4736	2368000.0	1.0
4737	2368500.0	3.0
4738	2369000.0	2.0
4739	2369500.0	5.0
4740	2370000.0	2.0
4741	2370500.0	0.0
4742	2371000.0	1.0
4743	2371500.0	3.0
4744	2372000.0	1.0
4745	2372500.0	2.0
4746	2373000.0	4.0
4747	2373500.0	1.0
4748	2374000.0	3.0
4749	2374500.0	1.0
4750	2375000.0	1.0
4751	2375500.0	2.0
4752	2376000.0	4.0
4753	2376500.0	2.0
4754	2377000.0	3.0
4755	2377500.0	1.0
4756	2378000.0	0.0
4757	2378500.0	3.0
4758	2379000.0	2.0
4759	2379500.0	2.0
4760	2380000.0	0.0
4761	2380500.0	3.0
4762	2381000.0	0.0
4763	2381500.0	2.0
4764	2382000.0	5.0
4765	2382500.0	2.0
4766	2383000.0	2.0
4767	2383500.0	1.0
4768	2384000.0	3.0
4769	2384500.0	3.0
4770	2385000.0	3.0
4771	2385500.0	2.0
4772	2386000.0	7.0
4773	2386500.0	1.0
4774	2387000.0	0.0
4775	2387500.0	2.0
4776	2388000.0	3.0
4777	2388500.0	2.0
4778	2389000.0	3.0
4779	2389500.0	0.0
4780	2390000.0	3.0
4781	2390500.0	3.0
4782	2391000.0	3.0
4783	2391500.0	1.0
4784	2392000.0	2.0
4785	2392500.0	0.0
4786	2393000.0	4.0
4787	2393500.0	1.0
4788	2394000.0	1.0
4789	2394500.0	3.0
4790	2395000.0	1.0
4791	2395500.0	0.0
4792	2396000.0	1.0
4793	2396500.0	1.0
4794	2397000.0	2.0
4795	2397500.0	2.0
4796	2398000.0	2.0
4797	2398500.0	1.0
4798	2399000.0	7.0
4799	2399500.0	3.0
4800	2400000.0	5.0
4801	2400500.0	1.0
4802	2401000.0	3.0
4803	2401500.0	1.0
4804	2402000.0	1.0
4805	2402500.0	1.0
4806	2403000.0	3.0
4807	2403500.0	1.0
4808	2404000.0	0.0
4809	2404500.0	3.0
4810	2405000.0	2.0
4811	2405500.0	1.0
4812	2406000.0	2.0
4813	2406500.0	0.0
4814	2407000.0	3.0
4815	2407500.0	1.0
4816	2408000.0	5.0
4817	2408500.0	1.0
4818	2409000.0	1.0
4819	2409500.0	4.0
4820	2410000.0	3.0
4821	2410500.0	1.0
4822	2411000.0	0.0
4823	2411500.0	1.0
4824	2412000.0	3.0
4825	2412500.0	2.0
4826	2413000.0	2.0
4827	2413500.0	5.0
4828	2414000.0	2.0
4829	2414500.0	4.0
4830	2415000.0	3.0
4831	2415500.0	2.0
4832	2416000.0	1.0
4833	2416500.0	1.0
4834	2417000.0	1.0
4835	2417500.0	1.0
4836	2418000.0	2.0
4837	2418500.0	3.0
4838	2419000.0	2.0
4839	2419500.0	3.0
4840	2420000.0	1.0
4841	2420500.0	3.0
4842	2421000.0	3.0
4843	2421500.0	0.0
4844	2422000.0	5.0
4845	2422500.0	2.0
4846	2423000.0	1.0
4847	2423500.0	1.0
4848	2424000.0	6.0
4849	2424500.0	0.0
4850	2425000.0	4.0
4851	2425500.0	4.0
4852	2426000.0	1.0
4853	2426500.0	1.0
4854	2427000.0	3.0
4855	2427500.0	2.0
4856	2428000.0	2.0
4857	2428500.0	6.0
4858	2429000.0	3.0
4859	2429500.0	0.0
4860	2430000.0	2.0
4861	2430500.0	2.0
4862	2431000.0	0.0
4863	2431500.0	0.0
4864	2432000.0	5.0
4865	2432500.0	2.0
4866	2433000.0	0.0
4867	2433500.0	2.0
4868	2434000.0	1.0
4869	2434500.0	4.0
4870	2435000.0	2.0
4871	2435500.0	2.0
4872	2436000.0	5.0
4873	2436500.0	3.0
4874	2437000.0	0.0
4875	2437500.0	0.0
4876	2438000.0	3.0
4877	2438500.0	1.0
4878	2439000.0	3.0
4879	2439500.0	4.0
4880	2440000.0	4.0
4881	2440500.0	2.0
4882	2441000.0	0.0
4883	2441500.0	2.0
4884	2442000.0	1.0
4885	2442500.0	1.0
4886	2443000.0	3.0
4887	2443500.0	2.0
4888	2444000.0	3.0
4889	2444500.0	1.0
4890	2445000.0	3.0
4891	2445500.0	3.0
4892	2446000.0	0.0
4893	2446500.0	4.0
4894	2447000.0	1.0
4895	2447500.0	1.0
4896	2448000.0	1.0
4897	2448500.0	2.0
4898	2449000.0	4.0
4899	2449500.0	4.0
4900	2450000.0	1.0
4901	2450500.0	1.0
4902	2451000.0	0.0
4903	2451500.0	1.0
4904	2452000.0	1.0
4905	2452500.0	1.0
4906	2453000.0	3.0
4907	2453500.0	4.0
4908	2454000.0	1.0
4909	2454500.0	1.0
4910	2455000.0	2.0
4911	2455500.0	4.0
4912	2456000.0	4.0
4913	2456500.0	0.0
4914	2457000.0	0.0
4915	2457500.0	3.0
4916	2458000.0	4.0
4917	2458500.0	0.0
4918	2459000.0	1.0
4919	2459500.0	1.0
4920	2460000.0	0.0
4921	2460500.0	1.0
4922	2461000.0	1.0
4923	2461500.0	1.0
4924	2462000.0	2.0
4925	2462500.0	2.0
4926	2463000.0	3.0
4927	2463500.0	1.0
4928	2464000.0	1.0
4929	2464500.0	1.0
4930	2465000.0	2.0
4931	2465500.0	3.0
4932	2466000.0	2.0
4933	2466500.0	5.0
4934	2467000.0	2.0
4935	2467500.0	1.0
4936	2468000.0	6.0
4937	2468500.0	3.0
4938	2469000.0	3.0
4939	2469500.0	2.0
4940	2470000.0	2.0
4941	2470500.0	2.0
4942	2471000.0	3.0
4943	2471500.0	2.0
4944	2472000.0	6.0
4945	2472500.0	0.0
4946	2473000.0	1.0
4947	2473500.0	0.0
4948	2474000.0	1.0
4949	2474500.0	3.0
4950	2475000.0	4.0
4951	2475500.0	5.0
4952	2476000.0	2.0
4953	2476500.0	0.0
4954	2477000.0	4.0
4955	2477500.0	2.0
4956	2478000.0	1.0
4957	2478500.0	2.0
4958	2479000.0	1.0
4959	2479500.0	2.0
4960	2480000.0	0.0
4961	2480500.0	3.0
4962	2481000.0	3.0
4963	2481500.0	1.0
4964	2482000.0	0.0
4965	2482500.0	1.0
4966	2483000.0	0.0
4967	2483500.0	1.0
4968	2484000.0	4.0
4969	2484500.0	0.0
4970	2485000.0	0.0
4971	2485500.0	2.0
4972	2486000.0	5.0
4973	2486500.0	1.0
4974	2487000.0	3.0
4975	2487500.0	5.0
4976	2488000.0	3.0
4977	2488500.0	1.0
4978	2489000.0	0.0
4979	2489500.0	1.0
4980	2490000.0	1.0
4981	2490500.0	3.0
4982	2491000.0	1.0
4983	2491500.0	2.0
4984	2492000.0	2.0
4985	2492500.0	4.0
4986	2493000.0	3.0
4987	2493500.0	4.0
4988	2494000.0	0.0
4989	2494500.0	1.0
4990	2495000.0	3.0
4991	2495500.0	1.0
4992	2496000.0	3.0
4993	2496500.0	2.0
4994	2497000.0	1.0
4995	2497500.0	1.0
4996	2498000.0	3.0
4997	2498500.0	0.0
4998	2499000.0	2.0
4999	2499500.0	4.0
5000	2500000.0	3.0
5001	2500500.0	1.0
5002	2501000.0	3.0
5003	2501500.0	4.0
5004	2502000.0	3.0
5005	2502500.0	2.0
5006	2503000.0	2.0
5007	2503500.0	4.0
5008	2504000.0	2.0
5009	2504500.0	2.0
5010	2505000.0	4.0
5011	2505500.0	4.0
5012	2506000.0	1.0
5013	2506500.0	0.0
5014	2507000.0	1.0
5015	2507500.0	4.0
5016	2508000.0	1.0
5017	2508500.0	1.0
5018	2509000.0	0.0
5019	2509500.0	1.0
5020	2510000.0	0.0
5021	2510500.0	3.0
5022	2511000.0	1.0
5023	2511500.0	1.0
5024	2512000.0	0.0
5025	2512500.0	2.0
5026	2513000.0	1.0
5027	2513500.0	5.0
5028	2514000.0	4.0
5029	2514500.0	5.0
5030	2515000.0	0.0
5031	2515500.0	2.0
5032	2516000.0	1.0
5033	2516500.0	1.0
5034	2517000.0	1.0
5035	2517500.0	1.0
5036	2518000.0	2.0
5037	2518500.0	4.0
5038	2519000.0	1.0
5039	2519500.0	6.0
5040	2520000.0	1.0
5041	2520500.0	1.0
5042	2521000.0	2.0
5043	2521500.0	0.0
5044	2522000.0	0.0
5045	2522500.0	2.0
5046	2523000.0	1.0
5047	2523500.0	5.0
5048	2524000.0	2.0
5049	2524500.0	4.0
5050	2525000.0	3.0
5051	2525500.0	3.0
5052	2526000.0	1.0
5053	2526500.0	2.0
5054	2527000.0	1.0
5055	2527500.0	1.0
5056	2528000.0	0.0
5057	2528500.0	5.0
5058	2529000.0	3.0
5059	2529500.0	3.0
5060	2530000.0	3.0
5061	2530500.0	2.0
5062	2531000.0	2.0
5063	2531500.0	1.0
5064	2532000.0	1.0
5065	2532500.0	1.0
5066	2533000.0	1.0
5067	2533500.0	1.0
5068	2534000.0	1.0
5069	2534500.0	3.0
5070	2535000.0	2.0
5071	2535500.0	4.0
5072	2536000.0	2.0
5073	2536500.0	3.0
5074	2537000.0	0.0
5075	2537500.0	2.0
5076	2538000.0	2.0
5077	2538500.0	0.0
5078	2539000.0	3.0
5079	2539500.0	1.0
5080	2540000.0	1.0
5081	2540500.0	0.0
5082	2541000.0	1.0
5083	2541500.0	0.0
5084	2542000.0	5.0
5085	2542500.0	3.0
5086	2543000.0	2.0
5087	2543500.0	2.0
5088	2544000.0	1.0
5089	2544500.0	0.0
5090	2545000.0	3.0
5091	2545500.0	6.0
5092	2546000.0	3.0
5093	2546500.0	4.0
5094	2547000.0	2.0
5095	2547500.0	3.0
5096	2548000.0	2.0
5097	2548500.0	3.0
5098	2549000.0	3.0
5099	2549500.0	3.0
5100	2550000.0	1.0
5101	2550500.0	4.0
5102	2551000.0	3.0
5103	2551500.0	2.0
5104	2552000.0	3.0
5105	2552500.0	1.0
5106	2553000.0	4.0
5107	2553500.0	5.0
5108	2554000.0	1.0
5109	2554500.0	2.0
5110	2555000.0	3.0
5111	2555500.0	5.0
5112	2556000.0	3.0
5113	2556500.0	2.0
5114	2557000.0	5.0
5115	2557500.0	1.0
5116	2558000.0	1.0
5117	2558500.0	1.0
5118	2559000.0	1.0
5119	2559500.0	0.0
5120	2560000.0	1.0
5121	2560500.0	0.0
5122	2561000.0	4.0
5123	2561500.0	2.0
5124	2562000.0	4.0
5125	2562500.0	0.0
5126	2563000.0	3.0
5127	2563500.0	1.0
5128	2564000.0	0.0
5129	2564500.0	2.0
5130	2565000.0	2.0
5131	2565500.0	2.0
5132	2566000.0	4.0
5133	2566500.0	0.0
5134	2567000.0	1.0
5135	2567500.0	0.0
5136	2568000.0	3.0
5137	2568500.0	1.0
5138	2569000.0	2.0
5139	2569500.0	4.0
5140	2570000.0	1.0
5141	2570500.0	2.0
5142	2571000.0	3.0
5143	2571500.0	0.0
5144	2572000.0	2.0
5145	2572500.0	2.0
5146	2573000.0	1.0
5147	2573500.0	0.0
5148	2574000.0	3.0
5149	2574500.0	1.0
5150	2575000.0	2.0
5151	2575500.0	0.0
5152	2576000.0	0.0
5153	2576500.0	5.0
5154	2577000.0	3.0
5155	2577500.0	0.0
5156	2578000.0	2.0
5157	2578500.0	4.0
5158	2579000.0	1.0
5159	2579500.0	3.0
5160	2580000.0	1.0
5161	2580500.0	2.0
5162	2581000.0	4.0
5163	2581500.0	0.0
5164	2582000.0	3.0
5165	2582500.0	3.0
5166	2583000.0	0.0
5167	2583500.0	4.0
5168	2584000.0	1.0
5169	2584500.0	2.0
5170	2585000.0	2.0
5171	2585500.0	1.0
5172	2586000.0	3.0
5173	2586500.0	2.0
5174	2587000.0	0.0
5175	2587500.0	3.0
5176	2588000.0	0.0
5177	2588500.0	2.0
5178	2589000.0	1.0
5179	2589500.0	0.0
5180	2590000.0	3.0
5181	2590500.0	1.0
5182	2591000.0	2.0
5183	2591500.0	1.0
5184	2592000.0	1.0
5185	2592500.0	2.0
5186	2593000.0	1.0
5187	2593500.0	2.0
5188	2594000.0	3.0
5189	2594500.0	2.0
5190	2595000.0	6.0
5191	2595500.0	2.0
5192	2596000.0	4.0
5193	2596500.0	3.0
5194	2597000.0	4.0
5195	2597500.0	3.0
5196	2598000.0	5.0
5197	2598500.0	2.0
5198	2599000.0	6.0
5199	2599500.0	4.0
5200	2600000.0	1.0
5201	2600500.0	2.0
5202	2601000.0	3.0
5203	2601500.0	3.0
5204	2602000.0	1.0
5205	2602500.0	2.0
5206	2603000.0	2.0
5207	2603500.0	3.0
5208	2604000.0	2.0
5209	2604500.0	0.0
5210	2605000.0	0.0
5211	2605500.0	3.0
5212	2606000.0	1.0
5213	2606500.0	1.0
5214	2607000.0	5.0
5215	2607500.0	0.0
5216	2608000.0	1.0
5217	2608500.0	1.0
5218	2609000.0	4.0
5219	2609500.0	2.0
5220	2610000.0	2.0
5221	2610500.0	2.0
5222	2611000.0	1.0
5223	2611500.0	1.0
5224	2612000.0	4.0
5225	2612500.0	1.0
5226	2613000.0	2.0
5227	2613500.0	2.0
5228	2614000.0	1.0
5229	2614500.0	2.0
5230	2615000.0	3.0
5231	2615500.0	1.0
5232	2616000.0	3.0
5233	2616500.0	0.0
5234	2617000.0	2.0
5235	2617500.0	3.0
5236	2618000.0	1.0
5237	2618500.0	0.0
5238	2619000.0	1.0
5239	2619500.0	1.0
5240	2620000.0	0.0
5241	2620500.0	2.0
5242	2621000.0	1.0
5243	2621500.0	4.0
5244	2622000.0	0.0
5245	2622500.0	4.0
5246	2623000.0	1.0
5247	2623500.0	0.0
5248	2624000.0	4.0
5249	2624500.0	1.0
5250	2625000.0	5.0
5251	2625500.0	2.0
5252	2626000.0	3.0
5253	2626500.0	0.0
5254	2627000.0	0.0
5255	2627500.0	5.0
5256	2628000.0	2.0
5257	2628500.0	2.0
5258	2629000.0	0.0
5259	2629500.0	1.0
5260	2630000.0	4.0
5261	2630500.0	3.0
5262	2631000.0	1.0
5263	2631500.0	1.0
5264	2632000.0	1.0
5265	2632500.0	3.0
5266	2633000.0	1.0
5267	2633500.0	3.0
5268	2634000.0	1.0
5269	2634500.0	2.0
5270	2635000.0	3.0
5271	2635500.0	2.0
5272	2636000.0	4.0
5273	2636500.0	3.0
5274	2637000.0	1.0
5275	2637500.0	1.0
5276	2638000.0	1.0
5277	2638500.0	4.0
5278	2639000.0	2.0
5279	2639500.0	0.0
5280	2640000.0	5.0
5281	2640500.0	2.0
5282	2641000.0	0.0
5283	2641500.0	4.0
5284	2642000.0	3.0
5285	2642500.0	1.0
5286	2643000.0	1.0
5287	2643500.0	3.0
5288	2644000.0	1.0
5289	2644500.0	5.0
5290	2645000.0	1.0
5291	2645500.0	1.0
5292	2646000.0	4.0
5293	2646500.0	2.0
5294	2647000.0	3.0
5295	2647500.0	2.0
5296	2648000.0	2.0
5297	2648500.0	4.0
5298	2649000.0	5.0
5299	2649500.0	5.0
5300	2650000.0	8.0
5301	2650500.0	3.0
5302	2651000.0	1.0
5303	2651500.0	2.0
5304	2652000.0	1.0
5305	2652500.0	1.0
5306	2653000.0	1.0
5307	2653500.0	0.0
5308	2654000.0	2.0
5309	2654500.0	1.0
5310	2655000.0	3.0
5311	2655500.0	3.0
5312	2656000.0	3.0
5313	2656500.0	3.0
5314	2657000.0	2.0
5315	2657500.0	2.0
5316	2658000.0	1.0
5317	2658500.0	1.0
5318	2659000.0	1.0
5319	2659500.0	4.0
5320	2660000.0	0.0
5321	2660500.0	3.0
5322	2661000.0	0.0
5323	2661500.0	2.0
5324	2662000.0	4.0
5325	2662500.0	1.0
5326	2663000.0	2.0
5327	2663500.0	2.0
5328	2664000.0	3.0
5329	2664500.0	1.0
5330	2665000.0	4.0
5331	2665500.0	1.0
5332	2666000.0	1.0
5333	2666500.0	4.0
5334	2667000.0	2.0
5335	2667500.0	4.0
5336	2668000.0	0.0
5337	2668500.0	5.0
5338	2669000.0	1.0
5339	2669500.0	5.0
5340	2670000.0	5.0
5341	2670500.0	0.0
5342	2671000.0	3.0
5343	2671500.0	2.0
5344	2672000.0	1.0
5345	2672500.0	1.0
5346	2673000.0	0.0
5347	2673500.0	2.0
5348	2674000.0	1.0
5349	2674500.0	3.0
5350	2675000.0	1.0
5351	2675500.0	0.0
5352	2676000.0	1.0
5353	2676500.0	4.0
5354	2677000.0	2.0
5355	2677500.0	2.0
5356	2678000.0	3.0
5357	2678500.0	3.0
5358	2679000.0	1.0
5359	2679500.0	1.0
5360	2680000.0	5.0
5361	2680500.0	0.0
5362	2681000.0	1.0
5363	2681500.0	4.0
5364	2682000.0	3.0
5365	2682500.0	1.0
5366	2683000.0	3.0
5367	2683500.0	2.0
5368	2684000.0	0.0
5369	2684500.0	2.0
5370	2685000.0	2.0
5371	2685500.0	0.0
5372	2686000.0	0.0
5373	2686500.0	1.0
5374	2687000.0	0.0
5375	2687500.0	4.0
5376	2688000.0	1.0
5377	2688500.0	4.0
5378	2689000.0	5.0
5379	2689500.0	6.0
5380	2690000.0	2.0
5381	2690500.0	1.0
5382	2691000.0	1.0
5383	2691500.0	2.0
5384	2692000.0	2.0
5385	2692500.0	5.0
5386	2693000.0	2.0
5387	2693500.0	2.0
5388	2694000.0	2.0
5389	2694500.0	2.0
5390	2695000.0	3.0
5391	2695500.0	2.0
5392	2696000.0	1.0
5393	2696500.0	5.0
5394	2697000.0	0.0
5395	2697500.0	1.0
5396	2698000.0	4.0
5397	2698500.0	2.0
5398	2699000.0	3.0
5399	2699500.0	2.0
5400	2700000.0	1.0
5401	2700500.0	1.0
5402	2701000.0	3.0
5403	2701500.0	3.0
5404	2702000.0	1.0
5405	2702500.0	2.0
5406	2703000.0	3.0
5407	2703500.0	3.0
5408	2704000.0	2.0
5409	2704500.0	4.0
5410	2705000.0	3.0
5411	2705500.0	5.0
5412	2706000.0	3.0
5413	2706500.0	1.0
5414	2707000.0	2.0
5415	2707500.0	1.0
5416	2708000.0	2.0
5417	2708500.0	5.0
5418	2709000.0	1.0
5419	2709500.0	0.0
5420	2710000.0	3.0
5421	2710500.0	1.0
5422	2711000.0	2.0
5423	2711500.0	0.0
5424	2712000.0	3.0
5425	2712500.0	1.0
5426	2713000.0	4.0
5427	2713500.0	3.0
5428	2714000.0	2.0
5429	2714500.0	3.0
5430	2715000.0	1.0
5431	2715500.0	3.0
5432	2716000.0	2.0
5433	2716500.0	1.0
5434	2717000.0	1.0
5435	2717500.0	2.0
5436	2718000.0	1.0
5437	2718500.0	1.0
5438	2719000.0	1.0
5439	2719500.0	2.0
5440	2720000.0	6.0
5441	2720500.0	3.0
5442	2721000.0	6.0
5443	2721500.0	2.0
5444	2722000.0	2.0
5445	2722500.0	1.0
5446	2723000.0	4.0
5447	2723500.0	2.0
5448	2724000.0	2.0
5449	2724500.0	5.0
5450	2725000.0	2.0
5451	2725500.0	5.0
5452	2726000.0	5.0
5453	2726500.0	6.0
5454	2727000.0	2.0
5455	2727500.0	4.0
5456	2728000.0	5.0
5457	2728500.0	3.0
5458	2729000.0	4.0
5459	2729500.0	3.0
5460	2730000.0	5.0
5461	2730500.0	1.0
5462	2731000.0	0.0
5463	2731500.0	1.0
5464	2732000.0	2.0
5465	2732500.0	0.0
5466	2733000.0	2.0
5467	2733500.0	3.0
5468	2734000.0	4.0
5469	2734500.0	2.0
5470	2735000.0	1.0
5471	2735500.0	1.0
5472	2736000.0	3.0
5473	2736500.0	1.0
5474	2737000.0	4.0
5475	2737500.0	3.0
5476	2738000.0	4.0
5477	2738500.0	3.0
5478	2739000.0	3.0
5479	2739500.0	0.0
5480	2740000.0	2.0
5481	2740500.0	4.0
5482	2741000.0	6.0
5483	2741500.0	1.0
5484	2742000.0	0.0
5485	2742500.0	3.0
5486	2743000.0	3.0
5487	2743500.0	3.0
5488	2744000.0	2.0
5489	2744500.0	3.0
5490	2745000.0	1.0
5491	2745500.0	3.0
5492	2746000.0	1.0
5493	2746500.0	3.0
5494	2747000.0	5.0
5495	2747500.0	2.0
5496	2748000.0	1.0
5497	2748500.0	2.0
5498	2749000.0	4.0
5499	2749500.0	3.0
5500	2750000.0	2.0
5501	2750500.0	0.0
5502	2751000.0	4.0
5503	2751500.0	4.0
5504	2752000.0	0.0
5505	2752500.0	4.0
5506	2753000.0	1.0
5507	2753500.0	2.0
5508	2754000.0	3.0
5509	2754500.0	1.0
5510	2755000.0	1.0
5511	2755500.0	3.0
5512	2756000.0	1.0
5513	2756500.0	3.0
5514	2757000.0	1.0
5515	2757500.0	2.0
5516	2758000.0	0.0
5517	2758500.0	3.0
5518	2759000.0	2.0
5519	2759500.0	1.0
5520	2760000.0	1.0
5521	2760500.0	5.0
5522	2761000.0	2.0
5523	2761500.0	3.0
5524	2762000.0	1.0
5525	2762500.0	3.0
5526	2763000.0	2.0
5527	2763500.0	3.0
5528	2764000.0	1.0
5529	2764500.0	1.0
5530	2765000.0	3.0
5531	2765500.0	1.0
5532	2766000.0	1.0
5533	2766500.0	2.0
5534	2767000.0	1.0
5535	2767500.0	0.0
5536	2768000.0	1.0
5537	2768500.0	2.0
5538	2769000.0	1.0
5539	2769500.0	0.0
5540	2770000.0	2.0
5541	2770500.0	3.0
5542	2771000.0	1.0
5543	2771500.0	1.0
5544	2772000.0	1.0
5545	2772500.0	3.0
5546	2773000.0	0.0
5547	2773500.0	1.0
5548	2774000.0	0.0
5549	2774500.0	2.0
5550	2775000.0	0.0
5551	2775500.0	1.0
5552	2776000.0	1.0
5553	2776500.0	3.0
5554	2777000.0	3.0
5555	2777500.0	2.0
5556	2778000.0	1.0
5557	2778500.0	4.0
5558	2779000.0	4.0
5559	2779500.0	0.0
5560	2780000.0	1.0
5561	2780500.0	1.0
5562	2781000.0	1.0
5563	2781500.0	1.0
5564	2782000.0	1.0
5565	2782500.0	0.0
5566	2783000.0	2.0
5567	2783500.0	2.0
5568	2784000.0	1.0
5569	2784500.0	1.0
5570	2785000.0	2.0
5571	2785500.0	0.0
5572	2786000.0	2.0
5573	2786500.0	3.0
5574	2787000.0	2.0
5575	2787500.0	0.0
5576	2788000.0	5.0
5577	2788500.0	2.0
5578	2789000.0	4.0
5579	2789500.0	1.0
5580	2790000.0	4.0
5581	2790500.0	1.0
5582	2791000.0	3.0
5583	2791500.0	4.0
5584	2792000.0	2.0
5585	2792500.0	2.0
5586	2793000.0	2.0
5587	2793500.0	1.0
5588	2794000.0	5.0
5589	2794500.0	4.0
5590	2795000.0	2.0
5591	2795500.0	5.0
5592	2796000.0	3.0
5593	2796500.0	2.0
5594	2797000.0	3.0
5595	2797500.0	2.0
5596	2798000.0	1.0
5597	2798500.0	3.0
5598	2799000.0	3.0
5599	2799500.0	1.0
5600	2800000.0	2.0
5601	2800500.0	1.0
5602	2801000.0	0.0
5603	2801500.0	2.0
5604	2802000.0	0.0
5605	2802500.0	2.0
5606	2803000.0	1.0
5607	2803500.0	3.0
5608	2804000.0	0.0
5609	2804500.0	1.0
5610	2805000.0	4.0
5611	2805500.0	2.0
5612	2806000.0	1.0
5613	2806500.0	3.0
5614	2807000.0	1.0
5615	2807500.0	7.0
5616	2808000.0	3.0
5617	2808500.0	6.0
5618	2809000.0	4.0
5619	2809500.0	3.0
5620	2810000.0	4.0
5621	2810500.0	6.0
5622	2811000.0	3.0
5623	2811500.0	2.0
5624	2812000.0	2.0
5625	2812500.0	0.0
5626	2813000.0	1.0
5627	2813500.0	0.0
5628	2814000.0	2.0
5629	2814500.0	3.0
5630	2815000.0	3.0
5631	2815500.0	2.0
5632	2816000.0	2.0
5633	2816500.0	1.0
5634	2817000.0	1.0
5635	2817500.0	2.0
5636	2818000.0	2.0
5637	2818500.0	2.0
5638	2819000.0	2.0
5639	2819500.0	2.0
5640	2820000.0	2.0
5641	2820500.0	1.0
5642	2821000.0	1.0
5643	2821500.0	3.0
5644	2822000.0	6.0
5645	2822500.0	3.0
5646	2823000.0	2.0
5647	2823500.0	3.0
5648	2824000.0	3.0
5649	2824500.0	1.0
5650	2825000.0	3.0
5651	2825500.0	2.0
5652	2826000.0	1.0
5653	2826500.0	2.0
5654	2827000.0	0.0
5655	2827500.0	3.0
5656	2828000.0	1.0
5657	2828500.0	1.0
5658	2829000.0	4.0
5659	2829500.0	2.0
5660	2830000.0	3.0
5661	2830500.0	0.0
5662	2831000.0	3.0
5663	2831500.0	5.0
5664	2832000.0	0.0
5665	2832500.0	3.0
5666	2833000.0	0.0
5667	2833500.0	0.0
5668	2834000.0	3.0
5669	2834500.0	0.0
5670	2835000.0	1.0
5671	2835500.0	4.0
5672	2836000.0	4.0
5673	2836500.0	2.0
5674	2837000.0	1.0
5675	2837500.0	2.0
5676	2838000.0	1.0
5677	2838500.0	3.0
5678	2839000.0	3.0
5679	2839500.0	1.0
5680	2840000.0	5.0
5681	2840500.0	3.0
5682	2841000.0	3.0
5683	2841500.0	1.0
5684	2842000.0	3.0
5685	2842500.0	4.0
5686	2843000.0	1.0
5687	2843500.0	0.0
5688	2844000.0	2.0
5689	2844500.0	1.0
5690	2845000.0	2.0
5691	2845500.0	4.0
5692	2846000.0	2.0
5693	2846500.0	1.0
5694	2847000.0	1.0
5695	2847500.0	5.0
5696	2848000.0	1.0
5697	2848500.0	1.0
5698	2849000.0	0.0
5699	2849500.0	2.0
5700	2850000.0	0.0
5701	2850500.0	3.0
5702	2851000.0	3.0
5703	2851500.0	1.0
5704	2852000.0	5.0
5705	2852500.0	2.0
5706	2853000.0	2.0
5707	2853500.0	2.0
5708	2854000.0	5.0
5709	2854500.0	3.0
5710	2855000.0	2.0
5711	2855500.0	4.0
5712	2856000.0	1.0
5713	2856500.0	2.0
5714	2857000.0	1.0
5715	2857500.0	1.0
5716	2858000.0	0.0
5717	2858500.0	3.0
5718	2859000.0	1.0
5719	2859500.0	2.0
5720	2860000.0	1.0
5721	2860500.0	1.0
5722	2861000.0	4.0
5723	2861500.0	2.0
5724	2862000.0	3.0
5725	2862500.0	0.0
5726	2863000.0	3.0
5727	2863500.0	2.0
5728	2864000.0	4.0
5729	2864500.0	2.0
5730	2865000.0	3.0
5731	2865500.0	1.0
5732	2866000.0	0.0
5733	2866500.0	1.0
5734	2867000.0	2.0
5735	2867500.0	5.0
5736	2868000.0	1.0
5737	2868500.0	2.0
5738	2869000.0	4.0
5739	2869500.0	2.0
5740	2870000.0	2.0
5741	2870500.0	2.0
5742	2871000.0	2.0
5743	2871500.0	6.0
5744	2872000.0	3.0
5745	2872500.0	2.0
5746	2873000.0	1.0
5747	2873500.0	1.0
5748	2874000.0	2.0
5749	2874500.0	1.0
5750	2875000.0	2.0
5751	2875500.0	0.0
5752	2876000.0	3.0
5753	2876500.0	3.0
5754	2877000.0	0.0
5755	2877500.0	1.0
5756	2878000.0	3.0
5757	2878500.0	1.0
5758	2879000.0	3.0
5759	2879500.0	2.0
5760	2880000.0	3.0
5761	2880500.0	2.0
5762	2881000.0	4.0
5763	2881500.0	4.0
5764	2882000.0	2.0
5765	2882500.0	3.0
5766	2883000.0	1.0
5767	2883500.0	1.0
5768	2884000.0	2.0
5769	2884500.0	2.0
5770	2885000.0	4.0
5771	2885500.0	2.0
5772	2886000.0	4.0
5773	2886500.0	5.0
5774	2887000.0	1.0
5775	2887500.0	1.0
5776	2888000.0	0.0
5777	2888500.0	1.0
5778	2889000.0	3.0
5779	2889500.0	1.0
5780	2890000.0	3.0
5781	2890500.0	3.0
5782	2891000.0	3.0
5783	2891500.0	2.0
5784	2892000.0	3.0
5785	2892500.0	1.0
5786	2893000.0	2.0
5787	2893500.0	3.0
5788	2894000.0	3.0
5789	2894500.0	1.0
5790	2895000.0	0.0
5791	2895500.0	2.0
5792	2896000.0	1.0
5793	2896500.0	0.0
5794	2897000.0	1.0
5795	2897500.0	1.0
5796	2898000.0	1.0
5797	2898500.0	7.0
5798	2899000.0	3.0
5799	2899500.0	4.0
5800	2900000.0	2.0
5801	2900500.0	2.0
5802	2901000.0	4.0
5803	2901500.0	0.0
5804	2902000.0	4.0
5805	2902500.0	3.0
5806	2903000.0	0.0
5807	2903500.0	1.0
5808	2904000.0	4.0
5809	2904500.0	3.0
5810	2905000.0	4.0
5811	2905500.0	0.0
5812	2906000.0	2.0
5813	2906500.0	2.0
5814	2907000.0	4.0
5815	2907500.0	3.0
5816	2908000.0	5.0
5817	2908500.0	1.0
5818	2909000.0	4.0
5819	2909500.0	3.0
5820	2910000.0	4.0
5821	2910500.0	2.0
5822	2911000.0	0.0
5823	2911500.0	6.0
5824	2912000.0	4.0
5825	2912500.0	4.0
5826	2913000.0	1.0
5827	2913500.0	2.0
5828	2914000.0	6.0
5829	2914500.0	3.0
5830	2915000.0	3.0
5831	2915500.0	1.0
5832	2916000.0	2.0
5833	2916500.0	3.0
5834	2917000.0	0.0
5835	2917500.0	6.0
5836	2918000.0	5.0
5837	2918500.0	4.0
5838	2919000.0	2.0
5839	2919500.0	2.0
5840	2920000.0	0.0
5841	2920500.0	2.0
5842	2921000.0	5.0
5843	2921500.0	0.0
5844	2922000.0	0.0
5845	2922500.0	3.0
5846	2923000.0	3.0
5847	2923500.0	3.0
5848	2924000.0	2.0
5849	2924500.0	4.0
5850	2925000.0	1.0
5851	2925500.0	1.0
5852	2926000.0	2.0
5853	2926500.0	2.0
5854	2927000.0	3.0
5855	2927500.0	3.0
5856	2928000.0	1.0
5857	2928500.0	1.0
5858	2929000.0	3.0
5859	2929500.0	4.0
5860	2930000.0	2.0
5861	2930500.0	0.0
5862	2931000.0	3.0
5863	2931500.0	3.0
5864	2932000.0	1.0
5865	2932500.0	2.0
5866	2933000.0	1.0
5867	2933500.0	2.0
5868	2934000.0	1.0
5869	2934500.0	2.0
5870	2935000.0	4.0
5871	2935500.0	3.0
5872	2936000.0	3.0
5873	2936500.0	1.0
5874	2937000.0	2.0
5875	2937500.0	3.0
5876	2938000.0	1.0
5877	2938500.0	3.0
5878	2939000.0	1.0
5879	2939500.0	0.0
5880	2940000.0	4.0
5881	2940500.0	0.0
5882	2941000.0	1.0
5883	2941500.0	1.0
5884	2942000.0	2.0
5885	2942500.0	1.0
5886	2943000.0	2.0
5887	2943500.0	3.0
5888	2944000.0	3.0
5889	2944500.0	3.0
5890	2945000.0	0.0
5891	2945500.0	2.0
5892	2946000.0	3.0
5893	2946500.0	1.0
5894	2947000.0	6.0
5895	2947500.0	6.0
5896	2948000.0	1.0
5897	2948500.0	2.0
5898	2949000.0	4.0
5899	2949500.0	0.0
5900	2950000.0	1.0
5901	2950500.0	2.0
5902	2951000.0	0.0
5903	2951500.0	7.0
5904	2952000.0	3.0
5905	2952500.0	2.0
5906	2953000.0	4.0
5907	2953500.0	1.0
5908	2954000.0	2.0
5909	2954500.0	2.0
5910	2955000.0	1.0
5911	2955500.0	1.0
5912	2956000.0	0.0
5913	2956500.0	4.0
5914	2957000.0	1.0
5915	2957500.0	4.0
5916	2958000.0	1.0
5917	2958500.0	1.0
5918	2959000.0	2.0
5919	2959500.0	1.0
5920	2960000.0	1.0
5921	2960500.0	2.0
5922	2961000.0	1.0
5923	2961500.0	2.0
5924	2962000.0	2.0
5925	2962500.0	1.0
5926	2963000.0	4.0
5927	2963500.0	3.0
5928	2964000.0	9.0
5929	2964500.0	2.0
5930	2965000.0	2.0
5931	2965500.0	3.0
5932	2966000.0	1.0
5933	2966500.0	0.0
5934	2967000.0	1.0
5935	2967500.0	0.0
5936	2968000.0	2.0
5937	2968500.0	3.0
5938	2969000.0	2.0
5939	2969500.0	3.0
5940	2970000.0	3.0
5941	2970500.0	1.0
5942	2971000.0	1.0
5943	2971500.0	1.0
5944	2972000.0	0.0
5945	2972500.0	2.0
5946	2973000.0	3.0
5947	2973500.0	6.0
5948	2974000.0	2.0
5949	2974500.0	4.0
5950	2975000.0	3.0
5951	2975500.0	1.0
5952	2976000.0	3.0
5953	2976500.0	4.0
5954	2977000.0	2.0
5955	2977500.0	3.0
5956	2978000.0	3.0
5957	2978500.0	3.0
5958	2979000.0	0.0
5959	2979500.0	2.0
5960	2980000.0	4.0
5961	2980500.0	5.0
5962	2981000.0	1.0
5963	2981500.0	1.0
5964	2982000.0	2.0
5965	2982500.0	4.0
5966	2983000.0	3.0
5967	2983500.0	3.0
5968	2984000.0	1.0
5969	2984500.0	5.0
5970	2985000.0	2.0
5971	2985500.0	0.0
5972	2986000.0	1.0
5973	2986500.0	4.0
5974	2987000.0	0.0
5975	2987500.0	2.0
5976	2988000.0	1.0
5977	2988500.0	3.0
5978	2989000.0	1.0
5979	2989500.0	2.0
5980	2990000.0	1.0
5981	2990500.0	2.0
5982	2991000.0	2.0
5983	2991500.0	3.0
5984	2992000.0	5.0
5985	2992500.0	7.0
5986	2993000.0	3.0
5987	2993500.0	3.0
5988	2994000.0	0.0
5989	2994500.0	4.0
5990	2995000.0	2.0
5991	2995500.0	1.0
5992	2996000.0	2.0
5993	2996500.0	0.0
5994	2997000.0	4.0
5995	2997500.0	4.0
5996	2998000.0	3.0
5997	2998500.0	0.0
5998	2999000.0	1.0
5999	2999500.0	3.0
6000	3000000.0	2.0
6001	3000500.0	3.0
6002	3001000.0	6.0
6003	3001500.0	0.0
6004	3002000.0	5.0
6005	3002500.0	3.0
6006	3003000.0	3.0
6007	3003500.0	1.0
6008	3004000.0	4.0
6009	3004500.0	1.0
6010	3005000.0	2.0
6011	3005500.0	0.0
6012	3006000.0	1.0
6013	3006500.0	2.0
6014	3007000.0	0.0
6015	3007500.0	2.0
6016	3008000.0	1.0
6017	3008500.0	1.0
6018	3009000.0	2.0
6019	3009500.0	1.0
6020	3010000.0	2.0
6021	3010500.0	1.0
6022	3011000.0	2.0
6023	3011500.0	1.0
6024	3012000.0	0.0
6025	3012500.0	3.0
6026	3013000.0	1.0
6027	3013500.0	1.0
6028	3014000.0	1.0
6029	3014500.0	2.0
6030	3015000.0	0.0
6031	3015500.0	3.0
6032	3016000.0	5.0
6033	3016500.0	2.0
6034	3017000.0	1.0
6035	3017500.0	0.0
6036	3018000.0	3.0
6037	3018500.0	2.0
6038	3019000.0	1.0
6039	3019500.0	4.0
6040	3020000.0	4.0
6041	3020500.0	1.0
6042	3021000.0	0.0
6043	3021500.0	4.0
6044	3022000.0	1.0
6045	3022500.0	2.0
6046	3023000.0	2.0
6047	3023500.0	2.0
6048	3024000.0	6.0
6049	3024500.0	2.0
6050	3025000.0	2.0
6051	3025500.0	1.0
6052	3026000.0	0.0
6053	3026500.0	1.0
6054	3027000.0	3.0
6055	3027500.0	4.0
6056	3028000.0	2.0
6057	3028500.0	3.0
6058	3029000.0	3.0
6059	3029500.0	0.0
6060	3030000.0	4.0
6061	3030500.0	2.0
6062	3031000.0	3.0
6063	3031500.0	1.0
6064	3032000.0	0.0
6065	3032500.0	4.0
6066	3033000.0	3.0
6067	3033500.0	1.0
6068	3034000.0	0.0
6069	3034500.0	2.0
6070	3035000.0	0.0
6071	3035500.0	2.0
6072	3036000.0	1.0
6073	3036500.0	2.0
6074	3037000.0	0.0
6075	3037500.0	1.0
6076	3038000.0	3.0
6077	3038500.0	1.0
6078	3039000.0	1.0
6079	3039500.0	2.0
6080	3040000.0	3.0
6081	3040500.0	2.0
6082	3041000.0	3.0
6083	3041500.0	2.0
6084	3042000.0	0.0
6085	3042500.0	3.0
6086	3043000.0	1.0
6087	3043500.0	1.0
6088	3044000.0	2.0
6089	3044500.0	2.0
6090	3045000.0	3.0
6091	3045500.0	1.0
6092	3046000.0	5.0
6093	3046500.0	0.0
6094	3047000.0	3.0
6095	3047500.0	3.0
6096	3048000.0	6.0
6097	3048500.0	3.0
6098	3049000.0	3.0
6099	3049500.0	2.0
6100	3050000.0	0.0
6101	3050500.0	2.0
6102	3051000.0	2.0
6103	3051500.0	4.0
6104	3052000.0	2.0
6105	3052500.0	2.0
6106	3053000.0	3.0
6107	3053500.0	1.0
6108	3054000.0	0.0
6109	3054500.0	4.0
6110	3055000.0	0.0
6111	3055500.0	3.0
6112	3056000.0	3.0
6113	3056500.0	2.0
6114	3057000.0	3.0
6115	3057500.0	4.0
6116	3058000.0	2.0
6117	3058500.0	3.0
6118	3059000.0	2.0
6119	3059500.0	2.0
6120	3060000.0	2.0
6121	3060500.0	2.0
6122	3061000.0	2.0
6123	3061500.0	4.0
6124	3062000.0	3.0
6125	3062500.0	5.0
6126	3063000.0	5.0
6127	3063500.0	3.0
6128	3064000.0	3.0
6129	3064500.0	2.0
6130	3065000.0	0.0
6131	3065500.0	4.0
6132	3066000.0	5.0
6133	3066500.0	1.0
6134	3067000.0	2.0
6135	3067500.0	3.0
6136	3068000.0	2.0
6137	3068500.0	4.0
6138	3069000.0	4.0
6139	3069500.0	3.0
6140	3070000.0	3.0
6141	3070500.0	0.0
6142	3071000.0	2.0
6143	3071500.0	5.0
6144	3072000.0	3.0
6145	3072500.0	2.0
6146	3073000.0	1.0
6147	3073500.0	3.0
6148	3074000.0	2.0
6149	3074500.0	3.0
6150	3075000.0	1.0
6151	3075500.0	1.0
6152	3076000.0	3.0
6153	3076500.0	2.0
6154	3077000.0	3.0
6155	3077500.0	3.0
6156	3078000.0	2.0
6157	3078500.0	4.0
6158	3079000.0	3.0
6159	3079500.0	1.0
6160	3080000.0	1.0
6161	3080500.0	2.0
6162	3081000.0	0.0
6163	3081500.0	6.0
6164	3082000.0	0.0
6165	3082500.0	5.0
6166	3083000.0	0.0
6167	3083500.0	2.0
6168	3084000.0	1.0
6169	3084500.0	1.0
6170	3085000.0	2.0
6171	3085500.0	2.0
6172	3086000.0	2.0
6173	3086500.0	0.0
6174	3087000.0	1.0
6175	3087500.0	3.0
6176	3088000.0	4.0
6177	3088500.0	5.0
6178	3089000.0	2.0
6179	3089500.0	1.0
6180	3090000.0	3.0
6181	3090500.0	3.0
6182	3091000.0	3.0
6183	3091500.0	2.0
6184	3092000.0	1.0
6185	3092500.0	3.0
6186	3093000.0	3.0
6187	3093500.0	3.0
6188	3094000.0	1.0
6189	3094500.0	6.0
6190	3095000.0	4.0
6191	3095500.0	1.0
6192	3096000.0	1.0
6193	3096500.0	3.0
6194	3097000.0	2.0
6195	3097500.0	0.0
6196	3098000.0	1.0
6197	3098500.0	3.0
6198	3099000.0	1.0
6199	3099500.0	1.0
6200	3100000.0	0.0
6201	3100500.0	3.0
6202	3101000.0	3.0
6203	3101500.0	0.0
6204	3102000.0	1.0
6205	3102500.0	2.0
6206	3103000.0	1.0
6207	3103500.0	2.0
6208	3104000.0	3.0
6209	3104500.0	2.0
6210	3105000.0	4.0
6211	3105500.0	3.0
6212	3106000.0	4.0
6213	3106500.0	2.0
6214	3107000.0	3.0
6215	3107500.0	0.0
6216	3108000.0	2.0
6217	3108500.0	4.0
6218	3109000.0	2.0
6219	3109500.0	1.0
6220	3110000.0	1.0
6221	3110500.0	0.0
6222	3111000.0	3.0
6223	3111500.0	1.0
6224	3112000.0	1.0
6225	3112500.0	2.0
6226	3113000.0	1.0
6227	3113500.0	0.0
6228	3114000.0	2.0
6229	3114500.0	3.0
6230	3115000.0	3.0
6231	3115500.0	4.0
6232	3116000.0	2.0
6233	3116500.0	1.0
6234	3117000.0	4.0
6235	3117500.0	2.0
6236	3118000.0	3.0
6237	3118500.0	1.0
6238	3119000.0	1.0
6239	3119500.0	4.0
6240	3120000.0	1.0
6241	3120500.0	4.0
6242	3121000.0	2.0
6243	3121500.0	1.0
6244	3122000.0	4.0
6245	3122500.0	2.0
6246	3123000.0	4.0
6247	3123500.0	2.0
6248	3124000.0	1.0
6249	3124500.0	4.0
6250	3125000.0	2.0
6251	3125500.0	1.0
6252	3126000.0	2.0
6253	3126500.0	2.0
6254	3127000.0	2.0
6255	3127500.0	3.0
6256	3128000.0	1.0
6257	3128500.0	2.0
6258	3129000.0	2.0
6259	3129500.0	2.0
6260	3130000.0	1.0
6261	3130500.0	0.0
6262	3131000.0	2.0
6263	3131500.0	3.0
6264	3132000.0	1.0
6265	3132500.0	2.0
6266	3133000.0	2.0
6267	3133500.0	1.0
6268	3134000.0	3.0
6269	3134500.0	2.0
6270	3135000.0	0.0
6271	3135500.0	2.0
6272	3136000.0	2.0
6273	3136500.0	3.0
6274	3137000.0	3.0
6275	3137500.0	3.0
6276	3138000.0	1.0
6277	3138500.0	3.0
6278	3139000.0	3.0
6279	3139500.0	1.0
6280	3140000.0	2.0
6281	3140500.0	2.0
6282	3141000.0	1.0
6283	3141500.0	2.0
6284	3142000.0	4.0
6285	3142500.0	2.0
6286	3143000.0	0.0
6287	3143500.0	1.0
6288	3144000.0	6.0
6289	3144500.0	0.0
6290	3145000.0	0.0
6291	3145500.0	3.0
6292	3146000.0	2.0
6293	3146500.0	3.0
6294	3147000.0	2.0
6295	3147500.0	2.0
6296	3148000.0	2.0
6297	3148500.0	1.0
6298	3149000.0	1.0
6299	3149500.0	2.0
6300	3150000.0	2.0
6301	3150500.0	0.0
6302	3151000.0	2.0
6303	3151500.0	0.0
6304	3152000.0	5.0
6305	3152500.0	4.0
6306	3153000.0	1.0
6307	3153500.0	4.0
6308	3154000.0	0.0
6309	3154500.0	7.0
6310	3155000.0	2.0
6311	3155500.0	4.0
6312	3156000.0	5.0
6313	3156500.0	2.0
6314	3157000.0	5.0
6315	3157500.0	0.0
6316	3158000.0	1.0
6317	3158500.0	3.0
6318	3159000.0	3.0
6319	3159500.0	2.0
6320	3160000.0	2.0
6321	3160500.0	2.0
6322	3161000.0	1.0
6323	3161500.0	2.0
6324	3162000.0	5.0
6325	3162500.0	1.0
6326	3163000.0	5.0
6327	3163500.0	0.0
6328	3164000.0	3.0
6329	3164500.0	1.0
6330	3165000.0	2.0
6331	3165500.0	2.0
6332	3166000.0	3.0
6333	3166500.0	1.0
6334	3167000.0	5.0
6335	3167500.0	1.0
6336	3168000.0	1.0
6337	3168500.0	3.0
6338	3169000.0	5.0
6339	3169500.0	3.0
6340	3170000.0	3.0
6341	3170500.0	1.0
6342	3171000.0	1.0
6343	3171500.0	1.0
6344	3172000.0	2.0
6345	3172500.0	0.0
6346	3173000.0	3.0
6347	3173500.0	3.0
6348	3174000.0	1.0
6349	3174500.0	3.0
6350	3175000.0	1.0
6351	3175500.0	1.0
6352	3176000.0	3.0
6353	3176500.0	3.0
6354	3177000.0	1.0
6355	3177500.0	0.0
6356	3178000.0	3.0
6357	3178500.0	0.0
6358	3179000.0	3.0
6359	3179500.0	2.0
6360	3180000.0	2.0
6361	3180500.0	1.0
6362	3181000.0	4.0
6363	3181500.0	3.0
6364	3182000.0	0.0
6365	3182500.0	1.0
6366	3183000.0	1.0
6367	3183500.0	4.0
6368	3184000.0	3.0
6369	3184500.0	0.0
6370	3185000.0	1.0
6371	3185500.0	3.0
6372	3186000.0	2.0
6373	3186500.0	4.0
6374	3187000.0	4.0
6375	3187500.0	4.0
6376	3188000.0	4.0
6377	3188500.0	4.0
6378	3189000.0	1.0
6379	3189500.0	1.0
6380	3190000.0	5.0
6381	3190500.0	0.0
6382	3191000.0	1.0
6383	3191500.0	3.0
6384	3192000.0	4.0
6385	3192500.0	0.0
6386	3193000.0	3.0
6387	3193500.0	2.0
6388	3194000.0	3.0
6389	3194500.0	1.0
6390	3195000.0	3.0
6391	3195500.0	1.0
6392	3196000.0	1.0
6393	3196500.0	3.0
6394	3197000.0	4.0
6395	3197500.0	3.0
6396	3198000.0	1.0
6397	3198500.0	1.0
6398	3199000.0	2.0
6399	3199500.0	2.0
6400	3200000.0	5.0
6401	3200500.0	0.0
6402	3201000.0	1.0
6403	3201500.0	2.0
6404	3202000.0	4.0
6405	3202500.0	0.0
6406	3203000.0	4.0
6407	3203500.0	4.0
6408	3204000.0	1.0
6409	3204500.0	2.0
6410	3205000.0	3.0
6411	3205500.0	0.0
6412	3206000.0	2.0
6413	3206500.0	2.0
6414	3207000.0	1.0
6415	3207500.0	1.0
6416	3208000.0	3.0
6417	3208500.0	2.0
6418	3209000.0	2.0
6419	3209500.0	1.0
6420	3210000.0	0.0
6421	3210500.0	2.0
6422	3211000.0	1.0
6423	3211500.0	2.0
6424	3212000.0	0.0
6425	3212500.0	2.0
6426	3213000.0	2.0
6427	3213500.0	4.0
6428	3214000.0	2.0
6429	3214500.0	2.0
6430	3215000.0	3.0
6431	3215500.0	0.0
6432	3216000.0	1.0
6433	3216500.0	2.0
6434	3217000.0	0.0
6435	3217500.0	4.0
6436	3218000.0	3.0
6437	3218500.0	3.0
6438	3219000.0	3.0
6439	3219500.0	0.0
6440	3220000.0	3.0
6441	3220500.0	2.0
6442	3221000.0	1.0
6443	3221500.0	1.0
6444	3222000.0	4.0
6445	3222500.0	7.0
6446	3223000.0	2.0
6447	3223500.0	3.0
6448	3224000.0	1.0
6449	3224500.0	1.0
6450	3225000.0	1.0
6451	3225500.0	1.0
6452	3226000.0	1.0
6453	3226500.0	2.0
6454	3227000.0	3.0
6455	3227500.0	3.0
6456	3228000.0	3.0
6457	3228500.0	2.0
6458	3229000.0	4.0
6459	3229500.0	1.0
6460	3230000.0	2.0
6461	3230500.0	4.0
6462	3231000.0	4.0
6463	3231500.0	2.0
6464	3232000.0	5.0
6465	3232500.0	3.0
6466	3233000.0	1.0
6467	3233500.0	1.0
6468	3234000.0	5.0
6469	3234500.0	3.0
6470	3235000.0	2.0
6471	3235500.0	0.0
6472	3236000.0	2.0
6473	3236500.0	1.0
6474	3237000.0	2.0
6475	3237500.0	1.0
6476	3238000.0	4.0
6477	3238500.0	4.0
6478	3239000.0	1.0
6479	3239500.0	2.0
6480	3240000.0	3.0
6481	3240500.0	2.0
6482	3241000.0	5.0
6483	3241500.0	6.0
6484	3242000.0	1.0
6485	3242500.0	3.0
6486	3243000.0	1.0
6487	3243500.0	1.0
6488	3244000.0	2.0
6489	3244500.0	1.0
6490	3245000.0	1.0
6491	3245500.0	4.0
6492	3246000.0	4.0
6493	3246500.0	0.0
6494	3247000.0	1.0
6495	3247500.0	2.0
6496	3248000.0	3.0
6497	3248500.0	0.0
6498	3249000.0	2.0
6499	3249500.0	3.0
6500	3250000.0	5.0
6501	3250500.0	4.0
6502	3251000.0	3.0
6503	3251500.0	4.0
6504	3252000.0	1.0
6505	3252500.0	2.0
6506	3253000.0	4.0
6507	3253500.0	1.0
6508	3254000.0	2.0
6509	3254500.0	0.0
6510	3255000.0	3.0
6511	3255500.0	0.0
6512	3256000.0	5.0
6513	3256500.0	0.0
6514	3257000.0	1.0
6515	3257500.0	1.0
6516	3258000.0	1.0
6517	3258500.0	0.0
6518	3259000.0	2.0
6519	3259500.0	4.0
6520	3260000.0	2.0
6521	3260500.0	2.0
6522	3261000.0	3.0
6523	3261500.0	1.0
6524	3262000.0	3.0
6525	3262500.0	0.0
6526	3263000.0	1.0
6527	3263500.0	3.0
6528	3264000.0	1.0
6529	3264500.0	0.0
6530	3265000.0	3.0
6531	3265500.0	1.0
6532	3266000.0	1.0
6533	3266500.0	1.0
6534	3267000.0	4.0
6535	3267500.0	1.0
6536	3268000.0	3.0
6537	3268500.0	2.0
6538	3269000.0	1.0
6539	3269500.0	0.0
6540	3270000.0	2.0
6541	3270500.0	2.0
6542	3271000.0	5.0
6543	3271500.0	2.0
6544	3272000.0	2.0
6545	3272500.0	4.0
6546	3273000.0	0.0
6547	3273500.0	2.0
6548	3274000.0	2.0
6549	3274500.0	1.0
6550	3275000.0	3.0
6551	3275500.0	2.0
6552	3276000.0	1.0
6553	3276500.0	2.0
6554	3277000.0	2.0
6555	3277500.0	4.0
6556	3278000.0	1.0
6557	3278500.0	4.0
6558	3279000.0	2.0
6559	3279500.0	1.0
6560	3280000.0	2.0
6561	3280500.0	3.0
6562	3281000.0	2.0
6563	3281500.0	2.0
6564	3282000.0	2.0
6565	3282500.0	5.0
6566	3283000.0	2.0
6567	3283500.0	2.0
6568	3284000.0	3.0
6569	3284500.0	2.0
6570	3285000.0	5.0
6571	3285500.0	3.0
6572	3286000.0	1.0
6573	3286500.0	0.0
6574	3287000.0	6.0
6575	3287500.0	2.0
6576	3288000.0	2.0
6577	3288500.0	1.0
6578	3289000.0	4.0
6579	3289500.0	0.0
6580	3290000.0	0.0
6581	3290500.0	3.0
6582	3291000.0	0.0
6583	3291500.0	1.0
6584	3292000.0	1.0
6585	3292500.0	0.0
6586	3293000.0	3.0
6587	3293500.0	2.0
6588	3294000.0	1.0
6589	3294500.0	3.0
6590	3295000.0	2.0
6591	3295500.0	2.0
6592	3296000.0	2.0
6593	3296500.0	1.0
6594	3297000.0	2.0
6595	3297500.0	2.0
6596	3298000.0	1.0
6597	3298500.0	1.0
6598	3299000.0	3.0
6599	3299500.0	1.0
6600	3300000.0	6.0
6601	3300500.0	2.0
6602	3301000.0	2.0
6603	3301500.0	3.0
6604	3302000.0	1.0
6605	3302500.0	2.0
6606	3303000.0	0.0
6607	3303500.0	2.0
6608	3304000.0	3.0
6609	3304500.0	4.0
6610	3305000.0	0.0
6611	3305500.0	2.0
6612	3306000.0	1.0
6613	3306500.0	1.0
6614	3307000.0	2.0
6615	3307500.0	1.0
6616	3308000.0	3.0
6617	3308500.0	1.0
6618	3309000.0	3.0
6619	3309500.0	3.0
6620	3310000.0	2.0
6621	3310500.0	1.0
6622	3311000.0	1.0
6623	3311500.0	0.0
6624	3312000.0	5.0
6625	3312500.0	1.0
6626	3313000.0	3.0
6627	3313500.0	4.0
6628	3314000.0	0.0
6629	3314500.0	5.0
6630	3315000.0	3.0
6631	3315500.0	2.0
6632	3316000.0	1.0
6633	3316500.0	1.0
6634	3317000.0	2.0
6635	3317500.0	3.0
6636	3318000.0	2.0
6637	3318500.0	4.0
6638	3319000.0	3.0
6639	3319500.0	0.0
6640	3320000.0	3.0
6641	3320500.0	1.0
6642	3321000.0	3.0
6643	3321500.0	1.0
6644	3322000.0	2.0
6645	3322500.0	3.0
6646	3323000.0	2.0
6647	3323500.0	1.0
6648	3324000.0	3.0
6649	3324500.0	1.0
6650	3325000.0	4.0
6651	3325500.0	1.0
6652	3326000.0	1.0
6653	3326500.0	1.0
6654	3327000.0	1.0
6655	3327500.0	5.0
6656	3328000.0	1.0
6657	3328500.0	0.0
6658	3329000.0	1.0
6659	3329500.0	5.0
6660	3330000.0	3.0
6661	3330500.0	1.0
6662	3331000.0	1.0
6663	3331500.0	1.0
6664	3332000.0	4.0
6665	3332500.0	1.0
6666	3333000.0	2.0
6667	3333500.0	0.0
6668	3334000.0	7.0
6669	3334500.0	0.0
6670	3335000.0	2.0
6671	3335500.0	1.0
6672	3336000.0	0.0
6673	3336500.0	5.0
6674	3337000.0	3.0
6675	3337500.0	3.0
6676	3338000.0	1.0
6677	3338500.0	2.0
6678	3339000.0	6.0
6679	3339500.0	3.0
6680	3340000.0	2.0
6681	3340500.0	2.0
6682	3341000.0	4.0
6683	3341500.0	1.0
6684	3342000.0	2.0
6685	3342500.0	3.0
6686	3343000.0	4.0
6687	3343500.0	1.0
6688	3344000.0	1.0
6689	3344500.0	3.0
6690	3345000.0	3.0
6691	3345500.0	3.0
6692	3346000.0	2.0
6693	3346500.0	3.0
6694	3347000.0	1.0
6695	3347500.0	3.0
6696	3348000.0	1.0
6697	3348500.0	3.0
6698	3349000.0	4.0
6699	3349500.0	4.0
6700	3350000.0	1.0
6701	3350500.0	1.0
6702	3351000.0	0.0
6703	3351500.0	3.0
6704	3352000.0	1.0
6705	3352500.0	3.0
6706	3353000.0	1.0
6707	3353500.0	3.0
6708	3354000.0	4.0
6709	3354500.0	2.0
6710	3355000.0	2.0
6711	3355500.0	3.0
6712	3356000.0	1.0
6713	3356500.0	2.0
6714	3357000.0	2.0
6715	3357500.0	0.0
6716	3358000.0	1.0
6717	3358500.0	2.0
6718	3359000.0	2.0
6719	3359500.0	2.0
6720	3360000.0	4.0
6721	3360500.0	1.0
6722	3361000.0	2.0
6723	3361500.0	1.0
6724	3362000.0	2.0
6725	3362500.0	1.0
6726	3363000.0	2.0
6727	3363500.0	1.0
6728	3364000.0	2.0
6729	3364500.0	1.0
6730	3365000.0	3.0
6731	3365500.0	2.0
6732	3366000.0	2.0
6733	3366500.0	2.0
6734	3367000.0	2.0
6735	3367500.0	2.0
6736	3368000.0	2.0
6737	3368500.0	0.0
6738	3369000.0	2.0
6739	3369500.0	2.0
6740	3370000.0	3.0
6741	3370500.0	0.0
6742	3371000.0	3.0
6743	3371500.0	3.0
6744	3372000.0	0.0
6745	3372500.0	2.0
6746	3373000.0	4.0
6747	3373500.0	0.0
6748	3374000.0	0.0
6749	3374500.0	1.0
6750	3375000.0	3.0
6751	3375500.0	2.0
6752	3376000.0	1.0
6753	3376500.0	2.0
6754	3377000.0	1.0
6755	3377500.0	2.0
6756	3378000.0	2.0
6757	3378500.0	5.0
6758	3379000.0	4.0
6759	3379500.0	4.0
6760	3380000.0	2.0
6761	3380500.0	3.0
6762	3381000.0	2.0
6763	3381500.0	1.0
6764	3382000.0	3.0
6765	3382500.0	3.0
6766	3383000.0	0.0
6767	3383500.0	3.0
6768	3384000.0	2.0
6769	3384500.0	0.0
6770	3385000.0	3.0
6771	3385500.0	5.0
6772	3386000.0	2.0
6773	3386500.0	1.0
6774	3387000.0	3.0
6775	3387500.0	2.0
6776	3388000.0	5.0
6777	3388500.0	0.0
6778	3389000.0	3.0
6779	3389500.0	1.0
6780	3390000.0	3.0
6781	3390500.0	2.0
6782	3391000.0	1.0
6783	3391500.0	1.0
6784	3392000.0	1.0
6785	3392500.0	7.0
6786	3393000.0	4.0
6787	3393500.0	1.0
6788	3394000.0	0.0
6789	3394500.0	2.0
6790	3395000.0	0.0
6791	3395500.0	2.0
6792	3396000.0	3.0
6793	3396500.0	2.0
6794	3397000.0	0.0
6795	3397500.0	2.0
6796	3398000.0	2.0
6797	3398500.0	0.0
6798	3399000.0	2.0
6799	3399500.0	3.0
6800	3400000.0	1.0
6801	3400500.0	2.0
6802	3401000.0	4.0
6803	3401500.0	3.0
6804	3402000.0	1.0
6805	3402500.0	4.0
6806	3403000.0	3.0
6807	3403500.0	2.0
6808	3404000.0	0.0
6809	3404500.0	3.0
6810	3405000.0	3.0
6811	3405500.0	4.0
6812	3406000.0	3.0
6813	3406500.0	3.0
6814	3407000.0	2.0
6815	3407500.0	0.0
6816	3408000.0	1.0
6817	3408500.0	1.0
6818	3409000.0	2.0
6819	3409500.0	1.0
6820	3410000.0	2.0
6821	3410500.0	1.0
6822	3411000.0	0.0
6823	3411500.0	1.0
6824	3412000.0	2.0
6825	3412500.0	5.0
6826	3413000.0	2.0
6827	3413500.0	3.0
6828	3414000.0	2.0
6829	3414500.0	1.0
6830	3415000.0	0.0
6831	3415500.0	3.0
6832	3416000.0	1.0
6833	3416500.0	1.0
6834	3417000.0	3.0
6835	3417500.0	3.0
6836	3418000.0	3.0
6837	3418500.0	3.0
6838	3419000.0	2.0
6839	3419500.0	1.0
6840	3420000.0	1.0
6841	3420500.0	2.0
6842	3421000.0	2.0
6843	3421500.0	0.0
6844	3422000.0	1.0
6845	3422500.0	3.0
6846	3423000.0	1.0
6847	3423500.0	2.0
6848	3424000.0	4.0
6849	3424500.0	3.0
6850	3425000.0	1.0
6851	3425500.0	3.0
6852	3426000.0	5.0
6853	3426500.0	1.0
6854	3427000.0	3.0
6855	3427500.0	4.0
6856	3428000.0	7.0
6857	3428500.0	1.0
6858	3429000.0	2.0
6859	3429500.0	3.0
6860	3430000.0	3.0
6861	3430500.0	1.0
6862	3431000.0	2.0
6863	3431500.0	3.0
6864	3432000.0	5.0
6865	3432500.0	5.0
6866	3433000.0	0.0
6867	3433500.0	0.0
6868	3434000.0	0.0
6869	3434500.0	0.0
6870	3435000.0	4.0
6871	3435500.0	3.0
6872	3436000.0	3.0
6873	3436500.0	2.0
6874	3437000.0	2.0
6875	3437500.0	2.0
6876	3438000.0	6.0
6877	3438500.0	2.0
6878	3439000.0	0.0
6879	3439500.0	0.0
6880	3440000.0	2.0
6881	3440500.0	1.0
6882	3441000.0	2.0
6883	3441500.0	2.0
6884	3442000.0	0.0
6885	3442500.0	1.0
6886	3443000.0	1.0
6887	3443500.0	3.0
6888	3444000.0	1.0
6889	3444500.0	2.0
6890	3445000.0	2.0
6891	3445500.0	1.0
6892	3446000.0	3.0
6893	3446500.0	2.0
6894	3447000.0	2.0
6895	3447500.0	4.0
6896	3448000.0	2.0
6897	3448500.0	0.0
6898	3449000.0	2.0
6899	3449500.0	2.0
6900	3450000.0	5.0
6901	3450500.0	3.0
6902	3451000.0	1.0
6903	3451500.0	0.0
6904	3452000.0	1.0
6905	3452500.0	6.0
6906	3453000.0	0.0
6907	3453500.0	2.0
6908	3454000.0	4.0
6909	3454500.0	0.0
6910	3455000.0	3.0
6911	3455500.0	4.0
6912	3456000.0	2.0
6913	3456500.0	3.0
6914	3457000.0	2.0
6915	3457500.0	0.0
6916	3458000.0	2.0
6917	3458500.0	0.0
6918	3459000.0	3.0
6919	3459500.0	6.0
6920	3460000.0	1.0
6921	3460500.0	4.0
6922	3461000.0	4.0
6923	3461500.0	1.0
6924	3462000.0	5.0
6925	3462500.0	4.0
6926	3463000.0	2.0
6927	3463500.0	0.0
6928	3464000.0	4.0
6929	3464500.0	2.0
6930	3465000.0	3.0
6931	3465500.0	5.0
6932	3466000.0	2.0
6933	3466500.0	3.0
6934	3467000.0	2.0
6935	3467500.0	2.0
6936	3468000.0	1.0
6937	3468500.0	3.0
6938	3469000.0	0.0
6939	3469500.0	2.0
6940	3470000.0	2.0
6941	3470500.0	4.0
6942	3471000.0	4.0
6943	3471500.0	2.0
6944	3472000.0	4.0
6945	3472500.0	0.0
6946	3473000.0	2.0
6947	3473500.0	3.0
6948	3474000.0	1.0
6949	3474500.0	5.0
6950	3475000.0	1.0
6951	3475500.0	2.0
6952	3476000.0	0.0
6953	3476500.0	4.0
6954	3477000.0	2.0
6955	3477500.0	0.0
6956	3478000.0	4.0
6957	3478500.0	3.0
6958	3479000.0	3.0
6959	3479500.0	2.0
6960	3480000.0	1.0
6961	3480500.0	2.0
6962	3481000.0	0.0
6963	3481500.0	3.0
6964	3482000.0	2.0
6965	3482500.0	0.0
6966	3483000.0	3.0
6967	3483500.0	0.0
6968	3484000.0	1.0
6969	3484500.0	3.0
6970	3485000.0	2.0
6971	3485500.0	1.0
6972	3486000.0	1.0
6973	3486500.0	4.0
6974	3487000.0	1.0
6975	3487500.0	1.0
6976	3488000.0	1.0
6977	3488500.0	3.0
6978	3489000.0	1.0
6979	3489500.0	2.0
6980	3490000.0	3.0
6981	3490500.0	2.0
6982	3491000.0	1.0
6983	3491500.0	2.0
6984	3492000.0	1.0
6985	3492500.0	2.0
6986	3493000.0	2.0
6987	3493500.0	2.0
6988	3494000.0	1.0
6989	3494500.0	3.0
6990	3495000.0	3.0
6991	3495500.0	1.0
6992	3496000.0	2.0
6993	3496500.0	2.0
6994	3497000.0	1.0
6995	3497500.0	1.0
6996	3498000.0	1.0
6997	3498500.0	5.0
6998	3499000.0	2.0
6999	3499500.0	1.0
7000	3500000.0	1.0
7001	3500500.0	1.0
7002	3501000.0	0.0
7003	3501500.0	1.0
7004	3502000.0	1.0
7005	3502500.0	2.0
7006	3503000.0	1.0
7007	3503500.0	2.0
7008	3504000.0	2.0
7009	3504500.0	1.0
7010	3505000.0	1.0
7011	3505500.0	3.0
7012	3506000.0	1.0
7013	3506500.0	5.0
7014	3507000.0	2.0
7015	3507500.0	1.0
7016	3508000.0	0.0
7017	3508500.0	2.0
7018	3509000.0	5.0
7019	3509500.0	3.0
7020	3510000.0	0.0
7021	3510500.0	4.0
7022	3511000.0	3.0
7023	3511500.0	2.0
7024	3512000.0	1.0
7025	3512500.0	5.0
7026	3513000.0	3.0
7027	3513500.0	3.0
7028	3514000.0	2.0
7029	3514500.0	2.0
7030	3515000.0	1.0
7031	3515500.0	0.0
7032	3516000.0	2.0
7033	3516500.0	0.0
7034	3517000.0	3.0
7035	3517500.0	1.0
7036	3518000.0	4.0
7037	3518500.0	2.0
7038	3519000.0	3.0
7039	3519500.0	5.0
7040	3520000.0	0.0
7041	3520500.0	3.0
7042	3521000.0	2.0
7043	3521500.0	0.0
7044	3522000.0	2.0
7045	3522500.0	3.0
7046	3523000.0	0.0
7047	3523500.0	5.0
7048	3524000.0	0.0
7049	3524500.0	3.0
7050	3525000.0	2.0
7051	3525500.0	2.0
7052	3526000.0	1.0
7053	3526500.0	1.0
7054	3527000.0	5.0
7055	3527500.0	2.0
7056	3528000.0	1.0
7057	3528500.0	2.0
7058	3529000.0	1.0
7059	3529500.0	1.0
7060	3530000.0	0.0
7061	3530500.0	1.0
7062	3531000.0	1.0
7063	3531500.0	4.0
7064	3532000.0	1.0
7065	3532500.0	1.0
7066	3533000.0	1.0
7067	3533500.0	2.0
7068	3534000.0	3.0
7069	3534500.0	3.0
7070	3535000.0	2.0
7071	3535500.0	3.0
7072	3536000.0	3.0
7073	3536500.0	0.0
7074	3537000.0	1.0
7075	3537500.0	2.0
7076	3538000.0	0.0
7077	3538500.0	1.0
7078	3539000.0	2.0
7079	3539500.0	1.0
7080	3540000.0	4.0
7081	3540500.0	0.0
7082	3541000.0	3.0
7083	3541500.0	1.0
7084	3542000.0	2.0
7085	3542500.0	2.0
7086	3543000.0	2.0
7087	3543500.0	0.0
7088	3544000.0	3.0
7089	3544500.0	4.0
7090	3545000.0	2.0
7091	3545500.0	0.0
7092	3546000.0	2.0
7093	3546500.0	1.0
7094	3547000.0	2.0
7095	3547500.0	3.0
7096	3548000.0	3.0
7097	3548500.0	2.0
7098	3549000.0	1.0
7099	3549500.0	2.0
7100	3550000.0	2.0
7101	3550500.0	1.0
7102	3551000.0	3.0
7103	3551500.0	6.0
7104	3552000.0	0.0
7105	3552500.0	0.0
7106	3553000.0	2.0
7107	3553500.0	0.0
7108	3554000.0	2.0
7109	3554500.0	1.0
7110	3555000.0	1.0
7111	3555500.0	2.0
7112	3556000.0	4.0
7113	3556500.0	0.0
7114	3557000.0	0.0
7115	3557500.0	1.0
7116	3558000.0	1.0
7117	3558500.0	3.0
7118	3559000.0	2.0
7119	3559500.0	1.0
7120	3560000.0	3.0
7121	3560500.0	2.0
7122	3561000.0	3.0
7123	3561500.0	3.0
7124	3562000.0	7.0
7125	3562500.0	1.0
7126	3563000.0	1.0
7127	3563500.0	2.0
7128	3564000.0	1.0
7129	3564500.0	3.0
7130	3565000.0	1.0
7131	3565500.0	1.0
7132	3566000.0	2.0
7133	3566500.0	1.0
7134	3567000.0	0.0
7135	3567500.0	2.0
7136	3568000.0	1.0
7137	3568500.0	2.0
7138	3569000.0	2.0
7139	3569500.0	1.0
7140	3570000.0	2.0
7141	3570500.0	2.0
7142	3571000.0	0.0
7143	3571500.0	0.0
7144	3572000.0	2.0
7145	3572500.0	2.0
7146	3573000.0	0.0
7147	3573500.0	5.0
7148	3574000.0	2.0
7149	3574500.0	6.0
7150	3575000.0	3.0
7151	3575500.0	3.0
7152	3576000.0	1.0
7153	3576500.0	2.0
7154	3577000.0	2.0
7155	3577500.0	4.0
7156	3578000.0	0.0
7157	3578500.0	3.0
7158	3579000.0	2.0
7159	3579500.0	1.0
7160	3580000.0	3.0
7161	3580500.0	6.0
7162	3581000.0	1.0
7163	3581500.0	2.0
7164	3582000.0	3.0
7165	3582500.0	7.0
7166	3583000.0	1.0
7167	3583500.0	2.0
7168	3584000.0	1.0
7169	3584500.0	1.0
7170	3585000.0	9.0
7171	3585500.0	1.0
7172	3586000.0	3.0
7173	3586500.0	5.0
7174	3587000.0	2.0
7175	3587500.0	2.0
7176	3588000.0	1.0
7177	3588500.0	1.0
7178	3589000.0	6.0
7179	3589500.0	1.0
7180	3590000.0	2.0
7181	3590500.0	2.0
7182	3591000.0	0.0
7183	3591500.0	1.0
7184	3592000.0	2.0
7185	3592500.0	3.0
7186	3593000.0	1.0
7187	3593500.0	1.0
7188	3594000.0	4.0
7189	3594500.0	2.0
7190	3595000.0	0.0
7191	3595500.0	2.0
7192	3596000.0	1.0
7193	3596500.0	4.0
7194	3597000.0	4.0
7195	3597500.0	2.0
7196	3598000.0	3.0
7197	3598500.0	3.0
7198	3599000.0	0.0
7199	3599500.0	3.0
7200	3600000.0	0.0
7201	3600500.0	5.0
7202	3601000.0	3.0
7203	3601500.0	2.0
7204	3602000.0	1.0
7205	3602500.0	4.0
7206	3603000.0	0.0
7207	3603500.0	2.0
7208	3604000.0	2.0
7209	3604500.0	1.0
7210	3605000.0	5.0
7211	3605500.0	6.0
7212	3606000.0	1.0
7213	3606500.0	1.0
7214	3607000.0	2.0
7215	3607500.0	1.0
7216	3608000.0	3.0
7217	3608500.0	1.0
7218	3609000.0	4.0
7219	3609500.0	1.0
7220	3610000.0	0.0
7221	3610500.0	1.0
7222	3611000.0	0.0
7223	3611500.0	4.0
7224	3612000.0	3.0
7225	3612500.0	3.0
7226	3613000.0	1.0
7227	3613500.0	0.0
7228	3614000.0	1.0
7229	3614500.0	0.0
7230	3615000.0	3.0
7231	3615500.0	3.0
7232	3616000.0	2.0
7233	3616500.0	2.0
7234	3617000.0	1.0
7235	3617500.0	2.0
7236	3618000.0	3.0
7237	3618500.0	1.0
7238	3619000.0	3.0
7239	3619500.0	3.0
7240	3620000.0	3.0
7241	3620500.0	2.0
7242	3621000.0	2.0
7243	3621500.0	3.0
7244	3622000.0	1.0
7245	3622500.0	1.0
7246	3623000.0	1.0
7247	3623500.0	1.0
7248	3624000.0	2.0
7249	3624500.0	0.0
7250	3625000.0	3.0
7251	3625500.0	4.0
7252	3626000.0	2.0
7253	3626500.0	1.0
7254	3627000.0	3.0
7255	3627500.0	0.0
7256	3628000.0	3.0
7257	3628500.0	1.0
7258	3629000.0	2.0
7259	3629500.0	0.0
7260	3630000.0	0.0
7261	3630500.0	3.0
7262	3631000.0	4.0
7263	3631500.0	1.0
7264	3632000.0	1.0
7265	3632500.0	1.0
7266	3633000.0	1.0
7267	3633500.0	3.0
7268	3634000.0	2.0
7269	3634500.0	1.0
7270	3635000.0	0.0
7271	3635500.0	1.0
7272	3636000.0	1.0
7273	3636500.0	1.0
7274	3637000.0	2.0
7275	3637500.0	1.0
7276	3638000.0	0.0
7277	3638500.0	1.0
7278	3639000.0	4.0
7279	3639500.0	0.0
7280	3640000.0	2.0
7281	3640500.0	1.0
7282	3641000.0	0.0
7283	3641500.0	0.0
7284	3642000.0	0.0
7285	3642500.0	1.0
7286	3643000.0	2.0
7287	3643500.0	1.0
7288	3644000.0	1.0
7289	3644500.0	0.0
7290	3645000.0	1.0
7291	3645500.0	0.0
7292	3646000.0	5.0
7293	3646500.0	7.0
7294	3647000.0	0.0
7295	3647500.0	2.0
7296	3648000.0	3.0
7297	3648500.0	2.0
7298	3649000.0	3.0
7299	3649500.0	1.0
7300	3650000.0	1.0
7301	3650500.0	4.0
7302	3651000.0	1.0
7303	3651500.0	0.0
7304	3652000.0	0.0
7305	3652500.0	2.0
7306	3653000.0	4.0
7307	3653500.0	1.0
7308	3654000.0	3.0
7309	3654500.0	2.0
7310	3655000.0	3.0
7311	3655500.0	3.0
7312	3656000.0	2.0
7313	3656500.0	3.0
7314	3657000.0	2.0
7315	3657500.0	0.0
7316	3658000.0	2.0
7317	3658500.0	3.0
7318	3659000.0	2.0
7319	3659500.0	2.0
7320	3660000.0	3.0
7321	3660500.0	1.0
7322	3661000.0	0.0
7323	3661500.0	3.0
7324	3662000.0	5.0
7325	3662500.0	1.0
7326	3663000.0	2.0
7327	3663500.0	6.0
7328	3664000.0	2.0
7329	3664500.0	4.0
7330	3665000.0	1.0
7331	3665500.0	4.0
7332	3666000.0	4.0
7333	3666500.0	1.0
7334	3667000.0	1.0
7335	3667500.0	4.0
7336	3668000.0	4.0
7337	3668500.0	5.0
7338	3669000.0	4.0
7339	3669500.0	2.0
7340	3670000.0	1.0
7341	3670500.0	1.0
7342	3671000.0	2.0
7343	3671500.0	1.0
7344	3672000.0	0.0
7345	3672500.0	2.0
7346	3673000.0	3.0
7347	3673500.0	3.0
7348	3674000.0	1.0
7349	3674500.0	1.0
7350	3675000.0	4.0
7351	3675500.0	0.0
7352	3676000.0	3.0
7353	3676500.0	1.0
7354	3677000.0	2.0
7355	3677500.0	2.0
7356	3678000.0	1.0
7357	3678500.0	4.0
7358	3679000.0	3.0
7359	3679500.0	1.0
7360	3680000.0	4.0
7361	3680500.0	3.0
7362	3681000.0	1.0
7363	3681500.0	1.0
7364	3682000.0	0.0
7365	3682500.0	1.0
7366	3683000.0	1.0
7367	3683500.0	2.0
7368	3684000.0	4.0
7369	3684500.0	1.0
7370	3685000.0	1.0
7371	3685500.0	0.0
7372	3686000.0	3.0
7373	3686500.0	3.0
7374	3687000.0	2.0
7375	3687500.0	0.0
7376	3688000.0	3.0
7377	3688500.0	1.0
7378	3689000.0	1.0
7379	3689500.0	1.0
7380	3690000.0	4.0
7381	3690500.0	2.0
7382	3691000.0	5.0
7383	3691500.0	1.0
7384	3692000.0	1.0
7385	3692500.0	2.0
7386	3693000.0	0.0
7387	3693500.0	4.0
7388	3694000.0	1.0
7389	3694500.0	1.0
7390	3695000.0	3.0
7391	3695500.0	2.0
7392	3696000.0	3.0
7393	3696500.0	1.0
7394	3697000.0	2.0
7395	3697500.0	2.0
7396	3698000.0	2.0
7397	3698500.0	1.0
7398	3699000.0	1.0
7399	3699500.0	1.0
7400	3700000.0	0.0
7401	3700500.0	2.0
7402	3701000.0	2.0
7403	3701500.0	0.0
7404	3702000.0	2.0
7405	3702500.0	2.0
7406	3703000.0	0.0
7407	3703500.0	2.0
7408	3704000.0	0.0
7409	3704500.0	2.0
7410	3705000.0	1.0
7411	3705500.0	4.0
7412	3706000.0	0.0
7413	3706500.0	1.0
7414	3707000.0	1.0
7415	3707500.0	2.0
7416	3708000.0	3.0
7417	3708500.0	1.0
7418	3709000.0	3.0
7419	3709500.0	3.0
7420	3710000.0	2.0
7421	3710500.0	4.0
7422	3711000.0	1.0
7423	3711500.0	2.0
7424	3712000.0	1.0
7425	3712500.0	1.0
7426	3713000.0	1.0
7427	3713500.0	2.0
7428	3714000.0	2.0
7429	3714500.0	3.0
7430	3715000.0	0.0
7431	3715500.0	0.0
7432	3716000.0	1.0
7433	3716500.0	2.0
7434	3717000.0	1.0
7435	3717500.0	1.0
7436	3718000.0	0.0
7437	3718500.0	1.0
7438	3719000.0	2.0
7439	3719500.0	1.0
7440	3720000.0	2.0
7441	3720500.0	3.0
7442	3721000.0	3.0
7443	3721500.0	1.0
7444	3722000.0	2.0
7445	3722500.0	3.0
7446	3723000.0	2.0
7447	3723500.0	2.0
7448	3724000.0	2.0
7449	3724500.0	3.0
7450	3725000.0	3.0
7451	3725500.0	3.0
7452	3726000.0	2.0
7453	3726500.0	2.0
7454	3727000.0	1.0
7455	3727500.0	2.0
7456	3728000.0	0.0
7457	3728500.0	2.0
7458	3729000.0	1.0
7459	3729500.0	2.0
7460	3730000.0	1.0
7461	3730500.0	0.0
7462	3731000.0	2.0
7463	3731500.0	1.0
7464	3732000.0	2.0
7465	3732500.0	1.0
7466	3733000.0	2.0
7467	3733500.0	1.0
7468	3734000.0	2.0
7469	3734500.0	3.0
7470	3735000.0	1.0
7471	3735500.0	5.0
7472	3736000.0	2.0
7473	3736500.0	3.0
7474	3737000.0	2.0
7475	3737500.0	6.0
7476	3738000.0	1.0
7477	3738500.0	5.0
7478	3739000.0	4.0
7479	3739500.0	3.0
7480	3740000.0	3.0
7481	3740500.0	4.0
7482	3741000.0	0.0
7483	3741500.0	2.0
7484	3742000.0	2.0
7485	3742500.0	1.0
7486	3743000.0	2.0
7487	3743500.0	1.0
7488	3744000.0	3.0
7489	3744500.0	3.0
7490	3745000.0	2.0
7491	3745500.0	2.0
7492	3746000.0	2.0
7493	3746500.0	3.0
7494	3747000.0	1.0
7495	3747500.0	2.0
7496	3748000.0	5.0
7497	3748500.0	1.0
7498	3749000.0	2.0
7499	3749500.0	3.0
7500	3750000.0	4.0
7501	3750500.0	1.0
7502	3751000.0	1.0
7503	3751500.0	2.0
7504	3752000.0	4.0
7505	3752500.0	2.0
7506	3753000.0	2.0
7507	3753500.0	1.0
7508	3754000.0	1.0
7509	3754500.0	2.0
7510	3755000.0	4.0
7511	3755500.0	6.0
7512	3756000.0	3.0
7513	3756500.0	1.0
7514	3757000.0	0.0
7515	3757500.0	1.0
7516	3758000.0	3.0
7517	3758500.0	3.0
7518	3759000.0	1.0
7519	3759500.0	0.0
7520	3760000.0	2.0
7521	3760500.0	7.0
7522	3761000.0	1.0
7523	3761500.0	1.0
7524	3762000.0	1.0
7525	3762500.0	1.0
7526	3763000.0	4.0
7527	3763500.0	3.0
7528	3764000.0	0.0
7529	3764500.0	1.0
7530	3765000.0	4.0
7531	3765500.0	0.0
7532	3766000.0	3.0
7533	3766500.0	2.0
7534	3767000.0	2.0
7535	3767500.0	1.0
7536	3768000.0	1.0
7537	3768500.0	1.0
7538	3769000.0	5.0
7539	3769500.0	3.0
7540	3770000.0	4.0
7541	3770500.0	2.0
7542	3771000.0	0.0
7543	3771500.0	2.0
7544	3772000.0	1.0
7545	3772500.0	1.0
7546	3773000.0	3.0
7547	3773500.0	0.0
7548	3774000.0	3.0
7549	3774500.0	5.0
7550	3775000.0	2.0
7551	3775500.0	2.0
7552	3776000.0	0.0
7553	3776500.0	3.0
7554	3777000.0	4.0
7555	3777500.0	0.0
7556	3778000.0	1.0
7557	3778500.0	2.0
7558	3779000.0	4.0
7559	3779500.0	1.0
7560	3780000.0	4.0
7561	3780500.0	2.0
7562	3781000.0	1.0
7563	3781500.0	1.0
7564	3782000.0	4.0
7565	3782500.0	2.0
7566	3783000.0	3.0
7567	3783500.0	3.0
7568	3784000.0	1.0
7569	3784500.0	4.0
7570	3785000.0	2.0
7571	3785500.0	1.0
7572	3786000.0	2.0
7573	3786500.0	2.0
7574	3787000.0	0.0
7575	3787500.0	6.0
7576	3788000.0	2.0
7577	3788500.0	1.0
7578	3789000.0	5.0
7579	3789500.0	1.0
7580	3790000.0	4.0
7581	3790500.0	1.0
7582	3791000.0	0.0
7583	3791500.0	1.0
7584	3792000.0	1.0
7585	3792500.0	0.0
7586	3793000.0	1.0
7587	3793500.0	3.0
7588	3794000.0	4.0
7589	3794500.0	3.0
7590	3795000.0	1.0
7591	3795500.0	1.0
7592	3796000.0	1.0
7593	3796500.0	2.0
7594	3797000.0	1.0
7595	3797500.0	3.0
7596	3798000.0	0.0
7597	3798500.0	1.0
7598	3799000.0	2.0
7599	3799500.0	0.0
7600	3800000.0	3.0
7601	3800500.0	1.0
7602	3801000.0	3.0
7603	3801500.0	0.0
7604	3802000.0	1.0
7605	3802500.0	5.0
7606	3803000.0	0.0
7607	3803500.0	2.0
7608	3804000.0	2.0
7609	3804500.0	1.0
7610	3805000.0	2.0
7611	3805500.0	3.0
7612	3806000.0	1.0
7613	3806500.0	4.0
7614	3807000.0	2.0
7615	3807500.0	2.0
7616	3808000.0	1.0
7617	3808500.0	1.0
7618	3809000.0	1.0
7619	3809500.0	2.0
7620	3810000.0	1.0
7621	3810500.0	0.0
7622	3811000.0	4.0
7623	3811500.0	2.0
7624	3812000.0	3.0
7625	3812500.0	3.0
7626	3813000.0	2.0
7627	3813500.0	4.0
7628	3814000.0	3.0
7629	3814500.0	2.0
7630	3815000.0	6.0
7631	3815500.0	3.0
7632	3816000.0	2.0
7633	3816500.0	1.0
7634	3817000.0	0.0
7635	3817500.0	2.0
7636	3818000.0	4.0
7637	3818500.0	1.0
7638	3819000.0	4.0
7639	3819500.0	0.0
7640	3820000.0	3.0
7641	3820500.0	4.0
7642	3821000.0	3.0
7643	3821500.0	4.0
7644	3822000.0	1.0
7645	3822500.0	1.0
7646	3823000.0	1.0
7647	3823500.0	5.0
7648	3824000.0	2.0
7649	3824500.0	1.0
7650	3825000.0	4.0
7651	3825500.0	2.0
7652	3826000.0	3.0
7653	3826500.0	0.0
7654	3827000.0	6.0
7655	3827500.0	4.0
7656	3828000.0	2.0
7657	3828500.0	1.0
7658	3829000.0	1.0
7659	3829500.0	1.0
7660	3830000.0	2.0
7661	3830500.0	0.0
7662	3831000.0	4.0
7663	3831500.0	0.0
7664	3832000.0	4.0
7665	3832500.0	0.0
7666	3833000.0	3.0
7667	3833500.0	1.0
7668	3834000.0	3.0
7669	3834500.0	2.0
7670	3835000.0	2.0
7671	3835500.0	1.0
7672	3836000.0	1.0
7673	3836500.0	3.0
7674	3837000.0	3.0
7675	3837500.0	2.0
7676	3838000.0	4.0
7677	3838500.0	1.0
7678	3839000.0	2.0
7679	3839500.0	3.0
7680	3840000.0	0.0
7681	3840500.0	2.0
7682	3841000.0	0.0
7683	3841500.0	1.0
7684	3842000.0	2.0
7685	3842500.0	2.0
7686	3843000.0	1.0
7687	3843500.0	1.0
7688	3844000.0	5.0
7689	3844500.0	1.0
7690	3845000.0	2.0
7691	3845500.0	1.0
7692	3846000.0	0.0
7693	3846500.0	2.0
7694	3847000.0	0.0
7695	3847500.0	5.0
7696	3848000.0	0.0
7697	3848500.0	5.0
7698	3849000.0	5.0
7699	3849500.0	3.0
7700	3850000.0	2.0
7701	3850500.0	2.0
7702	3851000.0	3.0
7703	3851500.0	1.0
7704	3852000.0	5.0
7705	3852500.0	0.0
7706	3853000.0	4.0
7707	3853500.0	2.0
7708	3854000.0	3.0
7709	3854500.0	6.0
7710	3855000.0	1.0
7711	3855500.0	4.0
7712	3856000.0	5.0
7713	3856500.0	1.0
7714	3857000.0	3.0
7715	3857500.0	7.0
7716	3858000.0	3.0
7717	3858500.0	2.0
7718	3859000.0	2.0
7719	3859500.0	2.0
7720	3860000.0	1.0
7721	3860500.0	2.0
7722	3861000.0	0.0
7723	3861500.0	1.0
7724	3862000.0	4.0
7725	3862500.0	2.0
7726	3863000.0	4.0
7727	3863500.0	2.0
7728	3864000.0	1.0
7729	3864500.0	3.0
7730	3865000.0	1.0
7731	3865500.0	1.0
7732	3866000.0	1.0
7733	3866500.0	4.0
7734	3867000.0	2.0
7735	3867500.0	4.0
7736	3868000.0	6.0
7737	3868500.0	3.0
7738	3869000.0	3.0
7739	3869500.0	3.0
7740	3870000.0	4.0
7741	3870500.0	3.0
7742	3871000.0	3.0
7743	3871500.0	5.0
7744	3872000.0	1.0
7745	3872500.0	1.0
7746	3873000.0	1.0
7747	3873500.0	2.0
7748	3874000.0	2.0
7749	3874500.0	4.0
7750	3875000.0	3.0
7751	3875500.0	1.0
7752	3876000.0	1.0
7753	3876500.0	2.0
7754	3877000.0	3.0
7755	3877500.0	2.0
7756	3878000.0	2.0
7757	3878500.0	2.0
7758	3879000.0	0.0
7759	3879500.0	2.0
7760	3880000.0	0.0
7761	3880500.0	1.0
7762	3881000.0	2.0
7763	3881500.0	4.0
7764	3882000.0	4.0
7765	3882500.0	3.0
7766	3883000.0	1.0
7767	3883500.0	2.0
7768	3884000.0	0.0
7769	3884500.0	2.0
7770	3885000.0	3.0
7771	3885500.0	3.0
7772	3886000.0	3.0
7773	3886500.0	1.0
7774	3887000.0	2.0
7775	3887500.0	3.0
7776	3888000.0	0.0
7777	3888500.0	2.0
7778	3889000.0	2.0
7779	3889500.0	2.0
7780	3890000.0	2.0
7781	3890500.0	2.0
7782	3891000.0	1.0
7783	3891500.0	2.0
7784	3892000.0	1.0
7785	3892500.0	2.0
7786	3893000.0	2.0
7787	3893500.0	5.0
7788	3894000.0	0.0
7789	3894500.0	3.0
7790	3895000.0	1.0
7791	3895500.0	0.0
7792	3896000.0	4.0
7793	3896500.0	1.0
7794	3897000.0	1.0
7795	3897500.0	0.0
7796	3898000.0	0.0
7797	3898500.0	1.0
7798	3899000.0	1.0
7799	3899500.0	0.0
7800	3900000.0	2.0
7801	3900500.0	4.0
7802	3901000.0	2.0
7803	3901500.0	0.0
7804	3902000.0	2.0
7805	3902500.0	2.0
7806	3903000.0	2.0
7807	3903500.0	2.0
7808	3904000.0	0.0
7809	3904500.0	0.0
7810	3905000.0	1.0
7811	3905500.0	2.0
7812	3906000.0	0.0
7813	3906500.0	2.0
7814	3907000.0	1.0
7815	3907500.0	3.0
7816	3908000.0	1.0
7817	3908500.0	3.0
7818	3909000.0	2.0
7819	3909500.0	2.0
7820	3910000.0	3.0
7821	3910500.0	2.0
7822	3911000.0	0.0
7823	3911500.0	0.0
7824	3912000.0	1.0
7825	3912500.0	1.0
7826	3913000.0	0.0
7827	3913500.0	0.0
7828	3914000.0	3.0
7829	3914500.0	0.0
7830	3915000.0	1.0
7831	3915500.0	2.0
7832	3916000.0	2.0
7833	3916500.0	4.0
7834	3917000.0	1.0
7835	3917500.0	0.0
7836	3918000.0	1.0
7837	3918500.0	1.0
7838	3919000.0	2.0
7839	3919500.0	2.0
7840	3920000.0	2.0
7841	3920500.0	2.0
7842	3921000.0	0.0
7843	3921500.0	0.0
7844	3922000.0	2.0
7845	3922500.0	0.0
7846	3923000.0	1.0
7847	3923500.0	2.0
7848	3924000.0	1.0
7849	3924500.0	3.0
7850	3925000.0	1.0
7851	3925500.0	0.0
7852	3926000.0	2.0
7853	3926500.0	3.0
7854	3927000.0	2.0
7855	3927500.0	0.0
7856	3928000.0	1.0
7857	3928500.0	0.0
7858	3929000.0	1.0
7859	3929500.0	3.0
7860	3930000.0	1.0
7861	3930500.0	2.0
7862	3931000.0	5.0
7863	3931500.0	0.0
7864	3932000.0	3.0
7865	3932500.0	1.0
7866	3933000.0	1.0
7867	3933500.0	1.0
7868	3934000.0	3.0
7869	3934500.0	6.0
7870	3935000.0	0.0
7871	3935500.0	2.0
7872	3936000.0	1.0
7873	3936500.0	3.0
7874	3937000.0	2.0
7875	3937500.0	1.0
7876	3938000.0	2.0
7877	3938500.0	3.0
7878	3939000.0	1.0
7879	3939500.0	2.0
7880	3940000.0	5.0
7881	3940500.0	1.0
7882	3941000.0	3.0
7883	3941500.0	0.0
7884	3942000.0	2.0
7885	3942500.0	1.0
7886	3943000.0	2.0
7887	3943500.0	1.0
7888	3944000.0	2.0
7889	3944500.0	3.0
7890	3945000.0	0.0
7891	3945500.0	2.0
7892	3946000.0	5.0
7893	3946500.0	0.0
7894	3947000.0	1.0
7895	3947500.0	1.0
7896	3948000.0	1.0
7897	3948500.0	1.0
7898	3949000.0	2.0
7899	3949500.0	3.0
7900	3950000.0	2.0
7901	3950500.0	6.0
7902	3951000.0	1.0
7903	3951500.0	2.0
7904	3952000.0	4.0
7905	3952500.0	1.0
7906	3953000.0	2.0
7907	3953500.0	0.0
7908	3954000.0	1.0
7909	3954500.0	0.0
7910	3955000.0	3.0
7911	3955500.0	0.0
7912	3956000.0	1.0
7913	3956500.0	2.0
7914	3957000.0	1.0
7915	3957500.0	0.0
7916	3958000.0	5.0
7917	3958500.0	2.0
7918	3959000.0	1.0
7919	3959500.0	3.0
7920	3960000.0	2.0
7921	3960500.0	1.0
7922	3961000.0	3.0
7923	3961500.0	2.0
7924	3962000.0	1.0
7925	3962500.0	2.0
7926	3963000.0	1.0
7927	3963500.0	0.0
7928	3964000.0	0.0
7929	3964500.0	4.0
7930	3965000.0	1.0
7931	3965500.0	2.0
7932	3966000.0	1.0
7933	3966500.0	1.0
7934	3967000.0	3.0
7935	3967500.0	3.0
7936	3968000.0	5.0
7937	3968500.0	3.0
7938	3969000.0	2.0
7939	3969500.0	1.0
7940	3970000.0	2.0
7941	3970500.0	0.0
7942	3971000.0	3.0
7943	3971500.0	1.0
7944	3972000.0	3.0
7945	3972500.0	2.0
7946	3973000.0	3.0
7947	3973500.0	2.0
7948	3974000.0	0.0
7949	3974500.0	0.0
7950	3975000.0	3.0
7951	3975500.0	0.0
7952	3976000.0	2.0
7953	3976500.0	2.0
7954	3977000.0	2.0
7955	3977500.0	1.0
7956	3978000.0	2.0
7957	3978500.0	2.0
7958	3979000.0	2.0
7959	3979500.0	1.0
7960	3980000.0	1.0
7961	3980500.0	1.0
7962	3981000.0	0.0
7963	3981500.0	1.0
7964	3982000.0	4.0
7965	3982500.0	1.0
7966	3983000.0	1.0
7967	3983500.0	2.0
7968	3984000.0	2.0
7969	3984500.0	0.0
7970	3985000.0	7.0
7971	3985500.0	1.0
7972	3986000.0	2.0
7973	3986500.0	3.0
7974	3987000.0	0.0
7975	3987500.0	2.0
7976	3988000.0	1.0
7977	3988500.0	1.0
7978	3989000.0	6.0
7979	3989500.0	3.0
7980	3990000.0	1.0
7981	3990500.0	3.0
7982	3991000.0	1.0
7983	3991500.0	1.0
7984	3992000.0	2.0
7985	3992500.0	0.0
7986	3993000.0	2.0
7987	3993500.0	0.0
7988	3994000.0	1.0
7989	3994500.0	4.0
7990	3995000.0	1.0
7991	3995500.0	2.0
7992	3996000.0	0.0
7993	3996500.0	4.0
7994	3997000.0	1.0
7995	3997500.0	1.0
7996	3998000.0	2.0
7997	3998500.0	2.0
7998	3999000.0	1.0
7999	3999500.0	0.0
8000	4000000.0	2.0
8001	4000500.0	0.0
8002	4001000.0	7.0
8003	4001500.0	3.0
8004	4002000.0	2.0
8005	4002500.0	0.0
8006	4003000.0	4.0
8007	4003500.0	0.0
8008	4004000.0	0.0
8009	4004500.0	1.0
8010	4005000.0	4.0
8011	4005500.0	0.0
8012	4006000.0	3.0
8013	4006500.0	0.0
8014	4007000.0	1.0
8015	4007500.0	2.0
8016	4008000.0	3.0
8017	4008500.0	0.0
8018	4009000.0	1.0
8019	4009500.0	0.0
8020	4010000.0	5.0
8021	4010500.0	0.0
8022	4011000.0	1.0
8023	4011500.0	1.0
8024	4012000.0	1.0
8025	4012500.0	2.0
8026	4013000.0	0.0
8027	4013500.0	0.0
8028	4014000.0	1.0
8029	4014500.0	3.0
8030	4015000.0	2.0
8031	4015500.0	2.0
8032	4016000.0	4.0
8033	4016500.0	3.0
8034	4017000.0	1.0
8035	4017500.0	1.0
8036	4018000.0	1.0
8037	4018500.0	2.0
8038	4019000.0	3.0
8039	4019500.0	1.0
8040	4020000.0	1.0
8041	4020500.0	4.0
8042	4021000.0	1.0
8043	4021500.0	2.0
8044	4022000.0	2.0
8045	4022500.0	1.0
8046	4023000.0	1.0
8047	4023500.0	2.0
8048	4024000.0	0.0
8049	4024500.0	4.0
8050	4025000.0	3.0
8051	4025500.0	2.0
8052	4026000.0	1.0
8053	4026500.0	1.0
8054	4027000.0	3.0
8055	4027500.0	1.0
8056	4028000.0	3.0
8057	4028500.0	4.0
8058	4029000.0	2.0
8059	4029500.0	0.0
8060	4030000.0	3.0
8061	4030500.0	1.0
8062	4031000.0	0.0
8063	4031500.0	1.0
8064	4032000.0	0.0
8065	4032500.0	3.0
8066	4033000.0	2.0
8067	4033500.0	2.0
8068	4034000.0	2.0
8069	4034500.0	2.0
8070	4035000.0	0.0
8071	4035500.0	6.0
8072	4036000.0	2.0
8073	4036500.0	2.0
8074	4037000.0	1.0
8075	4037500.0	0.0
8076	4038000.0	1.0
8077	4038500.0	3.0
8078	4039000.0	2.0
8079	4039500.0	2.0
8080	4040000.0	3.0
8081	4040500.0	4.0
8082	4041000.0	3.0
8083	4041500.0	1.0
8084	4042000.0	0.0
8085	4042500.0	0.0
8086	4043000.0	0.0
8087	4043500.0	3.0
8088	4044000.0	5.0
8089	4044500.0	2.0
8090	4045000.0	3.0
8091	4045500.0	4.0
8092	4046000.0	1.0
8093	4046500.0	2.0
8094	4047000.0	1.0
8095	4047500.0	1.0
8096	4048000.0	3.0
8097	4048500.0	1.0
8098	4049000.0	1.0
8099	4049500.0	2.0
8100	4050000.0	4.0
8101	4050500.0	2.0
8102	4051000.0	2.0
8103	4051500.0	0.0
8104	4052000.0	1.0
8105	4052500.0	1.0
8106	4053000.0	2.0
8107	4053500.0	1.0
8108	4054000.0	3.0
8109	4054500.0	0.0
8110	4055000.0	0.0
8111	4055500.0	1.0
8112	4056000.0	2.0
8113	4056500.0	1.0
8114	4057000.0	3.0
8115	4057500.0	5.0
8116	4058000.0	1.0
8117	4058500.0	2.0
8118	4059000.0	2.0
8119	4059500.0	2.0
8120	4060000.0	2.0
8121	4060500.0	1.0
8122	4061000.0	1.0
8123	4061500.0	1.0
8124	4062000.0	2.0
8125	4062500.0	2.0
8126	4063000.0	1.0
8127	4063500.0	0.0
8128	4064000.0	1.0
8129	4064500.0	4.0
8130	4065000.0	1.0
8131	4065500.0	0.0
8132	4066000.0	2.0
8133	4066500.0	0.0
8134	4067000.0	2.0
8135	4067500.0	1.0
8136	4068000.0	0.0
8137	4068500.0	1.0
8138	4069000.0	1.0
8139	4069500.0	2.0
8140	4070000.0	1.0
8141	4070500.0	2.0
8142	4071000.0	1.0
8143	4071500.0	1.0
8144	4072000.0	2.0
8145	4072500.0	2.0
8146	4073000.0	1.0
8147	4073500.0	3.0
8148	4074000.0	0.0
8149	4074500.0	5.0
8150	4075000.0	1.0
8151	4075500.0	1.0
8152	4076000.0	3.0
8153	4076500.0	3.0
8154	4077000.0	2.0
8155	4077500.0	1.0
8156	4078000.0	2.0
8157	4078500.0	1.0
8158	4079000.0	1.0
8159	4079500.0	2.0
8160	4080000.0	3.0
8161	4080500.0	0.0
8162	4081000.0	4.0
8163	4081500.0	1.0
8164	4082000.0	3.0
8165	4082500.0	4.0
8166	4083000.0	0.0
8167	4083500.0	1.0
8168	4084000.0	1.0
8169	4084500.0	1.0
8170	4085000.0	1.0
8171	4085500.0	2.0
8172	4086000.0	2.0
8173	4086500.0	1.0
8174	4087000.0	2.0
8175	4087500.0	3.0
8176	4088000.0	5.0
8177	4088500.0	2.0
8178	4089000.0	1.0
8179	4089500.0	1.0
8180	4090000.0	4.0
8181	4090500.0	2.0
8182	4091000.0	3.0
8183	4091500.0	5.0
8184	4092000.0	0.0
8185	4092500.0	1.0
8186	4093000.0	1.0
8187	4093500.0	0.0
8188	4094000.0	2.0
8189	4094500.0	0.0
8190	4095000.0	3.0
8191	4095500.0	2.0
8192	4096000.0	1.0
8193	4096500.0	2.0
8194	4097000.0	1.0
8195	4097500.0	1.0
8196	4098000.0	3.0
8197	4098500.0	4.0
8198	4099000.0	3.0
8199	4099500.0	4.0
8200	4100000.0	2.0
8201	4100500.0	1.0
8202	4101000.0	1.0
8203	4101500.0	2.0
8204	4102000.0	1.0
8205	4102500.0	2.0
8206	4103000.0	3.0
8207	4103500.0	1.0
8208	4104000.0	5.0
8209	4104500.0	4.0
8210	4105000.0	1.0
8211	4105500.0	2.0
8212	4106000.0	2.0
8213	4106500.0	2.0
8214	4107000.0	2.0
8215	4107500.0	2.0
8216	4108000.0	1.0
8217	4108500.0	3.0
8218	4109000.0	1.0
8219	4109500.0	3.0
8220	4110000.0	3.0
8221	4110500.0	1.0
8222	4111000.0	3.0
8223	4111500.0	2.0
8224	4112000.0	4.0
8225	4112500.0	1.0
8226	4113000.0	1.0
8227	4113500.0	2.0
8228	4114000.0	2.0
8229	4114500.0	0.0
8230	4115000.0	3.0
8231	4115500.0	1.0
8232	4116000.0	4.0
8233	4116500.0	1.0
8234	4117000.0	0.0
8235	4117500.0	1.0
8236	4118000.0	1.0
8237	4118500.0	1.0
8238	4119000.0	1.0
8239	4119500.0	0.0
8240	4120000.0	5.0
8241	4120500.0	1.0
8242	4121000.0	3.0
8243	4121500.0	2.0
8244	4122000.0	1.0
8245	4122500.0	5.0
8246	4123000.0	3.0
8247	4123500.0	1.0
8248	4124000.0	1.0
8249	4124500.0	1.0
8250	4125000.0	2.0
8251	4125500.0	2.0
8252	4126000.0	4.0
8253	4126500.0	0.0
8254	4127000.0	4.0
8255	4127500.0	2.0
8256	4128000.0	3.0
8257	4128500.0	5.0
8258	4129000.0	2.0
8259	4129500.0	2.0
8260	4130000.0	1.0
8261	4130500.0	1.0
8262	4131000.0	1.0
8263	4131500.0	3.0
8264	4132000.0	2.0
8265	4132500.0	0.0
8266	4133000.0	0.0
8267	4133500.0	4.0
8268	4134000.0	1.0
8269	4134500.0	3.0
8270	4135000.0	3.0
8271	4135500.0	2.0
8272	4136000.0	0.0
8273	4136500.0	2.0
8274	4137000.0	5.0
8275	4137500.0	3.0
8276	4138000.0	2.0
8277	4138500.0	2.0
8278	4139000.0	0.0
8279	4139500.0	3.0
8280	4140000.0	2.0
8281	4140500.0	1.0
8282	4141000.0	1.0
8283	4141500.0	4.0
8284	4142000.0	3.0
8285	4142500.0	2.0
8286	4143000.0	3.0
8287	4143500.0	4.0
8288	4144000.0	4.0
8289	4144500.0	2.0
8290	4145000.0	2.0
8291	4145500.0	2.0
8292	4146000.0	1.0
8293	4146500.0	2.0
8294	4147000.0	5.0
8295	4147500.0	4.0
8296	4148000.0	0.0
8297	4148500.0	1.0
8298	4149000.0	3.0
8299	4149500.0	2.0
8300	4150000.0	1.0
8301	4150500.0	3.0
8302	4151000.0	3.0
8303	4151500.0	0.0
8304	4152000.0	2.0
8305	4152500.0	2.0
8306	4153000.0	1.0
8307	4153500.0	0.0
8308	4154000.0	3.0
8309	4154500.0	0.0
8310	4155000.0	2.0
8311	4155500.0	3.0
8312	4156000.0	4.0
8313	4156500.0	1.0
8314	4157000.0	2.0
8315	4157500.0	0.0
8316	4158000.0	2.0
8317	4158500.0	3.0
8318	4159000.0	3.0
8319	4159500.0	3.0
8320	4160000.0	3.0
8321	4160500.0	1.0
8322	4161000.0	1.0
8323	4161500.0	1.0
8324	4162000.0	0.0
8325	4162500.0	1.0
8326	4163000.0	0.0
8327	4163500.0	0.0
8328	4164000.0	3.0
8329	4164500.0	4.0
8330	4165000.0	2.0
8331	4165500.0	1.0
8332	4166000.0	4.0
8333	4166500.0	3.0
8334	4167000.0	1.0
8335	4167500.0	1.0
8336	4168000.0	3.0
8337	4168500.0	2.0
8338	4169000.0	1.0
8339	4169500.0	0.0
8340	4170000.0	2.0
8341	4170500.0	4.0
8342	4171000.0	2.0
8343	4171500.0	2.0
8344	4172000.0	2.0
8345	4172500.0	1.0
8346	4173000.0	1.0
8347	4173500.0	4.0
8348	4174000.0	1.0
8349	4174500.0	2.0
8350	4175000.0	4.0
8351	4175500.0	3.0
8352	4176000.0	2.0
8353	4176500.0	1.0
8354	4177000.0	3.0
8355	4177500.0	1.0
8356	4178000.0	1.0
8357	4178500.0	0.0
8358	4179000.0	2.0
8359	4179500.0	1.0
8360	4180000.0	3.0
8361	4180500.0	1.0
8362	4181000.0	0.0
8363	4181500.0	2.0
8364	4182000.0	4.0
8365	4182500.0	0.0
8366	4183000.0	4.0
8367	4183500.0	2.0
8368	4184000.0	2.0
8369	4184500.0	1.0
8370	4185000.0	1.0
8371	4185500.0	2.0
8372	4186000.0	1.0
8373	4186500.0	2.0
8374	4187000.0	5.0
8375	4187500.0	1.0
8376	4188000.0	2.0
8377	4188500.0	2.0
8378	4189000.0	5.0
8379	4189500.0	1.0
8380	4190000.0	0.0
8381	4190500.0	0.0
8382	4191000.0	0.0
8383	4191500.0	2.0
8384	4192000.0	1.0
8385	4192500.0	2.0
8386	4193000.0	1.0
8387	4193500.0	4.0
8388	4194000.0	1.0
8389	4194500.0	0.0
8390	4195000.0	4.0
8391	4195500.0	5.0
8392	4196000.0	0.0
8393	4196500.0	3.0
8394	4197000.0	1.0
8395	4197500.0	2.0
8396	4198000.0	2.0
8397	4198500.0	1.0
8398	4199000.0	2.0
8399	4199500.0	2.0
8400	4200000.0	0.0
8401	4200500.0	4.0
8402	4201000.0	2.0
8403	4201500.0	4.0
8404	4202000.0	3.0
8405	4202500.0	1.0
8406	4203000.0	1.0
8407	4203500.0	0.0
8408	4204000.0	2.0
8409	4204500.0	1.0
8410	4205000.0	0.0
8411	4205500.0	2.0
8412	4206000.0	3.0
8413	4206500.0	1.0
8414	4207000.0	1.0
8415	4207500.0	1.0
8416	4208000.0	3.0
8417	4208500.0	2.0
8418	4209000.0	0.0
8419	4209500.0	3.0
8420	4210000.0	2.0
8421	4210500.0	2.0
8422	4211000.0	3.0
8423	4211500.0	1.0
8424	4212000.0	2.0
8425	4212500.0	4.0
8426	4213000.0	0.0
8427	4213500.0	1.0
8428	4214000.0	1.0
8429	4214500.0	1.0
8430	4215000.0	1.0
8431	4215500.0	2.0
8432	4216000.0	6.0
8433	4216500.0	0.0
8434	4217000.0	0.0
8435	4217500.0	2.0
8436	4218000.0	3.0
8437	4218500.0	2.0
8438	4219000.0	2.0
8439	4219500.0	1.0
8440	4220000.0	0.0
8441	4220500.0	3.0
8442	4221000.0	4.0
8443	4221500.0	1.0
8444	4222000.0	2.0
8445	4222500.0	1.0
8446	4223000.0	0.0
8447	4223500.0	2.0
8448	4224000.0	0.0
8449	4224500.0	1.0
8450	4225000.0	3.0
8451	4225500.0	0.0
8452	4226000.0	3.0
8453	4226500.0	3.0
8454	4227000.0	3.0
8455	4227500.0	1.0
8456	4228000.0	5.0
8457	4228500.0	1.0
8458	4229000.0	2.0
8459	4229500.0	0.0
8460	4230000.0	1.0
8461	4230500.0	4.0
8462	4231000.0	2.0
8463	4231500.0	0.0
8464	4232000.0	1.0
8465	4232500.0	1.0
8466	4233000.0	0.0
8467	4233500.0	2.0
8468	4234000.0	1.0
8469	4234500.0	0.0
8470	4235000.0	4.0
8471	4235500.0	4.0
8472	4236000.0	4.0
8473	4236500.0	1.0
8474	4237000.0	4.0
8475	4237500.0	0.0
8476	4238000.0	1.0
8477	4238500.0	1.0
8478	4239000.0	1.0
8479	4239500.0	2.0
8480	4240000.0	3.0
8481	4240500.0	0.0
8482	4241000.0	1.0
8483	4241500.0	5.0
8484	4242000.0	1.0
8485	4242500.0	1.0
8486	4243000.0	0.0
8487	4243500.0	1.0
8488	4244000.0	0.0
8489	4244500.0	2.0
8490	4245000.0	2.0
8491	4245500.0	2.0
8492	4246000.0	4.0
8493	4246500.0	0.0
8494	4247000.0	0.0
8495	4247500.0	1.0
8496	4248000.0	4.0
8497	4248500.0	1.0
8498	4249000.0	6.0
8499	4249500.0	0.0
8500	4250000.0	5.0
8501	4250500.0	2.0
8502	4251000.0	2.0
8503	4251500.0	2.0
8504	4252000.0	1.0
8505	4252500.0	1.0
8506	4253000.0	0.0
8507	4253500.0	2.0
8508	4254000.0	1.0
8509	4254500.0	4.0
8510	4255000.0	0.0
8511	4255500.0	3.0
8512	4256000.0	3.0
8513	4256500.0	1.0
8514	4257000.0	0.0
8515	4257500.0	2.0
8516	4258000.0	2.0
8517	4258500.0	4.0
8518	4259000.0	1.0
8519	4259500.0	3.0
8520	4260000.0	1.0
8521	4260500.0	3.0
8522	4261000.0	2.0
8523	4261500.0	1.0
8524	4262000.0	2.0
8525	4262500.0	2.0
8526	4263000.0	3.0
8527	4263500.0	0.0
8528	4264000.0	3.0
8529	4264500.0	2.0
8530	4265000.0	3.0
8531	4265500.0	4.0
8532	4266000.0	1.0
8533	4266500.0	1.0
8534	4267000.0	3.0
8535	4267500.0	3.0
8536	4268000.0	0.0
8537	4268500.0	0.0
8538	4269000.0	2.0
8539	4269500.0	3.0
8540	4270000.0	2.0
8541	4270500.0	4.0
8542	4271000.0	2.0
8543	4271500.0	2.0
8544	4272000.0	3.0
8545	4272500.0	0.0
8546	4273000.0	1.0
8547	4273500.0	2.0
8548	4274000.0	1.0
8549	4274500.0	2.0
8550	4275000.0	0.0
8551	4275500.0	1.0
8552	4276000.0	2.0
8553	4276500.0	0.0
8554	4277000.0	1.0
8555	4277500.0	0.0
8556	4278000.0	1.0
8557	4278500.0	4.0
8558	4279000.0	5.0
8559	4279500.0	0.0
8560	4280000.0	3.0
8561	4280500.0	0.0
8562	4281000.0	1.0
8563	4281500.0	2.0
8564	4282000.0	3.0
8565	4282500.0	4.0
8566	4283000.0	3.0
8567	4283500.0	2.0
8568	4284000.0	1.0
8569	4284500.0	1.0
8570	4285000.0	2.0
8571	4285500.0	2.0
8572	4286000.0	1.0
8573	4286500.0	3.0
8574	4287000.0	0.0
8575	4287500.0	2.0
8576	4288000.0	2.0
8577	4288500.0	1.0
8578	4289000.0	1.0
8579	4289500.0	4.0
8580	4290000.0	3.0
8581	4290500.0	1.0
8582	4291000.0	0.0
8583	4291500.0	5.0
8584	4292000.0	0.0
8585	4292500.0	0.0
8586	4293000.0	1.0
8587	4293500.0	1.0
8588	4294000.0	0.0
8589	4294500.0	1.0
8590	4295000.0	4.0
8591	4295500.0	1.0
8592	4296000.0	0.0
8593	4296500.0	3.0
8594	4297000.0	2.0
8595	4297500.0	1.0
8596	4298000.0	0.0
8597	4298500.0	3.0
8598	4299000.0	0.0
8599	4299500.0	2.0
8600	4300000.0	2.0
8601	4300500.0	2.0
8602	4301000.0	4.0
8603	4301500.0	4.0
8604	4302000.0	2.0
8605	4302500.0	4.0
8606	4303000.0	3.0
8607	4303500.0	3.0
8608	4304000.0	3.0
8609	4304500.0	4.0
8610	4305000.0	2.0
8611	4305500.0	4.0
8612	4306000.0	2.0
8613	4306500.0	1.0
8614	4307000.0	0.0
8615	4307500.0	0.0
8616	4308000.0	1.0
8617	4308500.0	3.0
8618	4309000.0	1.0
8619	4309500.0	1.0
8620	4310000.0	3.0
8621	4310500.0	2.0
8622	4311000.0	3.0
8623	4311500.0	4.0
8624	4312000.0	2.0
8625	4312500.0	2.0
8626	4313000.0	5.0
8627	4313500.0	3.0
8628	4314000.0	3.0
8629	4314500.0	0.0
8630	4315000.0	1.0
8631	4315500.0	0.0
8632	4316000.0	1.0
8633	4316500.0	2.0
8634	4317000.0	1.0
8635	4317500.0	2.0
8636	4318000.0	1.0
8637	4318500.0	2.0
8638	4319000.0	2.0
8639	4319500.0	0.0
8640	4320000.0	4.0
8641	4320500.0	2.0
8642	4321000.0	1.0
8643	4321500.0	2.0
8644	4322000.0	1.0
8645	4322500.0	1.0
8646	4323000.0	4.0
8647	4323500.0	2.0
8648	4324000.0	3.0
8649	4324500.0	2.0
8650	4325000.0	1.0
8651	4325500.0	3.0
8652	4326000.0	2.0
8653	4326500.0	1.0
8654	4327000.0	5.0
8655	4327500.0	0.0
8656	4328000.0	1.0
8657	4328500.0	2.0
8658	4329000.0	3.0
8659	4329500.0	2.0
8660	4330000.0	2.0
8661	4330500.0	1.0
8662	4331000.0	3.0
8663	4331500.0	4.0
8664	4332000.0	1.0
8665	4332500.0	3.0
8666	4333000.0	1.0
8667	4333500.0	0.0
8668	4334000.0	2.0
8669	4334500.0	2.0
8670	4335000.0	1.0
8671	4335500.0	1.0
8672	4336000.0	0.0
8673	4336500.0	3.0
8674	4337000.0	3.0
8675	4337500.0	4.0
8676	4338000.0	2.0
8677	4338500.0	3.0
8678	4339000.0	3.0
8679	4339500.0	2.0
8680	4340000.0	1.0
8681	4340500.0	1.0
8682	4341000.0	2.0
8683	4341500.0	3.0
8684	4342000.0	3.0
8685	4342500.0	6.0
8686	4343000.0	2.0
8687	4343500.0	0.0
8688	4344000.0	1.0
8689	4344500.0	2.0
8690	4345000.0	1.0
8691	4345500.0	2.0
8692	4346000.0	4.0
8693	4346500.0	2.0
8694	4347000.0	1.0
8695	4347500.0	3.0
8696	4348000.0	1.0
8697	4348500.0	0.0
8698	4349000.0	3.0
8699	4349500.0	2.0
8700	4350000.0	1.0
8701	4350500.0	4.0
8702	4351000.0	1.0
8703	4351500.0	2.0
8704	4352000.0	3.0
8705	4352500.0	1.0
8706	4353000.0	1.0
8707	4353500.0	1.0
8708	4354000.0	0.0
8709	4354500.0	3.0
8710	4355000.0	4.0
8711	4355500.0	6.0
8712	4356000.0	4.0
8713	4356500.0	2.0
8714	4357000.0	0.0
8715	4357500.0	2.0
8716	4358000.0	2.0
8717	4358500.0	0.0
8718	4359000.0	0.0
8719	4359500.0	1.0
8720	4360000.0	3.0
8721	4360500.0	2.0
8722	4361000.0	1.0
8723	4361500.0	4.0
8724	4362000.0	1.0
8725	4362500.0	1.0
8726	4363000.0	2.0
8727	4363500.0	1.0
8728	4364000.0	4.0
8729	4364500.0	4.0
8730	4365000.0	2.0
8731	4365500.0	3.0
8732	4366000.0	2.0
8733	4366500.0	3.0
8734	4367000.0	0.0
8735	4367500.0	3.0
8736	4368000.0	7.0
8737	4368500.0	2.0
8738	4369000.0	1.0
8739	4369500.0	1.0
8740	4370000.0	1.0
8741	4370500.0	1.0
8742	4371000.0	4.0
8743	4371500.0	3.0
8744	4372000.0	3.0
8745	4372500.0	3.0
8746	4373000.0	1.0
8747	4373500.0	0.0
8748	4374000.0	3.0
8749	4374500.0	3.0
8750	4375000.0	0.0
8751	4375500.0	2.0
8752	4376000.0	1.0
8753	4376500.0	2.0
8754	4377000.0	3.0
8755	4377500.0	3.0
8756	4378000.0	1.0
8757	4378500.0	3.0
8758	4379000.0	0.0
8759	4379500.0	1.0
8760	4380000.0	2.0
8761	4380500.0	2.0
8762	4381000.0	2.0
8763	4381500.0	2.0
8764	4382000.0	3.0
8765	4382500.0	2.0
8766	4383000.0	1.0
8767	4383500.0	0.0
8768	4384000.0	2.0
8769	4384500.0	2.0
8770	4385000.0	2.0
8771	4385500.0	2.0
8772	4386000.0	4.0
8773	4386500.0	0.0
8774	4387000.0	2.0
8775	4387500.0	2.0
8776	4388000.0	0.0
8777	4388500.0	2.0
8778	4389000.0	4.0
8779	4389500.0	0.0
8780	4390000.0	1.0
8781	4390500.0	0.0
8782	4391000.0	0.0
8783	4391500.0	2.0
8784	4392000.0	4.0
8785	4392500.0	2.0
8786	4393000.0	0.0
8787	4393500.0	1.0
8788	4394000.0	6.0
8789	4394500.0	0.0
8790	4395000.0	2.0
8791	4395500.0	3.0
8792	4396000.0	2.0
8793	4396500.0	3.0
8794	4397000.0	2.0
8795	4397500.0	3.0
8796	4398000.0	2.0
8797	4398500.0	3.0
8798	4399000.0	5.0
8799	4399500.0	3.0
8800	4400000.0	3.0
8801	4400500.0	0.0
8802	4401000.0	0.0
8803	4401500.0	0.0
8804	4402000.0	3.0
8805	4402500.0	2.0
8806	4403000.0	1.0
8807	4403500.0	2.0
8808	4404000.0	0.0
8809	4404500.0	0.0
8810	4405000.0	2.0
8811	4405500.0	1.0
8812	4406000.0	4.0
8813	4406500.0	2.0
8814	4407000.0	0.0
8815	4407500.0	0.0
8816	4408000.0	0.0
8817	4408500.0	2.0
8818	4409000.0	3.0
8819	4409500.0	0.0
8820	4410000.0	4.0
8821	4410500.0	2.0
8822	4411000.0	0.0
8823	4411500.0	1.0
8824	4412000.0	1.0
8825	4412500.0	2.0
8826	4413000.0	1.0
8827	4413500.0	3.0
8828	4414000.0	2.0
8829	4414500.0	1.0
8830	4415000.0	3.0
8831	4415500.0	0.0
8832	4416000.0	2.0
8833	4416500.0	2.0
8834	4417000.0	3.0
8835	4417500.0	2.0
8836	4418000.0	3.0
8837	4418500.0	3.0
8838	4419000.0	4.0
8839	4419500.0	6.0
8840	4420000.0	2.0
8841	4420500.0	2.0
8842	4421000.0	1.0
8843	4421500.0	0.0
8844	4422000.0	4.0
8845	4422500.0	2.0
8846	4423000.0	4.0
8847	4423500.0	1.0
8848	4424000.0	2.0
8849	4424500.0	1.0
8850	4425000.0	1.0
8851	4425500.0	3.0
8852	4426000.0	1.0
8853	4426500.0	2.0
8854	4427000.0	3.0
8855	4427500.0	2.0
8856	4428000.0	2.0
8857	4428500.0	6.0
8858	4429000.0	4.0
8859	4429500.0	3.0
8860	4430000.0	0.0
8861	4430500.0	1.0
8862	4431000.0	0.0
8863	4431500.0	3.0
8864	4432000.0	3.0
8865	4432500.0	5.0
8866	4433000.0	2.0
8867	4433500.0	2.0
8868	4434000.0	1.0
8869	4434500.0	1.0
8870	4435000.0	1.0
8871	4435500.0	1.0
8872	4436000.0	3.0
8873	4436500.0	2.0
8874	4437000.0	2.0
8875	4437500.0	1.0
8876	4438000.0	1.0
8877	4438500.0	1.0
8878	4439000.0	3.0
8879	4439500.0	2.0
8880	4440000.0	4.0
8881	4440500.0	1.0
8882	4441000.0	4.0
8883	4441500.0	1.0
8884	4442000.0	4.0
8885	4442500.0	0.0
8886	4443000.0	0.0
8887	4443500.0	4.0
8888	4444000.0	2.0
8889	4444500.0	2.0
8890	4445000.0	2.0
8891	4445500.0	1.0
8892	4446000.0	0.0
8893	4446500.0	1.0
8894	4447000.0	0.0
8895	4447500.0	4.0
8896	4448000.0	2.0
8897	4448500.0	2.0
8898	4449000.0	4.0
8899	4449500.0	0.0
8900	4450000.0	4.0
8901	4450500.0	4.0
8902	4451000.0	4.0
8903	4451500.0	0.0
8904	4452000.0	1.0
8905	4452500.0	2.0
8906	4453000.0	3.0
8907	4453500.0	1.0
8908	4454000.0	1.0
8909	4454500.0	2.0
8910	4455000.0	0.0
8911	4455500.0	3.0
8912	4456000.0	1.0
8913	4456500.0	1.0
8914	4457000.0	2.0
8915	4457500.0	1.0
8916	4458000.0	0.0
8917	4458500.0	3.0
8918	4459000.0	4.0
8919	4459500.0	3.0
8920	4460000.0	3.0
8921	4460500.0	1.0
8922	4461000.0	3.0
8923	4461500.0	3.0
8924	4462000.0	2.0
8925	4462500.0	1.0
8926	4463000.0	2.0
8927	4463500.0	1.0
8928	4464000.0	3.0
8929	4464500.0	3.0
8930	4465000.0	0.0
8931	4465500.0	2.0
8932	4466000.0	1.0
8933	4466500.0	2.0
8934	4467000.0	1.0
8935	4467500.0	1.0
8936	4468000.0	1.0
8937	4468500.0	2.0
8938	4469000.0	1.0
8939	4469500.0	3.0
8940	4470000.0	2.0
8941	4470500.0	0.0
8942	4471000.0	3.0
8943	4471500.0	3.0
8944	4472000.0	2.0
8945	4472500.0	6.0
8946	4473000.0	1.0
8947	4473500.0	0.0
8948	4474000.0	1.0
8949	4474500.0	2.0
8950	4475000.0	0.0
8951	4475500.0	1.0
8952	4476000.0	2.0
8953	4476500.0	3.0
8954	4477000.0	3.0
8955	4477500.0	6.0
8956	4478000.0	2.0
8957	4478500.0	0.0
8958	4479000.0	3.0
8959	4479500.0	2.0
8960	4480000.0	4.0
8961	4480500.0	1.0
8962	4481000.0	4.0
8963	4481500.0	0.0
8964	4482000.0	2.0
8965	4482500.0	1.0
8966	4483000.0	3.0
8967	4483500.0	1.0
8968	4484000.0	4.0
8969	4484500.0	2.0
8970	4485000.0	0.0
8971	4485500.0	5.0
8972	4486000.0	5.0
8973	4486500.0	1.0
8974	4487000.0	1.0
8975	4487500.0	0.0
8976	4488000.0	3.0
8977	4488500.0	2.0
8978	4489000.0	2.0
8979	4489500.0	2.0
8980	4490000.0	4.0
8981	4490500.0	2.0
8982	4491000.0	0.0
8983	4491500.0	3.0
8984	4492000.0	1.0
8985	4492500.0	2.0
8986	4493000.0	2.0
8987	4493500.0	1.0
8988	4494000.0	4.0
8989	4494500.0	1.0
8990	4495000.0	2.0
8991	4495500.0	2.0
8992	4496000.0	0.0
8993	4496500.0	1.0
8994	4497000.0	3.0
8995	4497500.0	2.0
8996	4498000.0	1.0
8997	4498500.0	2.0
8998	4499000.0	1.0
8999	4499500.0	0.0
9000	4500000.0	1.0
9001	4500500.0	1.0
9002	4501000.0	4.0
9003	4501500.0	3.0
9004	4502000.0	2.0
9005	4502500.0	3.0
9006	4503000.0	3.0
9007	4503500.0	1.0
9008	4504000.0	2.0
9009	4504500.0	4.0
9010	4505000.0	4.0
9011	4505500.0	2.0
9012	4506000.0	2.0
9013	4506500.0	2.0
9014	4507000.0	2.0
9015	4507500.0	4.0
9016	4508000.0	4.0
9017	4508500.0	4.0
9018	4509000.0	2.0
9019	4509500.0	2.0
9020	4510000.0	4.0
9021	4510500.0	3.0
9022	4511000.0	4.0
9023	4511500.0	1.0
9024	4512000.0	2.0
9025	4512500.0	3.0
9026	4513000.0	3.0
9027	4513500.0	1.0
9028	4514000.0	2.0
9029	4514500.0	3.0
9030	4515000.0	2.0
9031	4515500.0	1.0
9032	4516000.0	5.0
9033	4516500.0	1.0
9034	4517000.0	5.0
9035	4517500.0	3.0
9036	4518000.0	2.0
9037	4518500.0	3.0
9038	4519000.0	0.0
9039	4519500.0	2.0
9040	4520000.0	0.0
9041	4520500.0	0.0
9042	4521000.0	1.0
9043	4521500.0	3.0
9044	4522000.0	2.0
9045	4522500.0	1.0
9046	4523000.0	1.0
9047	4523500.0	1.0
9048	4524000.0	0.0
9049	4524500.0	2.0
9050	4525000.0	0.0
9051	4525500.0	3.0
9052	4526000.0	2.0
9053	4526500.0	3.0
9054	4527000.0	1.0
9055	4527500.0	0.0
9056	4528000.0	2.0
9057	4528500.0	1.0
9058	4529000.0	1.0
9059	4529500.0	2.0
9060	4530000.0	1.0
9061	4530500.0	2.0
9062	4531000.0	1.0
9063	4531500.0	1.0
9064	4532000.0	3.0
9065	4532500.0	2.0
9066	4533000.0	1.0
9067	4533500.0	0.0
9068	4534000.0	4.0
9069	4534500.0	1.0
9070	4535000.0	5.0
9071	4535500.0	0.0
9072	4536000.0	4.0
9073	4536500.0	3.0
9074	4537000.0	0.0
9075	4537500.0	2.0
9076	4538000.0	2.0
9077	4538500.0	1.0
9078	4539000.0	3.0
9079	4539500.0	2.0
9080	4540000.0	1.0
9081	4540500.0	1.0
9082	4541000.0	1.0
9083	4541500.0	2.0
9084	4542000.0	1.0
9085	4542500.0	3.0
9086	4543000.0	2.0
9087	4543500.0	2.0
9088	4544000.0	3.0
9089	4544500.0	1.0
9090	4545000.0	5.0
9091	4545500.0	0.0
9092	4546000.0	1.0
9093	4546500.0	2.0
9094	4547000.0	0.0
9095	4547500.0	0.0
9096	4548000.0	1.0
9097	4548500.0	3.0
9098	4549000.0	4.0
9099	4549500.0	1.0
9100	4550000.0	2.0
9101	4550500.0	2.0
9102	4551000.0	6.0
9103	4551500.0	3.0
9104	4552000.0	3.0
9105	4552500.0	4.0
9106	4553000.0	0.0
9107	4553500.0	0.0
9108	4554000.0	2.0
9109	4554500.0	3.0
9110	4555000.0	3.0
9111	4555500.0	0.0
9112	4556000.0	0.0
9113	4556500.0	0.0
9114	4557000.0	3.0
9115	4557500.0	2.0
9116	4558000.0	2.0
9117	4558500.0	1.0
9118	4559000.0	3.0
9119	4559500.0	3.0
9120	4560000.0	2.0
9121	4560500.0	2.0
9122	4561000.0	2.0
9123	4561500.0	3.0
9124	4562000.0	2.0
9125	4562500.0	2.0
9126	4563000.0	2.0
9127	4563500.0	1.0
9128	4564000.0	3.0
9129	4564500.0	4.0
9130	4565000.0	1.0
9131	4565500.0	3.0
9132	4566000.0	3.0
9133	4566500.0	0.0
9134	4567000.0	3.0
9135	4567500.0	1.0
9136	4568000.0	2.0
9137	4568500.0	1.0
9138	4569000.0	3.0
9139	4569500.0	0.0
9140	4570000.0	2.0
9141	4570500.0	5.0
9142	4571000.0	5.0
9143	4571500.0	1.0
9144	4572000.0	2.0
9145	4572500.0	1.0
9146	4573000.0	0.0
9147	4573500.0	0.0
9148	4574000.0	3.0
9149	4574500.0	0.0
9150	4575000.0	2.0
9151	4575500.0	1.0
9152	4576000.0	2.0
9153	4576500.0	0.0
9154	4577000.0	2.0
9155	4577500.0	1.0
9156	4578000.0	3.0
9157	4578500.0	3.0
9158	4579000.0	1.0
9159	4579500.0	5.0
9160	4580000.0	1.0
9161	4580500.0	1.0
9162	4581000.0	3.0
9163	4581500.0	1.0
9164	4582000.0	3.0
9165	4582500.0	3.0
9166	4583000.0	1.0
9167	4583500.0	0.0
9168	4584000.0	1.0
9169	4584500.0	0.0
9170	4585000.0	2.0
9171	4585500.0	3.0
9172	4586000.0	3.0
9173	4586500.0	0.0
9174	4587000.0	1.0
9175	4587500.0	3.0
9176	4588000.0	0.0
9177	4588500.0	2.0
9178	4589000.0	3.0
9179	4589500.0	3.0
9180	4590000.0	1.0
9181	4590500.0	1.0
9182	4591000.0	1.0
9183	4591500.0	3.0
9184	4592000.0	2.0
9185	4592500.0	2.0
9186	4593000.0	1.0
9187	4593500.0	1.0
9188	4594000.0	2.0
9189	4594500.0	0.0
9190	4595000.0	0.0
9191	4595500.0	0.0
9192	4596000.0	5.0
9193	4596500.0	0.0
9194	4597000.0	3.0
9195	4597500.0	1.0
9196	4598000.0	1.0
9197	4598500.0	0.0
9198	4599000.0	1.0
9199	4599500.0	3.0
9200	4600000.0	4.0
9201	4600500.0	3.0
9202	4601000.0	1.0
9203	4601500.0	3.0
9204	4602000.0	4.0
9205	4602500.0	1.0
9206	4603000.0	3.0
9207	4603500.0	2.0
9208	4604000.0	1.0
9209	4604500.0	3.0
9210	4605000.0	2.0
9211	4605500.0	2.0
9212	4606000.0	2.0
9213	4606500.0	1.0
9214	4607000.0	2.0
9215	4607500.0	4.0
9216	4608000.0	1.0
9217	4608500.0	1.0
9218	4609000.0	1.0
9219	4609500.0	2.0
9220	4610000.0	1.0
9221	4610500.0	1.0
9222	4611000.0	0.0
9223	4611500.0	2.0
9224	4612000.0	3.0
9225	4612500.0	5.0
9226	4613000.0	1.0
9227	4613500.0	0.0
9228	4614000.0	2.0
9229	4614500.0	3.0
9230	4615000.0	1.0
9231	4615500.0	2.0
9232	4616000.0	1.0
9233	4616500.0	2.0
9234	4617000.0	2.0
9235	4617500.0	0.0
9236	4618000.0	1.0
9237	4618500.0	0.0
9238	4619000.0	3.0
9239	4619500.0	1.0
9240	4620000.0	3.0
9241	4620500.0	1.0
9242	4621000.0	4.0
9243	4621500.0	0.0
9244	4622000.0	4.0
9245	4622500.0	2.0
9246	4623000.0	1.0
9247	4623500.0	1.0
9248	4624000.0	2.0
9249	4624500.0	0.0
9250	4625000.0	3.0
9251	4625500.0	0.0
9252	4626000.0	2.0
9253	4626500.0	1.0
9254	4627000.0	3.0
9255	4627500.0	2.0
9256	4628000.0	4.0
9257	4628500.0	1.0
9258	4629000.0	5.0
9259	4629500.0	1.0
9260	4630000.0	0.0
9261	4630500.0	2.0
9262	4631000.0	2.0
9263	4631500.0	3.0
9264	4632000.0	1.0
9265	4632500.0	1.0
9266	4633000.0	2.0
9267	4633500.0	2.0
9268	4634000.0	2.0
9269	4634500.0	4.0
9270	4635000.0	4.0
9271	4635500.0	0.0
9272	4636000.0	2.0
9273	4636500.0	2.0
9274	4637000.0	3.0
9275	4637500.0	3.0
9276	4638000.0	2.0
9277	4638500.0	4.0
9278	4639000.0	5.0
9279	4639500.0	2.0
9280	4640000.0	0.0
9281	4640500.0	2.0
9282	4641000.0	2.0
9283	4641500.0	0.0
9284	4642000.0	5.0
9285	4642500.0	2.0
9286	4643000.0	2.0
9287	4643500.0	1.0
9288	4644000.0	1.0
9289	4644500.0	5.0
9290	4645000.0	1.0
9291	4645500.0	1.0
9292	4646000.0	1.0
9293	4646500.0	2.0
9294	4647000.0	2.0
9295	4647500.0	2.0
9296	4648000.0	1.0
9297	4648500.0	1.0
9298	4649000.0	4.0
9299	4649500.0	3.0
9300	4650000.0	2.0
9301	4650500.0	0.0
9302	4651000.0	4.0
9303	4651500.0	1.0
9304	4652000.0	2.0
9305	4652500.0	3.0
9306	4653000.0	0.0
9307	4653500.0	2.0
9308	4654000.0	2.0
9309	4654500.0	2.0
9310	4655000.0	2.0
9311	4655500.0	4.0
9312	4656000.0	5.0
9313	4656500.0	2.0
9314	4657000.0	0.0
9315	4657500.0	3.0
9316	4658000.0	2.0
9317	4658500.0	1.0
9318	4659000.0	1.0
9319	4659500.0	1.0
9320	4660000.0	0.0
9321	4660500.0	1.0
9322	4661000.0	1.0
9323	4661500.0	2.0
9324	4662000.0	0.0
9325	4662500.0	3.0
9326	4663000.0	1.0
9327	4663500.0	2.0
9328	4664000.0	2.0
9329	4664500.0	2.0
9330	4665000.0	3.0
9331	4665500.0	2.0
9332	4666000.0	1.0
9333	4666500.0	1.0
9334	4667000.0	3.0
9335	4667500.0	0.0
9336	4668000.0	2.0
9337	4668500.0	3.0
9338	4669000.0	0.0
9339	4669500.0	0.0
9340	4670000.0	6.0
9341	4670500.0	2.0
9342	4671000.0	2.0
9343	4671500.0	1.0
9344	4672000.0	2.0
9345	4672500.0	2.0
9346	4673000.0	4.0
9347	4673500.0	2.0
9348	4674000.0	0.0
9349	4674500.0	3.0
9350	4675000.0	2.0
9351	4675500.0	1.0
9352	4676000.0	2.0
9353	4676500.0	0.0
9354	4677000.0	1.0
9355	4677500.0	4.0
9356	4678000.0	6.0
9357	4678500.0	3.0
9358	4679000.0	2.0
9359	4679500.0	2.0
9360	4680000.0	3.0
9361	4680500.0	1.0
9362	4681000.0	0.0
9363	4681500.0	1.0
9364	4682000.0	3.0
9365	4682500.0	3.0
9366	4683000.0	1.0
9367	4683500.0	3.0
9368	4684000.0	1.0
9369	4684500.0	3.0
9370	4685000.0	3.0
9371	4685500.0	1.0
9372	4686000.0	3.0
9373	4686500.0	1.0
9374	4687000.0	3.0
9375	4687500.0	4.0
9376	4688000.0	0.0
9377	4688500.0	3.0
9378	4689000.0	1.0
9379	4689500.0	1.0
9380	4690000.0	2.0
9381	4690500.0	2.0
9382	4691000.0	0.0
9383	4691500.0	2.0
9384	4692000.0	2.0
9385	4692500.0	0.0
9386	4693000.0	2.0
9387	4693500.0	3.0
9388	4694000.0	1.0
9389	4694500.0	2.0
9390	4695000.0	1.0
9391	4695500.0	3.0
9392	4696000.0	4.0
9393	4696500.0	2.0
9394	4697000.0	2.0
9395	4697500.0	1.0
9396	4698000.0	1.0
9397	4698500.0	2.0
9398	4699000.0	0.0
9399	4699500.0	0.0
9400	4700000.0	2.0
9401	4700500.0	2.0
9402	4701000.0	1.0
9403	4701500.0	3.0
9404	4702000.0	2.0
9405	4702500.0	3.0
9406	4703000.0	4.0
9407	4703500.0	1.0
9408	4704000.0	0.0
9409	4704500.0	1.0
9410	4705000.0	2.0
9411	4705500.0	3.0
9412	4706000.0	2.0
9413	4706500.0	0.0
9414	4707000.0	1.0
9415	4707500.0	2.0
9416	4708000.0	1.0
9417	4708500.0	2.0
9418	4709000.0	0.0
9419	4709500.0	0.0
9420	4710000.0	1.0
9421	4710500.0	2.0
9422	4711000.0	3.0
9423	4711500.0	0.0
9424	4712000.0	2.0
9425	4712500.0	1.0
9426	4713000.0	1.0
9427	4713500.0	2.0
9428	4714000.0	3.0
9429	4714500.0	1.0
9430	4715000.0	2.0
9431	4715500.0	1.0
9432	4716000.0	4.0
9433	4716500.0	1.0
9434	4717000.0	1.0
9435	4717500.0	2.0
9436	4718000.0	1.0
9437	4718500.0	3.0
9438	4719000.0	1.0
9439	4719500.0	2.0
9440	4720000.0	5.0
9441	4720500.0	2.0
9442	4721000.0	1.0
9443	4721500.0	1.0
9444	4722000.0	2.0
9445	4722500.0	2.0
9446	4723000.0	2.0
9447	4723500.0	1.0
9448	4724000.0	0.0
9449	4724500.0	2.0
9450	4725000.0	2.0
9451	4725500.0	0.0
9452	4726000.0	0.0
9453	4726500.0	0.0
9454	4727000.0	1.0
9455	4727500.0	1.0
9456	4728000.0	3.0
9457	4728500.0	5.0
9458	4729000.0	2.0
9459	4729500.0	5.0
9460	4730000.0	1.0
9461	4730500.0	2.0
9462	4731000.0	3.0
9463	4731500.0	3.0
9464	4732000.0	1.0
9465	4732500.0	4.0
9466	4733000.0	2.0
9467	4733500.0	0.0
9468	4734000.0	1.0
9469	4734500.0	2.0
9470	4735000.0	1.0
9471	4735500.0	1.0
9472	4736000.0	2.0
9473	4736500.0	3.0
9474	4737000.0	2.0
9475	4737500.0	6.0
9476	4738000.0	2.0
9477	4738500.0	2.0
9478	4739000.0	2.0
9479	4739500.0	1.0
9480	4740000.0	5.0
9481	4740500.0	5.0
9482	4741000.0	1.0
9483	4741500.0	0.0
9484	4742000.0	0.0
9485	4742500.0	3.0
9486	4743000.0	1.0
9487	4743500.0	2.0
9488	4744000.0	3.0
9489	4744500.0	3.0
9490	4745000.0	2.0
9491	4745500.0	2.0
9492	4746000.0	2.0
9493	4746500.0	1.0
9494	4747000.0	0.0
9495	4747500.0	1.0
9496	4748000.0	2.0
9497	4748500.0	2.0
9498	4749000.0	3.0
9499	4749500.0	2.0
9500	4750000.0	4.0
9501	4750500.0	2.0
9502	4751000.0	1.0
9503	4751500.0	1.0
9504	4752000.0	1.0
9505	4752500.0	0.0
9506	4753000.0	1.0
9507	4753500.0	2.0
9508	4754000.0	0.0
9509	4754500.0	2.0
9510	4755000.0	0.0
9511	4755500.0	0.0
9512	4756000.0	1.0
9513	4756500.0	0.0
9514	4757000.0	2.0
9515	4757500.0	2.0
9516	4758000.0	2.0
9517	4758500.0	1.0
9518	4759000.0	0.0
9519	4759500.0	2.0
9520	4760000.0	2.0
9521	4760500.0	1.0
9522	4761000.0	2.0
9523	4761500.0	0.0
9524	4762000.0	0.0
9525	4762500.0	3.0
9526	4763000.0	1.0
9527	4763500.0	1.0
9528	4764000.0	3.0
9529	4764500.0	3.0
9530	4765000.0	0.0
9531	4765500.0	2.0
9532	4766000.0	2.0
9533	4766500.0	1.0
9534	4767000.0	3.0
9535	4767500.0	3.0
9536	4768000.0	2.0
9537	4768500.0	1.0
9538	4769000.0	3.0
9539	4769500.0	2.0
9540	4770000.0	2.0
9541	4770500.0	1.0
9542	4771000.0	5.0
9543	4771500.0	3.0
9544	4772000.0	2.0
9545	4772500.0	1.0
9546	4773000.0	1.0
9547	4773500.0	1.0
9548	4774000.0	3.0
9549	4774500.0	1.0
9550	4775000.0	2.0
9551	4775500.0	3.0
9552	4776000.0	2.0
9553	4776500.0	1.0
9554	4777000.0	2.0
9555	4777500.0	2.0
9556	4778000.0	4.0
9557	4778500.0	2.0
9558	4779000.0	2.0
9559	4779500.0	1.0
9560	4780000.0	1.0
9561	4780500.0	1.0
9562	4781000.0	4.0
9563	4781500.0	3.0
9564	4782000.0	6.0
9565	4782500.0	2.0
9566	4783000.0	2.0
9567	4783500.0	0.0
9568	4784000.0	2.0
9569	4784500.0	3.0
9570	4785000.0	0.0
9571	4785500.0	0.0
9572	4786000.0	4.0
9573	4786500.0	4.0
9574	4787000.0	0.0
9575	4787500.0	1.0
9576	4788000.0	5.0
9577	4788500.0	4.0
9578	4789000.0	1.0
9579	4789500.0	1.0
9580	4790000.0	0.0
9581	4790500.0	4.0
9582	4791000.0	1.0
9583	4791500.0	1.0
9584	4792000.0	3.0
9585	4792500.0	3.0
9586	4793000.0	0.0
9587	4793500.0	0.0
9588	4794000.0	4.0
9589	4794500.0	3.0
9590	4795000.0	1.0
9591	4795500.0	4.0
9592	4796000.0	2.0
9593	4796500.0	2.0
9594	4797000.0	1.0
9595	4797500.0	3.0
9596	4798000.0	5.0
9597	4798500.0	5.0
9598	4799000.0	2.0
9599	4799500.0	1.0
9600	4800000.0	2.0
9601	4800500.0	3.0
9602	4801000.0	2.0
9603	4801500.0	2.0
9604	4802000.0	1.0
9605	4802500.0	3.0
9606	4803000.0	3.0
9607	4803500.0	2.0
9608	4804000.0	1.0
9609	4804500.0	2.0
9610	4805000.0	3.0
9611	4805500.0	3.0
9612	4806000.0	2.0
9613	4806500.0	3.0
9614	4807000.0	3.0
9615	4807500.0	3.0
9616	4808000.0	3.0
9617	4808500.0	2.0
9618	4809000.0	2.0
9619	4809500.0	2.0
9620	4810000.0	3.0
9621	4810500.0	0.0
9622	4811000.0	1.0
9623	4811500.0	0.0
9624	4812000.0	3.0
9625	4812500.0	0.0
9626	4813000.0	1.0
9627	4813500.0	1.0
9628	4814000.0	5.0
9629	4814500.0	2.0
9630	4815000.0	2.0
9631	4815500.0	1.0
9632	4816000.0	1.0
9633	4816500.0	4.0
9634	4817000.0	2.0
9635	4817500.0	2.0
9636	4818000.0	1.0
9637	4818500.0	1.0
9638	4819000.0	2.0
9639	4819500.0	2.0
9640	4820000.0	3.0
9641	4820500.0	2.0
9642	4821000.0	4.0
9643	4821500.0	3.0
9644	4822000.0	0.0
9645	4822500.0	4.0
9646	4823000.0	0.0
9647	4823500.0	1.0
9648	4824000.0	2.0
9649	4824500.0	5.0
9650	4825000.0	1.0
9651	4825500.0	0.0
9652	4826000.0	4.0
9653	4826500.0	0.0
9654	4827000.0	3.0
9655	4827500.0	4.0
9656	4828000.0	1.0
9657	4828500.0	3.0
9658	4829000.0	2.0
9659	4829500.0	2.0
9660	4830000.0	2.0
9661	4830500.0	0.0
9662	4831000.0	1.0
9663	4831500.0	3.0
9664	4832000.0	1.0
9665	4832500.0	0.0
9666	4833000.0	3.0
9667	4833500.0	3.0
9668	4834000.0	1.0
9669	4834500.0	3.0
9670	4835000.0	2.0
9671	4835500.0	0.0
9672	4836000.0	3.0
9673	4836500.0	2.0
9674	4837000.0	2.0
9675	4837500.0	1.0
9676	4838000.0	3.0
9677	4838500.0	0.0
9678	4839000.0	0.0
9679	4839500.0	6.0
9680	4840000.0	2.0
9681	4840500.0	5.0
9682	4841000.0	2.0
9683	4841500.0	5.0
9684	4842000.0	1.0
9685	4842500.0	3.0
9686	4843000.0	0.0
9687	4843500.0	0.0
9688	4844000.0	3.0
9689	4844500.0	2.0
9690	4845000.0	2.0
9691	4845500.0	1.0
9692	4846000.0	4.0
9693	4846500.0	2.0
9694	4847000.0	0.0
9695	4847500.0	1.0
9696	4848000.0	1.0
9697	4848500.0	0.0
9698	4849000.0	1.0
9699	4849500.0	2.0
9700	4850000.0	4.0
9701	4850500.0	4.0
9702	4851000.0	1.0
9703	4851500.0	1.0
9704	4852000.0	2.0
9705	4852500.0	0.0
9706	4853000.0	2.0
9707	4853500.0	2.0
9708	4854000.0	1.0
9709	4854500.0	2.0
9710	4855000.0	0.0
9711	4855500.0	3.0
9712	4856000.0	1.0
9713	4856500.0	2.0
9714	4857000.0	1.0
9715	4857500.0	3.0
9716	4858000.0	2.0
9717	4858500.0	1.0
9718	4859000.0	1.0
9719	4859500.0	1.0
9720	4860000.0	6.0
9721	4860500.0	1.0
9722	4861000.0	3.0
9723	4861500.0	1.0
9724	4862000.0	2.0
9725	4862500.0	1.0
9726	4863000.0	3.0
9727	4863500.0	1.0
9728	4864000.0	2.0
9729	4864500.0	1.0
9730	4865000.0	1.0
9731	4865500.0	1.0
9732	4866000.0	0.0
9733	4866500.0	3.0
9734	4867000.0	2.0
9735	4867500.0	3.0
9736	4868000.0	3.0
9737	4868500.0	2.0
9738	4869000.0	0.0
9739	4869500.0	2.0
9740	4870000.0	1.0
9741	4870500.0	1.0
9742	4871000.0	1.0
9743	4871500.0	3.0
9744	4872000.0	1.0
9745	4872500.0	0.0
9746	4873000.0	3.0
9747	4873500.0	2.0
9748	4874000.0	3.0
9749	4874500.0	0.0
9750	4875000.0	0.0
9751	4875500.0	1.0
9752	4876000.0	1.0
9753	4876500.0	1.0
9754	4877000.0	2.0
9755	4877500.0	0.0
9756	4878000.0	8.0
9757	4878500.0	3.0
9758	4879000.0	2.0
9759	4879500.0	2.0
9760	4880000.0	2.0
9761	4880500.0	3.0
9762	4881000.0	3.0
9763	4881500.0	3.0
9764	4882000.0	0.0
9765	4882500.0	2.0
9766	4883000.0	3.0
9767	4883500.0	4.0
9768	4884000.0	2.0
9769	4884500.0	0.0
9770	4885000.0	1.0
9771	4885500.0	5.0
9772	4886000.0	2.0
9773	4886500.0	1.0
9774	4887000.0	1.0
9775	4887500.0	6.0
9776	4888000.0	2.0
9777	4888500.0	0.0
9778	4889000.0	4.0
9779	4889500.0	2.0
9780	4890000.0	1.0
9781	4890500.0	1.0
9782	4891000.0	2.0
9783	4891500.0	3.0
9784	4892000.0	1.0
9785	4892500.0	2.0
9786	4893000.0	1.0
9787	4893500.0	0.0
9788	4894000.0	0.0
9789	4894500.0	3.0
9790	4895000.0	0.0
9791	4895500.0	0.0
9792	4896000.0	2.0
9793	4896500.0	4.0
9794	4897000.0	3.0
9795	4897500.0	1.0
9796	4898000.0	1.0
9797	4898500.0	1.0
9798	4899000.0	1.0
9799	4899500.0	2.0
9800	4900000.0	3.0
9801	4900500.0	0.0
9802	4901000.0	4.0
9803	4901500.0	0.0
9804	4902000.0	0.0
9805	4902500.0	1.0
9806	4903000.0	0.0
9807	4903500.0	1.0
9808	4904000.0	1.0
9809	4904500.0	1.0
9810	4905000.0	2.0
9811	4905500.0	1.0
9812	4906000.0	1.0
9813	4906500.0	1.0
9814	4907000.0	7.0
9815	4907500.0	4.0
9816	4908000.0	0.0
9817	4908500.0	3.0
9818	4909000.0	2.0
9819	4909500.0	0.0
9820	4910000.0	0.0
9821	4910500.0	0.0
9822	4911000.0	1.0
9823	4911500.0	3.0
9824	4912000.0	3.0
9825	4912500.0	1.0
9826	4913000.0	4.0
9827	4913500.0	0.0
9828	4914000.0	2.0
9829	4914500.0	1.0
9830	4915000.0	1.0
9831	4915500.0	2.0
9832	4916000.0	4.0
9833	4916500.0	4.0
9834	4917000.0	1.0
9835	4917500.0	1.0
9836	4918000.0	1.0
9837	4918500.0	3.0
9838	4919000.0	2.0
9839	4919500.0	2.0
9840	4920000.0	1.0
9841	4920500.0	2.0
9842	4921000.0	2.0
9843	4921500.0	1.0
9844	4922000.0	1.0
9845	4922500.0	2.0
9846	4923000.0	3.0
9847	4923500.0	0.0
9848	4924000.0	3.0
9849	4924500.0	4.0
9850	4925000.0	0.0
9851	4925500.0	3.0
9852	4926000.0	4.0
9853	4926500.0	2.0
9854	4927000.0	1.0
9855	4927500.0	4.0
9856	4928000.0	1.0
9857	4928500.0	1.0
9858	4929000.0	0.0
9859	4929500.0	2.0
9860	4930000.0	0.0
9861	4930500.0	0.0
9862	4931000.0	1.0
9863	4931500.0	3.0
9864	4932000.0	2.0
9865	4932500.0	2.0
9866	4933000.0	2.0
9867	4933500.0	0.0
9868	4934000.0	1.0
9869	4934500.0	4.0
9870	4935000.0	3.0
9871	4935500.0	1.0
9872	4936000.0	0.0
9873	4936500.0	4.0
9874	4937000.0	1.0
9875	4937500.0	1.0
9876	4938000.0	2.0
9877	4938500.0	2.0
9878	4939000.0	4.0
9879	4939500.0	2.0
9880	4940000.0	3.0
9881	4940500.0	2.0
9882	4941000.0	2.0
9883	4941500.0	1.0
9884	4942000.0	1.0
9885	4942500.0	5.0
9886	4943000.0	2.0
9887	4943500.0	1.0
9888	4944000.0	0.0
9889	4944500.0	2.0
9890	4945000.0	5.0
9891	4945500.0	2.0
9892	4946000.0	0.0
9893	4946500.0	3.0
9894	4947000.0	0.0
9895	4947500.0	2.0
9896	4948000.0	2.0
9897	4948500.0	1.0
9898	4949000.0	3.0
9899	4949500.0	1.0
9900	4950000.0	0.0
9901	4950500.0	1.0
9902	4951000.0	2.0
9903	4951500.0	1.0
9904	4952000.0	1.0
9905	4952500.0	1.0
9906	4953000.0	3.0
9907	4953500.0	3.0
9908	4954000.0	1.0
9909	4954500.0	2.0
9910	4955000.0	3.0
9911	4955500.0	3.0
9912	4956000.0	0.0
9913	4956500.0	1.0
9914	4957000.0	3.0
9915	4957500.0	3.0
9916	4958000.0	1.0
9917	4958500.0	1.0
9918	4959000.0	0.0
9919	4959500.0	0.0
9920	4960000.0	1.0
9921	4960500.0	6.0
9922	4961000.0	0.0
9923	4961500.0	2.0
9924	4962000.0	1.0
9925	4962500.0	2.0
9926	4963000.0	4.0
9927	4963500.0	2.0
9928	4964000.0	1.0
9929	4964500.0	1.0
9930	4965000.0	1.0
9931	4965500.0	2.0
9932	4966000.0	5.0
9933	4966500.0	2.0
9934	4967000.0	0.0
9935	4967500.0	3.0
9936	4968000.0	1.0
9937	4968500.0	1.0
9938	4969000.0	1.0
9939	4969500.0	2.0
9940	4970000.0	1.0
9941	4970500.0	3.0
9942	4971000.0	2.0
9943	4971500.0	1.0
9944	4972000.0	5.0
9945	4972500.0	1.0
9946	4973000.0	2.0
9947	4973500.0	1.0
9948	4974000.0	2.0
9949	4974500.0	1.0
9950	4975000.0	3.0
9951	4975500.0	0.0
9952	4976000.0	2.0
9953	4976500.0	2.0
9954	4977000.0	3.0
9955	4977500.0	2.0
9956	4978000.0	0.0
9957	4978500.0	2.0
9958	4979000.0	1.0
9959	4979500.0	2.0
9960	4980000.0	2.0
9961	4980500.0	1.0
9962	4981000.0	4.0
9963	4981500.0	2.0
9964	4982000.0	0.0
9965	4982500.0	2.0
9966	4983000.0	0.0
9967	4983500.0	2.0
9968	4984000.0	2.0
9969	4984500.0	0.0
9970	4985000.0	2.0
9971	4985500.0	1.0
9972	4986000.0	1.0
9973	4986500.0	1.0
9974	4987000.0	5.0
9975	4987500.0	1.0
9976	4988000.0	2.0
9977	4988500.0	4.0
9978	4989000.0	1.0
9979	4989500.0	1.0
9980	4990000.0	3.0
9981	4990500.0	0.0
9982	4991000.0	1.0
9983	4991500.0	0.0
9984	4992000.0	2.0
9985	4992500.0	2.0
9986	4993000.0	1.0
9987	4993500.0	3.0
9988	4994000.0	1.0
9989	4994500.0	4.0
9990	4995000.0	2.0
9991	4995500.0	2.0
9992	4996000.0	3.0
9993	4996500.0	3.0
9994	4997000.0	0.0
9995	4997500.0	4.0
9996	4998000.0	0.0
9997	4998500.0	2.0
9998	4999000.0	0.0
9999	4999500.0	1.0
10000	5000000.0	5.0
10001	5000500.0	3.0
10002	5001000.0	2.0
10003	5001500.0	1.0
10004	5002000.0	4.0
10005	5002500.0	1.0
10006	5003000.0	2.0
10007	5003500.0	1.0
10008	5004000.0	0.0
10009	5004500.0	0.0
10010	5005000.0	2.0
10011	5005500.0	2.0
10012	5006000.0	0.0
10013	5006500.0	1.0
10014	5007000.0	2.0
10015	5007500.0	2.0
10016	5008000.0	2.0
10017	5008500.0	2.0
10018	5009000.0	2.0
10019	5009500.0	1.0
10020	5010000.0	0.0
10021	5010500.0	1.0
10022	5011000.0	1.0
10023	5011500.0	4.0
10024	5012000.0	4.0
10025	5012500.0	0.0
10026	5013000.0	1.0
10027	5013500.0	1.0
10028	5014000.0	1.0
10029	5014500.0	3.0
10030	5015000.0	2.0
10031	5015500.0	4.0
10032	5016000.0	1.0
10033	5016500.0	1.0
10034	5017000.0	3.0
10035	5017500.0	1.0
10036	5018000.0	2.0
10037	5018500.0	2.0
10038	5019000.0	1.0
10039	5019500.0	2.0
10040	5020000.0	1.0
10041	5020500.0	1.0
10042	5021000.0	1.0
10043	5021500.0	3.0
10044	5022000.0	2.0
10045	5022500.0	2.0
10046	5023000.0	3.0
10047	5023500.0	3.0
10048	5024000.0	0.0
10049	5024500.0	1.0
10050	5025000.0	3.0
10051	5025500.0	1.0
10052	5026000.0	0.0
10053	5026500.0	0.0
10054	5027000.0	2.0
10055	5027500.0	2.0
10056	5028000.0	1.0
10057	5028500.0	2.0
10058	5029000.0	0.0
10059	5029500.0	3.0
10060	5030000.0	1.0
10061	5030500.0	1.0
10062	5031000.0	3.0
10063	5031500.0	1.0
10064	5032000.0	1.0
10065	5032500.0	0.0
10066	5033000.0	6.0
10067	5033500.0	1.0
10068	5034000.0	3.0
10069	5034500.0	2.0
10070	5035000.0	2.0
10071	5035500.0	4.0
10072	5036000.0	1.0
10073	5036500.0	2.0
10074	5037000.0	1.0
10075	5037500.0	4.0
10076	5038000.0	2.0
10077	5038500.0	1.0
10078	5039000.0	2.0
10079	5039500.0	2.0
10080	5040000.0	1.0
10081	5040500.0	2.0
10082	5041000.0	3.0
10083	5041500.0	0.0
10084	5042000.0	5.0
10085	5042500.0	0.0
10086	5043000.0	2.0
10087	5043500.0	0.0
10088	5044000.0	0.0
10089	5044500.0	3.0
10090	5045000.0	4.0
10091	5045500.0	3.0
10092	5046000.0	3.0
10093	5046500.0	1.0
10094	5047000.0	2.0
10095	5047500.0	1.0
10096	5048000.0	2.0
10097	5048500.0	1.0
10098	5049000.0	3.0
10099	5049500.0	0.0
10100	5050000.0	4.0
10101	5050500.0	3.0
10102	5051000.0	0.0
10103	5051500.0	2.0
10104	5052000.0	1.0
10105	5052500.0	2.0
10106	5053000.0	0.0
10107	5053500.0	3.0
10108	5054000.0	5.0
10109	5054500.0	1.0
10110	5055000.0	5.0
10111	5055500.0	3.0
10112	5056000.0	3.0
10113	5056500.0	1.0
10114	5057000.0	1.0
10115	5057500.0	2.0
10116	5058000.0	3.0
10117	5058500.0	2.0
10118	5059000.0	3.0
10119	5059500.0	2.0
10120	5060000.0	3.0
10121	5060500.0	3.0
10122	5061000.0	1.0
10123	5061500.0	2.0
10124	5062000.0	2.0
10125	5062500.0	2.0
10126	5063000.0	1.0
10127	5063500.0	1.0
10128	5064000.0	1.0
10129	5064500.0	1.0
10130	5065000.0	4.0
10131	5065500.0	1.0
10132	5066000.0	0.0
10133	5066500.0	0.0
10134	5067000.0	1.0
10135	5067500.0	2.0
10136	5068000.0	2.0
10137	5068500.0	0.0
10138	5069000.0	2.0
10139	5069500.0	4.0
10140	5070000.0	2.0
10141	5070500.0	0.0
10142	5071000.0	2.0
10143	5071500.0	0.0
10144	5072000.0	1.0
10145	5072500.0	2.0
10146	5073000.0	1.0
10147	5073500.0	4.0
10148	5074000.0	2.0
10149	5074500.0	1.0
10150	5075000.0	0.0
10151	5075500.0	1.0
10152	5076000.0	1.0
10153	5076500.0	1.0
10154	5077000.0	2.0
10155	5077500.0	1.0
10156	5078000.0	1.0
10157	5078500.0	1.0
10158	5079000.0	1.0
10159	5079500.0	3.0
10160	5080000.0	2.0
10161	5080500.0	1.0
10162	5081000.0	3.0
10163	5081500.0	2.0
10164	5082000.0	2.0
10165	5082500.0	2.0
10166	5083000.0	5.0
10167	5083500.0	2.0
10168	5084000.0	1.0
10169	5084500.0	1.0
10170	5085000.0	1.0
10171	5085500.0	2.0
10172	5086000.0	5.0
10173	5086500.0	5.0
10174	5087000.0	2.0
10175	5087500.0	2.0
10176	5088000.0	1.0
10177	5088500.0	4.0
10178	5089000.0	1.0
10179	5089500.0	1.0
10180	5090000.0	3.0
10181	5090500.0	0.0
10182	5091000.0	1.0
10183	5091500.0	3.0
10184	5092000.0	0.0
10185	5092500.0	3.0
10186	5093000.0	1.0
10187	5093500.0	4.0
10188	5094000.0	2.0
10189	5094500.0	1.0
10190	5095000.0	3.0
10191	5095500.0	2.0
10192	5096000.0	1.0
10193	5096500.0	2.0
10194	5097000.0	4.0
10195	5097500.0	2.0
10196	5098000.0	2.0
10197	5098500.0	1.0
10198	5099000.0	1.0
10199	5099500.0	1.0
10200	5100000.0	1.0
10201	5100500.0	4.0
10202	5101000.0	2.0
10203	5101500.0	2.0
10204	5102000.0	1.0
10205	5102500.0	4.0
10206	5103000.0	2.0
10207	5103500.0	1.0
10208	5104000.0	0.0
10209	5104500.0	1.0
10210	5105000.0	2.0
10211	5105500.0	3.0
10212	5106000.0	1.0
10213	5106500.0	1.0
10214	5107000.0	1.0
10215	5107500.0	4.0
10216	5108000.0	1.0
10217	5108500.0	2.0
10218	5109000.0	1.0
10219	5109500.0	1.0
10220	5110000.0	1.0
10221	5110500.0	2.0
10222	5111000.0	3.0
10223	5111500.0	3.0
10224	5112000.0	7.0
10225	5112500.0	0.0
10226	5113000.0	2.0
10227	5113500.0	2.0
10228	5114000.0	0.0
10229	5114500.0	2.0
10230	5115000.0	3.0
10231	5115500.0	1.0
10232	5116000.0	0.0
10233	5116500.0	3.0
10234	5117000.0	3.0
10235	5117500.0	3.0
10236	5118000.0	0.0
10237	5118500.0	2.0
10238	5119000.0	1.0
10239	5119500.0	1.0
10240	5120000.0	1.0
10241	5120500.0	3.0
10242	5121000.0	2.0
10243	5121500.0	2.0
10244	5122000.0	0.0
10245	5122500.0	1.0
10246	5123000.0	1.0
10247	5123500.0	1.0
10248	5124000.0	2.0
10249	5124500.0	2.0
10250	5125000.0	1.0
10251	5125500.0	1.0
10252	5126000.0	0.0
10253	5126500.0	0.0
10254	5127000.0	1.0
10255	5127500.0	2.0
10256	5128000.0	4.0
10257	5128500.0	2.0
10258	5129000.0	1.0
10259	5129500.0	0.0
10260	5130000.0	1.0
10261	5130500.0	3.0
10262	5131000.0	1.0
10263	5131500.0	1.0
10264	5132000.0	0.0
10265	5132500.0	0.0
10266	5133000.0	1.0
10267	5133500.0	4.0
10268	5134000.0	2.0
10269	5134500.0	0.0
10270	5135000.0	4.0
10271	5135500.0	0.0
10272	5136000.0	3.0
10273	5136500.0	0.0
10274	5137000.0	3.0
10275	5137500.0	1.0
10276	5138000.0	0.0
10277	5138500.0	2.0
10278	5139000.0	2.0
10279	5139500.0	3.0
10280	5140000.0	2.0
10281	5140500.0	2.0
10282	5141000.0	0.0
10283	5141500.0	3.0
10284	5142000.0	2.0
10285	5142500.0	2.0
10286	5143000.0	3.0
10287	5143500.0	1.0
10288	5144000.0	2.0
10289	5144500.0	1.0
10290	5145000.0	3.0
10291	5145500.0	3.0
10292	5146000.0	2.0
10293	5146500.0	2.0
10294	5147000.0	1.0
10295	5147500.0	1.0
10296	5148000.0	3.0
10297	5148500.0	2.0
10298	5149000.0	1.0
10299	5149500.0	0.0
10300	5150000.0	0.0
10301	5150500.0	1.0
10302	5151000.0	4.0
10303	5151500.0	1.0
10304	5152000.0	1.0
10305	5152500.0	1.0
10306	5153000.0	1.0
10307	5153500.0	1.0
10308	5154000.0	1.0
10309	5154500.0	1.0
10310	5155000.0	1.0
10311	5155500.0	1.0
10312	5156000.0	1.0
10313	5156500.0	5.0
10314	5157000.0	1.0
10315	5157500.0	1.0
10316	5158000.0	2.0
10317	5158500.0	2.0
10318	5159000.0	1.0
10319	5159500.0	2.0
10320	5160000.0	0.0
10321	5160500.0	2.0
10322	5161000.0	0.0
10323	5161500.0	2.0
10324	5162000.0	0.0
10325	5162500.0	2.0
10326	5163000.0	3.0
10327	5163500.0	1.0
10328	5164000.0	1.0
10329	5164500.0	1.0
10330	5165000.0	2.0
10331	5165500.0	2.0
10332	5166000.0	4.0
10333	5166500.0	2.0
10334	5167000.0	1.0
10335	5167500.0	2.0
10336	5168000.0	1.0
10337	5168500.0	1.0
10338	5169000.0	1.0
10339	5169500.0	1.0
10340	5170000.0	2.0
10341	5170500.0	1.0
10342	5171000.0	2.0
10343	5171500.0	2.0
10344	5172000.0	1.0
10345	5172500.0	1.0
10346	5173000.0	2.0
10347	5173500.0	4.0
10348	5174000.0	1.0
10349	5174500.0	4.0
10350	5175000.0	0.0
10351	5175500.0	0.0
10352	5176000.0	1.0
10353	5176500.0	3.0
10354	5177000.0	2.0
10355	5177500.0	2.0
10356	5178000.0	1.0
10357	5178500.0	1.0
10358	5179000.0	1.0
10359	5179500.0	2.0
10360	5180000.0	2.0
10361	5180500.0	2.0
10362	5181000.0	2.0
10363	5181500.0	1.0
10364	5182000.0	1.0
10365	5182500.0	1.0
10366	5183000.0	1.0
10367	5183500.0	2.0
10368	5184000.0	2.0
10369	5184500.0	3.0
10370	5185000.0	1.0
10371	5185500.0	4.0
10372	5186000.0	1.0
10373	5186500.0	1.0
10374	5187000.0	1.0
10375	5187500.0	1.0
10376	5188000.0	4.0
10377	5188500.0	1.0
10378	5189000.0	5.0
10379	5189500.0	0.0
10380	5190000.0	1.0
10381	5190500.0	1.0
10382	5191000.0	1.0
10383	5191500.0	0.0
10384	5192000.0	1.0
10385	5192500.0	2.0
10386	5193000.0	2.0
10387	5193500.0	3.0
10388	5194000.0	3.0
10389	5194500.0	2.0
10390	5195000.0	2.0
10391	5195500.0	4.0
10392	5196000.0	1.0
10393	5196500.0	0.0
10394	5197000.0	0.0
10395	5197500.0	1.0
10396	5198000.0	3.0
10397	5198500.0	2.0
10398	5199000.0	3.0
10399	5199500.0	1.0
10400	5200000.0	1.0
10401	5200500.0	3.0
10402	5201000.0	1.0
10403	5201500.0	3.0
10404	5202000.0	3.0
10405	5202500.0	2.0
10406	5203000.0	0.0
10407	5203500.0	2.0
10408	5204000.0	1.0
10409	5204500.0	1.0
10410	5205000.0	2.0
10411	5205500.0	1.0
10412	5206000.0	4.0
10413	5206500.0	0.0
10414	5207000.0	2.0
10415	5207500.0	3.0
10416	5208000.0	1.0
10417	5208500.0	1.0
10418	5209000.0	3.0
10419	5209500.0	5.0
10420	5210000.0	2.0
10421	5210500.0	3.0
10422	5211000.0	1.0
10423	5211500.0	0.0
10424	5212000.0	4.0
10425	5212500.0	4.0
10426	5213000.0	1.0
10427	5213500.0	6.0
10428	5214000.0	2.0
10429	5214500.0	2.0
10430	5215000.0	0.0
10431	5215500.0	2.0
10432	5216000.0	0.0
10433	5216500.0	0.0
10434	5217000.0	1.0
10435	5217500.0	1.0
10436	5218000.0	6.0
10437	5218500.0	2.0
10438	5219000.0	3.0
10439	5219500.0	2.0
10440	5220000.0	2.0
10441	5220500.0	2.0
10442	5221000.0	2.0
10443	5221500.0	1.0
10444	5222000.0	1.0
10445	5222500.0	1.0
10446	5223000.0	0.0
10447	5223500.0	2.0
10448	5224000.0	3.0
10449	5224500.0	0.0
10450	5225000.0	1.0
10451	5225500.0	2.0
10452	5226000.0	1.0
10453	5226500.0	2.0
10454	5227000.0	1.0
10455	5227500.0	1.0
10456	5228000.0	3.0
10457	5228500.0	3.0
10458	5229000.0	0.0
10459	5229500.0	1.0
10460	5230000.0	1.0
10461	5230500.0	3.0
10462	5231000.0	5.0
10463	5231500.0	2.0
10464	5232000.0	4.0
10465	5232500.0	1.0
10466	5233000.0	0.0
10467	5233500.0	2.0
10468	5234000.0	5.0
10469	5234500.0	1.0
10470	5235000.0	1.0
10471	5235500.0	1.0
10472	5236000.0	4.0
10473	5236500.0	1.0
10474	5237000.0	1.0
10475	5237500.0	2.0
10476	5238000.0	3.0
10477	5238500.0	2.0
10478	5239000.0	1.0
10479	5239500.0	3.0
10480	5240000.0	2.0
10481	5240500.0	1.0
10482	5241000.0	3.0
10483	5241500.0	2.0
10484	5242000.0	2.0
10485	5242500.0	2.0
10486	5243000.0	3.0
10487	5243500.0	2.0
10488	5244000.0	1.0
10489	5244500.0	2.0
10490	5245000.0	3.0
10491	5245500.0	2.0
10492	5246000.0	5.0
10493	5246500.0	1.0
10494	5247000.0	1.0
10495	5247500.0	1.0
10496	5248000.0	1.0
10497	5248500.0	3.0
10498	5249000.0	0.0
10499	5249500.0	3.0
10500	5250000.0	1.0
10501	5250500.0	0.0
10502	5251000.0	3.0
10503	5251500.0	1.0
10504	5252000.0	1.0
10505	5252500.0	2.0
10506	5253000.0	1.0
10507	5253500.0	3.0
10508	5254000.0	2.0
10509	5254500.0	0.0
10510	5255000.0	2.0
10511	5255500.0	3.0
10512	5256000.0	0.0
10513	5256500.0	0.0
10514	5257000.0	2.0
10515	5257500.0	1.0
10516	5258000.0	2.0
10517	5258500.0	2.0
10518	5259000.0	2.0
10519	5259500.0	2.0
10520	5260000.0	1.0
10521	5260500.0	1.0
10522	5261000.0	1.0
10523	5261500.0	0.0
10524	5262000.0	0.0
10525	5262500.0	3.0
10526	5263000.0	2.0
10527	5263500.0	2.0
10528	5264000.0	3.0
10529	5264500.0	2.0
10530	5265000.0	0.0
10531	5265500.0	0.0
10532	5266000.0	1.0
10533	5266500.0	1.0
10534	5267000.0	1.0
10535	5267500.0	4.0
10536	5268000.0	0.0
10537	5268500.0	1.0
10538	5269000.0	2.0
10539	5269500.0	1.0
10540	5270000.0	1.0
10541	5270500.0	2.0
10542	5271000.0	1.0
10543	5271500.0	1.0
10544	5272000.0	1.0
10545	5272500.0	0.0
10546	5273000.0	1.0
10547	5273500.0	4.0
10548	5274000.0	4.0
10549	5274500.0	1.0
10550	5275000.0	3.0
10551	5275500.0	3.0
10552	5276000.0	2.0
10553	5276500.0	1.0
10554	5277000.0	1.0
10555	5277500.0	1.0
10556	5278000.0	1.0
10557	5278500.0	0.0
10558	5279000.0	4.0
10559	5279500.0	1.0
10560	5280000.0	1.0
10561	5280500.0	2.0
10562	5281000.0	1.0
10563	5281500.0	2.0
10564	5282000.0	1.0
10565	5282500.0	4.0
10566	5283000.0	3.0
10567	5283500.0	2.0
10568	5284000.0	0.0
10569	5284500.0	1.0
10570	5285000.0	1.0
10571	5285500.0	1.0
10572	5286000.0	1.0
10573	5286500.0	1.0
10574	5287000.0	4.0
10575	5287500.0	3.0
10576	5288000.0	0.0
10577	5288500.0	2.0
10578	5289000.0	5.0
10579	5289500.0	3.0
10580	5290000.0	5.0
10581	5290500.0	1.0
10582	5291000.0	3.0
10583	5291500.0	2.0
10584	5292000.0	0.0
10585	5292500.0	2.0
10586	5293000.0	3.0
10587	5293500.0	4.0
10588	5294000.0	4.0
10589	5294500.0	4.0
10590	5295000.0	0.0
10591	5295500.0	2.0
10592	5296000.0	1.0
10593	5296500.0	0.0
10594	5297000.0	2.0
10595	5297500.0	3.0
10596	5298000.0	1.0
10597	5298500.0	1.0
10598	5299000.0	0.0
10599	5299500.0	0.0
10600	5300000.0	3.0
10601	5300500.0	3.0
10602	5301000.0	2.0
10603	5301500.0	0.0
10604	5302000.0	0.0
10605	5302500.0	5.0
10606	5303000.0	3.0
10607	5303500.0	3.0
10608	5304000.0	1.0
10609	5304500.0	4.0
10610	5305000.0	2.0
10611	5305500.0	1.0
10612	5306000.0	0.0
10613	5306500.0	3.0
10614	5307000.0	1.0
10615	5307500.0	2.0
10616	5308000.0	1.0
10617	5308500.0	2.0
10618	5309000.0	2.0
10619	5309500.0	2.0
10620	5310000.0	1.0
10621	5310500.0	2.0
10622	5311000.0	0.0
10623	5311500.0	2.0
10624	5312000.0	0.0
10625	5312500.0	0.0
10626	5313000.0	0.0
10627	5313500.0	1.0
10628	5314000.0	1.0
10629	5314500.0	1.0
10630	5315000.0	2.0
10631	5315500.0	1.0
10632	5316000.0	3.0
10633	5316500.0	0.0
10634	5317000.0	1.0
10635	5317500.0	2.0
10636	5318000.0	0.0
10637	5318500.0	3.0
10638	5319000.0	2.0
10639	5319500.0	1.0
10640	5320000.0	0.0
10641	5320500.0	6.0
10642	5321000.0	1.0
10643	5321500.0	4.0
10644	5322000.0	3.0
10645	5322500.0	3.0
10646	5323000.0	2.0
10647	5323500.0	1.0
10648	5324000.0	1.0
10649	5324500.0	2.0
10650	5325000.0	1.0
10651	5325500.0	1.0
10652	5326000.0	1.0
10653	5326500.0	1.0
10654	5327000.0	2.0
10655	5327500.0	0.0
10656	5328000.0	2.0
10657	5328500.0	1.0
10658	5329000.0	0.0
10659	5329500.0	5.0
10660	5330000.0	1.0
10661	5330500.0	2.0
10662	5331000.0	1.0
10663	5331500.0	2.0
10664	5332000.0	0.0
10665	5332500.0	2.0
10666	5333000.0	4.0
10667	5333500.0	2.0
10668	5334000.0	1.0
10669	5334500.0	2.0
10670	5335000.0	1.0
10671	5335500.0	1.0
10672	5336000.0	0.0
10673	5336500.0	1.0
10674	5337000.0	0.0
10675	5337500.0	1.0
10676	5338000.0	2.0
10677	5338500.0	1.0
10678	5339000.0	0.0
10679	5339500.0	3.0
10680	5340000.0	0.0
10681	5340500.0	2.0
10682	5341000.0	2.0
10683	5341500.0	0.0
10684	5342000.0	1.0
10685	5342500.0	0.0
10686	5343000.0	2.0
10687	5343500.0	0.0
10688	5344000.0	2.0
10689	5344500.0	5.0
10690	5345000.0	3.0
10691	5345500.0	3.0
10692	5346000.0	2.0
10693	5346500.0	0.0
10694	5347000.0	3.0
10695	5347500.0	2.0
10696	5348000.0	0.0
10697	5348500.0	1.0
10698	5349000.0	0.0
10699	5349500.0	4.0
10700	5350000.0	1.0
10701	5350500.0	0.0
10702	5351000.0	4.0
10703	5351500.0	3.0
10704	5352000.0	1.0
10705	5352500.0	0.0
10706	5353000.0	3.0
10707	5353500.0	1.0
10708	5354000.0	4.0
10709	5354500.0	1.0
10710	5355000.0	0.0
10711	5355500.0	2.0
10712	5356000.0	5.0
10713	5356500.0	4.0
10714	5357000.0	2.0
10715	5357500.0	6.0
10716	5358000.0	1.0
10717	5358500.0	1.0
10718	5359000.0	1.0
10719	5359500.0	2.0
10720	5360000.0	2.0
10721	5360500.0	2.0
10722	5361000.0	0.0
10723	5361500.0	0.0
10724	5362000.0	3.0
10725	5362500.0	0.0
10726	5363000.0	0.0
10727	5363500.0	0.0
10728	5364000.0	2.0
10729	5364500.0	3.0
10730	5365000.0	1.0
10731	5365500.0	1.0
10732	5366000.0	3.0
10733	5366500.0	2.0
10734	5367000.0	1.0
10735	5367500.0	3.0
10736	5368000.0	0.0
10737	5368500.0	3.0
10738	5369000.0	2.0
10739	5369500.0	0.0
10740	5370000.0	1.0
10741	5370500.0	3.0
10742	5371000.0	0.0
10743	5371500.0	2.0
10744	5372000.0	3.0
10745	5372500.0	3.0
10746	5373000.0	1.0
10747	5373500.0	3.0
10748	5374000.0	3.0
10749	5374500.0	1.0
10750	5375000.0	4.0
10751	5375500.0	4.0
10752	5376000.0	2.0
10753	5376500.0	3.0
10754	5377000.0	0.0
10755	5377500.0	6.0
10756	5378000.0	2.0
10757	5378500.0	4.0
10758	5379000.0	5.0
10759	5379500.0	3.0
10760	5380000.0	2.0
10761	5380500.0	4.0
10762	5381000.0	1.0
10763	5381500.0	1.0
10764	5382000.0	1.0
10765	5382500.0	3.0
10766	5383000.0	0.0
10767	5383500.0	1.0
10768	5384000.0	6.0
10769	5384500.0	1.0
10770	5385000.0	1.0
10771	5385500.0	4.0
10772	5386000.0	0.0
10773	5386500.0	1.0
10774	5387000.0	0.0
10775	5387500.0	0.0
10776	5388000.0	2.0
10777	5388500.0	0.0
10778	5389000.0	2.0
10779	5389500.0	0.0
10780	5390000.0	1.0
10781	5390500.0	5.0
10782	5391000.0	0.0
10783	5391500.0	3.0
10784	5392000.0	1.0
10785	5392500.0	3.0
10786	5393000.0	0.0
10787	5393500.0	2.0
10788	5394000.0	3.0
10789	5394500.0	0.0
10790	5395000.0	2.0
10791	5395500.0	2.0
10792	5396000.0	4.0
10793	5396500.0	3.0
10794	5397000.0	2.0
10795	5397500.0	2.0
10796	5398000.0	3.0
10797	5398500.0	1.0
10798	5399000.0	1.0
10799	5399500.0	1.0
10800	5400000.0	4.0
10801	5400500.0	0.0
10802	5401000.0	4.0
10803	5401500.0	1.0
10804	5402000.0	1.0
10805	5402500.0	1.0
10806	5403000.0	0.0
10807	5403500.0	3.0
10808	5404000.0	6.0
10809	5404500.0	0.0
10810	5405000.0	1.0
10811	5405500.0	2.0
10812	5406000.0	0.0
10813	5406500.0	1.0
10814	5407000.0	1.0
10815	5407500.0	0.0
10816	5408000.0	7.0
10817	5408500.0	1.0
10818	5409000.0	1.0
10819	5409500.0	3.0
10820	5410000.0	1.0
10821	5410500.0	1.0
10822	5411000.0	1.0
10823	5411500.0	2.0
10824	5412000.0	2.0
10825	5412500.0	1.0
10826	5413000.0	1.0
10827	5413500.0	2.0
10828	5414000.0	2.0
10829	5414500.0	2.0
10830	5415000.0	3.0
10831	5415500.0	4.0
10832	5416000.0	2.0
10833	5416500.0	0.0
10834	5417000.0	1.0
10835	5417500.0	4.0
10836	5418000.0	0.0
10837	5418500.0	3.0
10838	5419000.0	2.0
10839	5419500.0	3.0
10840	5420000.0	2.0
10841	5420500.0	3.0
10842	5421000.0	2.0
10843	5421500.0	5.0
10844	5422000.0	1.0
10845	5422500.0	1.0
10846	5423000.0	0.0
10847	5423500.0	2.0
10848	5424000.0	1.0
10849	5424500.0	0.0
10850	5425000.0	0.0
10851	5425500.0	1.0
10852	5426000.0	3.0
10853	5426500.0	3.0
10854	5427000.0	3.0
10855	5427500.0	4.0
10856	5428000.0	2.0
10857	5428500.0	1.0
10858	5429000.0	2.0
10859	5429500.0	2.0
10860	5430000.0	3.0
10861	5430500.0	2.0
10862	5431000.0	2.0
10863	5431500.0	3.0
10864	5432000.0	1.0
10865	5432500.0	4.0
10866	5433000.0	3.0
10867	5433500.0	3.0
10868	5434000.0	3.0
10869	5434500.0	2.0
10870	5435000.0	2.0
10871	5435500.0	2.0
10872	5436000.0	1.0
10873	5436500.0	2.0
10874	5437000.0	2.0
10875	5437500.0	3.0
10876	5438000.0	2.0
10877	5438500.0	2.0
10878	5439000.0	2.0
10879	5439500.0	3.0
10880	5440000.0	1.0
10881	5440500.0	4.0
10882	5441000.0	0.0
10883	5441500.0	2.0
10884	5442000.0	2.0
10885	5442500.0	0.0
10886	5443000.0	2.0
10887	5443500.0	3.0
10888	5444000.0	2.0
10889	5444500.0	1.0
10890	5445000.0	0.0
10891	5445500.0	1.0
10892	5446000.0	2.0
10893	5446500.0	0.0
10894	5447000.0	3.0
10895	5447500.0	0.0
10896	5448000.0	2.0
10897	5448500.0	1.0
10898	5449000.0	1.0
10899	5449500.0	2.0
10900	5450000.0	2.0
10901	5450500.0	3.0
10902	5451000.0	0.0
10903	5451500.0	1.0
10904	5452000.0	1.0
10905	5452500.0	1.0
10906	5453000.0	3.0
10907	5453500.0	1.0
10908	5454000.0	2.0
10909	5454500.0	2.0
10910	5455000.0	1.0
10911	5455500.0	0.0
10912	5456000.0	1.0
10913	5456500.0	1.0
10914	5457000.0	0.0
10915	5457500.0	3.0
10916	5458000.0	2.0
10917	5458500.0	3.0
10918	5459000.0	7.0
10919	5459500.0	1.0
10920	5460000.0	0.0
10921	5460500.0	5.0
10922	5461000.0	2.0
10923	5461500.0	1.0
10924	5462000.0	2.0
10925	5462500.0	1.0
10926	5463000.0	4.0
10927	5463500.0	4.0
10928	5464000.0	1.0
10929	5464500.0	1.0
10930	5465000.0	1.0
10931	5465500.0	1.0
10932	5466000.0	1.0
10933	5466500.0	0.0
10934	5467000.0	4.0
10935	5467500.0	5.0
10936	5468000.0	4.0
10937	5468500.0	1.0
10938	5469000.0	0.0
10939	5469500.0	1.0
10940	5470000.0	3.0
10941	5470500.0	1.0
10942	5471000.0	1.0
10943	5471500.0	0.0
10944	5472000.0	2.0
10945	5472500.0	3.0
10946	5473000.0	3.0
10947	5473500.0	3.0
10948	5474000.0	0.0
10949	5474500.0	2.0
10950	5475000.0	1.0
10951	5475500.0	2.0
10952	5476000.0	0.0
10953	5476500.0	1.0
10954	5477000.0	0.0
10955	5477500.0	0.0
10956	5478000.0	0.0
10957	5478500.0	2.0
10958	5479000.0	0.0
10959	5479500.0	0.0
10960	5480000.0	0.0
10961	5480500.0	4.0
10962	5481000.0	3.0
10963	5481500.0	0.0
10964	5482000.0	1.0
10965	5482500.0	1.0
10966	5483000.0	2.0
10967	5483500.0	2.0
10968	5484000.0	3.0
10969	5484500.0	2.0
10970	5485000.0	3.0
10971	5485500.0	2.0
10972	5486000.0	3.0
10973	5486500.0	1.0
10974	5487000.0	1.0
10975	5487500.0	2.0
10976	5488000.0	1.0
10977	5488500.0	2.0
10978	5489000.0	2.0
10979	5489500.0	1.0
10980	5490000.0	0.0
10981	5490500.0	0.0
10982	5491000.0	2.0
10983	5491500.0	2.0
10984	5492000.0	0.0
10985	5492500.0	2.0
10986	5493000.0	1.0
10987	5493500.0	2.0
10988	5494000.0	1.0
10989	5494500.0	3.0
10990	5495000.0	2.0
10991	5495500.0	2.0
10992	5496000.0	2.0
10993	5496500.0	1.0
10994	5497000.0	0.0
10995	5497500.0	2.0
10996	5498000.0	2.0
10997	5498500.0	0.0
10998	5499000.0	1.0
10999	5499500.0	2.0
11000	5500000.0	1.0
11001	5500500.0	2.0
11002	5501000.0	4.0
11003	5501500.0	1.0
11004	5502000.0	0.0
11005	5502500.0	2.0
11006	5503000.0	1.0
11007	5503500.0	3.0
11008	5504000.0	4.0
11009	5504500.0	4.0
11010	5505000.0	1.0
11011	5505500.0	1.0
11012	5506000.0	0.0
11013	5506500.0	0.0
11014	5507000.0	5.0
11015	5507500.0	3.0
11016	5508000.0	1.0
11017	5508500.0	0.0
11018	5509000.0	1.0
11019	5509500.0	1.0
11020	5510000.0	1.0
11021	5510500.0	3.0
11022	5511000.0	4.0
11023	5511500.0	0.0
11024	5512000.0	2.0
11025	5512500.0	3.0
11026	5513000.0	5.0
11027	5513500.0	3.0
11028	5514000.0	1.0
11029	5514500.0	2.0
11030	5515000.0	2.0
11031	5515500.0	3.0
11032	5516000.0	1.0
11033	5516500.0	2.0
11034	5517000.0	2.0
11035	5517500.0	1.0
11036	5518000.0	2.0
11037	5518500.0	2.0
11038	5519000.0	1.0
11039	5519500.0	1.0
11040	5520000.0	2.0
11041	5520500.0	3.0
11042	5521000.0	3.0
11043	5521500.0	2.0
11044	5522000.0	3.0
11045	5522500.0	0.0
11046	5523000.0	0.0
11047	5523500.0	0.0
11048	5524000.0	0.0
11049	5524500.0	1.0
11050	5525000.0	3.0
11051	5525500.0	1.0
11052	5526000.0	1.0
11053	5526500.0	3.0
11054	5527000.0	3.0
11055	5527500.0	3.0
11056	5528000.0	3.0
11057	5528500.0	2.0
11058	5529000.0	3.0
11059	5529500.0	2.0
11060	5530000.0	0.0
11061	5530500.0	2.0
11062	5531000.0	2.0
11063	5531500.0	1.0
11064	5532000.0	2.0
11065	5532500.0	2.0
11066	5533000.0	1.0
11067	5533500.0	1.0
11068	5534000.0	2.0
11069	5534500.0	0.0
11070	5535000.0	2.0
11071	5535500.0	0.0
11072	5536000.0	2.0
11073	5536500.0	2.0
11074	5537000.0	3.0
11075	5537500.0	1.0
11076	5538000.0	3.0
11077	5538500.0	3.0
11078	5539000.0	0.0
11079	5539500.0	1.0
11080	5540000.0	1.0
11081	5540500.0	1.0
11082	5541000.0	3.0
11083	5541500.0	1.0
11084	5542000.0	0.0
11085	5542500.0	1.0
11086	5543000.0	2.0
11087	5543500.0	3.0
11088	5544000.0	2.0
11089	5544500.0	1.0
11090	5545000.0	2.0
11091	5545500.0	3.0
11092	5546000.0	2.0
11093	5546500.0	2.0
11094	5547000.0	2.0
11095	5547500.0	2.0
11096	5548000.0	1.0
11097	5548500.0	0.0
11098	5549000.0	1.0
11099	5549500.0	3.0
11100	5550000.0	4.0
11101	5550500.0	0.0
11102	5551000.0	1.0
11103	5551500.0	0.0
11104	5552000.0	2.0
11105	5552500.0	2.0
11106	5553000.0	3.0
11107	5553500.0	2.0
11108	5554000.0	3.0
11109	5554500.0	1.0
11110	5555000.0	1.0
11111	5555500.0	0.0
11112	5556000.0	3.0
11113	5556500.0	1.0
11114	5557000.0	1.0
11115	5557500.0	3.0
11116	5558000.0	3.0
11117	5558500.0	2.0
11118	5559000.0	1.0
11119	5559500.0	3.0
11120	5560000.0	0.0
11121	5560500.0	2.0
11122	5561000.0	0.0
11123	5561500.0	1.0
11124	5562000.0	3.0
11125	5562500.0	2.0
11126	5563000.0	1.0
11127	5563500.0	1.0
11128	5564000.0	1.0
11129	5564500.0	1.0
11130	5565000.0	1.0
11131	5565500.0	2.0
11132	5566000.0	3.0
11133	5566500.0	4.0
11134	5567000.0	0.0
11135	5567500.0	1.0
11136	5568000.0	3.0
11137	5568500.0	2.0
11138	5569000.0	0.0
11139	5569500.0	5.0
11140	5570000.0	0.0
11141	5570500.0	2.0
11142	5571000.0	1.0
11143	5571500.0	1.0
11144	5572000.0	0.0
11145	5572500.0	1.0
11146	5573000.0	2.0
11147	5573500.0	2.0
11148	5574000.0	1.0
11149	5574500.0	1.0
11150	5575000.0	2.0
11151	5575500.0	2.0
11152	5576000.0	5.0
11153	5576500.0	1.0
11154	5577000.0	1.0
11155	5577500.0	1.0
11156	5578000.0	2.0
11157	5578500.0	1.0
11158	5579000.0	0.0
11159	5579500.0	3.0
11160	5580000.0	5.0
11161	5580500.0	2.0
11162	5581000.0	1.0
11163	5581500.0	2.0
11164	5582000.0	4.0
11165	5582500.0	0.0
11166	5583000.0	4.0
11167	5583500.0	5.0
11168	5584000.0	0.0
11169	5584500.0	2.0
11170	5585000.0	2.0
11171	5585500.0	4.0
11172	5586000.0	3.0
11173	5586500.0	2.0
11174	5587000.0	1.0
11175	5587500.0	1.0
11176	5588000.0	1.0
11177	5588500.0	2.0
11178	5589000.0	2.0
11179	5589500.0	2.0
11180	5590000.0	3.0
11181	5590500.0	3.0
11182	5591000.0	2.0
11183	5591500.0	1.0
11184	5592000.0	3.0
11185	5592500.0	0.0
11186	5593000.0	5.0
11187	5593500.0	1.0
11188	5594000.0	6.0
11189	5594500.0	2.0
11190	5595000.0	0.0
11191	5595500.0	3.0
11192	5596000.0	1.0
11193	5596500.0	1.0
11194	5597000.0	0.0
11195	5597500.0	2.0
11196	5598000.0	3.0
11197	5598500.0	1.0
11198	5599000.0	2.0
11199	5599500.0	3.0
11200	5600000.0	2.0
11201	5600500.0	5.0
11202	5601000.0	2.0
11203	5601500.0	3.0
11204	5602000.0	1.0
11205	5602500.0	1.0
11206	5603000.0	2.0
11207	5603500.0	2.0
11208	5604000.0	5.0
11209	5604500.0	2.0
11210	5605000.0	3.0
11211	5605500.0	6.0
11212	5606000.0	2.0
11213	5606500.0	1.0
11214	5607000.0	4.0
11215	5607500.0	1.0
11216	5608000.0	2.0
11217	5608500.0	2.0
11218	5609000.0	4.0
11219	5609500.0	2.0
11220	5610000.0	3.0
11221	5610500.0	1.0
11222	5611000.0	2.0
11223	5611500.0	1.0
11224	5612000.0	1.0
11225	5612500.0	2.0
11226	5613000.0	0.0
11227	5613500.0	1.0
11228	5614000.0	1.0
11229	5614500.0	2.0
11230	5615000.0	3.0
11231	5615500.0	3.0
11232	5616000.0	0.0
11233	5616500.0	1.0
11234	5617000.0	2.0
11235	5617500.0	3.0
11236	5618000.0	2.0
11237	5618500.0	4.0
11238	5619000.0	0.0
11239	5619500.0	1.0
11240	5620000.0	1.0
11241	5620500.0	1.0
11242	5621000.0	2.0
11243	5621500.0	0.0
11244	5622000.0	2.0
11245	5622500.0	1.0
11246	5623000.0	3.0
11247	5623500.0	1.0
11248	5624000.0	1.0
11249	5624500.0	1.0
11250	5625000.0	1.0
11251	5625500.0	3.0
11252	5626000.0	2.0
11253	5626500.0	4.0
11254	5627000.0	3.0
11255	5627500.0	0.0
11256	5628000.0	2.0
11257	5628500.0	2.0
11258	5629000.0	0.0
11259	5629500.0	0.0
11260	5630000.0	1.0
11261	5630500.0	2.0
11262	5631000.0	0.0
11263	5631500.0	3.0
11264	5632000.0	0.0
11265	5632500.0	0.0
11266	5633000.0	0.0
11267	5633500.0	3.0
11268	5634000.0	3.0
11269	5634500.0	3.0
11270	5635000.0	0.0
11271	5635500.0	3.0
11272	5636000.0	0.0
11273	5636500.0	2.0
11274	5637000.0	1.0
11275	5637500.0	2.0
11276	5638000.0	2.0
11277	5638500.0	3.0
11278	5639000.0	0.0
11279	5639500.0	3.0
11280	5640000.0	4.0
11281	5640500.0	0.0
11282	5641000.0	3.0
11283	5641500.0	3.0
11284	5642000.0	1.0
11285	5642500.0	3.0
11286	5643000.0	2.0
11287	5643500.0	3.0
11288	5644000.0	4.0
11289	5644500.0	1.0
11290	5645000.0	2.0
11291	5645500.0	2.0
11292	5646000.0	2.0
11293	5646500.0	3.0
11294	5647000.0	1.0
11295	5647500.0	4.0
11296	5648000.0	0.0
11297	5648500.0	2.0
11298	5649000.0	2.0
11299	5649500.0	0.0
11300	5650000.0	2.0
11301	5650500.0	1.0
11302	5651000.0	6.0
11303	5651500.0	1.0
11304	5652000.0	1.0
11305	5652500.0	1.0
11306	5653000.0	4.0
11307	5653500.0	0.0
11308	5654000.0	3.0
11309	5654500.0	3.0
11310	5655000.0	2.0
11311	5655500.0	0.0
11312	5656000.0	1.0
11313	5656500.0	2.0
11314	5657000.0	3.0
11315	5657500.0	0.0
11316	5658000.0	2.0
11317	5658500.0	1.0
11318	5659000.0	3.0
11319	5659500.0	4.0
11320	5660000.0	3.0
11321	5660500.0	1.0
11322	5661000.0	4.0
11323	5661500.0	3.0
11324	5662000.0	1.0
11325	5662500.0	5.0
11326	5663000.0	1.0
11327	5663500.0	3.0
11328	5664000.0	4.0
11329	5664500.0	1.0
11330	5665000.0	2.0
11331	5665500.0	1.0
11332	5666000.0	2.0
11333	5666500.0	2.0
11334	5667000.0	1.0
11335	5667500.0	2.0
11336	5668000.0	1.0
11337	5668500.0	0.0
11338	5669000.0	1.0
11339	5669500.0	2.0
11340	5670000.0	1.0
11341	5670500.0	1.0
11342	5671000.0	1.0
11343	5671500.0	2.0
11344	5672000.0	3.0
11345	5672500.0	1.0
11346	5673000.0	5.0
11347	5673500.0	1.0
11348	5674000.0	3.0
11349	5674500.0	4.0
11350	5675000.0	3.0
11351	5675500.0	3.0
11352	5676000.0	1.0
11353	5676500.0	2.0
11354	5677000.0	1.0
11355	5677500.0	2.0
11356	5678000.0	1.0
11357	5678500.0	3.0
11358	5679000.0	3.0
11359	5679500.0	1.0
11360	5680000.0	0.0
11361	5680500.0	0.0
11362	5681000.0	0.0
11363	5681500.0	1.0
11364	5682000.0	3.0
11365	5682500.0	2.0
11366	5683000.0	1.0
11367	5683500.0	3.0
11368	5684000.0	2.0
11369	5684500.0	2.0
11370	5685000.0	1.0
11371	5685500.0	0.0
11372	5686000.0	1.0
11373	5686500.0	2.0
11374	5687000.0	1.0
11375	5687500.0	1.0
11376	5688000.0	1.0
11377	5688500.0	1.0
11378	5689000.0	4.0
11379	5689500.0	5.0
11380	5690000.0	0.0
11381	5690500.0	2.0
11382	5691000.0	3.0
11383	5691500.0	1.0
11384	5692000.0	2.0
11385	5692500.0	2.0
11386	5693000.0	0.0
11387	5693500.0	1.0
11388	5694000.0	3.0
11389	5694500.0	1.0
11390	5695000.0	1.0
11391	5695500.0	0.0
11392	5696000.0	2.0
11393	5696500.0	3.0
11394	5697000.0	1.0
11395	5697500.0	2.0
11396	5698000.0	0.0
11397	5698500.0	2.0
11398	5699000.0	4.0
11399	5699500.0	1.0
11400	5700000.0	0.0
11401	5700500.0	1.0
11402	5701000.0	1.0
11403	5701500.0	2.0
11404	5702000.0	0.0
11405	5702500.0	2.0
11406	5703000.0	1.0
11407	5703500.0	1.0
11408	5704000.0	3.0
11409	5704500.0	2.0
11410	5705000.0	1.0
11411	5705500.0	1.0
11412	5706000.0	1.0
11413	5706500.0	1.0
11414	5707000.0	0.0
11415	5707500.0	0.0
11416	5708000.0	1.0
11417	5708500.0	3.0
11418	5709000.0	1.0
11419	5709500.0	2.0
11420	5710000.0	2.0
11421	5710500.0	1.0
11422	5711000.0	0.0
11423	5711500.0	2.0
11424	5712000.0	2.0
11425	5712500.0	1.0
11426	5713000.0	0.0
11427	5713500.0	4.0
11428	5714000.0	3.0
11429	5714500.0	4.0
11430	5715000.0	2.0
11431	5715500.0	4.0
11432	5716000.0	3.0
11433	5716500.0	3.0
11434	5717000.0	1.0
11435	5717500.0	2.0
11436	5718000.0	1.0
11437	5718500.0	1.0
11438	5719000.0	2.0
11439	5719500.0	4.0
11440	5720000.0	2.0
11441	5720500.0	3.0
11442	5721000.0	0.0
11443	5721500.0	1.0
11444	5722000.0	2.0
11445	5722500.0	1.0
11446	5723000.0	2.0
11447	5723500.0	1.0
11448	5724000.0	4.0
11449	5724500.0	0.0
11450	5725000.0	2.0
11451	5725500.0	1.0
11452	5726000.0	2.0
11453	5726500.0	1.0
11454	5727000.0	4.0
11455	5727500.0	0.0
11456	5728000.0	0.0
11457	5728500.0	4.0
11458	5729000.0	1.0
11459	5729500.0	1.0
11460	5730000.0	2.0
11461	5730500.0	1.0
11462	5731000.0	3.0
11463	5731500.0	3.0
11464	5732000.0	0.0
11465	5732500.0	2.0
11466	5733000.0	0.0
11467	5733500.0	0.0
11468	5734000.0	3.0
11469	5734500.0	4.0
11470	5735000.0	1.0
11471	5735500.0	1.0
11472	5736000.0	2.0
11473	5736500.0	2.0
11474	5737000.0	0.0
11475	5737500.0	1.0
11476	5738000.0	2.0
11477	5738500.0	2.0
11478	5739000.0	0.0
11479	5739500.0	4.0
11480	5740000.0	4.0
11481	5740500.0	2.0
11482	5741000.0	0.0
11483	5741500.0	3.0
11484	5742000.0	5.0
11485	5742500.0	2.0
11486	5743000.0	2.0
11487	5743500.0	2.0
11488	5744000.0	4.0
11489	5744500.0	2.0
11490	5745000.0	1.0
11491	5745500.0	6.0
11492	5746000.0	1.0
11493	5746500.0	3.0
11494	5747000.0	0.0
11495	5747500.0	0.0
11496	5748000.0	4.0
11497	5748500.0	1.0
11498	5749000.0	0.0
11499	5749500.0	2.0
11500	5750000.0	3.0
11501	5750500.0	3.0
11502	5751000.0	2.0
11503	5751500.0	3.0
11504	5752000.0	0.0
11505	5752500.0	3.0
11506	5753000.0	2.0
11507	5753500.0	3.0
11508	5754000.0	3.0
11509	5754500.0	2.0
11510	5755000.0	3.0
11511	5755500.0	3.0
11512	5756000.0	0.0
11513	5756500.0	3.0
11514	5757000.0	4.0
11515	5757500.0	2.0
11516	5758000.0	2.0
11517	5758500.0	2.0
11518	5759000.0	1.0
11519	5759500.0	3.0
11520	5760000.0	4.0
11521	5760500.0	1.0
11522	5761000.0	0.0
11523	5761500.0	1.0
11524	5762000.0	2.0
11525	5762500.0	2.0
11526	5763000.0	1.0
11527	5763500.0	1.0
11528	5764000.0	0.0
11529	5764500.0	3.0
11530	5765000.0	1.0
11531	5765500.0	2.0
11532	5766000.0	1.0
11533	5766500.0	2.0
11534	5767000.0	1.0
11535	5767500.0	1.0
11536	5768000.0	1.0
11537	5768500.0	1.0
11538	5769000.0	2.0
11539	5769500.0	1.0
11540	5770000.0	0.0
11541	5770500.0	1.0
11542	5771000.0	1.0
11543	5771500.0	3.0
11544	5772000.0	3.0
11545	5772500.0	0.0
11546	5773000.0	3.0
11547	5773500.0	1.0
11548	5774000.0	1.0
11549	5774500.0	1.0
11550	5775000.0	2.0
11551	5775500.0	0.0
11552	5776000.0	4.0
11553	5776500.0	2.0
11554	5777000.0	4.0
11555	5777500.0	3.0
11556	5778000.0	2.0
11557	5778500.0	2.0
11558	5779000.0	0.0
11559	5779500.0	3.0
11560	5780000.0	0.0
11561	5780500.0	4.0
11562	5781000.0	0.0
11563	5781500.0	1.0
11564	5782000.0	0.0
11565	5782500.0	3.0
11566	5783000.0	2.0
11567	5783500.0	2.0
11568	5784000.0	1.0
11569	5784500.0	2.0
11570	5785000.0	4.0
11571	5785500.0	3.0
11572	5786000.0	3.0
11573	5786500.0	0.0
11574	5787000.0	2.0
11575	5787500.0	3.0
11576	5788000.0	2.0
11577	5788500.0	2.0
11578	5789000.0	1.0
11579	5789500.0	2.0
11580	5790000.0	0.0
11581	5790500.0	2.0
11582	5791000.0	3.0
11583	5791500.0	4.0
11584	5792000.0	2.0
11585	5792500.0	0.0
11586	5793000.0	0.0
11587	5793500.0	3.0
11588	5794000.0	2.0
11589	5794500.0	1.0
11590	5795000.0	1.0
11591	5795500.0	0.0
11592	5796000.0	3.0
11593	5796500.0	0.0
11594	5797000.0	1.0
11595	5797500.0	1.0
11596	5798000.0	2.0
11597	5798500.0	2.0
11598	5799000.0	0.0
11599	5799500.0	3.0
11600	5800000.0	1.0
11601	5800500.0	2.0
11602	5801000.0	0.0
11603	5801500.0	0.0
11604	5802000.0	1.0
11605	5802500.0	1.0
11606	5803000.0	1.0
11607	5803500.0	0.0
11608	5804000.0	4.0
11609	5804500.0	1.0
11610	5805000.0	4.0
11611	5805500.0	1.0
11612	5806000.0	3.0
11613	5806500.0	1.0
11614	5807000.0	5.0
11615	5807500.0	1.0
11616	5808000.0	2.0
11617	5808500.0	1.0
11618	5809000.0	2.0
11619	5809500.0	0.0
11620	5810000.0	0.0
11621	5810500.0	3.0
11622	5811000.0	1.0
11623	5811500.0	2.0
11624	5812000.0	1.0
11625	5812500.0	2.0
11626	5813000.0	3.0
11627	5813500.0	2.0
11628	5814000.0	1.0
11629	5814500.0	3.0
11630	5815000.0	2.0
11631	5815500.0	5.0
11632	5816000.0	2.0
11633	5816500.0	3.0
11634	5817000.0	0.0
11635	5817500.0	3.0
11636	5818000.0	4.0
11637	5818500.0	1.0
11638	5819000.0	2.0
11639	5819500.0	2.0
11640	5820000.0	4.0
11641	5820500.0	2.0
11642	5821000.0	2.0
11643	5821500.0	2.0
11644	5822000.0	0.0
11645	5822500.0	3.0
11646	5823000.0	2.0
11647	5823500.0	1.0
11648	5824000.0	4.0
11649	5824500.0	1.0
11650	5825000.0	5.0
11651	5825500.0	0.0
11652	5826000.0	1.0
11653	5826500.0	2.0
11654	5827000.0	1.0
11655	5827500.0	1.0
11656	5828000.0	3.0
11657	5828500.0	4.0
11658	5829000.0	1.0
11659	5829500.0	0.0
11660	5830000.0	1.0
11661	5830500.0	1.0
11662	5831000.0	1.0
11663	5831500.0	0.0
11664	5832000.0	1.0
11665	5832500.0	1.0
11666	5833000.0	1.0
11667	5833500.0	1.0
11668	5834000.0	0.0
11669	5834500.0	2.0
11670	5835000.0	1.0
11671	5835500.0	5.0
11672	5836000.0	1.0
11673	5836500.0	2.0
11674	5837000.0	2.0
11675	5837500.0	2.0
11676	5838000.0	2.0
11677	5838500.0	1.0
11678	5839000.0	1.0
11679	5839500.0	3.0
11680	5840000.0	1.0
11681	5840500.0	2.0
11682	5841000.0	3.0
11683	5841500.0	5.0
11684	5842000.0	2.0
11685	5842500.0	1.0
11686	5843000.0	1.0
11687	5843500.0	2.0
11688	5844000.0	3.0
11689	5844500.0	1.0
11690	5845000.0	2.0
11691	5845500.0	2.0
11692	5846000.0	1.0
11693	5846500.0	3.0
11694	5847000.0	2.0
11695	5847500.0	1.0
11696	5848000.0	1.0
11697	5848500.0	2.0
11698	5849000.0	1.0
11699	5849500.0	1.0
11700	5850000.0	0.0
11701	5850500.0	0.0
11702	5851000.0	0.0
11703	5851500.0	2.0
11704	5852000.0	1.0
11705	5852500.0	2.0
11706	5853000.0	2.0
11707	5853500.0	4.0
11708	5854000.0	1.0
11709	5854500.0	3.0
11710	5855000.0	0.0
11711	5855500.0	2.0
11712	5856000.0	1.0
11713	5856500.0	0.0
11714	5857000.0	2.0
11715	5857500.0	1.0
11716	5858000.0	1.0
11717	5858500.0	1.0
11718	5859000.0	0.0
11719	5859500.0	3.0
11720	5860000.0	3.0
11721	5860500.0	3.0
11722	5861000.0	2.0
11723	5861500.0	2.0
11724	5862000.0	3.0
11725	5862500.0	4.0
11726	5863000.0	3.0
11727	5863500.0	2.0
11728	5864000.0	1.0
11729	5864500.0	2.0
11730	5865000.0	0.0
11731	5865500.0	3.0
11732	5866000.0	2.0
11733	5866500.0	0.0
11734	5867000.0	0.0
11735	5867500.0	4.0
11736	5868000.0	2.0
11737	5868500.0	0.0
11738	5869000.0	0.0
11739	5869500.0	4.0
11740	5870000.0	2.0
11741	5870500.0	0.0
11742	5871000.0	1.0
11743	5871500.0	4.0
11744	5872000.0	4.0
11745	5872500.0	2.0
11746	5873000.0	0.0
11747	5873500.0	1.0
11748	5874000.0	2.0
11749	5874500.0	1.0
11750	5875000.0	4.0
11751	5875500.0	4.0
11752	5876000.0	2.0
11753	5876500.0	2.0
11754	5877000.0	2.0
11755	5877500.0	3.0
11756	5878000.0	0.0
11757	5878500.0	0.0
11758	5879000.0	0.0
11759	5879500.0	4.0
11760	5880000.0	1.0
11761	5880500.0	1.0
11762	5881000.0	2.0
11763	5881500.0	3.0
11764	5882000.0	1.0
11765	5882500.0	2.0
11766	5883000.0	0.0
11767	5883500.0	1.0
11768	5884000.0	1.0
11769	5884500.0	0.0
11770	5885000.0	1.0
11771	5885500.0	1.0
11772	5886000.0	0.0
11773	5886500.0	1.0
11774	5887000.0	4.0
11775	5887500.0	1.0
11776	5888000.0	2.0
11777	5888500.0	0.0
11778	5889000.0	0.0
11779	5889500.0	1.0
11780	5890000.0	1.0
11781	5890500.0	1.0
11782	5891000.0	2.0
11783	5891500.0	3.0
11784	5892000.0	1.0
11785	5892500.0	0.0
11786	5893000.0	3.0
11787	5893500.0	2.0
11788	5894000.0	0.0
11789	5894500.0	5.0
11790	5895000.0	2.0
11791	5895500.0	3.0
11792	5896000.0	2.0
11793	5896500.0	2.0
11794	5897000.0	3.0
11795	5897500.0	2.0
11796	5898000.0	2.0
11797	5898500.0	0.0
11798	5899000.0	4.0
11799	5899500.0	3.0
11800	5900000.0	0.0
11801	5900500.0	1.0
11802	5901000.0	1.0
11803	5901500.0	1.0
11804	5902000.0	1.0
11805	5902500.0	0.0
11806	5903000.0	1.0
11807	5903500.0	0.0
11808	5904000.0	2.0
11809	5904500.0	2.0
11810	5905000.0	1.0
11811	5905500.0	1.0
11812	5906000.0	1.0
11813	5906500.0	0.0
11814	5907000.0	1.0
11815	5907500.0	0.0
11816	5908000.0	0.0
11817	5908500.0	2.0
11818	5909000.0	4.0
11819	5909500.0	0.0
11820	5910000.0	1.0
11821	5910500.0	1.0
11822	5911000.0	1.0
11823	5911500.0	3.0
11824	5912000.0	2.0
11825	5912500.0	3.0
11826	5913000.0	0.0
11827	5913500.0	1.0
11828	5914000.0	2.0
11829	5914500.0	2.0
11830	5915000.0	3.0
11831	5915500.0	1.0
11832	5916000.0	0.0
11833	5916500.0	0.0
11834	5917000.0	4.0
11835	5917500.0	2.0
11836	5918000.0	4.0
11837	5918500.0	0.0
11838	5919000.0	1.0
11839	5919500.0	1.0
11840	5920000.0	3.0
11841	5920500.0	0.0
11842	5921000.0	0.0
11843	5921500.0	1.0
11844	5922000.0	0.0
11845	5922500.0	4.0
11846	5923000.0	2.0
11847	5923500.0	1.0
11848	5924000.0	3.0
11849	5924500.0	1.0
11850	5925000.0	4.0
11851	5925500.0	1.0
11852	5926000.0	1.0
11853	5926500.0	1.0
11854	5927000.0	4.0
11855	5927500.0	2.0
11856	5928000.0	2.0
11857	5928500.0	1.0
11858	5929000.0	3.0
11859	5929500.0	1.0
11860	5930000.0	4.0
11861	5930500.0	2.0
11862	5931000.0	2.0
11863	5931500.0	1.0
11864	5932000.0	2.0
11865	5932500.0	3.0
11866	5933000.0	1.0
11867	5933500.0	3.0
11868	5934000.0	1.0
11869	5934500.0	1.0
11870	5935000.0	2.0
11871	5935500.0	1.0
11872	5936000.0	1.0
11873	5936500.0	1.0
11874	5937000.0	5.0
11875	5937500.0	1.0
11876	5938000.0	0.0
11877	5938500.0	0.0
11878	5939000.0	1.0
11879	5939500.0	3.0
11880	5940000.0	4.0
11881	5940500.0	2.0
11882	5941000.0	3.0
11883	5941500.0	4.0
11884	5942000.0	4.0
11885	5942500.0	1.0
11886	5943000.0	3.0
11887	5943500.0	6.0
11888	5944000.0	1.0
11889	5944500.0	4.0
11890	5945000.0	2.0
11891	5945500.0	0.0
11892	5946000.0	2.0
11893	5946500.0	2.0
11894	5947000.0	5.0
11895	5947500.0	0.0
11896	5948000.0	1.0
11897	5948500.0	1.0
11898	5949000.0	1.0
11899	5949500.0	1.0
11900	5950000.0	0.0
11901	5950500.0	1.0
11902	5951000.0	3.0
11903	5951500.0	1.0
11904	5952000.0	1.0
11905	5952500.0	1.0
11906	5953000.0	1.0
11907	5953500.0	0.0
11908	5954000.0	1.0
11909	5954500.0	0.0
11910	5955000.0	1.0
11911	5955500.0	1.0
11912	5956000.0	1.0
11913	5956500.0	1.0
11914	5957000.0	2.0
11915	5957500.0	3.0
11916	5958000.0	0.0
11917	5958500.0	1.0
11918	5959000.0	1.0
11919	5959500.0	0.0
11920	5960000.0	6.0
11921	5960500.0	1.0
11922	5961000.0	3.0
11923	5961500.0	2.0
11924	5962000.0	1.0
11925	5962500.0	1.0
11926	5963000.0	0.0
11927	5963500.0	3.0
11928	5964000.0	1.0
11929	5964500.0	3.0
11930	5965000.0	1.0
11931	5965500.0	2.0
11932	5966000.0	0.0
11933	5966500.0	3.0
11934	5967000.0	1.0
11935	5967500.0	3.0
11936	5968000.0	1.0
11937	5968500.0	1.0
11938	5969000.0	0.0
11939	5969500.0	5.0
11940	5970000.0	1.0
11941	5970500.0	2.0
11942	5971000.0	0.0
11943	5971500.0	1.0
11944	5972000.0	3.0
11945	5972500.0	2.0
11946	5973000.0	0.0
11947	5973500.0	2.0
11948	5974000.0	4.0
11949	5974500.0	1.0
11950	5975000.0	1.0
11951	5975500.0	4.0
11952	5976000.0	1.0
11953	5976500.0	2.0
11954	5977000.0	2.0
11955	5977500.0	0.0
11956	5978000.0	2.0
11957	5978500.0	1.0
11958	5979000.0	1.0
11959	5979500.0	3.0
11960	5980000.0	2.0
11961	5980500.0	1.0
11962	5981000.0	3.0
11963	5981500.0	0.0
11964	5982000.0	1.0
11965	5982500.0	4.0
11966	5983000.0	1.0
11967	5983500.0	0.0
11968	5984000.0	0.0
11969	5984500.0	3.0
11970	5985000.0	1.0
11971	5985500.0	1.0
11972	5986000.0	2.0
11973	5986500.0	3.0
11974	5987000.0	1.0
11975	5987500.0	0.0
11976	5988000.0	1.0
11977	5988500.0	1.0
11978	5989000.0	2.0
11979	5989500.0	3.0
11980	5990000.0	2.0
11981	5990500.0	1.0
11982	5991000.0	0.0
11983	5991500.0	0.0
11984	5992000.0	4.0
11985	5992500.0	1.0
11986	5993000.0	1.0
11987	5993500.0	3.0
11988	5994000.0	2.0
11989	5994500.0	1.0
11990	5995000.0	4.0
11991	5995500.0	3.0
11992	5996000.0	1.0
11993	5996500.0	1.0
11994	5997000.0	2.0
11995	5997500.0	1.0
11996	5998000.0	2.0
11997	5998500.0	2.0
11998	5999000.0	1.0
11999	5999500.0	0.0
12000	6000000.0	0.0
12001	6000500.0	4.0
12002	6001000.0	2.0
12003	6001500.0	4.0
12004	6002000.0	2.0
12005	6002500.0	1.0
12006	6003000.0	0.0
12007	6003500.0	5.0
12008	6004000.0	2.0
12009	6004500.0	2.0
12010	6005000.0	4.0
12011	6005500.0	2.0
12012	6006000.0	3.0
12013	6006500.0	1.0
12014	6007000.0	4.0
12015	6007500.0	1.0
12016	6008000.0	0.0
12017	6008500.0	3.0
12018	6009000.0	1.0
12019	6009500.0	1.0
12020	6010000.0	1.0
12021	6010500.0	2.0
12022	6011000.0	2.0
12023	6011500.0	2.0
12024	6012000.0	1.0
12025	6012500.0	3.0
12026	6013000.0	1.0
12027	6013500.0	2.0
12028	6014000.0	1.0
12029	6014500.0	1.0
12030	6015000.0	2.0
12031	6015500.0	2.0
12032	6016000.0	2.0
12033	6016500.0	1.0
12034	6017000.0	1.0
12035	6017500.0	0.0
12036	6018000.0	0.0
12037	6018500.0	5.0
12038	6019000.0	1.0
12039	6019500.0	0.0
12040	6020000.0	2.0
12041	6020500.0	0.0
12042	6021000.0	0.0
12043	6021500.0	1.0
12044	6022000.0	0.0
12045	6022500.0	2.0
12046	6023000.0	1.0
12047	6023500.0	1.0
12048	6024000.0	2.0
12049	6024500.0	1.0
12050	6025000.0	1.0
12051	6025500.0	2.0
12052	6026000.0	1.0
12053	6026500.0	2.0
12054	6027000.0	0.0
12055	6027500.0	0.0
12056	6028000.0	3.0
12057	6028500.0	0.0
12058	6029000.0	0.0
12059	6029500.0	2.0
12060	6030000.0	0.0
12061	6030500.0	1.0
12062	6031000.0	2.0
12063	6031500.0	1.0
12064	6032000.0	2.0
12065	6032500.0	2.0
12066	6033000.0	1.0
12067	6033500.0	1.0
12068	6034000.0	4.0
12069	6034500.0	2.0
12070	6035000.0	1.0
12071	6035500.0	1.0
12072	6036000.0	0.0
12073	6036500.0	2.0
12074	6037000.0	1.0
12075	6037500.0	1.0
12076	6038000.0	2.0
12077	6038500.0	1.0
12078	6039000.0	1.0
12079	6039500.0	1.0
12080	6040000.0	0.0
12081	6040500.0	3.0
12082	6041000.0	2.0
12083	6041500.0	1.0
12084	6042000.0	0.0
12085	6042500.0	2.0
12086	6043000.0	2.0
12087	6043500.0	3.0
12088	6044000.0	5.0
12089	6044500.0	1.0
12090	6045000.0	0.0
12091	6045500.0	0.0
12092	6046000.0	2.0
12093	6046500.0	2.0
12094	6047000.0	0.0
12095	6047500.0	0.0
12096	6048000.0	1.0
12097	6048500.0	1.0
12098	6049000.0	3.0
12099	6049500.0	1.0
12100	6050000.0	4.0
12101	6050500.0	0.0
12102	6051000.0	3.0
12103	6051500.0	0.0
12104	6052000.0	2.0
12105	6052500.0	1.0
12106	6053000.0	1.0
12107	6053500.0	2.0
12108	6054000.0	4.0
12109	6054500.0	0.0
12110	6055000.0	1.0
12111	6055500.0	4.0
12112	6056000.0	0.0
12113	6056500.0	1.0
12114	6057000.0	2.0
12115	6057500.0	0.0
12116	6058000.0	1.0
12117	6058500.0	1.0
12118	6059000.0	1.0
12119	6059500.0	1.0
12120	6060000.0	3.0
12121	6060500.0	2.0
12122	6061000.0	2.0
12123	6061500.0	0.0
12124	6062000.0	0.0
12125	6062500.0	1.0
12126	6063000.0	3.0
12127	6063500.0	4.0
12128	6064000.0	1.0
12129	6064500.0	4.0
12130	6065000.0	3.0
12131	6065500.0	0.0
12132	6066000.0	1.0
12133	6066500.0	0.0
12134	6067000.0	2.0
12135	6067500.0	1.0
12136	6068000.0	1.0
12137	6068500.0	2.0
12138	6069000.0	2.0
12139	6069500.0	1.0
12140	6070000.0	2.0
12141	6070500.0	2.0
12142	6071000.0	3.0
12143	6071500.0	1.0
12144	6072000.0	2.0
12145	6072500.0	1.0
12146	6073000.0	3.0
12147	6073500.0	0.0
12148	6074000.0	1.0
12149	6074500.0	2.0
12150	6075000.0	1.0
12151	6075500.0	1.0
12152	6076000.0	0.0
12153	6076500.0	1.0
12154	6077000.0	2.0
12155	6077500.0	3.0
12156	6078000.0	1.0
12157	6078500.0	2.0
12158	6079000.0	1.0
12159	6079500.0	1.0
12160	6080000.0	1.0
12161	6080500.0	2.0
12162	6081000.0	1.0
12163	6081500.0	5.0
12164	6082000.0	3.0
12165	6082500.0	2.0
12166	6083000.0	1.0
12167	6083500.0	2.0
12168	6084000.0	1.0
12169	6084500.0	2.0
12170	6085000.0	2.0
12171	6085500.0	3.0
12172	6086000.0	1.0
12173	6086500.0	4.0
12174	6087000.0	2.0
12175	6087500.0	1.0
12176	6088000.0	0.0
12177	6088500.0	3.0
12178	6089000.0	1.0
12179	6089500.0	3.0
12180	6090000.0	1.0
12181	6090500.0	1.0
12182	6091000.0	2.0
12183	6091500.0	1.0
12184	6092000.0	1.0
12185	6092500.0	2.0
12186	6093000.0	2.0
12187	6093500.0	1.0
12188	6094000.0	0.0
12189	6094500.0	1.0
12190	6095000.0	1.0
12191	6095500.0	1.0
12192	6096000.0	4.0
12193	6096500.0	0.0
12194	6097000.0	5.0
12195	6097500.0	1.0
12196	6098000.0	0.0
12197	6098500.0	3.0
12198	6099000.0	2.0
12199	6099500.0	1.0
12200	6100000.0	0.0
12201	6100500.0	3.0
12202	6101000.0	3.0
12203	6101500.0	1.0
12204	6102000.0	4.0
12205	6102500.0	1.0
12206	6103000.0	0.0
12207	6103500.0	1.0
12208	6104000.0	1.0
12209	6104500.0	1.0
12210	6105000.0	0.0
12211	6105500.0	0.0
12212	6106000.0	4.0
12213	6106500.0	1.0
12214	6107000.0	0.0
12215	6107500.0	1.0
12216	6108000.0	1.0
12217	6108500.0	4.0
12218	6109000.0	2.0
12219	6109500.0	4.0
12220	6110000.0	1.0
12221	6110500.0	3.0
12222	6111000.0	1.0
12223	6111500.0	3.0
12224	6112000.0	2.0
12225	6112500.0	0.0
12226	6113000.0	4.0
12227	6113500.0	0.0
12228	6114000.0	1.0
12229	6114500.0	3.0
12230	6115000.0	4.0
12231	6115500.0	1.0
12232	6116000.0	4.0
12233	6116500.0	2.0
12234	6117000.0	3.0
12235	6117500.0	1.0
12236	6118000.0	3.0
12237	6118500.0	2.0
12238	6119000.0	1.0
12239	6119500.0	1.0
12240	6120000.0	1.0
12241	6120500.0	0.0
12242	6121000.0	0.0
12243	6121500.0	1.0
12244	6122000.0	2.0
12245	6122500.0	3.0
12246	6123000.0	2.0
12247	6123500.0	2.0
12248	6124000.0	0.0
12249	6124500.0	1.0
12250	6125000.0	4.0
12251	6125500.0	2.0
12252	6126000.0	3.0
12253	6126500.0	2.0
12254	6127000.0	2.0
12255	6127500.0	1.0
12256	6128000.0	0.0
12257	6128500.0	4.0
12258	6129000.0	3.0
12259	6129500.0	1.0
12260	6130000.0	4.0
12261	6130500.0	2.0
12262	6131000.0	3.0
12263	6131500.0	3.0
12264	6132000.0	5.0
12265	6132500.0	0.0
12266	6133000.0	1.0
12267	6133500.0	2.0
12268	6134000.0	1.0
12269	6134500.0	3.0
12270	6135000.0	1.0
12271	6135500.0	0.0
12272	6136000.0	1.0
12273	6136500.0	0.0
12274	6137000.0	2.0
12275	6137500.0	4.0
12276	6138000.0	2.0
12277	6138500.0	1.0
12278	6139000.0	1.0
12279	6139500.0	0.0
12280	6140000.0	1.0
12281	6140500.0	1.0
12282	6141000.0	2.0
12283	6141500.0	0.0
12284	6142000.0	3.0
12285	6142500.0	1.0
12286	6143000.0	0.0
12287	6143500.0	1.0
12288	6144000.0	1.0
12289	6144500.0	1.0
12290	6145000.0	2.0
12291	6145500.0	2.0
12292	6146000.0	2.0
12293	6146500.0	2.0
12294	6147000.0	1.0
12295	6147500.0	5.0
12296	6148000.0	2.0
12297	6148500.0	1.0
12298	6149000.0	0.0
12299	6149500.0	0.0
12300	6150000.0	0.0
12301	6150500.0	1.0
12302	6151000.0	3.0
12303	6151500.0	4.0
12304	6152000.0	1.0
12305	6152500.0	0.0
12306	6153000.0	2.0
12307	6153500.0	0.0
12308	6154000.0	2.0
12309	6154500.0	2.0
12310	6155000.0	2.0
12311	6155500.0	0.0
12312	6156000.0	3.0
12313	6156500.0	2.0
12314	6157000.0	0.0
12315	6157500.0	3.0
12316	6158000.0	3.0
12317	6158500.0	1.0
12318	6159000.0	1.0
12319	6159500.0	0.0
12320	6160000.0	2.0
12321	6160500.0	2.0
12322	6161000.0	3.0
12323	6161500.0	2.0
12324	6162000.0	1.0
12325	6162500.0	1.0
12326	6163000.0	2.0
12327	6163500.0	1.0
12328	6164000.0	2.0
12329	6164500.0	2.0
12330	6165000.0	2.0
12331	6165500.0	4.0
12332	6166000.0	4.0
12333	6166500.0	3.0
12334	6167000.0	2.0
12335	6167500.0	1.0
12336	6168000.0	1.0
12337	6168500.0	4.0
12338	6169000.0	2.0
12339	6169500.0	0.0
12340	6170000.0	1.0
12341	6170500.0	0.0
12342	6171000.0	1.0
12343	6171500.0	0.0
12344	6172000.0	9.0
12345	6172500.0	1.0
12346	6173000.0	1.0
12347	6173500.0	2.0
12348	6174000.0	1.0
12349	6174500.0	1.0
12350	6175000.0	3.0
12351	6175500.0	3.0
12352	6176000.0	2.0
12353	6176500.0	2.0
12354	6177000.0	2.0
12355	6177500.0	4.0
12356	6178000.0	3.0
12357	6178500.0	1.0
12358	6179000.0	1.0
12359	6179500.0	0.0
12360	6180000.0	3.0
12361	6180500.0	1.0
12362	6181000.0	1.0
12363	6181500.0	2.0
12364	6182000.0	0.0
12365	6182500.0	3.0
12366	6183000.0	1.0
12367	6183500.0	2.0
12368	6184000.0	1.0
12369	6184500.0	3.0
12370	6185000.0	3.0
12371	6185500.0	2.0
12372	6186000.0	0.0
12373	6186500.0	2.0
12374	6187000.0	1.0
12375	6187500.0	2.0
12376	6188000.0	0.0
12377	6188500.0	1.0
12378	6189000.0	1.0
12379	6189500.0	5.0
12380	6190000.0	1.0
12381	6190500.0	1.0
12382	6191000.0	2.0
12383	6191500.0	1.0
12384	6192000.0	1.0
12385	6192500.0	1.0
12386	6193000.0	3.0
12387	6193500.0	0.0
12388	6194000.0	1.0
12389	6194500.0	2.0
12390	6195000.0	1.0
12391	6195500.0	2.0
12392	6196000.0	4.0
12393	6196500.0	1.0
12394	6197000.0	2.0
12395	6197500.0	1.0
12396	6198000.0	0.0
12397	6198500.0	1.0
12398	6199000.0	3.0
12399	6199500.0	2.0
12400	6200000.0	2.0
12401	6200500.0	2.0
12402	6201000.0	2.0
12403	6201500.0	1.0
12404	6202000.0	0.0
12405	6202500.0	2.0
12406	6203000.0	0.0
12407	6203500.0	1.0
12408	6204000.0	3.0
12409	6204500.0	3.0
12410	6205000.0	0.0
12411	6205500.0	3.0
12412	6206000.0	1.0
12413	6206500.0	1.0
12414	6207000.0	3.0
12415	6207500.0	3.0
12416	6208000.0	1.0
12417	6208500.0	2.0
12418	6209000.0	0.0
12419	6209500.0	2.0
12420	6210000.0	0.0
12421	6210500.0	0.0
12422	6211000.0	1.0
12423	6211500.0	2.0
12424	6212000.0	3.0
12425	6212500.0	4.0
12426	6213000.0	0.0
12427	6213500.0	0.0
12428	6214000.0	2.0
12429	6214500.0	1.0
12430	6215000.0	1.0
12431	6215500.0	0.0
12432	6216000.0	4.0
12433	6216500.0	3.0
12434	6217000.0	1.0
12435	6217500.0	2.0
12436	6218000.0	3.0
12437	6218500.0	3.0
12438	6219000.0	0.0
12439	6219500.0	3.0
12440	6220000.0	1.0
12441	6220500.0	2.0
12442	6221000.0	1.0
12443	6221500.0	1.0
12444	6222000.0	2.0
12445	6222500.0	3.0
12446	6223000.0	1.0
12447	6223500.0	3.0
12448	6224000.0	1.0
12449	6224500.0	1.0
12450	6225000.0	0.0
12451	6225500.0	1.0
12452	6226000.0	0.0
12453	6226500.0	2.0
12454	6227000.0	2.0
12455	6227500.0	0.0
12456	6228000.0	0.0
12457	6228500.0	3.0
12458	6229000.0	1.0
12459	6229500.0	1.0
12460	6230000.0	2.0
12461	6230500.0	0.0
12462	6231000.0	1.0
12463	6231500.0	1.0
12464	6232000.0	2.0
12465	6232500.0	1.0
12466	6233000.0	0.0
12467	6233500.0	4.0
12468	6234000.0	1.0
12469	6234500.0	0.0
12470	6235000.0	0.0
12471	6235500.0	3.0
12472	6236000.0	2.0
12473	6236500.0	2.0
12474	6237000.0	0.0
12475	6237500.0	1.0
12476	6238000.0	1.0
12477	6238500.0	2.0
12478	6239000.0	1.0
12479	6239500.0	0.0
12480	6240000.0	3.0
12481	6240500.0	1.0
12482	6241000.0	2.0
12483	6241500.0	0.0
12484	6242000.0	3.0
12485	6242500.0	1.0
12486	6243000.0	1.0
12487	6243500.0	4.0
12488	6244000.0	1.0
12489	6244500.0	1.0
12490	6245000.0	1.0
12491	6245500.0	2.0
12492	6246000.0	1.0
12493	6246500.0	2.0
12494	6247000.0	1.0
12495	6247500.0	1.0
12496	6248000.0	2.0
12497	6248500.0	1.0
12498	6249000.0	4.0
12499	6249500.0	1.0
12500	6250000.0	1.0
12501	6250500.0	2.0
12502	6251000.0	3.0
12503	6251500.0	1.0
12504	6252000.0	0.0
12505	6252500.0	1.0
12506	6253000.0	2.0
12507	6253500.0	1.0
12508	6254000.0	3.0
12509	6254500.0	1.0
12510	6255000.0	2.0
12511	6255500.0	1.0
12512	6256000.0	0.0
12513	6256500.0	4.0
12514	6257000.0	0.0
12515	6257500.0	2.0
12516	6258000.0	4.0
12517	6258500.0	1.0
12518	6259000.0	2.0
12519	6259500.0	3.0
12520	6260000.0	0.0
12521	6260500.0	2.0
12522	6261000.0	4.0
12523	6261500.0	2.0
12524	6262000.0	1.0
12525	6262500.0	0.0
12526	6263000.0	1.0
12527	6263500.0	5.0
12528	6264000.0	2.0
12529	6264500.0	1.0
12530	6265000.0	3.0
12531	6265500.0	2.0
12532	6266000.0	3.0
12533	6266500.0	0.0
12534	6267000.0	2.0
12535	6267500.0	2.0
12536	6268000.0	1.0
12537	6268500.0	0.0
12538	6269000.0	3.0
12539	6269500.0	0.0
12540	6270000.0	1.0
12541	6270500.0	3.0
12542	6271000.0	2.0
12543	6271500.0	0.0
12544	6272000.0	5.0
12545	6272500.0	0.0
12546	6273000.0	1.0
12547	6273500.0	4.0
12548	6274000.0	0.0
12549	6274500.0	0.0
12550	6275000.0	3.0
12551	6275500.0	1.0
12552	6276000.0	1.0
12553	6276500.0	1.0
12554	6277000.0	2.0
12555	6277500.0	2.0
12556	6278000.0	3.0
12557	6278500.0	0.0
12558	6279000.0	1.0
12559	6279500.0	1.0
12560	6280000.0	2.0
12561	6280500.0	4.0
12562	6281000.0	1.0
12563	6281500.0	2.0
12564	6282000.0	3.0
12565	6282500.0	2.0
12566	6283000.0	1.0
12567	6283500.0	1.0
12568	6284000.0	1.0
12569	6284500.0	0.0
12570	6285000.0	1.0
12571	6285500.0	2.0
12572	6286000.0	2.0
12573	6286500.0	1.0
12574	6287000.0	0.0
12575	6287500.0	1.0
12576	6288000.0	2.0
12577	6288500.0	0.0
12578	6289000.0	2.0
12579	6289500.0	0.0
12580	6290000.0	2.0
12581	6290500.0	3.0
12582	6291000.0	2.0
12583	6291500.0	3.0
12584	6292000.0	0.0
12585	6292500.0	0.0
12586	6293000.0	3.0
12587	6293500.0	1.0
12588	6294000.0	3.0
12589	6294500.0	4.0
12590	6295000.0	3.0
12591	6295500.0	1.0
12592	6296000.0	3.0
12593	6296500.0	1.0
12594	6297000.0	1.0
12595	6297500.0	0.0
12596	6298000.0	1.0
12597	6298500.0	3.0
12598	6299000.0	1.0
12599	6299500.0	2.0
12600	6300000.0	0.0
12601	6300500.0	3.0
12602	6301000.0	0.0
12603	6301500.0	4.0
12604	6302000.0	0.0
12605	6302500.0	1.0
12606	6303000.0	4.0
12607	6303500.0	1.0
12608	6304000.0	0.0
12609	6304500.0	0.0
12610	6305000.0	3.0
12611	6305500.0	2.0
12612	6306000.0	2.0
12613	6306500.0	2.0
12614	6307000.0	3.0
12615	6307500.0	2.0
12616	6308000.0	1.0
12617	6308500.0	3.0
12618	6309000.0	2.0
12619	6309500.0	2.0
12620	6310000.0	3.0
12621	6310500.0	2.0
12622	6311000.0	1.0
12623	6311500.0	3.0
12624	6312000.0	0.0
12625	6312500.0	0.0
12626	6313000.0	0.0
12627	6313500.0	1.0
12628	6314000.0	0.0
12629	6314500.0	1.0
12630	6315000.0	0.0
12631	6315500.0	1.0
12632	6316000.0	3.0
12633	6316500.0	0.0
12634	6317000.0	1.0
12635	6317500.0	1.0
12636	6318000.0	0.0
12637	6318500.0	1.0
12638	6319000.0	1.0
12639	6319500.0	3.0
12640	6320000.0	3.0
12641	6320500.0	1.0
12642	6321000.0	2.0
12643	6321500.0	1.0
12644	6322000.0	1.0
12645	6322500.0	3.0
12646	6323000.0	1.0
12647	6323500.0	2.0
12648	6324000.0	4.0
12649	6324500.0	2.0
12650	6325000.0	2.0
12651	6325500.0	0.0
12652	6326000.0	0.0
12653	6326500.0	0.0
12654	6327000.0	1.0
12655	6327500.0	1.0
12656	6328000.0	1.0
12657	6328500.0	1.0
12658	6329000.0	0.0
12659	6329500.0	5.0
12660	6330000.0	4.0
12661	6330500.0	2.0
12662	6331000.0	3.0
12663	6331500.0	0.0
12664	6332000.0	2.0
12665	6332500.0	2.0
12666	6333000.0	1.0
12667	6333500.0	7.0
12668	6334000.0	2.0
12669	6334500.0	2.0
12670	6335000.0	1.0
12671	6335500.0	1.0
12672	6336000.0	3.0
12673	6336500.0	3.0
12674	6337000.0	2.0
12675	6337500.0	2.0
12676	6338000.0	3.0
12677	6338500.0	1.0
12678	6339000.0	0.0
12679	6339500.0	0.0
12680	6340000.0	3.0
12681	6340500.0	1.0
12682	6341000.0	1.0
12683	6341500.0	1.0
12684	6342000.0	3.0
12685	6342500.0	1.0
12686	6343000.0	0.0
12687	6343500.0	3.0
12688	6344000.0	1.0
12689	6344500.0	6.0
12690	6345000.0	0.0
12691	6345500.0	1.0
12692	6346000.0	1.0
12693	6346500.0	1.0
12694	6347000.0	0.0
12695	6347500.0	3.0
12696	6348000.0	1.0
12697	6348500.0	2.0
12698	6349000.0	1.0
12699	6349500.0	0.0
12700	6350000.0	2.0
12701	6350500.0	2.0
12702	6351000.0	0.0
12703	6351500.0	2.0
12704	6352000.0	0.0
12705	6352500.0	1.0
12706	6353000.0	1.0
12707	6353500.0	2.0
12708	6354000.0	2.0
12709	6354500.0	1.0
12710	6355000.0	1.0
12711	6355500.0	1.0
12712	6356000.0	1.0
12713	6356500.0	2.0
12714	6357000.0	2.0
12715	6357500.0	2.0
12716	6358000.0	1.0
12717	6358500.0	3.0
12718	6359000.0	1.0
12719	6359500.0	0.0
12720	6360000.0	2.0
12721	6360500.0	0.0
12722	6361000.0	2.0
12723	6361500.0	1.0
12724	6362000.0	2.0
12725	6362500.0	3.0
12726	6363000.0	0.0
12727	6363500.0	1.0
12728	6364000.0	0.0
12729	6364500.0	2.0
12730	6365000.0	2.0
12731	6365500.0	3.0
12732	6366000.0	1.0
12733	6366500.0	3.0
12734	6367000.0	2.0
12735	6367500.0	3.0
12736	6368000.0	2.0
12737	6368500.0	0.0
12738	6369000.0	3.0
12739	6369500.0	1.0
12740	6370000.0	3.0
12741	6370500.0	2.0
12742	6371000.0	0.0
12743	6371500.0	1.0
12744	6372000.0	0.0
12745	6372500.0	1.0
12746	6373000.0	0.0
12747	6373500.0	0.0
12748	6374000.0	2.0
12749	6374500.0	0.0
12750	6375000.0	1.0
12751	6375500.0	0.0
12752	6376000.0	2.0
12753	6376500.0	1.0
12754	6377000.0	3.0
12755	6377500.0	2.0
12756	6378000.0	3.0
12757	6378500.0	2.0
12758	6379000.0	0.0
12759	6379500.0	0.0
12760	6380000.0	4.0
12761	6380500.0	2.0
12762	6381000.0	4.0
12763	6381500.0	4.0
12764	6382000.0	1.0
12765	6382500.0	2.0
12766	6383000.0	7.0
12767	6383500.0	1.0
12768	6384000.0	2.0
12769	6384500.0	1.0
12770	6385000.0	0.0
12771	6385500.0	2.0
12772	6386000.0	0.0
12773	6386500.0	1.0
12774	6387000.0	0.0
12775	6387500.0	1.0
12776	6388000.0	1.0
12777	6388500.0	2.0
12778	6389000.0	3.0
12779	6389500.0	2.0
12780	6390000.0	3.0
12781	6390500.0	0.0
12782	6391000.0	2.0
12783	6391500.0	2.0
12784	6392000.0	1.0
12785	6392500.0	2.0
12786	6393000.0	1.0
12787	6393500.0	1.0
12788	6394000.0	6.0
12789	6394500.0	0.0
12790	6395000.0	0.0
12791	6395500.0	3.0
12792	6396000.0	3.0
12793	6396500.0	1.0
12794	6397000.0	2.0
12795	6397500.0	1.0
12796	6398000.0	2.0
12797	6398500.0	3.0
12798	6399000.0	3.0
12799	6399500.0	2.0
12800	6400000.0	1.0
12801	6400500.0	1.0
12802	6401000.0	1.0
12803	6401500.0	0.0
12804	6402000.0	3.0
12805	6402500.0	1.0
12806	6403000.0	5.0
12807	6403500.0	2.0
12808	6404000.0	5.0
12809	6404500.0	1.0
12810	6405000.0	1.0
12811	6405500.0	0.0
12812	6406000.0	2.0
12813	6406500.0	3.0
12814	6407000.0	1.0
12815	6407500.0	1.0
12816	6408000.0	1.0
12817	6408500.0	0.0
12818	6409000.0	5.0
12819	6409500.0	1.0
12820	6410000.0	1.0
12821	6410500.0	1.0
12822	6411000.0	2.0
12823	6411500.0	1.0
12824	6412000.0	3.0
12825	6412500.0	1.0
12826	6413000.0	2.0
12827	6413500.0	3.0
12828	6414000.0	2.0
12829	6414500.0	2.0
12830	6415000.0	1.0
12831	6415500.0	0.0
12832	6416000.0	3.0
12833	6416500.0	2.0
12834	6417000.0	2.0
12835	6417500.0	1.0
12836	6418000.0	1.0
12837	6418500.0	3.0
12838	6419000.0	1.0
12839	6419500.0	2.0
12840	6420000.0	3.0
12841	6420500.0	1.0
12842	6421000.0	3.0
12843	6421500.0	1.0
12844	6422000.0	0.0
12845	6422500.0	1.0
12846	6423000.0	0.0
12847	6423500.0	3.0
12848	6424000.0	0.0
12849	6424500.0	4.0
12850	6425000.0	1.0
12851	6425500.0	2.0
12852	6426000.0	2.0
12853	6426500.0	2.0
12854	6427000.0	1.0
12855	6427500.0	1.0
12856	6428000.0	0.0
12857	6428500.0	1.0
12858	6429000.0	0.0
12859	6429500.0	2.0
12860	6430000.0	0.0
12861	6430500.0	3.0
12862	6431000.0	0.0
12863	6431500.0	0.0
12864	6432000.0	1.0
12865	6432500.0	1.0
12866	6433000.0	0.0
12867	6433500.0	0.0
12868	6434000.0	1.0
12869	6434500.0	1.0
12870	6435000.0	1.0
12871	6435500.0	3.0
12872	6436000.0	2.0
12873	6436500.0	0.0
12874	6437000.0	0.0
12875	6437500.0	5.0
12876	6438000.0	2.0
12877	6438500.0	2.0
12878	6439000.0	2.0
12879	6439500.0	0.0
12880	6440000.0	2.0
12881	6440500.0	1.0
12882	6441000.0	0.0
12883	6441500.0	2.0
12884	6442000.0	1.0
12885	6442500.0	2.0
12886	6443000.0	2.0
12887	6443500.0	1.0
12888	6444000.0	2.0
12889	6444500.0	1.0
12890	6445000.0	2.0
12891	6445500.0	0.0
12892	6446000.0	2.0
12893	6446500.0	2.0
12894	6447000.0	1.0
12895	6447500.0	5.0
12896	6448000.0	3.0
12897	6448500.0	4.0
12898	6449000.0	1.0
12899	6449500.0	2.0
12900	6450000.0	1.0
12901	6450500.0	1.0
12902	6451000.0	0.0
12903	6451500.0	2.0
12904	6452000.0	2.0
12905	6452500.0	0.0
12906	6453000.0	2.0
12907	6453500.0	0.0
12908	6454000.0	2.0
12909	6454500.0	2.0
12910	6455000.0	1.0
12911	6455500.0	0.0
12912	6456000.0	2.0
12913	6456500.0	1.0
12914	6457000.0	3.0
12915	6457500.0	1.0
12916	6458000.0	3.0
12917	6458500.0	1.0
12918	6459000.0	0.0
12919	6459500.0	2.0
12920	6460000.0	2.0
12921	6460500.0	5.0
12922	6461000.0	2.0
12923	6461500.0	1.0
12924	6462000.0	2.0
12925	6462500.0	3.0
12926	6463000.0	3.0
12927	6463500.0	3.0
12928	6464000.0	2.0
12929	6464500.0	2.0
12930	6465000.0	2.0
12931	6465500.0	2.0
12932	6466000.0	0.0
12933	6466500.0	0.0
12934	6467000.0	2.0
12935	6467500.0	0.0
12936	6468000.0	4.0
12937	6468500.0	3.0
12938	6469000.0	0.0
12939	6469500.0	1.0
12940	6470000.0	0.0
12941	6470500.0	0.0
12942	6471000.0	2.0
12943	6471500.0	3.0
12944	6472000.0	1.0
12945	6472500.0	1.0
12946	6473000.0	3.0
12947	6473500.0	0.0
12948	6474000.0	0.0
12949	6474500.0	0.0
12950	6475000.0	0.0
12951	6475500.0	1.0
12952	6476000.0	3.0
12953	6476500.0	1.0
12954	6477000.0	1.0
12955	6477500.0	1.0
12956	6478000.0	0.0
12957	6478500.0	1.0
12958	6479000.0	0.0
12959	6479500.0	1.0
12960	6480000.0	2.0
12961	6480500.0	1.0
12962	6481000.0	1.0
12963	6481500.0	3.0
12964	6482000.0	1.0
12965	6482500.0	3.0
12966	6483000.0	4.0
12967	6483500.0	0.0
12968	6484000.0	1.0
12969	6484500.0	2.0
12970	6485000.0	0.0
12971	6485500.0	2.0
12972	6486000.0	1.0
12973	6486500.0	3.0
12974	6487000.0	2.0
12975	6487500.0	0.0
12976	6488000.0	0.0
12977	6488500.0	2.0
12978	6489000.0	1.0
12979	6489500.0	1.0
12980	6490000.0	2.0
12981	6490500.0	5.0
12982	6491000.0	1.0
12983	6491500.0	2.0
12984	6492000.0	0.0
12985	6492500.0	0.0
12986	6493000.0	1.0
12987	6493500.0	2.0
12988	6494000.0	3.0
12989	6494500.0	0.0
12990	6495000.0	2.0
12991	6495500.0	2.0
12992	6496000.0	3.0
12993	6496500.0	2.0
12994	6497000.0	2.0
12995	6497500.0	1.0
12996	6498000.0	2.0
12997	6498500.0	0.0
12998	6499000.0	0.0
12999	6499500.0	2.0
13000	6500000.0	1.0
13001	6500500.0	2.0
13002	6501000.0	4.0
13003	6501500.0	0.0
13004	6502000.0	0.0
13005	6502500.0	0.0
13006	6503000.0	1.0
13007	6503500.0	1.0
13008	6504000.0	2.0
13009	6504500.0	1.0
13010	6505000.0	4.0
13011	6505500.0	1.0
13012	6506000.0	3.0
13013	6506500.0	0.0
13014	6507000.0	1.0
13015	6507500.0	1.0
13016	6508000.0	0.0
13017	6508500.0	1.0
13018	6509000.0	0.0
13019	6509500.0	3.0
13020	6510000.0	1.0
13021	6510500.0	2.0
13022	6511000.0	1.0
13023	6511500.0	1.0
13024	6512000.0	4.0
13025	6512500.0	1.0
13026	6513000.0	2.0
13027	6513500.0	1.0
13028	6514000.0	3.0
13029	6514500.0	3.0
13030	6515000.0	1.0
13031	6515500.0	0.0
13032	6516000.0	1.0
13033	6516500.0	2.0
13034	6517000.0	0.0
13035	6517500.0	2.0
13036	6518000.0	4.0
13037	6518500.0	3.0
13038	6519000.0	1.0
13039	6519500.0	0.0
13040	6520000.0	1.0
13041	6520500.0	1.0
13042	6521000.0	3.0
13043	6521500.0	1.0
13044	6522000.0	1.0
13045	6522500.0	0.0
13046	6523000.0	2.0
13047	6523500.0	0.0
13048	6524000.0	3.0
13049	6524500.0	1.0
13050	6525000.0	6.0
13051	6525500.0	3.0
13052	6526000.0	4.0
13053	6526500.0	0.0
13054	6527000.0	3.0
13055	6527500.0	1.0
13056	6528000.0	2.0
13057	6528500.0	0.0
13058	6529000.0	4.0
13059	6529500.0	3.0
13060	6530000.0	1.0
13061	6530500.0	3.0
13062	6531000.0	2.0
13063	6531500.0	0.0
13064	6532000.0	1.0
13065	6532500.0	1.0
13066	6533000.0	1.0
13067	6533500.0	0.0
13068	6534000.0	1.0
13069	6534500.0	2.0
13070	6535000.0	0.0
13071	6535500.0	1.0
13072	6536000.0	0.0
13073	6536500.0	0.0
13074	6537000.0	5.0
13075	6537500.0	0.0
13076	6538000.0	0.0
13077	6538500.0	2.0
13078	6539000.0	1.0
13079	6539500.0	5.0
13080	6540000.0	4.0
13081	6540500.0	2.0
13082	6541000.0	2.0
13083	6541500.0	1.0
13084	6542000.0	2.0
13085	6542500.0	0.0
13086	6543000.0	1.0
13087	6543500.0	1.0
13088	6544000.0	0.0
13089	6544500.0	3.0
13090	6545000.0	2.0
13091	6545500.0	2.0
13092	6546000.0	0.0
13093	6546500.0	2.0
13094	6547000.0	0.0
13095	6547500.0	3.0
13096	6548000.0	0.0
13097	6548500.0	2.0
13098	6549000.0	0.0
13099	6549500.0	1.0
13100	6550000.0	2.0
13101	6550500.0	1.0
13102	6551000.0	1.0
13103	6551500.0	2.0
13104	6552000.0	2.0
13105	6552500.0	1.0
13106	6553000.0	1.0
13107	6553500.0	2.0
13108	6554000.0	2.0
13109	6554500.0	2.0
13110	6555000.0	1.0
13111	6555500.0	1.0
13112	6556000.0	1.0
13113	6556500.0	1.0
13114	6557000.0	3.0
13115	6557500.0	0.0
13116	6558000.0	1.0
13117	6558500.0	4.0
13118	6559000.0	2.0
13119	6559500.0	3.0
13120	6560000.0	3.0
13121	6560500.0	1.0
13122	6561000.0	2.0
13123	6561500.0	2.0
13124	6562000.0	2.0
13125	6562500.0	1.0
13126	6563000.0	0.0
13127	6563500.0	4.0
13128	6564000.0	0.0
13129	6564500.0	3.0
13130	6565000.0	1.0
13131	6565500.0	2.0
13132	6566000.0	0.0
13133	6566500.0	2.0
13134	6567000.0	4.0
13135	6567500.0	1.0
13136	6568000.0	2.0
13137	6568500.0	1.0
13138	6569000.0	2.0
13139	6569500.0	3.0
13140	6570000.0	2.0
13141	6570500.0	1.0
13142	6571000.0	3.0
13143	6571500.0	1.0
13144	6572000.0	2.0
13145	6572500.0	2.0
13146	6573000.0	0.0
13147	6573500.0	3.0
13148	6574000.0	0.0
13149	6574500.0	0.0
13150	6575000.0	1.0
13151	6575500.0	2.0
13152	6576000.0	3.0
13153	6576500.0	1.0
13154	6577000.0	2.0
13155	6577500.0	2.0
13156	6578000.0	2.0
13157	6578500.0	0.0
13158	6579000.0	2.0
13159	6579500.0	1.0
13160	6580000.0	1.0
13161	6580500.0	1.0
13162	6581000.0	2.0
13163	6581500.0	2.0
13164	6582000.0	0.0
13165	6582500.0	4.0
13166	6583000.0	3.0
13167	6583500.0	2.0
13168	6584000.0	2.0
13169	6584500.0	3.0
13170	6585000.0	2.0
13171	6585500.0	0.0
13172	6586000.0	1.0
13173	6586500.0	0.0
13174	6587000.0	1.0
13175	6587500.0	0.0
13176	6588000.0	1.0
13177	6588500.0	0.0
13178	6589000.0	3.0
13179	6589500.0	1.0
13180	6590000.0	2.0
13181	6590500.0	4.0
13182	6591000.0	3.0
13183	6591500.0	1.0
13184	6592000.0	1.0
13185	6592500.0	2.0
13186	6593000.0	1.0
13187	6593500.0	0.0
13188	6594000.0	1.0
13189	6594500.0	1.0
13190	6595000.0	2.0
13191	6595500.0	2.0
13192	6596000.0	2.0
13193	6596500.0	2.0
13194	6597000.0	1.0
13195	6597500.0	2.0
13196	6598000.0	1.0
13197	6598500.0	1.0
13198	6599000.0	1.0
13199	6599500.0	1.0
13200	6600000.0	4.0
13201	6600500.0	3.0
13202	6601000.0	2.0
13203	6601500.0	3.0
13204	6602000.0	3.0
13205	6602500.0	0.0
13206	6603000.0	2.0
13207	6603500.0	1.0
13208	6604000.0	0.0
13209	6604500.0	3.0
13210	6605000.0	0.0
13211	6605500.0	1.0
13212	6606000.0	2.0
13213	6606500.0	1.0
13214	6607000.0	1.0
13215	6607500.0	3.0
13216	6608000.0	1.0
13217	6608500.0	2.0
13218	6609000.0	1.0
13219	6609500.0	1.0
13220	6610000.0	4.0
13221	6610500.0	0.0
13222	6611000.0	2.0
13223	6611500.0	3.0
13224	6612000.0	0.0
13225	6612500.0	1.0
13226	6613000.0	6.0
13227	6613500.0	0.0
13228	6614000.0	0.0
13229	6614500.0	0.0
13230	6615000.0	1.0
13231	6615500.0	1.0
13232	6616000.0	3.0
13233	6616500.0	1.0
13234	6617000.0	1.0
13235	6617500.0	2.0
13236	6618000.0	3.0
13237	6618500.0	3.0
13238	6619000.0	2.0
13239	6619500.0	2.0
13240	6620000.0	1.0
13241	6620500.0	2.0
13242	6621000.0	1.0
13243	6621500.0	3.0
13244	6622000.0	1.0
13245	6622500.0	2.0
13246	6623000.0	1.0
13247	6623500.0	1.0
13248	6624000.0	2.0
13249	6624500.0	3.0
13250	6625000.0	4.0
13251	6625500.0	1.0
13252	6626000.0	2.0
13253	6626500.0	1.0
13254	6627000.0	2.0
13255	6627500.0	3.0
13256	6628000.0	0.0
13257	6628500.0	2.0
13258	6629000.0	4.0
13259	6629500.0	1.0
13260	6630000.0	3.0
13261	6630500.0	0.0
13262	6631000.0	3.0
13263	6631500.0	1.0
13264	6632000.0	2.0
13265	6632500.0	1.0
13266	6633000.0	2.0
13267	6633500.0	2.0
13268	6634000.0	0.0
13269	6634500.0	1.0
13270	6635000.0	3.0
13271	6635500.0	1.0
13272	6636000.0	2.0
13273	6636500.0	2.0
13274	6637000.0	1.0
13275	6637500.0	4.0
13276	6638000.0	3.0
13277	6638500.0	3.0
13278	6639000.0	0.0
13279	6639500.0	2.0
13280	6640000.0	0.0
13281	6640500.0	3.0
13282	6641000.0	2.0
13283	6641500.0	1.0
13284	6642000.0	4.0
13285	6642500.0	1.0
13286	6643000.0	0.0
13287	6643500.0	0.0
13288	6644000.0	1.0
13289	6644500.0	0.0
13290	6645000.0	0.0
13291	6645500.0	0.0
13292	6646000.0	2.0
13293	6646500.0	1.0
13294	6647000.0	4.0
13295	6647500.0	1.0
13296	6648000.0	1.0
13297	6648500.0	1.0
13298	6649000.0	0.0
13299	6649500.0	0.0
13300	6650000.0	0.0
13301	6650500.0	2.0
13302	6651000.0	3.0
13303	6651500.0	3.0
13304	6652000.0	1.0
13305	6652500.0	1.0
13306	6653000.0	2.0
13307	6653500.0	0.0
13308	6654000.0	2.0
13309	6654500.0	0.0
13310	6655000.0	2.0
13311	6655500.0	1.0
13312	6656000.0	1.0
13313	6656500.0	0.0
13314	6657000.0	0.0
13315	6657500.0	2.0
13316	6658000.0	3.0
13317	6658500.0	0.0
13318	6659000.0	2.0
13319	6659500.0	1.0
13320	6660000.0	0.0
13321	6660500.0	2.0
13322	6661000.0	0.0
13323	6661500.0	0.0
13324	6662000.0	2.0
13325	6662500.0	2.0
13326	6663000.0	1.0
13327	6663500.0	2.0
13328	6664000.0	0.0
13329	6664500.0	2.0
13330	6665000.0	2.0
13331	6665500.0	1.0
13332	6666000.0	2.0
13333	6666500.0	0.0
13334	6667000.0	3.0
13335	6667500.0	3.0
13336	6668000.0	1.0
13337	6668500.0	2.0
13338	6669000.0	3.0
13339	6669500.0	0.0
13340	6670000.0	0.0
13341	6670500.0	0.0
13342	6671000.0	1.0
13343	6671500.0	0.0
13344	6672000.0	2.0
13345	6672500.0	1.0
13346	6673000.0	2.0
13347	6673500.0	0.0
13348	6674000.0	0.0
13349	6674500.0	2.0
13350	6675000.0	3.0
13351	6675500.0	1.0
13352	6676000.0	0.0
13353	6676500.0	0.0
13354	6677000.0	1.0
13355	6677500.0	1.0
13356	6678000.0	0.0
13357	6678500.0	2.0
13358	6679000.0	3.0
13359	6679500.0	2.0
13360	6680000.0	0.0
13361	6680500.0	0.0
13362	6681000.0	1.0
13363	6681500.0	0.0
13364	6682000.0	1.0
13365	6682500.0	2.0
13366	6683000.0	0.0
13367	6683500.0	3.0
13368	6684000.0	3.0
13369	6684500.0	3.0
13370	6685000.0	1.0
13371	6685500.0	2.0
13372	6686000.0	1.0
13373	6686500.0	0.0
13374	6687000.0	4.0
13375	6687500.0	0.0
13376	6688000.0	2.0
13377	6688500.0	0.0
13378	6689000.0	2.0
13379	6689500.0	2.0
13380	6690000.0	0.0
13381	6690500.0	2.0
13382	6691000.0	1.0
13383	6691500.0	1.0
13384	6692000.0	0.0
13385	6692500.0	0.0
13386	6693000.0	2.0
13387	6693500.0	1.0
13388	6694000.0	2.0
13389	6694500.0	1.0
13390	6695000.0	2.0
13391	6695500.0	0.0
13392	6696000.0	2.0
13393	6696500.0	0.0
13394	6697000.0	1.0
13395	6697500.0	4.0
13396	6698000.0	5.0
13397	6698500.0	2.0
13398	6699000.0	2.0
13399	6699500.0	1.0
13400	6700000.0	0.0
13401	6700500.0	1.0
13402	6701000.0	1.0
13403	6701500.0	0.0
13404	6702000.0	0.0
13405	6702500.0	1.0
13406	6703000.0	2.0
13407	6703500.0	1.0
13408	6704000.0	1.0
13409	6704500.0	1.0
13410	6705000.0	1.0
13411	6705500.0	1.0
13412	6706000.0	1.0
13413	6706500.0	1.0
13414	6707000.0	1.0
13415	6707500.0	1.0
13416	6708000.0	4.0
13417	6708500.0	0.0
13418	6709000.0	1.0
13419	6709500.0	3.0
13420	6710000.0	0.0
13421	6710500.0	0.0
13422	6711000.0	1.0
13423	6711500.0	3.0
13424	6712000.0	2.0
13425	6712500.0	1.0
13426	6713000.0	2.0
13427	6713500.0	3.0
13428	6714000.0	3.0
13429	6714500.0	3.0
13430	6715000.0	0.0
13431	6715500.0	1.0
13432	6716000.0	2.0
13433	6716500.0	1.0
13434	6717000.0	2.0
13435	6717500.0	5.0
13436	6718000.0	4.0
13437	6718500.0	2.0
13438	6719000.0	2.0
13439	6719500.0	2.0
13440	6720000.0	3.0
13441	6720500.0	1.0
13442	6721000.0	2.0
13443	6721500.0	1.0
13444	6722000.0	2.0
13445	6722500.0	2.0
13446	6723000.0	0.0
13447	6723500.0	2.0
13448	6724000.0	1.0
13449	6724500.0	3.0
13450	6725000.0	2.0
13451	6725500.0	1.0
13452	6726000.0	1.0
13453	6726500.0	1.0
13454	6727000.0	2.0
13455	6727500.0	1.0
13456	6728000.0	1.0
13457	6728500.0	0.0
13458	6729000.0	4.0
13459	6729500.0	2.0
13460	6730000.0	0.0
13461	6730500.0	4.0
13462	6731000.0	5.0
13463	6731500.0	0.0
13464	6732000.0	2.0
13465	6732500.0	3.0
13466	6733000.0	3.0
13467	6733500.0	1.0
13468	6734000.0	0.0
13469	6734500.0	1.0
13470	6735000.0	4.0
13471	6735500.0	0.0
13472	6736000.0	1.0
13473	6736500.0	0.0
13474	6737000.0	2.0
13475	6737500.0	1.0
13476	6738000.0	2.0
13477	6738500.0	1.0
13478	6739000.0	1.0
13479	6739500.0	1.0
13480	6740000.0	0.0
13481	6740500.0	2.0
13482	6741000.0	6.0
13483	6741500.0	2.0
13484	6742000.0	3.0
13485	6742500.0	4.0
13486	6743000.0	3.0
13487	6743500.0	6.0
13488	6744000.0	1.0
13489	6744500.0	0.0
13490	6745000.0	1.0
13491	6745500.0	5.0
13492	6746000.0	1.0
13493	6746500.0	1.0
13494	6747000.0	1.0
13495	6747500.0	1.0
13496	6748000.0	3.0
13497	6748500.0	2.0
13498	6749000.0	0.0
13499	6749500.0	2.0
13500	6750000.0	1.0
13501	6750500.0	2.0
13502	6751000.0	2.0
13503	6751500.0	2.0
13504	6752000.0	1.0
13505	6752500.0	4.0
13506	6753000.0	2.0
13507	6753500.0	1.0
13508	6754000.0	4.0
13509	6754500.0	0.0
13510	6755000.0	0.0
13511	6755500.0	0.0
13512	6756000.0	6.0
13513	6756500.0	4.0
13514	6757000.0	1.0
13515	6757500.0	1.0
13516	6758000.0	1.0
13517	6758500.0	2.0
13518	6759000.0	1.0
13519	6759500.0	1.0
13520	6760000.0	1.0
13521	6760500.0	1.0
13522	6761000.0	0.0
13523	6761500.0	0.0
13524	6762000.0	0.0
13525	6762500.0	4.0
13526	6763000.0	0.0
13527	6763500.0	2.0
13528	6764000.0	4.0
13529	6764500.0	1.0
13530	6765000.0	0.0
13531	6765500.0	0.0
13532	6766000.0	3.0
13533	6766500.0	2.0
13534	6767000.0	3.0
13535	6767500.0	1.0
13536	6768000.0	2.0
13537	6768500.0	0.0
13538	6769000.0	3.0
13539	6769500.0	1.0
13540	6770000.0	4.0
13541	6770500.0	1.0
13542	6771000.0	0.0
13543	6771500.0	1.0
13544	6772000.0	0.0
13545	6772500.0	2.0
13546	6773000.0	3.0
13547	6773500.0	1.0
13548	6774000.0	1.0
13549	6774500.0	2.0
13550	6775000.0	3.0
13551	6775500.0	1.0
13552	6776000.0	4.0
13553	6776500.0	0.0
13554	6777000.0	3.0
13555	6777500.0	2.0
13556	6778000.0	2.0
13557	6778500.0	2.0
13558	6779000.0	1.0
13559	6779500.0	1.0
13560	6780000.0	0.0
13561	6780500.0	1.0
13562	6781000.0	3.0
13563	6781500.0	2.0
13564	6782000.0	2.0
13565	6782500.0	2.0
13566	6783000.0	0.0
13567	6783500.0	2.0
13568	6784000.0	1.0
13569	6784500.0	0.0
13570	6785000.0	2.0
13571	6785500.0	1.0
13572	6786000.0	3.0
13573	6786500.0	2.0
13574	6787000.0	3.0
13575	6787500.0	2.0
13576	6788000.0	0.0
13577	6788500.0	0.0
13578	6789000.0	1.0
13579	6789500.0	1.0
13580	6790000.0	1.0
13581	6790500.0	1.0
13582	6791000.0	0.0
13583	6791500.0	1.0
13584	6792000.0	5.0
13585	6792500.0	2.0
13586	6793000.0	0.0
13587	6793500.0	1.0
13588	6794000.0	1.0
13589	6794500.0	2.0
13590	6795000.0	4.0
13591	6795500.0	2.0
13592	6796000.0	2.0
13593	6796500.0	2.0
13594	6797000.0	1.0
13595	6797500.0	2.0
13596	6798000.0	2.0
13597	6798500.0	2.0
13598	6799000.0	1.0
13599	6799500.0	2.0
13600	6800000.0	2.0
13601	6800500.0	0.0
13602	6801000.0	3.0
13603	6801500.0	1.0
13604	6802000.0	1.0
13605	6802500.0	3.0
13606	6803000.0	1.0
13607	6803500.0	0.0
13608	6804000.0	3.0
13609	6804500.0	1.0
13610	6805000.0	2.0
13611	6805500.0	0.0
13612	6806000.0	2.0
13613	6806500.0	3.0
13614	6807000.0	1.0
13615	6807500.0	2.0
13616	6808000.0	2.0
13617	6808500.0	2.0
13618	6809000.0	1.0
13619	6809500.0	1.0
13620	6810000.0	0.0
13621	6810500.0	2.0
13622	6811000.0	1.0
13623	6811500.0	1.0
13624	6812000.0	2.0
13625	6812500.0	2.0
13626	6813000.0	2.0
13627	6813500.0	1.0
13628	6814000.0	3.0
13629	6814500.0	3.0
13630	6815000.0	1.0
13631	6815500.0	1.0
13632	6816000.0	0.0
13633	6816500.0	3.0
13634	6817000.0	0.0
13635	6817500.0	0.0
13636	6818000.0	4.0
13637	6818500.0	2.0
13638	6819000.0	3.0
13639	6819500.0	2.0
13640	6820000.0	0.0
13641	6820500.0	2.0
13642	6821000.0	2.0
13643	6821500.0	0.0
13644	6822000.0	3.0
13645	6822500.0	1.0
13646	6823000.0	1.0
13647	6823500.0	0.0
13648	6824000.0	2.0
13649	6824500.0	2.0
13650	6825000.0	2.0
13651	6825500.0	2.0
13652	6826000.0	4.0
13653	6826500.0	0.0
13654	6827000.0	2.0
13655	6827500.0	0.0
13656	6828000.0	3.0
13657	6828500.0	2.0
13658	6829000.0	1.0
13659	6829500.0	0.0
13660	6830000.0	0.0
13661	6830500.0	2.0
13662	6831000.0	1.0
13663	6831500.0	4.0
13664	6832000.0	1.0
13665	6832500.0	2.0
13666	6833000.0	1.0
13667	6833500.0	2.0
13668	6834000.0	1.0
13669	6834500.0	0.0
13670	6835000.0	0.0
13671	6835500.0	1.0
13672	6836000.0	2.0
13673	6836500.0	1.0
13674	6837000.0	1.0
13675	6837500.0	3.0
13676	6838000.0	0.0
13677	6838500.0	0.0
13678	6839000.0	2.0
13679	6839500.0	1.0
13680	6840000.0	0.0
13681	6840500.0	2.0
13682	6841000.0	1.0
13683	6841500.0	2.0
13684	6842000.0	0.0
13685	6842500.0	2.0
13686	6843000.0	0.0
13687	6843500.0	2.0
13688	6844000.0	2.0
13689	6844500.0	2.0
13690	6845000.0	1.0
13691	6845500.0	2.0
13692	6846000.0	5.0
13693	6846500.0	3.0
13694	6847000.0	2.0
13695	6847500.0	1.0
13696	6848000.0	2.0
13697	6848500.0	4.0
13698	6849000.0	2.0
13699	6849500.0	2.0
13700	6850000.0	2.0
13701	6850500.0	0.0
13702	6851000.0	2.0
13703	6851500.0	1.0
13704	6852000.0	1.0
13705	6852500.0	2.0
13706	6853000.0	0.0
13707	6853500.0	3.0
13708	6854000.0	3.0
13709	6854500.0	1.0
13710	6855000.0	3.0
13711	6855500.0	2.0
13712	6856000.0	1.0
13713	6856500.0	0.0
13714	6857000.0	3.0
13715	6857500.0	1.0
13716	6858000.0	4.0
13717	6858500.0	2.0
13718	6859000.0	2.0
13719	6859500.0	1.0
13720	6860000.0	3.0
13721	6860500.0	1.0
13722	6861000.0	4.0
13723	6861500.0	3.0
13724	6862000.0	2.0
13725	6862500.0	1.0
13726	6863000.0	1.0
13727	6863500.0	0.0
13728	6864000.0	3.0
13729	6864500.0	2.0
13730	6865000.0	1.0
13731	6865500.0	1.0
13732	6866000.0	1.0
13733	6866500.0	1.0
13734	6867000.0	1.0
13735	6867500.0	3.0
13736	6868000.0	0.0
13737	6868500.0	1.0
13738	6869000.0	2.0
13739	6869500.0	0.0
13740	6870000.0	0.0
13741	6870500.0	5.0
13742	6871000.0	1.0
13743	6871500.0	4.0
13744	6872000.0	2.0
13745	6872500.0	1.0
13746	6873000.0	3.0
13747	6873500.0	1.0
13748	6874000.0	0.0
13749	6874500.0	1.0
13750	6875000.0	0.0
13751	6875500.0	5.0
13752	6876000.0	0.0
13753	6876500.0	3.0
13754	6877000.0	1.0
13755	6877500.0	5.0
13756	6878000.0	0.0
13757	6878500.0	2.0
13758	6879000.0	1.0
13759	6879500.0	1.0
13760	6880000.0	1.0
13761	6880500.0	1.0
13762	6881000.0	2.0
13763	6881500.0	4.0
13764	6882000.0	3.0
13765	6882500.0	0.0
13766	6883000.0	1.0
13767	6883500.0	0.0
13768	6884000.0	0.0
13769	6884500.0	3.0
13770	6885000.0	1.0
13771	6885500.0	3.0
13772	6886000.0	1.0
13773	6886500.0	2.0
13774	6887000.0	3.0
13775	6887500.0	0.0
13776	6888000.0	4.0
13777	6888500.0	2.0
13778	6889000.0	1.0
13779	6889500.0	0.0
13780	6890000.0	1.0
13781	6890500.0	2.0
13782	6891000.0	2.0
13783	6891500.0	7.0
13784	6892000.0	2.0
13785	6892500.0	4.0
13786	6893000.0	1.0
13787	6893500.0	1.0
13788	6894000.0	1.0
13789	6894500.0	0.0
13790	6895000.0	1.0
13791	6895500.0	1.0
13792	6896000.0	2.0
13793	6896500.0	0.0
13794	6897000.0	3.0
13795	6897500.0	2.0
13796	6898000.0	1.0
13797	6898500.0	0.0
13798	6899000.0	3.0
13799	6899500.0	2.0
13800	6900000.0	0.0
13801	6900500.0	0.0
13802	6901000.0	1.0
13803	6901500.0	1.0
13804	6902000.0	0.0
13805	6902500.0	2.0
13806	6903000.0	1.0
13807	6903500.0	1.0
13808	6904000.0	0.0
13809	6904500.0	6.0
13810	6905000.0	2.0
13811	6905500.0	1.0
13812	6906000.0	0.0
13813	6906500.0	1.0
13814	6907000.0	3.0
13815	6907500.0	2.0
13816	6908000.0	1.0
13817	6908500.0	1.0
13818	6909000.0	0.0
13819	6909500.0	1.0
13820	6910000.0	2.0
13821	6910500.0	0.0
13822	6911000.0	3.0
13823	6911500.0	1.0
13824	6912000.0	1.0
13825	6912500.0	5.0
13826	6913000.0	1.0
13827	6913500.0	3.0
13828	6914000.0	3.0
13829	6914500.0	2.0
13830	6915000.0	2.0
13831	6915500.0	0.0
13832	6916000.0	2.0
13833	6916500.0	1.0
13834	6917000.0	2.0
13835	6917500.0	2.0
13836	6918000.0	1.0
13837	6918500.0	1.0
13838	6919000.0	1.0
13839	6919500.0	1.0
13840	6920000.0	1.0
13841	6920500.0	2.0
13842	6921000.0	0.0
13843	6921500.0	0.0
13844	6922000.0	0.0
13845	6922500.0	0.0
13846	6923000.0	1.0
13847	6923500.0	1.0
13848	6924000.0	1.0
13849	6924500.0	1.0
13850	6925000.0	2.0
13851	6925500.0	3.0
13852	6926000.0	3.0
13853	6926500.0	1.0
13854	6927000.0	3.0
13855	6927500.0	0.0
13856	6928000.0	3.0
13857	6928500.0	4.0
13858	6929000.0	0.0
13859	6929500.0	1.0
13860	6930000.0	1.0
13861	6930500.0	0.0
13862	6931000.0	3.0
13863	6931500.0	2.0
13864	6932000.0	3.0
13865	6932500.0	2.0
13866	6933000.0	2.0
13867	6933500.0	2.0
13868	6934000.0	2.0
13869	6934500.0	1.0
13870	6935000.0	2.0
13871	6935500.0	2.0
13872	6936000.0	3.0
13873	6936500.0	1.0
13874	6937000.0	1.0
13875	6937500.0	0.0
13876	6938000.0	0.0
13877	6938500.0	2.0
13878	6939000.0	1.0
13879	6939500.0	0.0
13880	6940000.0	2.0
13881	6940500.0	3.0
13882	6941000.0	2.0
13883	6941500.0	1.0
13884	6942000.0	2.0
13885	6942500.0	0.0
13886	6943000.0	4.0
13887	6943500.0	1.0
13888	6944000.0	0.0
13889	6944500.0	2.0
13890	6945000.0	0.0
13891	6945500.0	2.0
13892	6946000.0	1.0
13893	6946500.0	3.0
13894	6947000.0	3.0
13895	6947500.0	2.0
13896	6948000.0	2.0
13897	6948500.0	2.0
13898	6949000.0	2.0
13899	6949500.0	3.0
13900	6950000.0	4.0
13901	6950500.0	3.0
13902	6951000.0	2.0
13903	6951500.0	0.0
13904	6952000.0	0.0
13905	6952500.0	2.0
13906	6953000.0	3.0
13907	6953500.0	1.0
13908	6954000.0	1.0
13909	6954500.0	3.0
13910	6955000.0	0.0
13911	6955500.0	2.0
13912	6956000.0	0.0
13913	6956500.0	1.0
13914	6957000.0	2.0
13915	6957500.0	2.0
13916	6958000.0	5.0
13917	6958500.0	1.0
13918	6959000.0	1.0
13919	6959500.0	1.0
13920	6960000.0	1.0
13921	6960500.0	0.0
13922	6961000.0	1.0
13923	6961500.0	1.0
13924	6962000.0	1.0
13925	6962500.0	2.0
13926	6963000.0	0.0
13927	6963500.0	3.0
13928	6964000.0	0.0
13929	6964500.0	1.0
13930	6965000.0	3.0
13931	6965500.0	3.0
13932	6966000.0	2.0
13933	6966500.0	3.0
13934	6967000.0	3.0
13935	6967500.0	1.0
13936	6968000.0	1.0
13937	6968500.0	4.0
13938	6969000.0	2.0
13939	6969500.0	0.0
13940	6970000.0	1.0
13941	6970500.0	1.0
13942	6971000.0	0.0
13943	6971500.0	4.0
13944	6972000.0	0.0
13945	6972500.0	2.0
13946	6973000.0	2.0
13947	6973500.0	2.0
13948	6974000.0	1.0
13949	6974500.0	4.0
13950	6975000.0	3.0
13951	6975500.0	0.0
13952	6976000.0	2.0
13953	6976500.0	1.0
13954	6977000.0	3.0
13955	6977500.0	1.0
13956	6978000.0	2.0
13957	6978500.0	1.0
13958	6979000.0	0.0
13959	6979500.0	3.0
13960	6980000.0	4.0
13961	6980500.0	2.0
13962	6981000.0	1.0
13963	6981500.0	2.0
13964	6982000.0	0.0
13965	6982500.0	0.0
13966	6983000.0	3.0
13967	6983500.0	1.0
13968	6984000.0	1.0
13969	6984500.0	0.0
13970	6985000.0	0.0
13971	6985500.0	3.0
13972	6986000.0	2.0
13973	6986500.0	2.0
13974	6987000.0	0.0
13975	6987500.0	0.0
13976	6988000.0	1.0
13977	6988500.0	2.0
13978	6989000.0	1.0
13979	6989500.0	2.0
13980	6990000.0	5.0
13981	6990500.0	0.0
13982	6991000.0	1.0
13983	6991500.0	1.0
13984	6992000.0	0.0
13985	6992500.0	0.0
13986	6993000.0	1.0
13987	6993500.0	1.0
13988	6994000.0	0.0
13989	6994500.0	1.0
13990	6995000.0	2.0
13991	6995500.0	1.0
13992	6996000.0	2.0
13993	6996500.0	3.0
13994	6997000.0	2.0
13995	6997500.0	2.0
13996	6998000.0	1.0
13997	6998500.0	2.0
13998	6999000.0	0.0
13999	6999500.0	1.0
14000	7000000.0	2.0
14001	7000500.0	0.0
14002	7001000.0	3.0
14003	7001500.0	2.0
14004	7002000.0	0.0
14005	7002500.0	1.0
14006	7003000.0	4.0
14007	7003500.0	1.0
14008	7004000.0	3.0
14009	7004500.0	3.0
14010	7005000.0	2.0
14011	7005500.0	1.0
14012	7006000.0	0.0
14013	7006500.0	1.0
14014	7007000.0	1.0
14015	7007500.0	2.0
14016	7008000.0	3.0
14017	7008500.0	1.0
14018	7009000.0	3.0
14019	7009500.0	2.0
14020	7010000.0	1.0
14021	7010500.0	1.0
14022	7011000.0	0.0
14023	7011500.0	3.0
14024	7012000.0	4.0
14025	7012500.0	2.0
14026	7013000.0	2.0
14027	7013500.0	3.0
14028	7014000.0	4.0
14029	7014500.0	1.0
14030	7015000.0	3.0
14031	7015500.0	1.0
14032	7016000.0	4.0
14033	7016500.0	4.0
14034	7017000.0	2.0
14035	7017500.0	2.0
14036	7018000.0	1.0
14037	7018500.0	1.0
14038	7019000.0	0.0
14039	7019500.0	0.0
14040	7020000.0	3.0
14041	7020500.0	3.0
14042	7021000.0	1.0
14043	7021500.0	1.0
14044	7022000.0	3.0
14045	7022500.0	3.0
14046	7023000.0	0.0
14047	7023500.0	2.0
14048	7024000.0	0.0
14049	7024500.0	2.0
14050	7025000.0	2.0
14051	7025500.0	2.0
14052	7026000.0	2.0
14053	7026500.0	2.0
14054	7027000.0	0.0
14055	7027500.0	0.0
14056	7028000.0	2.0
14057	7028500.0	0.0
14058	7029000.0	0.0
14059	7029500.0	1.0
14060	7030000.0	1.0
14061	7030500.0	3.0
14062	7031000.0	0.0
14063	7031500.0	1.0
14064	7032000.0	1.0
14065	7032500.0	1.0
14066	7033000.0	1.0
14067	7033500.0	0.0
14068	7034000.0	2.0
14069	7034500.0	1.0
14070	7035000.0	2.0
14071	7035500.0	1.0
14072	7036000.0	1.0
14073	7036500.0	0.0
14074	7037000.0	2.0
14075	7037500.0	1.0
14076	7038000.0	1.0
14077	7038500.0	0.0
14078	7039000.0	2.0
14079	7039500.0	1.0
14080	7040000.0	1.0
14081	7040500.0	3.0
14082	7041000.0	3.0
14083	7041500.0	0.0
14084	7042000.0	3.0
14085	7042500.0	3.0
14086	7043000.0	2.0
14087	7043500.0	1.0
14088	7044000.0	1.0
14089	7044500.0	2.0
14090	7045000.0	1.0
14091	7045500.0	2.0
14092	7046000.0	1.0
14093	7046500.0	0.0
14094	7047000.0	2.0
14095	7047500.0	0.0
14096	7048000.0	1.0
14097	7048500.0	2.0
14098	7049000.0	2.0
14099	7049500.0	2.0
14100	7050000.0	1.0
14101	7050500.0	2.0
14102	7051000.0	4.0
14103	7051500.0	5.0
14104	7052000.0	1.0
14105	7052500.0	0.0
14106	7053000.0	4.0
14107	7053500.0	1.0
14108	7054000.0	1.0
14109	7054500.0	2.0
14110	7055000.0	2.0
14111	7055500.0	3.0
14112	7056000.0	3.0
14113	7056500.0	1.0
14114	7057000.0	1.0
14115	7057500.0	3.0
14116	7058000.0	0.0
14117	7058500.0	3.0
14118	7059000.0	0.0
14119	7059500.0	3.0
14120	7060000.0	0.0
14121	7060500.0	2.0
14122	7061000.0	0.0
14123	7061500.0	1.0
14124	7062000.0	3.0
14125	7062500.0	2.0
14126	7063000.0	1.0
14127	7063500.0	3.0
14128	7064000.0	2.0
14129	7064500.0	0.0
14130	7065000.0	0.0
14131	7065500.0	4.0
14132	7066000.0	0.0
14133	7066500.0	1.0
14134	7067000.0	2.0
14135	7067500.0	1.0
14136	7068000.0	1.0
14137	7068500.0	0.0
14138	7069000.0	1.0
14139	7069500.0	0.0
14140	7070000.0	2.0
14141	7070500.0	2.0
14142	7071000.0	0.0
14143	7071500.0	1.0
14144	7072000.0	3.0
14145	7072500.0	5.0
14146	7073000.0	2.0
14147	7073500.0	0.0
14148	7074000.0	1.0
14149	7074500.0	1.0
14150	7075000.0	0.0
14151	7075500.0	0.0
14152	7076000.0	1.0
14153	7076500.0	1.0
14154	7077000.0	0.0
14155	7077500.0	1.0
14156	7078000.0	1.0
14157	7078500.0	4.0
14158	7079000.0	3.0
14159	7079500.0	1.0
14160	7080000.0	3.0
14161	7080500.0	3.0
14162	7081000.0	1.0
14163	7081500.0	4.0
14164	7082000.0	1.0
14165	7082500.0	4.0
14166	7083000.0	0.0
14167	7083500.0	1.0
14168	7084000.0	1.0
14169	7084500.0	1.0
14170	7085000.0	3.0
14171	7085500.0	1.0
14172	7086000.0	4.0
14173	7086500.0	1.0
14174	7087000.0	2.0
14175	7087500.0	1.0
14176	7088000.0	3.0
14177	7088500.0	4.0
14178	7089000.0	0.0
14179	7089500.0	2.0
14180	7090000.0	3.0
14181	7090500.0	1.0
14182	7091000.0	1.0
14183	7091500.0	2.0
14184	7092000.0	3.0
14185	7092500.0	2.0
14186	7093000.0	1.0
14187	7093500.0	1.0
14188	7094000.0	2.0
14189	7094500.0	0.0
14190	7095000.0	0.0
14191	7095500.0	2.0
14192	7096000.0	4.0
14193	7096500.0	2.0
14194	7097000.0	2.0
14195	7097500.0	2.0
14196	7098000.0	2.0
14197	7098500.0	3.0
14198	7099000.0	2.0
14199	7099500.0	2.0
14200	7100000.0	1.0
14201	7100500.0	2.0
14202	7101000.0	2.0
14203	7101500.0	2.0
14204	7102000.0	3.0
14205	7102500.0	1.0
14206	7103000.0	1.0
14207	7103500.0	0.0
14208	7104000.0	1.0
14209	7104500.0	2.0
14210	7105000.0	4.0
14211	7105500.0	0.0
14212	7106000.0	2.0
14213	7106500.0	1.0
14214	7107000.0	3.0
14215	7107500.0	0.0
14216	7108000.0	1.0
14217	7108500.0	1.0
14218	7109000.0	0.0
14219	7109500.0	1.0
14220	7110000.0	4.0
14221	7110500.0	4.0
14222	7111000.0	1.0
14223	7111500.0	2.0
14224	7112000.0	0.0
14225	7112500.0	1.0
14226	7113000.0	2.0
14227	7113500.0	3.0
14228	7114000.0	4.0
14229	7114500.0	2.0
14230	7115000.0	0.0
14231	7115500.0	0.0
14232	7116000.0	0.0
14233	7116500.0	1.0
14234	7117000.0	0.0
14235	7117500.0	2.0
14236	7118000.0	0.0
14237	7118500.0	3.0
14238	7119000.0	0.0
14239	7119500.0	0.0
14240	7120000.0	1.0
14241	7120500.0	2.0
14242	7121000.0	4.0
14243	7121500.0	2.0
14244	7122000.0	2.0
14245	7122500.0	0.0
14246	7123000.0	0.0
14247	7123500.0	2.0
14248	7124000.0	1.0
14249	7124500.0	3.0
14250	7125000.0	3.0
14251	7125500.0	1.0
14252	7126000.0	2.0
14253	7126500.0	2.0
14254	7127000.0	1.0
14255	7127500.0	3.0
14256	7128000.0	1.0
14257	7128500.0	1.0
14258	7129000.0	3.0
14259	7129500.0	0.0
14260	7130000.0	1.0
14261	7130500.0	0.0
14262	7131000.0	1.0
14263	7131500.0	0.0
14264	7132000.0	3.0
14265	7132500.0	5.0
14266	7133000.0	3.0
14267	7133500.0	1.0
14268	7134000.0	2.0
14269	7134500.0	1.0
14270	7135000.0	2.0
14271	7135500.0	3.0
14272	7136000.0	2.0
14273	7136500.0	1.0
14274	7137000.0	4.0
14275	7137500.0	3.0
14276	7138000.0	4.0
14277	7138500.0	3.0
14278	7139000.0	1.0
14279	7139500.0	1.0
14280	7140000.0	1.0
14281	7140500.0	2.0
14282	7141000.0	0.0
14283	7141500.0	1.0
14284	7142000.0	2.0
14285	7142500.0	2.0
14286	7143000.0	1.0
14287	7143500.0	1.0
14288	7144000.0	2.0
14289	7144500.0	1.0
14290	7145000.0	1.0
14291	7145500.0	5.0
14292	7146000.0	0.0
14293	7146500.0	3.0
14294	7147000.0	2.0
14295	7147500.0	2.0
14296	7148000.0	1.0
14297	7148500.0	0.0
14298	7149000.0	0.0
14299	7149500.0	2.0
14300	7150000.0	1.0
14301	7150500.0	2.0
14302	7151000.0	1.0
14303	7151500.0	1.0
14304	7152000.0	2.0
14305	7152500.0	2.0
14306	7153000.0	0.0
14307	7153500.0	4.0
14308	7154000.0	1.0
14309	7154500.0	2.0
14310	7155000.0	1.0
14311	7155500.0	0.0
14312	7156000.0	1.0
14313	7156500.0	2.0
14314	7157000.0	2.0
14315	7157500.0	0.0
14316	7158000.0	1.0
14317	7158500.0	1.0
14318	7159000.0	1.0
14319	7159500.0	2.0
14320	7160000.0	1.0
14321	7160500.0	2.0
14322	7161000.0	1.0
14323	7161500.0	1.0
14324	7162000.0	0.0
14325	7162500.0	0.0
14326	7163000.0	4.0
14327	7163500.0	3.0
14328	7164000.0	3.0
14329	7164500.0	1.0
14330	7165000.0	1.0
14331	7165500.0	3.0
14332	7166000.0	1.0
14333	7166500.0	4.0
14334	7167000.0	3.0
14335	7167500.0	3.0
14336	7168000.0	2.0
14337	7168500.0	1.0
14338	7169000.0	3.0
14339	7169500.0	6.0
14340	7170000.0	1.0
14341	7170500.0	1.0
14342	7171000.0	5.0
14343	7171500.0	3.0
14344	7172000.0	1.0
14345	7172500.0	0.0
14346	7173000.0	3.0
14347	7173500.0	4.0
14348	7174000.0	2.0
14349	7174500.0	1.0
14350	7175000.0	1.0
14351	7175500.0	1.0
14352	7176000.0	4.0
14353	7176500.0	1.0
14354	7177000.0	0.0
14355	7177500.0	1.0
14356	7178000.0	4.0
14357	7178500.0	2.0
14358	7179000.0	1.0
14359	7179500.0	2.0
14360	7180000.0	0.0
14361	7180500.0	2.0
14362	7181000.0	1.0
14363	7181500.0	3.0
14364	7182000.0	1.0
14365	7182500.0	2.0
14366	7183000.0	0.0
14367	7183500.0	1.0
14368	7184000.0	1.0
14369	7184500.0	2.0
14370	7185000.0	1.0
14371	7185500.0	2.0
14372	7186000.0	2.0
14373	7186500.0	4.0
14374	7187000.0	5.0
14375	7187500.0	1.0
14376	7188000.0	0.0
14377	7188500.0	0.0
14378	7189000.0	1.0
14379	7189500.0	3.0
14380	7190000.0	5.0
14381	7190500.0	1.0
14382	7191000.0	1.0
14383	7191500.0	3.0
14384	7192000.0	2.0
14385	7192500.0	0.0
14386	7193000.0	2.0
14387	7193500.0	0.0
14388	7194000.0	1.0
14389	7194500.0	1.0
14390	7195000.0	2.0
14391	7195500.0	3.0
14392	7196000.0	1.0
14393	7196500.0	3.0
14394	7197000.0	0.0
14395	7197500.0	1.0
14396	7198000.0	4.0
14397	7198500.0	1.0
14398	7199000.0	4.0
14399	7199500.0	1.0
14400	7200000.0	1.0
14401	7200500.0	0.0
14402	7201000.0	2.0
14403	7201500.0	3.0
14404	7202000.0	1.0
14405	7202500.0	2.0
14406	7203000.0	2.0
14407	7203500.0	4.0
14408	7204000.0	2.0
14409	7204500.0	2.0
14410	7205000.0	4.0
14411	7205500.0	3.0
14412	7206000.0	0.0
14413	7206500.0	1.0
14414	7207000.0	5.0
14415	7207500.0	1.0
14416	7208000.0	0.0
14417	7208500.0	1.0
14418	7209000.0	2.0
14419	7209500.0	2.0
14420	7210000.0	0.0
14421	7210500.0	0.0
14422	7211000.0	1.0
14423	7211500.0	0.0
14424	7212000.0	2.0
14425	7212500.0	0.0
14426	7213000.0	1.0
14427	7213500.0	2.0
14428	7214000.0	1.0
14429	7214500.0	1.0
14430	7215000.0	1.0
14431	7215500.0	1.0
14432	7216000.0	1.0
14433	7216500.0	1.0
14434	7217000.0	0.0
14435	7217500.0	0.0
14436	7218000.0	0.0
14437	7218500.0	1.0
14438	7219000.0	0.0
14439	7219500.0	0.0
14440	7220000.0	3.0
14441	7220500.0	2.0
14442	7221000.0	0.0
14443	7221500.0	1.0
14444	7222000.0	1.0
14445	7222500.0	4.0
14446	7223000.0	1.0
14447	7223500.0	0.0
14448	7224000.0	1.0
14449	7224500.0	1.0
14450	7225000.0	4.0
14451	7225500.0	1.0
14452	7226000.0	4.0
14453	7226500.0	1.0
14454	7227000.0	2.0
14455	7227500.0	3.0
14456	7228000.0	0.0
14457	7228500.0	1.0
14458	7229000.0	3.0
14459	7229500.0	4.0
14460	7230000.0	3.0
14461	7230500.0	2.0
14462	7231000.0	2.0
14463	7231500.0	2.0
14464	7232000.0	0.0
14465	7232500.0	1.0
14466	7233000.0	1.0
14467	7233500.0	2.0
14468	7234000.0	2.0
14469	7234500.0	0.0
14470	7235000.0	2.0
14471	7235500.0	0.0
14472	7236000.0	2.0
14473	7236500.0	0.0
14474	7237000.0	0.0
14475	7237500.0	1.0
14476	7238000.0	1.0
14477	7238500.0	1.0
14478	7239000.0	3.0
14479	7239500.0	0.0
14480	7240000.0	3.0
14481	7240500.0	2.0
14482	7241000.0	2.0
14483	7241500.0	2.0
14484	7242000.0	3.0
14485	7242500.0	4.0
14486	7243000.0	3.0
14487	7243500.0	2.0
14488	7244000.0	2.0
14489	7244500.0	2.0
14490	7245000.0	3.0
14491	7245500.0	5.0
14492	7246000.0	0.0
14493	7246500.0	2.0
14494	7247000.0	0.0
14495	7247500.0	1.0
14496	7248000.0	1.0
14497	7248500.0	2.0
14498	7249000.0	0.0
14499	7249500.0	2.0
14500	7250000.0	1.0
14501	7250500.0	1.0
14502	7251000.0	2.0
14503	7251500.0	1.0
14504	7252000.0	4.0
14505	7252500.0	3.0
14506	7253000.0	4.0
14507	7253500.0	1.0
14508	7254000.0	1.0
14509	7254500.0	2.0
14510	7255000.0	0.0
14511	7255500.0	1.0
14512	7256000.0	0.0
14513	7256500.0	2.0
14514	7257000.0	3.0
14515	7257500.0	2.0
14516	7258000.0	1.0
14517	7258500.0	2.0
14518	7259000.0	2.0
14519	7259500.0	3.0
14520	7260000.0	1.0
14521	7260500.0	3.0
14522	7261000.0	1.0
14523	7261500.0	0.0
14524	7262000.0	3.0
14525	7262500.0	2.0
14526	7263000.0	1.0
14527	7263500.0	0.0
14528	7264000.0	4.0
14529	7264500.0	2.0
14530	7265000.0	1.0
14531	7265500.0	1.0
14532	7266000.0	1.0
14533	7266500.0	0.0
14534	7267000.0	0.0
14535	7267500.0	1.0
14536	7268000.0	1.0
14537	7268500.0	5.0
14538	7269000.0	0.0
14539	7269500.0	1.0
14540	7270000.0	1.0
14541	7270500.0	3.0
14542	7271000.0	2.0
14543	7271500.0	0.0
14544	7272000.0	1.0
14545	7272500.0	1.0
14546	7273000.0	0.0
14547	7273500.0	3.0
14548	7274000.0	1.0
14549	7274500.0	0.0
14550	7275000.0	1.0
14551	7275500.0	2.0
14552	7276000.0	0.0
14553	7276500.0	0.0
14554	7277000.0	1.0
14555	7277500.0	1.0
14556	7278000.0	3.0
14557	7278500.0	0.0
14558	7279000.0	2.0
14559	7279500.0	0.0
14560	7280000.0	2.0
14561	7280500.0	0.0
14562	7281000.0	3.0
14563	7281500.0	0.0
14564	7282000.0	0.0
14565	7282500.0	0.0
14566	7283000.0	1.0
14567	7283500.0	0.0
14568	7284000.0	0.0
14569	7284500.0	1.0
14570	7285000.0	2.0
14571	7285500.0	5.0
14572	7286000.0	2.0
14573	7286500.0	2.0
14574	7287000.0	2.0
14575	7287500.0	0.0
14576	7288000.0	3.0
14577	7288500.0	2.0
14578	7289000.0	2.0
14579	7289500.0	3.0
14580	7290000.0	0.0
14581	7290500.0	1.0
14582	7291000.0	2.0
14583	7291500.0	2.0
14584	7292000.0	5.0
14585	7292500.0	2.0
14586	7293000.0	1.0
14587	7293500.0	3.0
14588	7294000.0	2.0
14589	7294500.0	0.0
14590	7295000.0	2.0
14591	7295500.0	1.0
14592	7296000.0	2.0
14593	7296500.0	3.0
14594	7297000.0	0.0
14595	7297500.0	1.0
14596	7298000.0	1.0
14597	7298500.0	0.0
14598	7299000.0	2.0
14599	7299500.0	2.0
14600	7300000.0	2.0
14601	7300500.0	1.0
14602	7301000.0	2.0
14603	7301500.0	3.0
14604	7302000.0	1.0
14605	7302500.0	0.0
14606	7303000.0	1.0
14607	7303500.0	1.0
14608	7304000.0	1.0
14609	7304500.0	4.0
14610	7305000.0	1.0
14611	7305500.0	1.0
14612	7306000.0	2.0
14613	7306500.0	2.0
14614	7307000.0	2.0
14615	7307500.0	2.0
14616	7308000.0	4.0
14617	7308500.0	2.0
14618	7309000.0	0.0
14619	7309500.0	1.0
14620	7310000.0	2.0
14621	7310500.0	1.0
14622	7311000.0	2.0
14623	7311500.0	1.0
14624	7312000.0	1.0
14625	7312500.0	2.0
14626	7313000.0	3.0
14627	7313500.0	3.0
14628	7314000.0	1.0
14629	7314500.0	2.0
14630	7315000.0	2.0
14631	7315500.0	0.0
14632	7316000.0	1.0
14633	7316500.0	1.0
14634	7317000.0	2.0
14635	7317500.0	2.0
14636	7318000.0	4.0
14637	7318500.0	3.0
14638	7319000.0	2.0
14639	7319500.0	2.0
14640	7320000.0	0.0
14641	7320500.0	1.0
14642	7321000.0	0.0
14643	7321500.0	1.0
14644	7322000.0	1.0
14645	7322500.0	1.0
14646	7323000.0	0.0
14647	7323500.0	3.0
14648	7324000.0	2.0
14649	7324500.0	1.0
14650	7325000.0	4.0
14651	7325500.0	1.0
14652	7326000.0	0.0
14653	7326500.0	1.0
14654	7327000.0	0.0
14655	7327500.0	0.0
14656	7328000.0	1.0
14657	7328500.0	1.0
14658	7329000.0	2.0
14659	7329500.0	1.0
14660	7330000.0	2.0
14661	7330500.0	1.0
14662	7331000.0	2.0
14663	7331500.0	3.0
14664	7332000.0	0.0
14665	7332500.0	2.0
14666	7333000.0	1.0
14667	7333500.0	2.0
14668	7334000.0	1.0
14669	7334500.0	3.0
14670	7335000.0	2.0
14671	7335500.0	1.0
14672	7336000.0	5.0
14673	7336500.0	4.0
14674	7337000.0	0.0
14675	7337500.0	2.0
14676	7338000.0	3.0
14677	7338500.0	2.0
14678	7339000.0	0.0
14679	7339500.0	1.0
14680	7340000.0	6.0
14681	7340500.0	2.0
14682	7341000.0	0.0
14683	7341500.0	0.0
14684	7342000.0	3.0
14685	7342500.0	2.0
14686	7343000.0	3.0
14687	7343500.0	6.0
14688	7344000.0	1.0
14689	7344500.0	1.0
14690	7345000.0	2.0
14691	7345500.0	1.0
14692	7346000.0	0.0
14693	7346500.0	2.0
14694	7347000.0	0.0
14695	7347500.0	1.0
14696	7348000.0	2.0
14697	7348500.0	0.0
14698	7349000.0	2.0
14699	7349500.0	2.0
14700	7350000.0	3.0
14701	7350500.0	4.0
14702	7351000.0	1.0
14703	7351500.0	2.0
14704	7352000.0	1.0
14705	7352500.0	1.0
14706	7353000.0	1.0
14707	7353500.0	2.0
14708	7354000.0	2.0
14709	7354500.0	2.0
14710	7355000.0	3.0
14711	7355500.0	2.0
14712	7356000.0	0.0
14713	7356500.0	1.0
14714	7357000.0	0.0
14715	7357500.0	3.0
14716	7358000.0	2.0
14717	7358500.0	1.0
14718	7359000.0	1.0
14719	7359500.0	0.0
14720	7360000.0	2.0
14721	7360500.0	3.0
14722	7361000.0	0.0
14723	7361500.0	1.0
14724	7362000.0	0.0
14725	7362500.0	1.0
14726	7363000.0	1.0
14727	7363500.0	1.0
14728	7364000.0	1.0
14729	7364500.0	2.0
14730	7365000.0	1.0
14731	7365500.0	0.0
14732	7366000.0	3.0
14733	7366500.0	0.0
14734	7367000.0	1.0
14735	7367500.0	2.0
14736	7368000.0	1.0
14737	7368500.0	2.0
14738	7369000.0	1.0
14739	7369500.0	0.0
14740	7370000.0	1.0
14741	7370500.0	3.0
14742	7371000.0	1.0
14743	7371500.0	2.0
14744	7372000.0	2.0
14745	7372500.0	0.0
14746	7373000.0	2.0
14747	7373500.0	3.0
14748	7374000.0	3.0
14749	7374500.0	3.0
14750	7375000.0	1.0
14751	7375500.0	1.0
14752	7376000.0	1.0
14753	7376500.0	1.0
14754	7377000.0	0.0
14755	7377500.0	0.0
14756	7378000.0	2.0
14757	7378500.0	2.0
14758	7379000.0	1.0
14759	7379500.0	0.0
14760	7380000.0	0.0
14761	7380500.0	1.0
14762	7381000.0	2.0
14763	7381500.0	1.0
14764	7382000.0	2.0
14765	7382500.0	1.0
14766	7383000.0	2.0
14767	7383500.0	2.0
14768	7384000.0	1.0
14769	7384500.0	3.0
14770	7385000.0	0.0
14771	7385500.0	2.0
14772	7386000.0	3.0
14773	7386500.0	1.0
14774	7387000.0	0.0
14775	7387500.0	3.0
14776	7388000.0	0.0
14777	7388500.0	1.0
14778	7389000.0	1.0
14779	7389500.0	2.0
14780	7390000.0	1.0
14781	7390500.0	3.0
14782	7391000.0	1.0
14783	7391500.0	3.0
14784	7392000.0	0.0
14785	7392500.0	2.0
14786	7393000.0	3.0
14787	7393500.0	6.0
14788	7394000.0	3.0
14789	7394500.0	1.0
14790	7395000.0	2.0
14791	7395500.0	1.0
14792	7396000.0	1.0
14793	7396500.0	0.0
14794	7397000.0	0.0
14795	7397500.0	2.0
14796	7398000.0	0.0
14797	7398500.0	0.0
14798	7399000.0	2.0
14799	7399500.0	1.0
14800	7400000.0	2.0
14801	7400500.0	1.0
14802	7401000.0	0.0
14803	7401500.0	3.0
14804	7402000.0	2.0
14805	7402500.0	1.0
14806	7403000.0	3.0
14807	7403500.0	0.0
14808	7404000.0	0.0
14809	7404500.0	0.0
14810	7405000.0	1.0
14811	7405500.0	1.0
14812	7406000.0	2.0
14813	7406500.0	1.0
14814	7407000.0	3.0
14815	7407500.0	0.0
14816	7408000.0	0.0
14817	7408500.0	0.0
14818	7409000.0	0.0
14819	7409500.0	0.0
14820	7410000.0	1.0
14821	7410500.0	0.0
14822	7411000.0	0.0
14823	7411500.0	0.0
14824	7412000.0	0.0
14825	7412500.0	6.0
14826	7413000.0	1.0
14827	7413500.0	3.0
14828	7414000.0	2.0
14829	7414500.0	4.0
14830	7415000.0	1.0
14831	7415500.0	1.0
14832	7416000.0	2.0
14833	7416500.0	0.0
14834	7417000.0	0.0
14835	7417500.0	2.0
14836	7418000.0	2.0
14837	7418500.0	2.0
14838	7419000.0	1.0
14839	7419500.0	1.0
14840	7420000.0	1.0
14841	7420500.0	1.0
14842	7421000.0	1.0
14843	7421500.0	0.0
14844	7422000.0	3.0
14845	7422500.0	2.0
14846	7423000.0	2.0
14847	7423500.0	0.0
14848	7424000.0	2.0
14849	7424500.0	1.0
14850	7425000.0	2.0
14851	7425500.0	1.0
14852	7426000.0	1.0
14853	7426500.0	0.0
14854	7427000.0	2.0
14855	7427500.0	0.0
14856	7428000.0	1.0
14857	7428500.0	1.0
14858	7429000.0	1.0
14859	7429500.0	0.0
14860	7430000.0	0.0
14861	7430500.0	1.0
14862	7431000.0	2.0
14863	7431500.0	1.0
14864	7432000.0	2.0
14865	7432500.0	1.0
14866	7433000.0	1.0
14867	7433500.0	3.0
14868	7434000.0	0.0
14869	7434500.0	1.0
14870	7435000.0	0.0
14871	7435500.0	3.0
14872	7436000.0	3.0
14873	7436500.0	1.0
14874	7437000.0	1.0
14875	7437500.0	3.0
14876	7438000.0	1.0
14877	7438500.0	1.0
14878	7439000.0	1.0
14879	7439500.0	2.0
14880	7440000.0	1.0
14881	7440500.0	1.0
14882	7441000.0	4.0
14883	7441500.0	1.0
14884	7442000.0	2.0
14885	7442500.0	0.0
14886	7443000.0	1.0
14887	7443500.0	1.0
14888	7444000.0	0.0
14889	7444500.0	2.0
14890	7445000.0	1.0
14891	7445500.0	1.0
14892	7446000.0	1.0
14893	7446500.0	2.0
14894	7447000.0	0.0
14895	7447500.0	1.0
14896	7448000.0	4.0
14897	7448500.0	1.0
14898	7449000.0	2.0
14899	7449500.0	0.0
14900	7450000.0	2.0
14901	7450500.0	1.0
14902	7451000.0	0.0
14903	7451500.0	3.0
14904	7452000.0	3.0
14905	7452500.0	1.0
14906	7453000.0	1.0
14907	7453500.0	2.0
14908	7454000.0	2.0
14909	7454500.0	2.0
14910	7455000.0	4.0
14911	7455500.0	0.0
14912	7456000.0	0.0
14913	7456500.0	0.0
14914	7457000.0	2.0
14915	7457500.0	1.0
14916	7458000.0	0.0
14917	7458500.0	1.0
14918	7459000.0	2.0
14919	7459500.0	0.0
14920	7460000.0	1.0
14921	7460500.0	1.0
14922	7461000.0	1.0
14923	7461500.0	2.0
14924	7462000.0	2.0
14925	7462500.0	0.0
14926	7463000.0	3.0
14927	7463500.0	4.0
14928	7464000.0	1.0
14929	7464500.0	0.0
14930	7465000.0	3.0
14931	7465500.0	0.0
14932	7466000.0	1.0
14933	7466500.0	2.0
14934	7467000.0	0.0
14935	7467500.0	2.0
14936	7468000.0	1.0
14937	7468500.0	2.0
14938	7469000.0	1.0
14939	7469500.0	1.0
14940	7470000.0	0.0
14941	7470500.0	1.0
14942	7471000.0	6.0
14943	7471500.0	6.0
14944	7472000.0	0.0
14945	7472500.0	2.0
14946	7473000.0	1.0
14947	7473500.0	0.0
14948	7474000.0	1.0
14949	7474500.0	4.0
14950	7475000.0	2.0
14951	7475500.0	1.0
14952	7476000.0	0.0
14953	7476500.0	4.0
14954	7477000.0	3.0
14955	7477500.0	1.0
14956	7478000.0	1.0
14957	7478500.0	0.0
14958	7479000.0	3.0
14959	7479500.0	1.0
14960	7480000.0	1.0
14961	7480500.0	2.0
14962	7481000.0	0.0
14963	7481500.0	0.0
14964	7482000.0	1.0
14965	7482500.0	2.0
14966	7483000.0	4.0
14967	7483500.0	0.0
14968	7484000.0	0.0
14969	7484500.0	4.0
14970	7485000.0	1.0
14971	7485500.0	1.0
14972	7486000.0	2.0
14973	7486500.0	4.0
14974	7487000.0	2.0
14975	7487500.0	3.0
14976	7488000.0	4.0
14977	7488500.0	2.0
14978	7489000.0	3.0
14979	7489500.0	1.0
14980	7490000.0	1.0
14981	7490500.0	1.0
14982	7491000.0	2.0
14983	7491500.0	1.0
14984	7492000.0	1.0
14985	7492500.0	1.0
14986	7493000.0	3.0
14987	7493500.0	2.0
14988	7494000.0	1.0
14989	7494500.0	3.0
14990	7495000.0	0.0
14991	7495500.0	1.0
14992	7496000.0	1.0
14993	7496500.0	1.0
14994	7497000.0	2.0
14995	7497500.0	2.0
14996	7498000.0	2.0
14997	7498500.0	4.0
14998	7499000.0	3.0
14999	7499500.0	2.0
15000	7500000.0	0.0
15001	7500500.0	2.0
15002	7501000.0	3.0
15003	7501500.0	1.0
15004	7502000.0	1.0
15005	7502500.0	1.0
15006	7503000.0	1.0
15007	7503500.0	3.0
15008	7504000.0	0.0
15009	7504500.0	5.0
15010	7505000.0	1.0
15011	7505500.0	1.0
15012	7506000.0	3.0
15013	7506500.0	1.0
15014	7507000.0	0.0
15015	7507500.0	1.0
15016	7508000.0	0.0
15017	7508500.0	1.0
15018	7509000.0	2.0
15019	7509500.0	3.0
15020	7510000.0	1.0
15021	7510500.0	1.0
15022	7511000.0	0.0
15023	7511500.0	3.0
15024	7512000.0	0.0
15025	7512500.0	3.0
15026	7513000.0	1.0
15027	7513500.0	1.0
15028	7514000.0	0.0
15029	7514500.0	1.0
15030	7515000.0	1.0
15031	7515500.0	2.0
15032	7516000.0	3.0
15033	7516500.0	2.0
15034	7517000.0	1.0
15035	7517500.0	1.0
15036	7518000.0	4.0
15037	7518500.0	2.0
15038	7519000.0	0.0
15039	7519500.0	0.0
15040	7520000.0	1.0
15041	7520500.0	1.0
15042	7521000.0	1.0
15043	7521500.0	1.0
15044	7522000.0	0.0
15045	7522500.0	1.0
15046	7523000.0	0.0
15047	7523500.0	2.0
15048	7524000.0	2.0
15049	7524500.0	1.0
15050	7525000.0	1.0
15051	7525500.0	1.0
15052	7526000.0	4.0
15053	7526500.0	3.0
15054	7527000.0	0.0
15055	7527500.0	0.0
15056	7528000.0	2.0
15057	7528500.0	6.0
15058	7529000.0	1.0
15059	7529500.0	3.0
15060	7530000.0	2.0
15061	7530500.0	2.0
15062	7531000.0	1.0
15063	7531500.0	0.0
15064	7532000.0	1.0
15065	7532500.0	1.0
15066	7533000.0	2.0
15067	7533500.0	1.0
15068	7534000.0	2.0
15069	7534500.0	1.0
15070	7535000.0	0.0
15071	7535500.0	1.0
15072	7536000.0	1.0
15073	7536500.0	0.0
15074	7537000.0	1.0
15075	7537500.0	2.0
15076	7538000.0	2.0
15077	7538500.0	1.0
15078	7539000.0	1.0
15079	7539500.0	3.0
15080	7540000.0	0.0
15081	7540500.0	1.0
15082	7541000.0	3.0
15083	7541500.0	0.0
15084	7542000.0	0.0
15085	7542500.0	2.0
15086	7543000.0	2.0
15087	7543500.0	2.0
15088	7544000.0	7.0
15089	7544500.0	1.0
15090	7545000.0	0.0
15091	7545500.0	2.0
15092	7546000.0	1.0
15093	7546500.0	2.0
15094	7547000.0	4.0
15095	7547500.0	2.0
15096	7548000.0	0.0
15097	7548500.0	2.0
15098	7549000.0	1.0
15099	7549500.0	1.0
15100	7550000.0	1.0
15101	7550500.0	1.0
15102	7551000.0	3.0
15103	7551500.0	2.0
15104	7552000.0	3.0
15105	7552500.0	2.0
15106	7553000.0	1.0
15107	7553500.0	1.0
15108	7554000.0	2.0
15109	7554500.0	1.0
15110	7555000.0	1.0
15111	7555500.0	3.0
15112	7556000.0	2.0
15113	7556500.0	1.0
15114	7557000.0	2.0
15115	7557500.0	2.0
15116	7558000.0	0.0
15117	7558500.0	2.0
15118	7559000.0	0.0
15119	7559500.0	1.0
15120	7560000.0	1.0
15121	7560500.0	2.0
15122	7561000.0	0.0
15123	7561500.0	2.0
15124	7562000.0	2.0
15125	7562500.0	3.0
15126	7563000.0	1.0
15127	7563500.0	5.0
15128	7564000.0	5.0
15129	7564500.0	1.0
15130	7565000.0	0.0
15131	7565500.0	2.0
15132	7566000.0	1.0
15133	7566500.0	2.0
15134	7567000.0	0.0
15135	7567500.0	2.0
15136	7568000.0	2.0
15137	7568500.0	2.0
15138	7569000.0	2.0
15139	7569500.0	0.0
15140	7570000.0	1.0
15141	7570500.0	2.0
15142	7571000.0	0.0
15143	7571500.0	1.0
15144	7572000.0	2.0
15145	7572500.0	2.0
15146	7573000.0	2.0
15147	7573500.0	1.0
15148	7574000.0	2.0
15149	7574500.0	4.0
15150	7575000.0	0.0
15151	7575500.0	0.0
15152	7576000.0	1.0
15153	7576500.0	1.0
15154	7577000.0	3.0
15155	7577500.0	2.0
15156	7578000.0	1.0
15157	7578500.0	0.0
15158	7579000.0	1.0
15159	7579500.0	1.0
15160	7580000.0	1.0
15161	7580500.0	0.0
15162	7581000.0	3.0
15163	7581500.0	0.0
15164	7582000.0	0.0
15165	7582500.0	0.0
15166	7583000.0	1.0
15167	7583500.0	2.0
15168	7584000.0	2.0
15169	7584500.0	3.0
15170	7585000.0	1.0
15171	7585500.0	2.0
15172	7586000.0	0.0
15173	7586500.0	1.0
15174	7587000.0	2.0
15175	7587500.0	1.0
15176	7588000.0	2.0
15177	7588500.0	2.0
15178	7589000.0	3.0
15179	7589500.0	1.0
15180	7590000.0	3.0
15181	7590500.0	2.0
15182	7591000.0	1.0
15183	7591500.0	1.0
15184	7592000.0	1.0
15185	7592500.0	1.0
15186	7593000.0	1.0
15187	7593500.0	3.0
15188	7594000.0	0.0
15189	7594500.0	0.0
15190	7595000.0	0.0
15191	7595500.0	2.0
15192	7596000.0	2.0
15193	7596500.0	2.0
15194	7597000.0	3.0
15195	7597500.0	2.0
15196	7598000.0	1.0
15197	7598500.0	1.0
15198	7599000.0	2.0
15199	7599500.0	2.0
15200	7600000.0	1.0
15201	7600500.0	1.0
15202	7601000.0	0.0
15203	7601500.0	2.0
15204	7602000.0	3.0
15205	7602500.0	1.0
15206	7603000.0	1.0
15207	7603500.0	2.0
15208	7604000.0	2.0
15209	7604500.0	0.0
15210	7605000.0	1.0
15211	7605500.0	5.0
15212	7606000.0	1.0
15213	7606500.0	0.0
15214	7607000.0	3.0
15215	7607500.0	1.0
15216	7608000.0	0.0
15217	7608500.0	0.0
15218	7609000.0	2.0
15219	7609500.0	4.0
15220	7610000.0	3.0
15221	7610500.0	2.0
15222	7611000.0	1.0
15223	7611500.0	4.0
15224	7612000.0	2.0
15225	7612500.0	2.0
15226	7613000.0	3.0
15227	7613500.0	1.0
15228	7614000.0	0.0
15229	7614500.0	3.0
15230	7615000.0	3.0
15231	7615500.0	1.0
15232	7616000.0	1.0
15233	7616500.0	2.0
15234	7617000.0	4.0
15235	7617500.0	0.0
15236	7618000.0	0.0
15237	7618500.0	1.0
15238	7619000.0	2.0
15239	7619500.0	1.0
15240	7620000.0	2.0
15241	7620500.0	1.0
15242	7621000.0	1.0
15243	7621500.0	3.0
15244	7622000.0	0.0
15245	7622500.0	3.0
15246	7623000.0	1.0
15247	7623500.0	3.0
15248	7624000.0	3.0
15249	7624500.0	3.0
15250	7625000.0	1.0
15251	7625500.0	0.0
15252	7626000.0	1.0
15253	7626500.0	1.0
15254	7627000.0	1.0
15255	7627500.0	4.0
15256	7628000.0	1.0
15257	7628500.0	1.0
15258	7629000.0	2.0
15259	7629500.0	2.0
15260	7630000.0	0.0
15261	7630500.0	3.0
15262	7631000.0	2.0
15263	7631500.0	0.0
15264	7632000.0	2.0
15265	7632500.0	3.0
15266	7633000.0	2.0
15267	7633500.0	1.0
15268	7634000.0	1.0
15269	7634500.0	0.0
15270	7635000.0	2.0
15271	7635500.0	3.0
15272	7636000.0	2.0
15273	7636500.0	2.0
15274	7637000.0	1.0
15275	7637500.0	3.0
15276	7638000.0	1.0
15277	7638500.0	1.0
15278	7639000.0	1.0
15279	7639500.0	1.0
15280	7640000.0	2.0
15281	7640500.0	2.0
15282	7641000.0	2.0
15283	7641500.0	0.0
15284	7642000.0	1.0
15285	7642500.0	1.0
15286	7643000.0	2.0
15287	7643500.0	1.0
15288	7644000.0	1.0
15289	7644500.0	3.0
15290	7645000.0	2.0
15291	7645500.0	3.0
15292	7646000.0	0.0
15293	7646500.0	1.0
15294	7647000.0	0.0
15295	7647500.0	1.0
15296	7648000.0	6.0
15297	7648500.0	0.0
15298	7649000.0	1.0
15299	7649500.0	0.0
15300	7650000.0	2.0
15301	7650500.0	2.0
15302	7651000.0	1.0
15303	7651500.0	3.0
15304	7652000.0	2.0
15305	7652500.0	2.0
15306	7653000.0	0.0
15307	7653500.0	2.0
15308	7654000.0	2.0
15309	7654500.0	0.0
15310	7655000.0	0.0
15311	7655500.0	1.0
15312	7656000.0	1.0
15313	7656500.0	2.0
15314	7657000.0	0.0
15315	7657500.0	1.0
15316	7658000.0	3.0
15317	7658500.0	1.0
15318	7659000.0	0.0
15319	7659500.0	0.0
15320	7660000.0	4.0
15321	7660500.0	0.0
15322	7661000.0	0.0
15323	7661500.0	4.0
15324	7662000.0	2.0
15325	7662500.0	0.0
15326	7663000.0	0.0
15327	7663500.0	1.0
15328	7664000.0	3.0
15329	7664500.0	2.0
15330	7665000.0	5.0
15331	7665500.0	1.0
15332	7666000.0	0.0
15333	7666500.0	4.0
15334	7667000.0	1.0
15335	7667500.0	0.0
15336	7668000.0	1.0
15337	7668500.0	0.0
15338	7669000.0	3.0
15339	7669500.0	2.0
15340	7670000.0	3.0
15341	7670500.0	0.0
15342	7671000.0	0.0
15343	7671500.0	2.0
15344	7672000.0	1.0
15345	7672500.0	0.0
15346	7673000.0	2.0
15347	7673500.0	1.0
15348	7674000.0	1.0
15349	7674500.0	1.0
15350	7675000.0	1.0
15351	7675500.0	0.0
15352	7676000.0	3.0
15353	7676500.0	1.0
15354	7677000.0	1.0
15355	7677500.0	2.0
15356	7678000.0	2.0
15357	7678500.0	1.0
15358	7679000.0	0.0
15359	7679500.0	1.0
15360	7680000.0	2.0
15361	7680500.0	1.0
15362	7681000.0	4.0
15363	7681500.0	0.0
15364	7682000.0	3.0
15365	7682500.0	1.0
15366	7683000.0	1.0
15367	7683500.0	1.0
15368	7684000.0	2.0
15369	7684500.0	3.0
15370	7685000.0	0.0
15371	7685500.0	2.0
15372	7686000.0	1.0
15373	7686500.0	0.0
15374	7687000.0	2.0
15375	7687500.0	0.0
15376	7688000.0	0.0
15377	7688500.0	2.0
15378	7689000.0	1.0
15379	7689500.0	2.0
15380	7690000.0	0.0
15381	7690500.0	0.0
15382	7691000.0	1.0
15383	7691500.0	2.0
15384	7692000.0	1.0
15385	7692500.0	0.0
15386	7693000.0	0.0
15387	7693500.0	1.0
15388	7694000.0	2.0
15389	7694500.0	0.0
15390	7695000.0	4.0
15391	7695500.0	0.0
15392	7696000.0	0.0
15393	7696500.0	1.0
15394	7697000.0	0.0
15395	7697500.0	2.0
15396	7698000.0	1.0
15397	7698500.0	2.0
15398	7699000.0	2.0
15399	7699500.0	3.0
15400	7700000.0	1.0
15401	7700500.0	1.0
15402	7701000.0	0.0
15403	7701500.0	0.0
15404	7702000.0	0.0
15405	7702500.0	2.0
15406	7703000.0	3.0
15407	7703500.0	0.0
15408	7704000.0	1.0
15409	7704500.0	1.0
15410	7705000.0	0.0
15411	7705500.0	2.0
15412	7706000.0	2.0
15413	7706500.0	0.0
15414	7707000.0	1.0
15415	7707500.0	2.0
15416	7708000.0	1.0
15417	7708500.0	1.0
15418	7709000.0	1.0
15419	7709500.0	0.0
15420	7710000.0	2.0
15421	7710500.0	0.0
15422	7711000.0	1.0
15423	7711500.0	1.0
15424	7712000.0	2.0
15425	7712500.0	0.0
15426	7713000.0	1.0
15427	7713500.0	1.0
15428	7714000.0	1.0
15429	7714500.0	3.0
15430	7715000.0	1.0
15431	7715500.0	3.0
15432	7716000.0	0.0
15433	7716500.0	2.0
15434	7717000.0	3.0
15435	7717500.0	4.0
15436	7718000.0	1.0
15437	7718500.0	1.0
15438	7719000.0	2.0
15439	7719500.0	1.0
15440	7720000.0	1.0
15441	7720500.0	4.0
15442	7721000.0	2.0
15443	7721500.0	2.0
15444	7722000.0	1.0
15445	7722500.0	2.0
15446	7723000.0	0.0
15447	7723500.0	0.0
15448	7724000.0	1.0
15449	7724500.0	2.0
15450	7725000.0	1.0
15451	7725500.0	1.0
15452	7726000.0	4.0
15453	7726500.0	1.0
15454	7727000.0	2.0
15455	7727500.0	4.0
15456	7728000.0	0.0
15457	7728500.0	0.0
15458	7729000.0	0.0
15459	7729500.0	0.0
15460	7730000.0	2.0
15461	7730500.0	2.0
15462	7731000.0	0.0
15463	7731500.0	1.0
15464	7732000.0	2.0
15465	7732500.0	0.0
15466	7733000.0	1.0
15467	7733500.0	2.0
15468	7734000.0	2.0
15469	7734500.0	3.0
15470	7735000.0	1.0
15471	7735500.0	2.0
15472	7736000.0	3.0
15473	7736500.0	0.0
15474	7737000.0	1.0
15475	7737500.0	2.0
15476	7738000.0	1.0
15477	7738500.0	4.0
15478	7739000.0	5.0
15479	7739500.0	2.0
15480	7740000.0	3.0
15481	7740500.0	1.0
15482	7741000.0	3.0
15483	7741500.0	0.0
15484	7742000.0	2.0
15485	7742500.0	1.0
15486	7743000.0	1.0
15487	7743500.0	1.0
15488	7744000.0	1.0
15489	7744500.0	1.0
15490	7745000.0	0.0
15491	7745500.0	0.0
15492	7746000.0	0.0
15493	7746500.0	3.0
15494	7747000.0	1.0
15495	7747500.0	2.0
15496	7748000.0	1.0
15497	7748500.0	2.0
15498	7749000.0	2.0
15499	7749500.0	3.0
15500	7750000.0	0.0
15501	7750500.0	0.0
15502	7751000.0	1.0
15503	7751500.0	1.0
15504	7752000.0	2.0
15505	7752500.0	2.0
15506	7753000.0	2.0
15507	7753500.0	2.0
15508	7754000.0	0.0
15509	7754500.0	2.0
15510	7755000.0	0.0
15511	7755500.0	3.0
15512	7756000.0	1.0
15513	7756500.0	3.0
15514	7757000.0	2.0
15515	7757500.0	0.0
15516	7758000.0	2.0
15517	7758500.0	0.0
15518	7759000.0	0.0
15519	7759500.0	0.0
15520	7760000.0	0.0
15521	7760500.0	1.0
15522	7761000.0	2.0
15523	7761500.0	0.0
15524	7762000.0	2.0
15525	7762500.0	1.0
15526	7763000.0	1.0
15527	7763500.0	1.0
15528	7764000.0	0.0
15529	7764500.0	2.0
15530	7765000.0	2.0
15531	7765500.0	0.0
15532	7766000.0	1.0
15533	7766500.0	0.0
15534	7767000.0	2.0
15535	7767500.0	1.0
15536	7768000.0	1.0
15537	7768500.0	3.0
15538	7769000.0	2.0
15539	7769500.0	2.0
15540	7770000.0	1.0
15541	7770500.0	3.0
15542	7771000.0	1.0
15543	7771500.0	1.0
15544	7772000.0	1.0
15545	7772500.0	1.0
15546	7773000.0	3.0
15547	7773500.0	3.0
15548	7774000.0	2.0
15549	7774500.0	1.0
15550	7775000.0	0.0
15551	7775500.0	3.0
15552	7776000.0	1.0
15553	7776500.0	0.0
15554	7777000.0	1.0
15555	7777500.0	2.0
15556	7778000.0	3.0
15557	7778500.0	1.0
15558	7779000.0	1.0
15559	7779500.0	1.0
15560	7780000.0	2.0
15561	7780500.0	2.0
15562	7781000.0	1.0
15563	7781500.0	1.0
15564	7782000.0	3.0
15565	7782500.0	2.0
15566	7783000.0	2.0
15567	7783500.0	0.0
15568	7784000.0	1.0
15569	7784500.0	1.0
15570	7785000.0	1.0
15571	7785500.0	1.0
15572	7786000.0	1.0
15573	7786500.0	2.0
15574	7787000.0	1.0
15575	7787500.0	3.0
15576	7788000.0	3.0
15577	7788500.0	2.0
15578	7789000.0	3.0
15579	7789500.0	0.0
15580	7790000.0	1.0
15581	7790500.0	0.0
15582	7791000.0	0.0
15583	7791500.0	2.0
15584	7792000.0	2.0
15585	7792500.0	1.0
15586	7793000.0	3.0
15587	7793500.0	2.0
15588	7794000.0	3.0
15589	7794500.0	0.0
15590	7795000.0	1.0
15591	7795500.0	1.0
15592	7796000.0	1.0
15593	7796500.0	0.0
15594	7797000.0	2.0
15595	7797500.0	0.0
15596	7798000.0	0.0
15597	7798500.0	1.0
15598	7799000.0	3.0
15599	7799500.0	1.0
15600	7800000.0	1.0
15601	7800500.0	2.0
15602	7801000.0	3.0
15603	7801500.0	1.0
15604	7802000.0	1.0
15605	7802500.0	2.0
15606	7803000.0	0.0
15607	7803500.0	3.0
15608	7804000.0	3.0
15609	7804500.0	2.0
15610	7805000.0	2.0
15611	7805500.0	2.0
15612	7806000.0	2.0
15613	7806500.0	0.0
15614	7807000.0	2.0
15615	7807500.0	1.0
15616	7808000.0	1.0
15617	7808500.0	1.0
15618	7809000.0	2.0
15619	7809500.0	1.0
15620	7810000.0	2.0
15621	7810500.0	1.0
15622	7811000.0	2.0
15623	7811500.0	0.0
15624	7812000.0	1.0
15625	7812500.0	0.0
15626	7813000.0	0.0
15627	7813500.0	1.0
15628	7814000.0	4.0
15629	7814500.0	0.0
15630	7815000.0	0.0
15631	7815500.0	2.0
15632	7816000.0	3.0
15633	7816500.0	0.0
15634	7817000.0	1.0
15635	7817500.0	0.0
15636	7818000.0	3.0
15637	7818500.0	2.0
15638	7819000.0	2.0
15639	7819500.0	1.0
15640	7820000.0	1.0
15641	7820500.0	3.0
15642	7821000.0	1.0
15643	7821500.0	2.0
15644	7822000.0	0.0
15645	7822500.0	2.0
15646	7823000.0	3.0
15647	7823500.0	5.0
15648	7824000.0	2.0
15649	7824500.0	4.0
15650	7825000.0	0.0
15651	7825500.0	1.0
15652	7826000.0	0.0
15653	7826500.0	4.0
15654	7827000.0	2.0
15655	7827500.0	1.0
15656	7828000.0	0.0
15657	7828500.0	1.0
15658	7829000.0	2.0
15659	7829500.0	3.0
15660	7830000.0	3.0
15661	7830500.0	1.0
15662	7831000.0	2.0
15663	7831500.0	1.0
15664	7832000.0	3.0
15665	7832500.0	2.0
15666	7833000.0	3.0
15667	7833500.0	1.0
15668	7834000.0	1.0
15669	7834500.0	3.0
15670	7835000.0	2.0
15671	7835500.0	4.0
15672	7836000.0	0.0
15673	7836500.0	1.0
15674	7837000.0	2.0
15675	7837500.0	0.0
15676	7838000.0	2.0
15677	7838500.0	0.0
15678	7839000.0	1.0
15679	7839500.0	6.0
15680	7840000.0	1.0
15681	7840500.0	0.0
15682	7841000.0	1.0
15683	7841500.0	2.0
15684	7842000.0	2.0
15685	7842500.0	0.0
15686	7843000.0	0.0
15687	7843500.0	0.0
15688	7844000.0	1.0
15689	7844500.0	1.0
15690	7845000.0	1.0
15691	7845500.0	0.0
15692	7846000.0	2.0
15693	7846500.0	1.0
15694	7847000.0	1.0
15695	7847500.0	2.0
15696	7848000.0	2.0
15697	7848500.0	0.0
15698	7849000.0	1.0
15699	7849500.0	1.0
15700	7850000.0	0.0
15701	7850500.0	2.0
15702	7851000.0	3.0
15703	7851500.0	3.0
15704	7852000.0	0.0
15705	7852500.0	4.0
15706	7853000.0	5.0
15707	7853500.0	0.0
15708	7854000.0	2.0
15709	7854500.0	1.0
15710	7855000.0	0.0
15711	7855500.0	2.0
15712	7856000.0	1.0
15713	7856500.0	3.0
15714	7857000.0	1.0
15715	7857500.0	2.0
15716	7858000.0	0.0
15717	7858500.0	2.0
15718	7859000.0	1.0
15719	7859500.0	0.0
15720	7860000.0	1.0
15721	7860500.0	1.0
15722	7861000.0	1.0
15723	7861500.0	1.0
15724	7862000.0	0.0
15725	7862500.0	1.0
15726	7863000.0	1.0
15727	7863500.0	4.0
15728	7864000.0	2.0
15729	7864500.0	1.0
15730	7865000.0	0.0
15731	7865500.0	4.0
15732	7866000.0	1.0
15733	7866500.0	1.0
15734	7867000.0	0.0
15735	7867500.0	1.0
15736	7868000.0	3.0
15737	7868500.0	0.0
15738	7869000.0	0.0
15739	7869500.0	0.0
15740	7870000.0	0.0
15741	7870500.0	2.0
15742	7871000.0	0.0
15743	7871500.0	0.0
15744	7872000.0	0.0
15745	7872500.0	0.0
15746	7873000.0	0.0
15747	7873500.0	1.0
15748	7874000.0	1.0
15749	7874500.0	2.0
15750	7875000.0	0.0
15751	7875500.0	3.0
15752	7876000.0	3.0
15753	7876500.0	4.0
15754	7877000.0	2.0
15755	7877500.0	0.0
15756	7878000.0	0.0
15757	7878500.0	1.0
15758	7879000.0	1.0
15759	7879500.0	1.0
15760	7880000.0	1.0
15761	7880500.0	4.0
15762	7881000.0	0.0
15763	7881500.0	2.0
15764	7882000.0	2.0
15765	7882500.0	1.0
15766	7883000.0	1.0
15767	7883500.0	2.0
15768	7884000.0	1.0
15769	7884500.0	2.0
15770	7885000.0	1.0
15771	7885500.0	2.0
15772	7886000.0	2.0
15773	7886500.0	0.0
15774	7887000.0	2.0
15775	7887500.0	2.0
15776	7888000.0	3.0
15777	7888500.0	3.0
15778	7889000.0	1.0
15779	7889500.0	0.0
15780	7890000.0	1.0
15781	7890500.0	0.0
15782	7891000.0	0.0
15783	7891500.0	3.0
15784	7892000.0	1.0
15785	7892500.0	0.0
15786	7893000.0	0.0
15787	7893500.0	1.0
15788	7894000.0	0.0
15789	7894500.0	3.0
15790	7895000.0	2.0
15791	7895500.0	0.0
15792	7896000.0	2.0
15793	7896500.0	2.0
15794	7897000.0	1.0
15795	7897500.0	0.0
15796	7898000.0	0.0
15797	7898500.0	1.0
15798	7899000.0	0.0
15799	7899500.0	2.0
15800	7900000.0	1.0
15801	7900500.0	3.0
15802	7901000.0	5.0
15803	7901500.0	1.0
15804	7902000.0	0.0
15805	7902500.0	2.0
15806	7903000.0	0.0
15807	7903500.0	0.0
15808	7904000.0	1.0
15809	7904500.0	1.0
15810	7905000.0	2.0
15811	7905500.0	0.0
15812	7906000.0	0.0
15813	7906500.0	1.0
15814	7907000.0	0.0
15815	7907500.0	2.0
15816	7908000.0	2.0
15817	7908500.0	0.0
15818	7909000.0	2.0
15819	7909500.0	2.0
15820	7910000.0	0.0
15821	7910500.0	2.0
15822	7911000.0	4.0
15823	7911500.0	0.0
15824	7912000.0	0.0
15825	7912500.0	1.0
15826	7913000.0	3.0
15827	7913500.0	0.0
15828	7914000.0	2.0
15829	7914500.0	1.0
15830	7915000.0	2.0
15831	7915500.0	1.0
15832	7916000.0	2.0
15833	7916500.0	1.0
15834	7917000.0	0.0
15835	7917500.0	1.0
15836	7918000.0	2.0
15837	7918500.0	1.0
15838	7919000.0	1.0
15839	7919500.0	3.0
15840	7920000.0	2.0
15841	7920500.0	0.0
15842	7921000.0	1.0
15843	7921500.0	1.0
15844	7922000.0	2.0
15845	7922500.0	2.0
15846	7923000.0	2.0
15847	7923500.0	2.0
15848	7924000.0	1.0
15849	7924500.0	3.0
15850	7925000.0	1.0
15851	7925500.0	2.0
15852	7926000.0	1.0
15853	7926500.0	1.0
15854	7927000.0	0.0
15855	7927500.0	3.0
15856	7928000.0	2.0
15857	7928500.0	1.0
15858	7929000.0	0.0
15859	7929500.0	1.0
15860	7930000.0	1.0
15861	7930500.0	1.0
15862	7931000.0	4.0
15863	7931500.0	2.0
15864	7932000.0	1.0
15865	7932500.0	6.0
15866	7933000.0	1.0
15867	7933500.0	0.0
15868	7934000.0	0.0
15869	7934500.0	3.0
15870	7935000.0	0.0
15871	7935500.0	1.0
15872	7936000.0	0.0
15873	7936500.0	4.0
15874	7937000.0	3.0
15875	7937500.0	3.0
15876	7938000.0	1.0
15877	7938500.0	0.0
15878	7939000.0	2.0
15879	7939500.0	1.0
15880	7940000.0	3.0
15881	7940500.0	0.0
15882	7941000.0	0.0
15883	7941500.0	0.0
15884	7942000.0	0.0
15885	7942500.0	2.0
15886	7943000.0	0.0
15887	7943500.0	5.0
15888	7944000.0	3.0
15889	7944500.0	2.0
15890	7945000.0	2.0
15891	7945500.0	2.0
15892	7946000.0	2.0
15893	7946500.0	1.0
15894	7947000.0	0.0
15895	7947500.0	3.0
15896	7948000.0	2.0
15897	7948500.0	0.0
15898	7949000.0	6.0
15899	7949500.0	1.0
15900	7950000.0	0.0
15901	7950500.0	1.0
15902	7951000.0	0.0
15903	7951500.0	2.0
15904	7952000.0	1.0
15905	7952500.0	2.0
15906	7953000.0	4.0
15907	7953500.0	1.0
15908	7954000.0	0.0
15909	7954500.0	2.0
15910	7955000.0	3.0
15911	7955500.0	2.0
15912	7956000.0	1.0
15913	7956500.0	0.0
15914	7957000.0	2.0
15915	7957500.0	2.0
15916	7958000.0	3.0
15917	7958500.0	2.0
15918	7959000.0	2.0
15919	7959500.0	0.0
15920	7960000.0	3.0
15921	7960500.0	1.0
15922	7961000.0	1.0
15923	7961500.0	2.0
15924	7962000.0	1.0
15925	7962500.0	0.0
15926	7963000.0	1.0
15927	7963500.0	0.0
15928	7964000.0	1.0
15929	7964500.0	0.0
15930	7965000.0	0.0
15931	7965500.0	2.0
15932	7966000.0	2.0
15933	7966500.0	0.0
15934	7967000.0	1.0
15935	7967500.0	3.0
15936	7968000.0	3.0
15937	7968500.0	2.0
15938	7969000.0	2.0
15939	7969500.0	1.0
15940	7970000.0	1.0
15941	7970500.0	4.0
15942	7971000.0	3.0
15943	7971500.0	1.0
15944	7972000.0	0.0
15945	7972500.0	1.0
15946	7973000.0	3.0
15947	7973500.0	1.0
15948	7974000.0	0.0
15949	7974500.0	1.0
15950	7975000.0	2.0
15951	7975500.0	1.0
15952	7976000.0	4.0
15953	7976500.0	2.0
15954	7977000.0	1.0
15955	7977500.0	0.0
15956	7978000.0	0.0
15957	7978500.0	0.0
15958	7979000.0	2.0
15959	7979500.0	2.0
15960	7980000.0	2.0
15961	7980500.0	0.0
15962	7981000.0	0.0
15963	7981500.0	2.0
15964	7982000.0	1.0
15965	7982500.0	1.0
15966	7983000.0	2.0
15967	7983500.0	3.0
15968	7984000.0	1.0
15969	7984500.0	2.0
15970	7985000.0	1.0
15971	7985500.0	1.0
15972	7986000.0	4.0
15973	7986500.0	4.0
15974	7987000.0	1.0
15975	7987500.0	4.0
15976	7988000.0	0.0
15977	7988500.0	2.0
15978	7989000.0	0.0
15979	7989500.0	1.0
15980	7990000.0	0.0
15981	7990500.0	1.0
15982	7991000.0	0.0
15983	7991500.0	2.0
15984	7992000.0	3.0
15985	7992500.0	1.0
15986	7993000.0	1.0
15987	7993500.0	1.0
15988	7994000.0	0.0
15989	7994500.0	1.0
15990	7995000.0	0.0
15991	7995500.0	1.0
15992	7996000.0	1.0
15993	7996500.0	2.0
15994	7997000.0	0.0
15995	7997500.0	1.0
15996	7998000.0	0.0
15997	7998500.0	3.0
15998	7999000.0	3.0
15999	7999500.0	1.0
16000	8000000.0	1.0
16001	8000500.0	3.0
16002	8001000.0	1.0
16003	8001500.0	2.0
16004	8002000.0	3.0
16005	8002500.0	1.0
16006	8003000.0	0.0
16007	8003500.0	2.0
16008	8004000.0	1.0
16009	8004500.0	3.0
16010	8005000.0	2.0
16011	8005500.0	1.0
16012	8006000.0	4.0
16013	8006500.0	2.0
16014	8007000.0	1.0
16015	8007500.0	0.0
16016	8008000.0	2.0
16017	8008500.0	1.0
16018	8009000.0	2.0
16019	8009500.0	0.0
16020	8010000.0	2.0
16021	8010500.0	2.0
16022	8011000.0	1.0
16023	8011500.0	0.0
16024	8012000.0	1.0
16025	8012500.0	0.0
16026	8013000.0	2.0
16027	8013500.0	1.0
16028	8014000.0	1.0
16029	8014500.0	0.0
16030	8015000.0	2.0
16031	8015500.0	2.0
16032	8016000.0	0.0
16033	8016500.0	0.0
16034	8017000.0	1.0
16035	8017500.0	0.0
16036	8018000.0	1.0
16037	8018500.0	0.0
16038	8019000.0	0.0
16039	8019500.0	2.0
16040	8020000.0	0.0
16041	8020500.0	1.0
16042	8021000.0	2.0
16043	8021500.0	2.0
16044	8022000.0	1.0
16045	8022500.0	0.0
16046	8023000.0	2.0
16047	8023500.0	0.0
16048	8024000.0	2.0
16049	8024500.0	0.0
16050	8025000.0	1.0
16051	8025500.0	3.0
16052	8026000.0	1.0
16053	8026500.0	0.0
16054	8027000.0	2.0
16055	8027500.0	4.0
16056	8028000.0	0.0
16057	8028500.0	2.0
16058	8029000.0	0.0
16059	8029500.0	1.0
16060	8030000.0	1.0
16061	8030500.0	1.0
16062	8031000.0	1.0
16063	8031500.0	2.0
16064	8032000.0	2.0
16065	8032500.0	2.0
16066	8033000.0	1.0
16067	8033500.0	1.0
16068	8034000.0	0.0
16069	8034500.0	1.0
16070	8035000.0	2.0
16071	8035500.0	0.0
16072	8036000.0	2.0
16073	8036500.0	2.0
16074	8037000.0	2.0
16075	8037500.0	0.0
16076	8038000.0	1.0
16077	8038500.0	3.0
16078	8039000.0	1.0
16079	8039500.0	2.0
16080	8040000.0	2.0
16081	8040500.0	2.0
16082	8041000.0	2.0
16083	8041500.0	1.0
16084	8042000.0	0.0
16085	8042500.0	1.0
16086	8043000.0	2.0
16087	8043500.0	2.0
16088	8044000.0	2.0
16089	8044500.0	1.0
16090	8045000.0	4.0
16091	8045500.0	1.0
16092	8046000.0	1.0
16093	8046500.0	3.0
16094	8047000.0	1.0
16095	8047500.0	3.0
16096	8048000.0	3.0
16097	8048500.0	0.0
16098	8049000.0	0.0
16099	8049500.0	1.0
16100	8050000.0	1.0
16101	8050500.0	0.0
16102	8051000.0	0.0
16103	8051500.0	2.0
16104	8052000.0	0.0
16105	8052500.0	0.0
16106	8053000.0	2.0
16107	8053500.0	0.0
16108	8054000.0	2.0
16109	8054500.0	5.0
16110	8055000.0	1.0
16111	8055500.0	1.0
16112	8056000.0	4.0
16113	8056500.0	0.0
16114	8057000.0	0.0
16115	8057500.0	1.0
16116	8058000.0	4.0
16117	8058500.0	2.0
16118	8059000.0	2.0
16119	8059500.0	2.0
16120	8060000.0	2.0
16121	8060500.0	1.0
16122	8061000.0	1.0
16123	8061500.0	0.0
16124	8062000.0	0.0
16125	8062500.0	2.0
16126	8063000.0	0.0
16127	8063500.0	0.0
16128	8064000.0	1.0
16129	8064500.0	0.0
16130	8065000.0	2.0
16131	8065500.0	0.0
16132	8066000.0	2.0
16133	8066500.0	2.0
16134	8067000.0	4.0
16135	8067500.0	2.0
16136	8068000.0	4.0
16137	8068500.0	2.0
16138	8069000.0	0.0
16139	8069500.0	2.0
16140	8070000.0	0.0
16141	8070500.0	1.0
16142	8071000.0	0.0
16143	8071500.0	0.0
16144	8072000.0	2.0
16145	8072500.0	0.0
16146	8073000.0	2.0
16147	8073500.0	3.0
16148	8074000.0	0.0
16149	8074500.0	1.0
16150	8075000.0	0.0
16151	8075500.0	2.0
16152	8076000.0	2.0
16153	8076500.0	1.0
16154	8077000.0	2.0
16155	8077500.0	1.0
16156	8078000.0	0.0
16157	8078500.0	0.0
16158	8079000.0	0.0
16159	8079500.0	3.0
16160	8080000.0	1.0
16161	8080500.0	3.0
16162	8081000.0	2.0
16163	8081500.0	3.0
16164	8082000.0	2.0
16165	8082500.0	1.0
16166	8083000.0	1.0
16167	8083500.0	4.0
16168	8084000.0	1.0
16169	8084500.0	2.0
16170	8085000.0	2.0
16171	8085500.0	2.0
16172	8086000.0	1.0
16173	8086500.0	2.0
16174	8087000.0	0.0
16175	8087500.0	1.0
16176	8088000.0	3.0
16177	8088500.0	0.0
16178	8089000.0	2.0
16179	8089500.0	1.0
16180	8090000.0	3.0
16181	8090500.0	2.0
16182	8091000.0	1.0
16183	8091500.0	2.0
16184	8092000.0	2.0
16185	8092500.0	1.0
16186	8093000.0	2.0
16187	8093500.0	0.0
16188	8094000.0	0.0
16189	8094500.0	3.0
16190	8095000.0	1.0
16191	8095500.0	3.0
16192	8096000.0	1.0
16193	8096500.0	2.0
16194	8097000.0	1.0
16195	8097500.0	2.0
16196	8098000.0	3.0
16197	8098500.0	1.0
16198	8099000.0	2.0
16199	8099500.0	2.0
16200	8100000.0	2.0
16201	8100500.0	3.0
16202	8101000.0	3.0
16203	8101500.0	1.0
16204	8102000.0	3.0
16205	8102500.0	2.0
16206	8103000.0	1.0
16207	8103500.0	1.0
16208	8104000.0	2.0
16209	8104500.0	3.0
16210	8105000.0	0.0
16211	8105500.0	2.0
16212	8106000.0	0.0
16213	8106500.0	1.0
16214	8107000.0	4.0
16215	8107500.0	1.0
16216	8108000.0	1.0
16217	8108500.0	1.0
16218	8109000.0	1.0
16219	8109500.0	2.0
16220	8110000.0	2.0
16221	8110500.0	3.0
16222	8111000.0	0.0
16223	8111500.0	2.0
16224	8112000.0	1.0
16225	8112500.0	1.0
16226	8113000.0	4.0
16227	8113500.0	2.0
16228	8114000.0	2.0
16229	8114500.0	3.0
16230	8115000.0	1.0
16231	8115500.0	2.0
16232	8116000.0	3.0
16233	8116500.0	1.0
16234	8117000.0	2.0
16235	8117500.0	2.0
16236	8118000.0	0.0
16237	8118500.0	1.0
16238	8119000.0	0.0
16239	8119500.0	0.0
16240	8120000.0	1.0
16241	8120500.0	3.0
16242	8121000.0	1.0
16243	8121500.0	3.0
16244	8122000.0	0.0
16245	8122500.0	0.0
16246	8123000.0	2.0
16247	8123500.0	0.0
16248	8124000.0	2.0
16249	8124500.0	2.0
16250	8125000.0	2.0
16251	8125500.0	1.0
16252	8126000.0	1.0
16253	8126500.0	1.0
16254	8127000.0	1.0
16255	8127500.0	6.0
16256	8128000.0	1.0
16257	8128500.0	0.0
16258	8129000.0	0.0
16259	8129500.0	1.0
16260	8130000.0	1.0
16261	8130500.0	2.0
16262	8131000.0	1.0
16263	8131500.0	0.0
16264	8132000.0	1.0
16265	8132500.0	3.0
16266	8133000.0	2.0
16267	8133500.0	3.0
16268	8134000.0	2.0
16269	8134500.0	0.0
16270	8135000.0	1.0
16271	8135500.0	1.0
16272	8136000.0	2.0
16273	8136500.0	2.0
16274	8137000.0	1.0
16275	8137500.0	2.0
16276	8138000.0	3.0
16277	8138500.0	0.0
16278	8139000.0	0.0
16279	8139500.0	2.0
16280	8140000.0	2.0
16281	8140500.0	3.0
16282	8141000.0	1.0
16283	8141500.0	0.0
16284	8142000.0	2.0
16285	8142500.0	1.0
16286	8143000.0	1.0
16287	8143500.0	1.0
16288	8144000.0	1.0
16289	8144500.0	1.0
16290	8145000.0	2.0
16291	8145500.0	1.0
16292	8146000.0	2.0
16293	8146500.0	2.0
16294	8147000.0	0.0
16295	8147500.0	2.0
16296	8148000.0	3.0
16297	8148500.0	2.0
16298	8149000.0	0.0
16299	8149500.0	1.0
16300	8150000.0	1.0
16301	8150500.0	2.0
16302	8151000.0	1.0
16303	8151500.0	2.0
16304	8152000.0	3.0
16305	8152500.0	1.0
16306	8153000.0	1.0
16307	8153500.0	1.0
16308	8154000.0	0.0
16309	8154500.0	2.0
16310	8155000.0	2.0
16311	8155500.0	0.0
16312	8156000.0	0.0
16313	8156500.0	0.0
16314	8157000.0	0.0
16315	8157500.0	2.0
16316	8158000.0	1.0
16317	8158500.0	3.0
16318	8159000.0	1.0
16319	8159500.0	2.0
16320	8160000.0	1.0
16321	8160500.0	0.0
16322	8161000.0	1.0
16323	8161500.0	1.0
16324	8162000.0	1.0
16325	8162500.0	3.0
16326	8163000.0	2.0
16327	8163500.0	2.0
16328	8164000.0	1.0
16329	8164500.0	3.0
16330	8165000.0	0.0
16331	8165500.0	1.0
16332	8166000.0	1.0
16333	8166500.0	1.0
16334	8167000.0	1.0
16335	8167500.0	1.0
16336	8168000.0	2.0
16337	8168500.0	1.0
16338	8169000.0	0.0
16339	8169500.0	0.0
16340	8170000.0	0.0
16341	8170500.0	1.0
16342	8171000.0	4.0
16343	8171500.0	0.0
16344	8172000.0	1.0
16345	8172500.0	1.0
16346	8173000.0	1.0
16347	8173500.0	0.0
16348	8174000.0	0.0
16349	8174500.0	1.0
16350	8175000.0	3.0
16351	8175500.0	2.0
16352	8176000.0	0.0
16353	8176500.0	4.0
16354	8177000.0	0.0
16355	8177500.0	3.0
16356	8178000.0	0.0
16357	8178500.0	0.0
16358	8179000.0	2.0
16359	8179500.0	0.0
16360	8180000.0	2.0
16361	8180500.0	0.0
16362	8181000.0	1.0
16363	8181500.0	0.0
16364	8182000.0	1.0
16365	8182500.0	1.0
16366	8183000.0	1.0
16367	8183500.0	2.0
16368	8184000.0	1.0
16369	8184500.0	1.0
16370	8185000.0	1.0
16371	8185500.0	0.0
16372	8186000.0	1.0
16373	8186500.0	3.0
16374	8187000.0	0.0
16375	8187500.0	2.0
16376	8188000.0	1.0
16377	8188500.0	2.0
16378	8189000.0	0.0
16379	8189500.0	1.0
16380	8190000.0	1.0
16381	8190500.0	4.0
16382	8191000.0	1.0
16383	8191500.0	1.0
16384	8192000.0	2.0
16385	8192500.0	3.0
16386	8193000.0	2.0
16387	8193500.0	1.0
16388	8194000.0	1.0
16389	8194500.0	1.0
16390	8195000.0	0.0
16391	8195500.0	1.0
16392	8196000.0	3.0
16393	8196500.0	1.0
16394	8197000.0	3.0
16395	8197500.0	1.0
16396	8198000.0	1.0
16397	8198500.0	0.0
16398	8199000.0	4.0
16399	8199500.0	0.0
16400	8200000.0	0.0
16401	8200500.0	4.0
16402	8201000.0	2.0
16403	8201500.0	1.0
16404	8202000.0	1.0
16405	8202500.0	0.0
16406	8203000.0	2.0
16407	8203500.0	2.0
16408	8204000.0	3.0
16409	8204500.0	0.0
16410	8205000.0	1.0
16411	8205500.0	1.0
16412	8206000.0	1.0
16413	8206500.0	1.0
16414	8207000.0	1.0
16415	8207500.0	1.0
16416	8208000.0	2.0
16417	8208500.0	1.0
16418	8209000.0	0.0
16419	8209500.0	1.0
16420	8210000.0	0.0
16421	8210500.0	0.0
16422	8211000.0	0.0
16423	8211500.0	3.0
16424	8212000.0	1.0
16425	8212500.0	2.0
16426	8213000.0	2.0
16427	8213500.0	1.0
16428	8214000.0	3.0
16429	8214500.0	0.0
16430	8215000.0	3.0
16431	8215500.0	1.0
16432	8216000.0	2.0
16433	8216500.0	1.0
16434	8217000.0	2.0
16435	8217500.0	0.0
16436	8218000.0	0.0
16437	8218500.0	1.0
16438	8219000.0	1.0
16439	8219500.0	4.0
16440	8220000.0	0.0
16441	8220500.0	2.0
16442	8221000.0	3.0
16443	8221500.0	2.0
16444	8222000.0	2.0
16445	8222500.0	1.0
16446	8223000.0	1.0
16447	8223500.0	0.0
16448	8224000.0	0.0
16449	8224500.0	1.0
16450	8225000.0	1.0
16451	8225500.0	0.0
16452	8226000.0	2.0
16453	8226500.0	1.0
16454	8227000.0	0.0
16455	8227500.0	2.0
16456	8228000.0	3.0
16457	8228500.0	2.0
16458	8229000.0	2.0
16459	8229500.0	2.0
16460	8230000.0	2.0
16461	8230500.0	0.0
16462	8231000.0	1.0
16463	8231500.0	2.0
16464	8232000.0	2.0
16465	8232500.0	2.0
16466	8233000.0	1.0
16467	8233500.0	2.0
16468	8234000.0	0.0
16469	8234500.0	0.0
16470	8235000.0	1.0
16471	8235500.0	0.0
16472	8236000.0	2.0
16473	8236500.0	2.0
16474	8237000.0	2.0
16475	8237500.0	1.0
16476	8238000.0	2.0
16477	8238500.0	0.0
16478	8239000.0	2.0
16479	8239500.0	0.0
16480	8240000.0	2.0
16481	8240500.0	0.0
16482	8241000.0	2.0
16483	8241500.0	0.0
16484	8242000.0	0.0
16485	8242500.0	2.0
16486	8243000.0	0.0
16487	8243500.0	3.0
16488	8244000.0	0.0
16489	8244500.0	0.0
16490	8245000.0	0.0
16491	8245500.0	2.0
16492	8246000.0	1.0
16493	8246500.0	0.0
16494	8247000.0	1.0
16495	8247500.0	0.0
16496	8248000.0	1.0
16497	8248500.0	1.0
16498	8249000.0	5.0
16499	8249500.0	2.0
16500	8250000.0	0.0
16501	8250500.0	0.0
16502	8251000.0	3.0
16503	8251500.0	1.0
16504	8252000.0	2.0
16505	8252500.0	2.0
16506	8253000.0	1.0
16507	8253500.0	0.0
16508	8254000.0	1.0
16509	8254500.0	1.0
16510	8255000.0	1.0
16511	8255500.0	0.0
16512	8256000.0	2.0
16513	8256500.0	2.0
16514	8257000.0	2.0
16515	8257500.0	5.0
16516	8258000.0	3.0
16517	8258500.0	1.0
16518	8259000.0	1.0
16519	8259500.0	1.0
16520	8260000.0	2.0
16521	8260500.0	3.0
16522	8261000.0	1.0
16523	8261500.0	3.0
16524	8262000.0	3.0
16525	8262500.0	1.0
16526	8263000.0	0.0
16527	8263500.0	2.0
16528	8264000.0	0.0
16529	8264500.0	1.0
16530	8265000.0	2.0
16531	8265500.0	1.0
16532	8266000.0	1.0
16533	8266500.0	2.0
16534	8267000.0	0.0
16535	8267500.0	1.0
16536	8268000.0	3.0
16537	8268500.0	2.0
16538	8269000.0	1.0
16539	8269500.0	0.0
16540	8270000.0	1.0
16541	8270500.0	1.0
16542	8271000.0	5.0
16543	8271500.0	4.0
16544	8272000.0	3.0
16545	8272500.0	2.0
16546	8273000.0	0.0
16547	8273500.0	0.0
16548	8274000.0	2.0
16549	8274500.0	2.0
16550	8275000.0	0.0
16551	8275500.0	2.0
16552	8276000.0	2.0
16553	8276500.0	4.0
16554	8277000.0	1.0
16555	8277500.0	1.0
16556	8278000.0	1.0
16557	8278500.0	1.0
16558	8279000.0	1.0
16559	8279500.0	1.0
16560	8280000.0	4.0
16561	8280500.0	0.0
16562	8281000.0	0.0
16563	8281500.0	3.0
16564	8282000.0	1.0
16565	8282500.0	2.0
16566	8283000.0	1.0
16567	8283500.0	4.0
16568	8284000.0	0.0
16569	8284500.0	2.0
16570	8285000.0	3.0
16571	8285500.0	1.0
16572	8286000.0	1.0
16573	8286500.0	3.0
16574	8287000.0	1.0
16575	8287500.0	1.0
16576	8288000.0	3.0
16577	8288500.0	1.0
16578	8289000.0	1.0
16579	8289500.0	0.0
16580	8290000.0	3.0
16581	8290500.0	1.0
16582	8291000.0	1.0
16583	8291500.0	2.0
16584	8292000.0	0.0
16585	8292500.0	3.0
16586	8293000.0	3.0
16587	8293500.0	0.0
16588	8294000.0	1.0
16589	8294500.0	2.0
16590	8295000.0	2.0
16591	8295500.0	1.0
16592	8296000.0	2.0
16593	8296500.0	3.0
16594	8297000.0	0.0
16595	8297500.0	0.0
16596	8298000.0	0.0
16597	8298500.0	1.0
16598	8299000.0	0.0
16599	8299500.0	0.0
16600	8300000.0	2.0
16601	8300500.0	1.0
16602	8301000.0	2.0
16603	8301500.0	3.0
16604	8302000.0	0.0
16605	8302500.0	2.0
16606	8303000.0	1.0
16607	8303500.0	0.0
16608	8304000.0	1.0
16609	8304500.0	1.0
16610	8305000.0	3.0
16611	8305500.0	3.0
16612	8306000.0	1.0
16613	8306500.0	1.0
16614	8307000.0	0.0
16615	8307500.0	0.0
16616	8308000.0	1.0
16617	8308500.0	1.0
16618	8309000.0	1.0
16619	8309500.0	2.0
16620	8310000.0	2.0
16621	8310500.0	0.0
16622	8311000.0	0.0
16623	8311500.0	2.0
16624	8312000.0	0.0
16625	8312500.0	1.0
16626	8313000.0	1.0
16627	8313500.0	1.0
16628	8314000.0	2.0
16629	8314500.0	1.0
16630	8315000.0	2.0
16631	8315500.0	1.0
16632	8316000.0	2.0
16633	8316500.0	4.0
16634	8317000.0	0.0
16635	8317500.0	4.0
16636	8318000.0	1.0
16637	8318500.0	2.0
16638	8319000.0	0.0
16639	8319500.0	0.0
16640	8320000.0	1.0
16641	8320500.0	0.0
16642	8321000.0	2.0
16643	8321500.0	1.0
16644	8322000.0	1.0
16645	8322500.0	0.0
16646	8323000.0	1.0
16647	8323500.0	0.0
16648	8324000.0	0.0
16649	8324500.0	0.0
16650	8325000.0	1.0
16651	8325500.0	2.0
16652	8326000.0	0.0
16653	8326500.0	0.0
16654	8327000.0	2.0
16655	8327500.0	1.0
16656	8328000.0	1.0
16657	8328500.0	0.0
16658	8329000.0	4.0
16659	8329500.0	1.0
16660	8330000.0	1.0
16661	8330500.0	5.0
16662	8331000.0	1.0
16663	8331500.0	2.0
16664	8332000.0	1.0
16665	8332500.0	1.0
16666	8333000.0	3.0
16667	8333500.0	2.0
16668	8334000.0	1.0
16669	8334500.0	1.0
16670	8335000.0	3.0
16671	8335500.0	1.0
16672	8336000.0	3.0
16673	8336500.0	2.0
16674	8337000.0	1.0
16675	8337500.0	2.0
16676	8338000.0	1.0
16677	8338500.0	0.0
16678	8339000.0	2.0
16679	8339500.0	0.0
16680	8340000.0	3.0
16681	8340500.0	2.0
16682	8341000.0	3.0
16683	8341500.0	2.0
16684	8342000.0	1.0
16685	8342500.0	2.0
16686	8343000.0	1.0
16687	8343500.0	0.0
16688	8344000.0	0.0
16689	8344500.0	5.0
16690	8345000.0	0.0
16691	8345500.0	1.0
16692	8346000.0	2.0
16693	8346500.0	0.0
16694	8347000.0	1.0
16695	8347500.0	1.0
16696	8348000.0	0.0
16697	8348500.0	1.0
16698	8349000.0	0.0
16699	8349500.0	1.0
16700	8350000.0	0.0
16701	8350500.0	1.0
16702	8351000.0	2.0
16703	8351500.0	0.0
16704	8352000.0	3.0
16705	8352500.0	1.0
16706	8353000.0	0.0
16707	8353500.0	2.0
16708	8354000.0	0.0
16709	8354500.0	1.0
16710	8355000.0	3.0
16711	8355500.0	0.0
16712	8356000.0	2.0
16713	8356500.0	3.0
16714	8357000.0	0.0
16715	8357500.0	2.0
16716	8358000.0	0.0
16717	8358500.0	0.0
16718	8359000.0	1.0
16719	8359500.0	3.0
16720	8360000.0	0.0
16721	8360500.0	0.0
16722	8361000.0	1.0
16723	8361500.0	2.0
16724	8362000.0	0.0
16725	8362500.0	3.0
16726	8363000.0	1.0
16727	8363500.0	2.0
16728	8364000.0	2.0
16729	8364500.0	2.0
16730	8365000.0	0.0
16731	8365500.0	1.0
16732	8366000.0	2.0
16733	8366500.0	2.0
16734	8367000.0	2.0
16735	8367500.0	1.0
16736	8368000.0	0.0
16737	8368500.0	1.0
16738	8369000.0	1.0
16739	8369500.0	3.0
16740	8370000.0	0.0
16741	8370500.0	1.0
16742	8371000.0	1.0
16743	8371500.0	2.0
16744	8372000.0	1.0
16745	8372500.0	2.0
16746	8373000.0	2.0
16747	8373500.0	4.0
16748	8374000.0	3.0
16749	8374500.0	1.0
16750	8375000.0	0.0
16751	8375500.0	3.0
16752	8376000.0	1.0
16753	8376500.0	0.0
16754	8377000.0	5.0
16755	8377500.0	0.0
16756	8378000.0	1.0
16757	8378500.0	1.0
16758	8379000.0	2.0
16759	8379500.0	1.0
16760	8380000.0	2.0
16761	8380500.0	1.0
16762	8381000.0	0.0
16763	8381500.0	0.0
16764	8382000.0	1.0
16765	8382500.0	1.0
16766	8383000.0	1.0
16767	8383500.0	1.0
16768	8384000.0	1.0
16769	8384500.0	0.0
16770	8385000.0	3.0
16771	8385500.0	0.0
16772	8386000.0	1.0
16773	8386500.0	0.0
16774	8387000.0	1.0
16775	8387500.0	4.0
16776	8388000.0	2.0
16777	8388500.0	1.0
16778	8389000.0	2.0
16779	8389500.0	2.0
16780	8390000.0	3.0
16781	8390500.0	0.0
16782	8391000.0	0.0
16783	8391500.0	2.0
16784	8392000.0	1.0
16785	8392500.0	1.0
16786	8393000.0	0.0
16787	8393500.0	2.0
16788	8394000.0	2.0
16789	8394500.0	4.0
16790	8395000.0	1.0
16791	8395500.0	1.0
16792	8396000.0	2.0
16793	8396500.0	1.0
16794	8397000.0	1.0
16795	8397500.0	1.0
16796	8398000.0	1.0
16797	8398500.0	2.0
16798	8399000.0	0.0
16799	8399500.0	1.0
16800	8400000.0	3.0
16801	8400500.0	1.0
16802	8401000.0	2.0
16803	8401500.0	1.0
16804	8402000.0	0.0
16805	8402500.0	0.0
16806	8403000.0	2.0
16807	8403500.0	3.0
16808	8404000.0	1.0
16809	8404500.0	1.0
16810	8405000.0	2.0
16811	8405500.0	3.0
16812	8406000.0	0.0
16813	8406500.0	2.0
16814	8407000.0	0.0
16815	8407500.0	1.0
16816	8408000.0	1.0
16817	8408500.0	0.0
16818	8409000.0	1.0
16819	8409500.0	0.0
16820	8410000.0	0.0
16821	8410500.0	0.0
16822	8411000.0	1.0
16823	8411500.0	1.0
16824	8412000.0	0.0
16825	8412500.0	0.0
16826	8413000.0	0.0
16827	8413500.0	1.0
16828	8414000.0	2.0
16829	8414500.0	0.0
16830	8415000.0	2.0
16831	8415500.0	1.0
16832	8416000.0	1.0
16833	8416500.0	2.0
16834	8417000.0	3.0
16835	8417500.0	1.0
16836	8418000.0	0.0
16837	8418500.0	1.0
16838	8419000.0	0.0
16839	8419500.0	1.0
16840	8420000.0	2.0
16841	8420500.0	1.0
16842	8421000.0	0.0
16843	8421500.0	2.0
16844	8422000.0	3.0
16845	8422500.0	1.0
16846	8423000.0	1.0
16847	8423500.0	1.0
16848	8424000.0	2.0
16849	8424500.0	1.0
16850	8425000.0	0.0
16851	8425500.0	1.0
16852	8426000.0	3.0
16853	8426500.0	1.0
16854	8427000.0	1.0
16855	8427500.0	2.0
16856	8428000.0	0.0
16857	8428500.0	0.0
16858	8429000.0	4.0
16859	8429500.0	1.0
16860	8430000.0	0.0
16861	8430500.0	3.0
16862	8431000.0	2.0
16863	8431500.0	1.0
16864	8432000.0	1.0
16865	8432500.0	0.0
16866	8433000.0	2.0
16867	8433500.0	0.0
16868	8434000.0	3.0
16869	8434500.0	1.0
16870	8435000.0	2.0
16871	8435500.0	4.0
16872	8436000.0	0.0
16873	8436500.0	2.0
16874	8437000.0	1.0
16875	8437500.0	1.0
16876	8438000.0	2.0
16877	8438500.0	3.0
16878	8439000.0	1.0
16879	8439500.0	3.0
16880	8440000.0	3.0
16881	8440500.0	1.0
16882	8441000.0	0.0
16883	8441500.0	2.0
16884	8442000.0	3.0
16885	8442500.0	2.0
16886	8443000.0	1.0
16887	8443500.0	1.0
16888	8444000.0	1.0
16889	8444500.0	3.0
16890	8445000.0	0.0
16891	8445500.0	0.0
16892	8446000.0	0.0
16893	8446500.0	2.0
16894	8447000.0	1.0
16895	8447500.0	1.0
16896	8448000.0	2.0
16897	8448500.0	2.0
16898	8449000.0	1.0
16899	8449500.0	1.0
16900	8450000.0	1.0
16901	8450500.0	3.0
16902	8451000.0	0.0
16903	8451500.0	0.0
16904	8452000.0	2.0
16905	8452500.0	1.0
16906	8453000.0	3.0
16907	8453500.0	0.0
16908	8454000.0	3.0
16909	8454500.0	2.0
16910	8455000.0	1.0
16911	8455500.0	0.0
16912	8456000.0	0.0
16913	8456500.0	3.0
16914	8457000.0	1.0
16915	8457500.0	1.0
16916	8458000.0	2.0
16917	8458500.0	2.0
16918	8459000.0	0.0
16919	8459500.0	0.0
16920	8460000.0	1.0
16921	8460500.0	1.0
16922	8461000.0	3.0
16923	8461500.0	1.0
16924	8462000.0	1.0
16925	8462500.0	5.0
16926	8463000.0	2.0
16927	8463500.0	1.0
16928	8464000.0	1.0
16929	8464500.0	0.0
16930	8465000.0	1.0
16931	8465500.0	3.0
16932	8466000.0	2.0
16933	8466500.0	3.0
16934	8467000.0	0.0
16935	8467500.0	1.0
16936	8468000.0	3.0
16937	8468500.0	1.0
16938	8469000.0	0.0
16939	8469500.0	1.0
16940	8470000.0	1.0
16941	8470500.0	1.0
16942	8471000.0	0.0
16943	8471500.0	4.0
16944	8472000.0	1.0
16945	8472500.0	0.0
16946	8473000.0	0.0
16947	8473500.0	4.0
16948	8474000.0	2.0
16949	8474500.0	0.0
16950	8475000.0	0.0
16951	8475500.0	1.0
16952	8476000.0	1.0
16953	8476500.0	2.0
16954	8477000.0	0.0
16955	8477500.0	2.0
16956	8478000.0	2.0
16957	8478500.0	2.0
16958	8479000.0	0.0
16959	8479500.0	0.0
16960	8480000.0	4.0
16961	8480500.0	1.0
16962	8481000.0	2.0
16963	8481500.0	1.0
16964	8482000.0	0.0
16965	8482500.0	3.0
16966	8483000.0	1.0
16967	8483500.0	5.0
16968	8484000.0	1.0
16969	8484500.0	0.0
16970	8485000.0	1.0
16971	8485500.0	0.0
16972	8486000.0	2.0
16973	8486500.0	1.0
16974	8487000.0	2.0
16975	8487500.0	2.0
16976	8488000.0	2.0
16977	8488500.0	0.0
16978	8489000.0	2.0
16979	8489500.0	2.0
16980	8490000.0	1.0
16981	8490500.0	0.0
16982	8491000.0	0.0
16983	8491500.0	1.0
16984	8492000.0	0.0
16985	8492500.0	0.0
16986	8493000.0	1.0
16987	8493500.0	1.0
16988	8494000.0	1.0
16989	8494500.0	1.0
16990	8495000.0	0.0
16991	8495500.0	3.0
16992	8496000.0	0.0
16993	8496500.0	1.0
16994	8497000.0	1.0
16995	8497500.0	0.0
16996	8498000.0	0.0
16997	8498500.0	1.0
16998	8499000.0	1.0
16999	8499500.0	1.0
17000	8500000.0	1.0
17001	8500500.0	1.0
17002	8501000.0	1.0
17003	8501500.0	2.0
17004	8502000.0	1.0
17005	8502500.0	0.0
17006	8503000.0	2.0
17007	8503500.0	1.0
17008	8504000.0	1.0
17009	8504500.0	0.0
17010	8505000.0	0.0
17011	8505500.0	2.0
17012	8506000.0	1.0
17013	8506500.0	0.0
17014	8507000.0	0.0
17015	8507500.0	3.0
17016	8508000.0	1.0
17017	8508500.0	0.0
17018	8509000.0	1.0
17019	8509500.0	3.0
17020	8510000.0	3.0
17021	8510500.0	2.0
17022	8511000.0	1.0
17023	8511500.0	2.0
17024	8512000.0	0.0
17025	8512500.0	4.0
17026	8513000.0	1.0
17027	8513500.0	1.0
17028	8514000.0	2.0
17029	8514500.0	2.0
17030	8515000.0	2.0
17031	8515500.0	0.0
17032	8516000.0	2.0
17033	8516500.0	0.0
17034	8517000.0	1.0
17035	8517500.0	0.0
17036	8518000.0	1.0
17037	8518500.0	0.0
17038	8519000.0	2.0
17039	8519500.0	1.0
17040	8520000.0	3.0
17041	8520500.0	0.0
17042	8521000.0	0.0
17043	8521500.0	0.0
17044	8522000.0	1.0
17045	8522500.0	0.0
17046	8523000.0	0.0
17047	8523500.0	2.0
17048	8524000.0	5.0
17049	8524500.0	0.0
17050	8525000.0	1.0
17051	8525500.0	0.0
17052	8526000.0	0.0
17053	8526500.0	0.0
17054	8527000.0	3.0
17055	8527500.0	3.0
17056	8528000.0	0.0
17057	8528500.0	1.0
17058	8529000.0	0.0
17059	8529500.0	0.0
17060	8530000.0	5.0
17061	8530500.0	1.0
17062	8531000.0	2.0
17063	8531500.0	2.0
17064	8532000.0	4.0
17065	8532500.0	2.0
17066	8533000.0	0.0
17067	8533500.0	5.0
17068	8534000.0	0.0
17069	8534500.0	3.0
17070	8535000.0	3.0
17071	8535500.0	1.0
17072	8536000.0	0.0
17073	8536500.0	1.0
17074	8537000.0	4.0
17075	8537500.0	1.0
17076	8538000.0	3.0
17077	8538500.0	1.0
17078	8539000.0	3.0
17079	8539500.0	1.0
17080	8540000.0	3.0
17081	8540500.0	1.0
17082	8541000.0	1.0
17083	8541500.0	1.0
17084	8542000.0	1.0
17085	8542500.0	0.0
17086	8543000.0	1.0
17087	8543500.0	1.0
17088	8544000.0	0.0
17089	8544500.0	5.0
17090	8545000.0	2.0
17091	8545500.0	2.0
17092	8546000.0	2.0
17093	8546500.0	0.0
17094	8547000.0	2.0
17095	8547500.0	1.0
17096	8548000.0	4.0
17097	8548500.0	1.0
17098	8549000.0	3.0
17099	8549500.0	0.0
17100	8550000.0	0.0
17101	8550500.0	1.0
17102	8551000.0	0.0
17103	8551500.0	1.0
17104	8552000.0	2.0
17105	8552500.0	1.0
17106	8553000.0	1.0
17107	8553500.0	1.0
17108	8554000.0	3.0
17109	8554500.0	1.0
17110	8555000.0	1.0
17111	8555500.0	2.0
17112	8556000.0	0.0
17113	8556500.0	1.0
17114	8557000.0	1.0
17115	8557500.0	3.0
17116	8558000.0	1.0
17117	8558500.0	1.0
17118	8559000.0	0.0
17119	8559500.0	0.0
17120	8560000.0	2.0
17121	8560500.0	2.0
17122	8561000.0	1.0
17123	8561500.0	0.0
17124	8562000.0	3.0
17125	8562500.0	2.0
17126	8563000.0	1.0
17127	8563500.0	2.0
17128	8564000.0	0.0
17129	8564500.0	1.0
17130	8565000.0	2.0
17131	8565500.0	2.0
17132	8566000.0	2.0
17133	8566500.0	3.0
17134	8567000.0	1.0
17135	8567500.0	1.0
17136	8568000.0	1.0
17137	8568500.0	0.0
17138	8569000.0	0.0
17139	8569500.0	1.0
17140	8570000.0	2.0
17141	8570500.0	2.0
17142	8571000.0	1.0
17143	8571500.0	3.0
17144	8572000.0	3.0
17145	8572500.0	1.0
17146	8573000.0	1.0
17147	8573500.0	0.0
17148	8574000.0	1.0
17149	8574500.0	1.0
17150	8575000.0	0.0
17151	8575500.0	2.0
17152	8576000.0	3.0
17153	8576500.0	1.0
17154	8577000.0	2.0
17155	8577500.0	3.0
17156	8578000.0	4.0
17157	8578500.0	2.0
17158	8579000.0	2.0
17159	8579500.0	1.0
17160	8580000.0	0.0
17161	8580500.0	3.0
17162	8581000.0	0.0
17163	8581500.0	0.0
17164	8582000.0	2.0
17165	8582500.0	1.0
17166	8583000.0	1.0
17167	8583500.0	1.0
17168	8584000.0	3.0
17169	8584500.0	2.0
17170	8585000.0	1.0
17171	8585500.0	2.0
17172	8586000.0	3.0
17173	8586500.0	1.0
17174	8587000.0	1.0
17175	8587500.0	4.0
17176	8588000.0	1.0
17177	8588500.0	1.0
17178	8589000.0	0.0
17179	8589500.0	0.0
17180	8590000.0	0.0
17181	8590500.0	2.0
17182	8591000.0	1.0
17183	8591500.0	0.0
17184	8592000.0	0.0
17185	8592500.0	2.0
17186	8593000.0	1.0
17187	8593500.0	4.0
17188	8594000.0	1.0
17189	8594500.0	2.0
17190	8595000.0	0.0
17191	8595500.0	2.0
17192	8596000.0	1.0
17193	8596500.0	3.0
17194	8597000.0	0.0
17195	8597500.0	1.0
17196	8598000.0	3.0
17197	8598500.0	1.0
17198	8599000.0	3.0
17199	8599500.0	1.0
17200	8600000.0	0.0
17201	8600500.0	2.0
17202	8601000.0	3.0
17203	8601500.0	0.0
17204	8602000.0	3.0
17205	8602500.0	2.0
17206	8603000.0	3.0
17207	8603500.0	3.0
17208	8604000.0	2.0
17209	8604500.0	0.0
17210	8605000.0	0.0
17211	8605500.0	2.0
17212	8606000.0	5.0
17213	8606500.0	0.0
17214	8607000.0	3.0
17215	8607500.0	2.0
17216	8608000.0	3.0
17217	8608500.0	2.0
17218	8609000.0	1.0
17219	8609500.0	2.0
17220	8610000.0	0.0
17221	8610500.0	1.0
17222	8611000.0	4.0
17223	8611500.0	0.0
17224	8612000.0	3.0
17225	8612500.0	0.0
17226	8613000.0	0.0
17227	8613500.0	3.0
17228	8614000.0	0.0
17229	8614500.0	0.0
17230	8615000.0	2.0
17231	8615500.0	1.0
17232	8616000.0	1.0
17233	8616500.0	3.0
17234	8617000.0	1.0
17235	8617500.0	1.0
17236	8618000.0	2.0
17237	8618500.0	1.0
17238	8619000.0	2.0
17239	8619500.0	1.0
17240	8620000.0	4.0
17241	8620500.0	0.0
17242	8621000.0	2.0
17243	8621500.0	1.0
17244	8622000.0	1.0
17245	8622500.0	1.0
17246	8623000.0	4.0
17247	8623500.0	0.0
17248	8624000.0	1.0
17249	8624500.0	1.0
17250	8625000.0	3.0
17251	8625500.0	2.0
17252	8626000.0	1.0
17253	8626500.0	2.0
17254	8627000.0	1.0
17255	8627500.0	4.0
17256	8628000.0	0.0
17257	8628500.0	2.0
17258	8629000.0	2.0
17259	8629500.0	0.0
17260	8630000.0	1.0
17261	8630500.0	0.0
17262	8631000.0	1.0
17263	8631500.0	1.0
17264	8632000.0	0.0
17265	8632500.0	0.0
17266	8633000.0	2.0
17267	8633500.0	3.0
17268	8634000.0	0.0
17269	8634500.0	3.0
17270	8635000.0	1.0
17271	8635500.0	2.0
17272	8636000.0	2.0
17273	8636500.0	0.0
17274	8637000.0	1.0
17275	8637500.0	0.0
17276	8638000.0	2.0
17277	8638500.0	0.0
17278	8639000.0	1.0
17279	8639500.0	1.0
17280	8640000.0	1.0
17281	8640500.0	3.0
17282	8641000.0	0.0
17283	8641500.0	2.0
17284	8642000.0	1.0
17285	8642500.0	3.0
17286	8643000.0	2.0
17287	8643500.0	1.0
17288	8644000.0	2.0
17289	8644500.0	3.0
17290	8645000.0	1.0
17291	8645500.0	2.0
17292	8646000.0	3.0
17293	8646500.0	1.0
17294	8647000.0	0.0
17295	8647500.0	0.0
17296	8648000.0	1.0
17297	8648500.0	1.0
17298	8649000.0	2.0
17299	8649500.0	2.0
17300	8650000.0	0.0
17301	8650500.0	0.0
17302	8651000.0	3.0
17303	8651500.0	2.0
17304	8652000.0	1.0
17305	8652500.0	3.0
17306	8653000.0	2.0
17307	8653500.0	2.0
17308	8654000.0	2.0
17309	8654500.0	1.0
17310	8655000.0	1.0
17311	8655500.0	1.0
17312	8656000.0	2.0
17313	8656500.0	1.0
17314	8657000.0	1.0
17315	8657500.0	2.0
17316	8658000.0	1.0
17317	8658500.0	0.0
17318	8659000.0	2.0
17319	8659500.0	1.0
17320	8660000.0	1.0
17321	8660500.0	2.0
17322	8661000.0	1.0
17323	8661500.0	3.0
17324	8662000.0	2.0
17325	8662500.0	2.0
17326	8663000.0	2.0
17327	8663500.0	2.0
17328	8664000.0	2.0
17329	8664500.0	1.0
17330	8665000.0	1.0
17331	8665500.0	1.0
17332	8666000.0	1.0
17333	8666500.0	3.0
17334	8667000.0	1.0
17335	8667500.0	1.0
17336	8668000.0	0.0
17337	8668500.0	2.0
17338	8669000.0	1.0
17339	8669500.0	1.0
17340	8670000.0	2.0
17341	8670500.0	0.0
17342	8671000.0	1.0
17343	8671500.0	3.0
17344	8672000.0	1.0
17345	8672500.0	1.0
17346	8673000.0	1.0
17347	8673500.0	3.0
17348	8674000.0	1.0
17349	8674500.0	2.0
17350	8675000.0	0.0
17351	8675500.0	1.0
17352	8676000.0	0.0
17353	8676500.0	0.0
17354	8677000.0	2.0
17355	8677500.0	1.0
17356	8678000.0	2.0
17357	8678500.0	1.0
17358	8679000.0	1.0
17359	8679500.0	0.0
17360	8680000.0	0.0
17361	8680500.0	3.0
17362	8681000.0	0.0
17363	8681500.0	2.0
17364	8682000.0	1.0
17365	8682500.0	2.0
17366	8683000.0	0.0
17367	8683500.0	0.0
17368	8684000.0	2.0
17369	8684500.0	3.0
17370	8685000.0	0.0
17371	8685500.0	3.0
17372	8686000.0	2.0
17373	8686500.0	1.0
17374	8687000.0	1.0
17375	8687500.0	2.0
17376	8688000.0	0.0
17377	8688500.0	1.0
17378	8689000.0	1.0
17379	8689500.0	1.0
17380	8690000.0	1.0
17381	8690500.0	2.0
17382	8691000.0	0.0
17383	8691500.0	2.0
17384	8692000.0	0.0
17385	8692500.0	1.0
17386	8693000.0	0.0
17387	8693500.0	0.0
17388	8694000.0	0.0
17389	8694500.0	3.0
17390	8695000.0	0.0
17391	8695500.0	3.0
17392	8696000.0	1.0
17393	8696500.0	1.0
17394	8697000.0	1.0
17395	8697500.0	2.0
17396	8698000.0	3.0
17397	8698500.0	1.0
17398	8699000.0	1.0
17399	8699500.0	3.0
17400	8700000.0	0.0
17401	8700500.0	1.0
17402	8701000.0	1.0
17403	8701500.0	1.0
17404	8702000.0	2.0
17405	8702500.0	3.0
17406	8703000.0	1.0
17407	8703500.0	0.0
17408	8704000.0	1.0
17409	8704500.0	1.0
17410	8705000.0	0.0
17411	8705500.0	0.0
17412	8706000.0	2.0
17413	8706500.0	0.0
17414	8707000.0	1.0
17415	8707500.0	2.0
17416	8708000.0	1.0
17417	8708500.0	3.0
17418	8709000.0	2.0
17419	8709500.0	1.0
17420	8710000.0	0.0
17421	8710500.0	1.0
17422	8711000.0	1.0
17423	8711500.0	1.0
17424	8712000.0	1.0
17425	8712500.0	1.0
17426	8713000.0	0.0
17427	8713500.0	1.0
17428	8714000.0	1.0
17429	8714500.0	0.0
17430	8715000.0	1.0
17431	8715500.0	1.0
17432	8716000.0	1.0
17433	8716500.0	3.0
17434	8717000.0	2.0
17435	8717500.0	2.0
17436	8718000.0	2.0
17437	8718500.0	1.0
17438	8719000.0	2.0
17439	8719500.0	2.0
17440	8720000.0	1.0
17441	8720500.0	1.0
17442	8721000.0	0.0
17443	8721500.0	1.0
17444	8722000.0	0.0
17445	8722500.0	1.0
17446	8723000.0	1.0
17447	8723500.0	1.0
17448	8724000.0	1.0
17449	8724500.0	2.0
17450	8725000.0	1.0
17451	8725500.0	2.0
17452	8726000.0	0.0
17453	8726500.0	1.0
17454	8727000.0	0.0
17455	8727500.0	0.0
17456	8728000.0	2.0
17457	8728500.0	2.0
17458	8729000.0	1.0
17459	8729500.0	1.0
17460	8730000.0	2.0
17461	8730500.0	1.0
17462	8731000.0	0.0
17463	8731500.0	2.0
17464	8732000.0	3.0
17465	8732500.0	1.0
17466	8733000.0	1.0
17467	8733500.0	4.0
17468	8734000.0	2.0
17469	8734500.0	1.0
17470	8735000.0	0.0
17471	8735500.0	1.0
17472	8736000.0	0.0
17473	8736500.0	1.0
17474	8737000.0	4.0
17475	8737500.0	0.0
17476	8738000.0	2.0
17477	8738500.0	3.0
17478	8739000.0	0.0
17479	8739500.0	2.0
17480	8740000.0	2.0
17481	8740500.0	1.0
17482	8741000.0	0.0
17483	8741500.0	1.0
17484	8742000.0	2.0
17485	8742500.0	1.0
17486	8743000.0	1.0
17487	8743500.0	0.0
17488	8744000.0	2.0
17489	8744500.0	1.0
17490	8745000.0	1.0
17491	8745500.0	2.0
17492	8746000.0	2.0
17493	8746500.0	1.0
17494	8747000.0	1.0
17495	8747500.0	1.0
17496	8748000.0	3.0
17497	8748500.0	0.0
17498	8749000.0	0.0
17499	8749500.0	1.0
17500	8750000.0	1.0
17501	8750500.0	2.0
17502	8751000.0	1.0
17503	8751500.0	1.0
17504	8752000.0	0.0
17505	8752500.0	2.0
17506	8753000.0	1.0
17507	8753500.0	0.0
17508	8754000.0	1.0
17509	8754500.0	4.0
17510	8755000.0	1.0
17511	8755500.0	4.0
17512	8756000.0	1.0
17513	8756500.0	2.0
17514	8757000.0	0.0
17515	8757500.0	0.0
17516	8758000.0	0.0
17517	8758500.0	2.0
17518	8759000.0	2.0
17519	8759500.0	2.0
17520	8760000.0	2.0
17521	8760500.0	1.0
17522	8761000.0	2.0
17523	8761500.0	4.0
17524	8762000.0	1.0
17525	8762500.0	0.0
17526	8763000.0	3.0
17527	8763500.0	0.0
17528	8764000.0	1.0
17529	8764500.0	1.0
17530	8765000.0	2.0
17531	8765500.0	1.0
17532	8766000.0	2.0
17533	8766500.0	1.0
17534	8767000.0	1.0
17535	8767500.0	0.0
17536	8768000.0	1.0
17537	8768500.0	3.0
17538	8769000.0	1.0
17539	8769500.0	0.0
17540	8770000.0	2.0
17541	8770500.0	2.0
17542	8771000.0	2.0
17543	8771500.0	4.0
17544	8772000.0	1.0
17545	8772500.0	3.0
17546	8773000.0	3.0
17547	8773500.0	2.0
17548	8774000.0	2.0
17549	8774500.0	3.0
17550	8775000.0	1.0
17551	8775500.0	2.0
17552	8776000.0	1.0
17553	8776500.0	0.0
17554	8777000.0	2.0
17555	8777500.0	0.0
17556	8778000.0	1.0
17557	8778500.0	1.0
17558	8779000.0	2.0
17559	8779500.0	2.0
17560	8780000.0	1.0
17561	8780500.0	1.0
17562	8781000.0	2.0
17563	8781500.0	1.0
17564	8782000.0	1.0
17565	8782500.0	0.0
17566	8783000.0	1.0
17567	8783500.0	1.0
17568	8784000.0	1.0
17569	8784500.0	4.0
17570	8785000.0	2.0
17571	8785500.0	3.0
17572	8786000.0	1.0
17573	8786500.0	0.0
17574	8787000.0	1.0
17575	8787500.0	3.0
17576	8788000.0	0.0
17577	8788500.0	0.0
17578	8789000.0	1.0
17579	8789500.0	2.0
17580	8790000.0	3.0
17581	8790500.0	2.0
17582	8791000.0	0.0
17583	8791500.0	1.0
17584	8792000.0	1.0
17585	8792500.0	1.0
17586	8793000.0	0.0
17587	8793500.0	3.0
17588	8794000.0	2.0
17589	8794500.0	2.0
17590	8795000.0	2.0
17591	8795500.0	1.0
17592	8796000.0	2.0
17593	8796500.0	2.0
17594	8797000.0	1.0
17595	8797500.0	1.0
17596	8798000.0	1.0
17597	8798500.0	1.0
17598	8799000.0	0.0
17599	8799500.0	1.0
17600	8800000.0	1.0
17601	8800500.0	2.0
17602	8801000.0	1.0
17603	8801500.0	2.0
17604	8802000.0	3.0
17605	8802500.0	1.0
17606	8803000.0	1.0
17607	8803500.0	0.0
17608	8804000.0	1.0
17609	8804500.0	2.0
17610	8805000.0	0.0
17611	8805500.0	0.0
17612	8806000.0	1.0
17613	8806500.0	2.0
17614	8807000.0	1.0
17615	8807500.0	2.0
17616	8808000.0	1.0
17617	8808500.0	2.0
17618	8809000.0	3.0
17619	8809500.0	1.0
17620	8810000.0	2.0
17621	8810500.0	1.0
17622	8811000.0	0.0
17623	8811500.0	1.0
17624	8812000.0	1.0
17625	8812500.0	1.0
17626	8813000.0	0.0
17627	8813500.0	2.0
17628	8814000.0	3.0
17629	8814500.0	0.0
17630	8815000.0	2.0
17631	8815500.0	0.0
17632	8816000.0	1.0
17633	8816500.0	2.0
17634	8817000.0	2.0
17635	8817500.0	1.0
17636	8818000.0	4.0
17637	8818500.0	1.0
17638	8819000.0	1.0
17639	8819500.0	2.0
17640	8820000.0	2.0
17641	8820500.0	3.0
17642	8821000.0	2.0
17643	8821500.0	1.0
17644	8822000.0	1.0
17645	8822500.0	2.0
17646	8823000.0	1.0
17647	8823500.0	2.0
17648	8824000.0	1.0
17649	8824500.0	5.0
17650	8825000.0	1.0
17651	8825500.0	1.0
17652	8826000.0	2.0
17653	8826500.0	0.0
17654	8827000.0	0.0
17655	8827500.0	0.0
17656	8828000.0	2.0
17657	8828500.0	2.0
17658	8829000.0	2.0
17659	8829500.0	2.0
17660	8830000.0	1.0
17661	8830500.0	2.0
17662	8831000.0	3.0
17663	8831500.0	1.0
17664	8832000.0	1.0
17665	8832500.0	4.0
17666	8833000.0	1.0
17667	8833500.0	2.0
17668	8834000.0	0.0
17669	8834500.0	1.0
17670	8835000.0	3.0
17671	8835500.0	3.0
17672	8836000.0	2.0
17673	8836500.0	0.0
17674	8837000.0	0.0
17675	8837500.0	1.0
17676	8838000.0	4.0
17677	8838500.0	0.0
17678	8839000.0	3.0
17679	8839500.0	1.0
17680	8840000.0	0.0
17681	8840500.0	0.0
17682	8841000.0	1.0
17683	8841500.0	3.0
17684	8842000.0	0.0
17685	8842500.0	1.0
17686	8843000.0	1.0
17687	8843500.0	0.0
17688	8844000.0	1.0
17689	8844500.0	2.0
17690	8845000.0	1.0
17691	8845500.0	2.0
17692	8846000.0	3.0
17693	8846500.0	0.0
17694	8847000.0	2.0
17695	8847500.0	1.0
17696	8848000.0	1.0
17697	8848500.0	2.0
17698	8849000.0	3.0
17699	8849500.0	0.0
17700	8850000.0	2.0
17701	8850500.0	1.0
17702	8851000.0	0.0
17703	8851500.0	1.0
17704	8852000.0	2.0
17705	8852500.0	0.0
17706	8853000.0	5.0
17707	8853500.0	1.0
17708	8854000.0	0.0
17709	8854500.0	1.0
17710	8855000.0	2.0
17711	8855500.0	0.0
17712	8856000.0	0.0
17713	8856500.0	1.0
17714	8857000.0	0.0
17715	8857500.0	0.0
17716	8858000.0	1.0
17717	8858500.0	3.0
17718	8859000.0	0.0
17719	8859500.0	0.0
17720	8860000.0	5.0
17721	8860500.0	3.0
17722	8861000.0	3.0
17723	8861500.0	1.0
17724	8862000.0	1.0
17725	8862500.0	2.0
17726	8863000.0	2.0
17727	8863500.0	2.0
17728	8864000.0	0.0
17729	8864500.0	1.0
17730	8865000.0	0.0
17731	8865500.0	4.0
17732	8866000.0	0.0
17733	8866500.0	0.0
17734	8867000.0	2.0
17735	8867500.0	2.0
17736	8868000.0	0.0
17737	8868500.0	0.0
17738	8869000.0	0.0
17739	8869500.0	2.0
17740	8870000.0	3.0
17741	8870500.0	0.0
17742	8871000.0	2.0
17743	8871500.0	1.0
17744	8872000.0	3.0
17745	8872500.0	0.0
17746	8873000.0	2.0
17747	8873500.0	0.0
17748	8874000.0	0.0
17749	8874500.0	1.0
17750	8875000.0	0.0
17751	8875500.0	4.0
17752	8876000.0	2.0
17753	8876500.0	1.0
17754	8877000.0	5.0
17755	8877500.0	2.0
17756	8878000.0	1.0
17757	8878500.0	0.0
17758	8879000.0	2.0
17759	8879500.0	0.0
17760	8880000.0	3.0
17761	8880500.0	0.0
17762	8881000.0	2.0
17763	8881500.0	2.0
17764	8882000.0	0.0
17765	8882500.0	5.0
17766	8883000.0	1.0
17767	8883500.0	1.0
17768	8884000.0	4.0
17769	8884500.0	1.0
17770	8885000.0	1.0
17771	8885500.0	0.0
17772	8886000.0	2.0
17773	8886500.0	5.0
17774	8887000.0	1.0
17775	8887500.0	1.0
17776	8888000.0	0.0
17777	8888500.0	2.0
17778	8889000.0	1.0
17779	8889500.0	1.0
17780	8890000.0	3.0
17781	8890500.0	5.0
17782	8891000.0	0.0
17783	8891500.0	1.0
17784	8892000.0	2.0
17785	8892500.0	2.0
17786	8893000.0	1.0
17787	8893500.0	0.0
17788	8894000.0	0.0
17789	8894500.0	2.0
17790	8895000.0	2.0
17791	8895500.0	0.0
17792	8896000.0	1.0
17793	8896500.0	0.0
17794	8897000.0	2.0
17795	8897500.0	2.0
17796	8898000.0	0.0
17797	8898500.0	2.0
17798	8899000.0	3.0
17799	8899500.0	3.0
17800	8900000.0	6.0
17801	8900500.0	1.0
17802	8901000.0	0.0
17803	8901500.0	2.0
17804	8902000.0	1.0
17805	8902500.0	2.0
17806	8903000.0	1.0
17807	8903500.0	0.0
17808	8904000.0	2.0
17809	8904500.0	0.0
17810	8905000.0	1.0
17811	8905500.0	0.0
17812	8906000.0	0.0
17813	8906500.0	0.0
17814	8907000.0	0.0
17815	8907500.0	0.0
17816	8908000.0	1.0
17817	8908500.0	1.0
17818	8909000.0	0.0
17819	8909500.0	0.0
17820	8910000.0	0.0
17821	8910500.0	1.0
17822	8911000.0	1.0
17823	8911500.0	1.0
17824	8912000.0	1.0
17825	8912500.0	2.0
17826	8913000.0	1.0
17827	8913500.0	0.0
17828	8914000.0	2.0
17829	8914500.0	0.0
17830	8915000.0	1.0
17831	8915500.0	4.0
17832	8916000.0	1.0
17833	8916500.0	1.0
17834	8917000.0	0.0
17835	8917500.0	0.0
17836	8918000.0	0.0
17837	8918500.0	3.0
17838	8919000.0	2.0
17839	8919500.0	2.0
17840	8920000.0	1.0
17841	8920500.0	2.0
17842	8921000.0	1.0
17843	8921500.0	1.0
17844	8922000.0	2.0
17845	8922500.0	3.0
17846	8923000.0	0.0
17847	8923500.0	3.0
17848	8924000.0	2.0
17849	8924500.0	1.0
17850	8925000.0	1.0
17851	8925500.0	2.0
17852	8926000.0	2.0
17853	8926500.0	1.0
17854	8927000.0	1.0
17855	8927500.0	0.0
17856	8928000.0	0.0
17857	8928500.0	0.0
17858	8929000.0	1.0
17859	8929500.0	4.0
17860	8930000.0	2.0
17861	8930500.0	0.0
17862	8931000.0	4.0
17863	8931500.0	0.0
17864	8932000.0	1.0
17865	8932500.0	0.0
17866	8933000.0	2.0
17867	8933500.0	1.0
17868	8934000.0	0.0
17869	8934500.0	0.0
17870	8935000.0	1.0
17871	8935500.0	3.0
17872	8936000.0	1.0
17873	8936500.0	4.0
17874	8937000.0	4.0
17875	8937500.0	2.0
17876	8938000.0	3.0
17877	8938500.0	2.0
17878	8939000.0	0.0
17879	8939500.0	2.0
17880	8940000.0	3.0
17881	8940500.0	0.0
17882	8941000.0	0.0
17883	8941500.0	1.0
17884	8942000.0	4.0
17885	8942500.0	2.0
17886	8943000.0	1.0
17887	8943500.0	1.0
17888	8944000.0	2.0
17889	8944500.0	2.0
17890	8945000.0	0.0
17891	8945500.0	3.0
17892	8946000.0	2.0
17893	8946500.0	3.0
17894	8947000.0	2.0
17895	8947500.0	1.0
17896	8948000.0	2.0
17897	8948500.0	2.0
17898	8949000.0	2.0
17899	8949500.0	2.0
17900	8950000.0	1.0
17901	8950500.0	1.0
17902	8951000.0	1.0
17903	8951500.0	0.0
17904	8952000.0	0.0
17905	8952500.0	1.0
17906	8953000.0	0.0
17907	8953500.0	1.0
17908	8954000.0	0.0
17909	8954500.0	1.0
17910	8955000.0	0.0
17911	8955500.0	0.0
17912	8956000.0	4.0
17913	8956500.0	2.0
17914	8957000.0	0.0
17915	8957500.0	0.0
17916	8958000.0	1.0
17917	8958500.0	3.0
17918	8959000.0	4.0
17919	8959500.0	1.0
17920	8960000.0	0.0
17921	8960500.0	2.0
17922	8961000.0	0.0
17923	8961500.0	0.0
17924	8962000.0	2.0
17925	8962500.0	4.0
17926	8963000.0	2.0
17927	8963500.0	1.0
17928	8964000.0	1.0
17929	8964500.0	1.0
17930	8965000.0	0.0
17931	8965500.0	1.0
17932	8966000.0	0.0
17933	8966500.0	0.0
17934	8967000.0	2.0
17935	8967500.0	2.0
17936	8968000.0	1.0
17937	8968500.0	0.0
17938	8969000.0	2.0
17939	8969500.0	0.0
17940	8970000.0	4.0
17941	8970500.0	1.0
17942	8971000.0	1.0
17943	8971500.0	1.0
17944	8972000.0	0.0
17945	8972500.0	5.0
17946	8973000.0	1.0
17947	8973500.0	1.0
17948	8974000.0	1.0
17949	8974500.0	1.0
17950	8975000.0	1.0
17951	8975500.0	2.0
17952	8976000.0	2.0
17953	8976500.0	0.0
17954	8977000.0	1.0
17955	8977500.0	2.0
17956	8978000.0	1.0
17957	8978500.0	2.0
17958	8979000.0	1.0
17959	8979500.0	1.0
17960	8980000.0	1.0
17961	8980500.0	4.0
17962	8981000.0	1.0
17963	8981500.0	0.0
17964	8982000.0	3.0
17965	8982500.0	1.0
17966	8983000.0	3.0
17967	8983500.0	2.0
17968	8984000.0	1.0
17969	8984500.0	0.0
17970	8985000.0	1.0
17971	8985500.0	0.0
17972	8986000.0	3.0
17973	8986500.0	0.0
17974	8987000.0	0.0
17975	8987500.0	1.0
17976	8988000.0	3.0
17977	8988500.0	0.0
17978	8989000.0	2.0
17979	8989500.0	3.0
17980	8990000.0	1.0
17981	8990500.0	0.0
17982	8991000.0	1.0
17983	8991500.0	1.0
17984	8992000.0	0.0
17985	8992500.0	2.0
17986	8993000.0	1.0
17987	8993500.0	1.0
17988	8994000.0	1.0
17989	8994500.0	1.0
17990	8995000.0	3.0
17991	8995500.0	1.0
17992	8996000.0	3.0
17993	8996500.0	1.0
17994	8997000.0	1.0
17995	8997500.0	0.0
17996	8998000.0	2.0
17997	8998500.0	2.0
17998	8999000.0	1.0
17999	8999500.0	2.0
18000	9000000.0	1.0
18001	9000500.0	0.0
18002	9001000.0	2.0
18003	9001500.0	0.0
18004	9002000.0	4.0
18005	9002500.0	0.0
18006	9003000.0	1.0
18007	9003500.0	1.0
18008	9004000.0	1.0
18009	9004500.0	0.0
18010	9005000.0	0.0
18011	9005500.0	0.0
18012	9006000.0	3.0
18013	9006500.0	0.0
18014	9007000.0	1.0
18015	9007500.0	0.0
18016	9008000.0	0.0
18017	9008500.0	3.0
18018	9009000.0	2.0
18019	9009500.0	2.0
18020	9010000.0	1.0
18021	9010500.0	1.0
18022	9011000.0	2.0
18023	9011500.0	2.0
18024	9012000.0	1.0
18025	9012500.0	3.0
18026	9013000.0	1.0
18027	9013500.0	2.0
18028	9014000.0	4.0
18029	9014500.0	2.0
18030	9015000.0	2.0
18031	9015500.0	0.0
18032	9016000.0	0.0
18033	9016500.0	3.0
18034	9017000.0	2.0
18035	9017500.0	0.0
18036	9018000.0	3.0
18037	9018500.0	2.0
18038	9019000.0	2.0
18039	9019500.0	0.0
18040	9020000.0	2.0
18041	9020500.0	2.0
18042	9021000.0	0.0
18043	9021500.0	0.0
18044	9022000.0	1.0
18045	9022500.0	0.0
18046	9023000.0	0.0
18047	9023500.0	2.0
18048	9024000.0	3.0
18049	9024500.0	4.0
18050	9025000.0	1.0
18051	9025500.0	4.0
18052	9026000.0	2.0
18053	9026500.0	1.0
18054	9027000.0	2.0
18055	9027500.0	3.0
18056	9028000.0	1.0
18057	9028500.0	2.0
18058	9029000.0	2.0
18059	9029500.0	0.0
18060	9030000.0	2.0
18061	9030500.0	2.0
18062	9031000.0	0.0
18063	9031500.0	2.0
18064	9032000.0	0.0
18065	9032500.0	1.0
18066	9033000.0	0.0
18067	9033500.0	0.0
18068	9034000.0	1.0
18069	9034500.0	1.0
18070	9035000.0	0.0
18071	9035500.0	2.0
18072	9036000.0	2.0
18073	9036500.0	1.0
18074	9037000.0	2.0
18075	9037500.0	2.0
18076	9038000.0	0.0
18077	9038500.0	1.0
18078	9039000.0	1.0
18079	9039500.0	2.0
18080	9040000.0	0.0
18081	9040500.0	1.0
18082	9041000.0	2.0
18083	9041500.0	1.0
18084	9042000.0	3.0
18085	9042500.0	2.0
18086	9043000.0	1.0
18087	9043500.0	0.0
18088	9044000.0	2.0
18089	9044500.0	2.0
18090	9045000.0	1.0
18091	9045500.0	1.0
18092	9046000.0	0.0
18093	9046500.0	0.0
18094	9047000.0	2.0
18095	9047500.0	2.0
18096	9048000.0	3.0
18097	9048500.0	2.0
18098	9049000.0	2.0
18099	9049500.0	1.0
18100	9050000.0	1.0
18101	9050500.0	1.0
18102	9051000.0	2.0
18103	9051500.0	1.0
18104	9052000.0	2.0
18105	9052500.0	2.0
18106	9053000.0	1.0
18107	9053500.0	0.0
18108	9054000.0	2.0
18109	9054500.0	0.0
18110	9055000.0	1.0
18111	9055500.0	1.0
18112	9056000.0	1.0
18113	9056500.0	1.0
18114	9057000.0	1.0
18115	9057500.0	1.0
18116	9058000.0	1.0
18117	9058500.0	1.0
18118	9059000.0	1.0
18119	9059500.0	1.0
18120	9060000.0	1.0
18121	9060500.0	3.0
18122	9061000.0	1.0
18123	9061500.0	6.0
18124	9062000.0	1.0
18125	9062500.0	3.0
18126	9063000.0	3.0
18127	9063500.0	1.0
18128	9064000.0	0.0
18129	9064500.0	2.0
18130	9065000.0	1.0
18131	9065500.0	0.0
18132	9066000.0	0.0
18133	9066500.0	1.0
18134	9067000.0	0.0
18135	9067500.0	1.0
18136	9068000.0	2.0
18137	9068500.0	0.0
18138	9069000.0	2.0
18139	9069500.0	1.0
18140	9070000.0	0.0
18141	9070500.0	1.0
18142	9071000.0	2.0
18143	9071500.0	3.0
18144	9072000.0	0.0
18145	9072500.0	3.0
18146	9073000.0	1.0
18147	9073500.0	0.0
18148	9074000.0	1.0
18149	9074500.0	1.0
18150	9075000.0	2.0
18151	9075500.0	2.0
18152	9076000.0	0.0
18153	9076500.0	4.0
18154	9077000.0	0.0
18155	9077500.0	0.0
18156	9078000.0	2.0
18157	9078500.0	1.0
18158	9079000.0	0.0
18159	9079500.0	0.0
18160	9080000.0	2.0
18161	9080500.0	1.0
18162	9081000.0	1.0
18163	9081500.0	0.0
18164	9082000.0	5.0
18165	9082500.0	1.0
18166	9083000.0	1.0
18167	9083500.0	1.0
18168	9084000.0	2.0
18169	9084500.0	1.0
18170	9085000.0	3.0
18171	9085500.0	4.0
18172	9086000.0	4.0
18173	9086500.0	2.0
18174	9087000.0	1.0
18175	9087500.0	2.0
18176	9088000.0	1.0
18177	9088500.0	1.0
18178	9089000.0	0.0
18179	9089500.0	2.0
18180	9090000.0	1.0
18181	9090500.0	2.0
18182	9091000.0	0.0
18183	9091500.0	4.0
18184	9092000.0	3.0
18185	9092500.0	0.0
18186	9093000.0	0.0
18187	9093500.0	0.0
18188	9094000.0	1.0
18189	9094500.0	0.0
18190	9095000.0	0.0
18191	9095500.0	3.0
18192	9096000.0	1.0
18193	9096500.0	1.0
18194	9097000.0	1.0
18195	9097500.0	3.0
18196	9098000.0	1.0
18197	9098500.0	1.0
18198	9099000.0	2.0
18199	9099500.0	0.0
18200	9100000.0	1.0
18201	9100500.0	0.0
18202	9101000.0	1.0
18203	9101500.0	2.0
18204	9102000.0	1.0
18205	9102500.0	0.0
18206	9103000.0	0.0
18207	9103500.0	2.0
18208	9104000.0	1.0
18209	9104500.0	0.0
18210	9105000.0	1.0
18211	9105500.0	1.0
18212	9106000.0	0.0
18213	9106500.0	2.0
18214	9107000.0	1.0
18215	9107500.0	1.0
18216	9108000.0	1.0
18217	9108500.0	0.0
18218	9109000.0	1.0
18219	9109500.0	1.0
18220	9110000.0	0.0
18221	9110500.0	0.0
18222	9111000.0	0.0
18223	9111500.0	0.0
18224	9112000.0	1.0
18225	9112500.0	4.0
18226	9113000.0	1.0
18227	9113500.0	3.0
18228	9114000.0	0.0
18229	9114500.0	2.0
18230	9115000.0	2.0
18231	9115500.0	2.0
18232	9116000.0	2.0
18233	9116500.0	0.0
18234	9117000.0	1.0
18235	9117500.0	1.0
18236	9118000.0	2.0
18237	9118500.0	3.0
18238	9119000.0	0.0
18239	9119500.0	2.0
18240	9120000.0	0.0
18241	9120500.0	1.0
18242	9121000.0	1.0
18243	9121500.0	2.0
18244	9122000.0	0.0
18245	9122500.0	2.0
18246	9123000.0	2.0
18247	9123500.0	0.0
18248	9124000.0	2.0
18249	9124500.0	0.0
18250	9125000.0	0.0
18251	9125500.0	0.0
18252	9126000.0	2.0
18253	9126500.0	0.0
18254	9127000.0	1.0
18255	9127500.0	1.0
18256	9128000.0	1.0
18257	9128500.0	1.0
18258	9129000.0	2.0
18259	9129500.0	2.0
18260	9130000.0	1.0
18261	9130500.0	4.0
18262	9131000.0	0.0
18263	9131500.0	0.0
18264	9132000.0	0.0
18265	9132500.0	2.0
18266	9133000.0	5.0
18267	9133500.0	2.0
18268	9134000.0	1.0
18269	9134500.0	1.0
18270	9135000.0	2.0
18271	9135500.0	1.0
18272	9136000.0	0.0
18273	9136500.0	2.0
18274	9137000.0	4.0
18275	9137500.0	1.0
18276	9138000.0	3.0
18277	9138500.0	0.0
18278	9139000.0	1.0
18279	9139500.0	3.0
18280	9140000.0	3.0
18281	9140500.0	0.0
18282	9141000.0	1.0
18283	9141500.0	2.0
18284	9142000.0	2.0
18285	9142500.0	4.0
18286	9143000.0	2.0
18287	9143500.0	0.0
18288	9144000.0	1.0
18289	9144500.0	3.0
18290	9145000.0	3.0
18291	9145500.0	1.0
18292	9146000.0	3.0
18293	9146500.0	2.0
18294	9147000.0	1.0
18295	9147500.0	2.0
18296	9148000.0	2.0
18297	9148500.0	1.0
18298	9149000.0	1.0
18299	9149500.0	0.0
18300	9150000.0	1.0
18301	9150500.0	2.0
18302	9151000.0	2.0
18303	9151500.0	1.0
18304	9152000.0	1.0
18305	9152500.0	2.0
18306	9153000.0	4.0
18307	9153500.0	1.0
18308	9154000.0	3.0
18309	9154500.0	2.0
18310	9155000.0	2.0
18311	9155500.0	1.0
18312	9156000.0	1.0
18313	9156500.0	0.0
18314	9157000.0	3.0
18315	9157500.0	3.0
18316	9158000.0	0.0
18317	9158500.0	1.0
18318	9159000.0	0.0
18319	9159500.0	0.0
18320	9160000.0	1.0
18321	9160500.0	1.0
18322	9161000.0	1.0
18323	9161500.0	1.0
18324	9162000.0	1.0
18325	9162500.0	2.0
18326	9163000.0	3.0
18327	9163500.0	2.0
18328	9164000.0	1.0
18329	9164500.0	2.0
18330	9165000.0	2.0
18331	9165500.0	2.0
18332	9166000.0	3.0
18333	9166500.0	0.0
18334	9167000.0	1.0
18335	9167500.0	2.0
18336	9168000.0	1.0
18337	9168500.0	1.0
18338	9169000.0	2.0
18339	9169500.0	2.0
18340	9170000.0	0.0
18341	9170500.0	5.0
18342	9171000.0	1.0
18343	9171500.0	4.0
18344	9172000.0	1.0
18345	9172500.0	1.0
18346	9173000.0	0.0
18347	9173500.0	1.0
18348	9174000.0	2.0
18349	9174500.0	0.0
18350	9175000.0	0.0
18351	9175500.0	2.0
18352	9176000.0	2.0
18353	9176500.0	3.0
18354	9177000.0	1.0
18355	9177500.0	0.0
18356	9178000.0	2.0
18357	9178500.0	2.0
18358	9179000.0	4.0
18359	9179500.0	3.0
18360	9180000.0	3.0
18361	9180500.0	1.0
18362	9181000.0	1.0
18363	9181500.0	0.0
18364	9182000.0	3.0
18365	9182500.0	0.0
18366	9183000.0	1.0
18367	9183500.0	1.0
18368	9184000.0	1.0
18369	9184500.0	1.0
18370	9185000.0	1.0
18371	9185500.0	0.0
18372	9186000.0	4.0
18373	9186500.0	0.0
18374	9187000.0	2.0
18375	9187500.0	0.0
18376	9188000.0	1.0
18377	9188500.0	0.0
18378	9189000.0	1.0
18379	9189500.0	4.0
18380	9190000.0	0.0
18381	9190500.0	0.0
18382	9191000.0	0.0
18383	9191500.0	1.0
18384	9192000.0	0.0
18385	9192500.0	2.0
18386	9193000.0	1.0
18387	9193500.0	0.0
18388	9194000.0	1.0
18389	9194500.0	3.0
18390	9195000.0	2.0
18391	9195500.0	2.0
18392	9196000.0	2.0
18393	9196500.0	1.0
18394	9197000.0	1.0
18395	9197500.0	3.0
18396	9198000.0	1.0
18397	9198500.0	2.0
18398	9199000.0	3.0
18399	9199500.0	1.0
18400	9200000.0	1.0
18401	9200500.0	1.0
18402	9201000.0	3.0
18403	9201500.0	0.0
18404	9202000.0	0.0
18405	9202500.0	1.0
18406	9203000.0	2.0
18407	9203500.0	5.0
18408	9204000.0	1.0
18409	9204500.0	3.0
18410	9205000.0	1.0
18411	9205500.0	1.0
18412	9206000.0	2.0
18413	9206500.0	1.0
18414	9207000.0	1.0
18415	9207500.0	1.0
18416	9208000.0	0.0
18417	9208500.0	0.0
18418	9209000.0	4.0
18419	9209500.0	1.0
18420	9210000.0	1.0
18421	9210500.0	1.0
18422	9211000.0	2.0
18423	9211500.0	2.0
18424	9212000.0	0.0
18425	9212500.0	1.0
18426	9213000.0	0.0
18427	9213500.0	1.0
18428	9214000.0	3.0
18429	9214500.0	1.0
18430	9215000.0	0.0
18431	9215500.0	2.0
18432	9216000.0	2.0
18433	9216500.0	1.0
18434	9217000.0	3.0
18435	9217500.0	1.0
18436	9218000.0	1.0
18437	9218500.0	1.0
18438	9219000.0	1.0
18439	9219500.0	1.0
18440	9220000.0	2.0
18441	9220500.0	0.0
18442	9221000.0	0.0
18443	9221500.0	2.0
18444	9222000.0	0.0
18445	9222500.0	3.0
18446	9223000.0	1.0
18447	9223500.0	1.0
18448	9224000.0	0.0
18449	9224500.0	0.0
18450	9225000.0	2.0
18451	9225500.0	0.0
18452	9226000.0	2.0
18453	9226500.0	1.0
18454	9227000.0	3.0
18455	9227500.0	4.0
18456	9228000.0	0.0
18457	9228500.0	0.0
18458	9229000.0	1.0
18459	9229500.0	2.0
18460	9230000.0	1.0
18461	9230500.0	1.0
18462	9231000.0	4.0
18463	9231500.0	2.0
18464	9232000.0	1.0
18465	9232500.0	0.0
18466	9233000.0	1.0
18467	9233500.0	0.0
18468	9234000.0	2.0
18469	9234500.0	2.0
18470	9235000.0	2.0
18471	9235500.0	2.0
18472	9236000.0	3.0
18473	9236500.0	3.0
18474	9237000.0	2.0
18475	9237500.0	0.0
18476	9238000.0	0.0
18477	9238500.0	1.0
18478	9239000.0	0.0
18479	9239500.0	0.0
18480	9240000.0	2.0
18481	9240500.0	3.0
18482	9241000.0	2.0
18483	9241500.0	1.0
18484	9242000.0	2.0
18485	9242500.0	1.0
18486	9243000.0	0.0
18487	9243500.0	1.0
18488	9244000.0	2.0
18489	9244500.0	1.0
18490	9245000.0	3.0
18491	9245500.0	3.0
18492	9246000.0	1.0
18493	9246500.0	2.0
18494	9247000.0	2.0
18495	9247500.0	0.0
18496	9248000.0	1.0
18497	9248500.0	1.0
18498	9249000.0	0.0
18499	9249500.0	1.0
18500	9250000.0	1.0
18501	9250500.0	3.0
18502	9251000.0	1.0
18503	9251500.0	1.0
18504	9252000.0	0.0
18505	9252500.0	6.0
18506	9253000.0	2.0
18507	9253500.0	1.0
18508	9254000.0	2.0
18509	9254500.0	1.0
18510	9255000.0	3.0
18511	9255500.0	1.0
18512	9256000.0	3.0
18513	9256500.0	2.0
18514	9257000.0	1.0
18515	9257500.0	0.0
18516	9258000.0	0.0
18517	9258500.0	2.0
18518	9259000.0	0.0
18519	9259500.0	3.0
18520	9260000.0	4.0
18521	9260500.0	0.0
18522	9261000.0	1.0
18523	9261500.0	2.0
18524	9262000.0	2.0
18525	9262500.0	1.0
18526	9263000.0	2.0
18527	9263500.0	2.0
18528	9264000.0	1.0
18529	9264500.0	1.0
18530	9265000.0	1.0
18531	9265500.0	2.0
18532	9266000.0	1.0
18533	9266500.0	1.0
18534	9267000.0	3.0
18535	9267500.0	2.0
18536	9268000.0	3.0
18537	9268500.0	2.0
18538	9269000.0	0.0
18539	9269500.0	2.0
18540	9270000.0	2.0
18541	9270500.0	1.0
18542	9271000.0	1.0
18543	9271500.0	3.0
18544	9272000.0	1.0
18545	9272500.0	0.0
18546	9273000.0	0.0
18547	9273500.0	2.0
18548	9274000.0	0.0
18549	9274500.0	2.0
18550	9275000.0	2.0
18551	9275500.0	2.0
18552	9276000.0	0.0
18553	9276500.0	1.0
18554	9277000.0	1.0
18555	9277500.0	0.0
18556	9278000.0	2.0
18557	9278500.0	0.0
18558	9279000.0	3.0
18559	9279500.0	1.0
18560	9280000.0	1.0
18561	9280500.0	1.0
18562	9281000.0	1.0
18563	9281500.0	0.0
18564	9282000.0	1.0
18565	9282500.0	0.0
18566	9283000.0	2.0
18567	9283500.0	1.0
18568	9284000.0	5.0
18569	9284500.0	1.0
18570	9285000.0	2.0
18571	9285500.0	1.0
18572	9286000.0	1.0
18573	9286500.0	1.0
18574	9287000.0	0.0
18575	9287500.0	1.0
18576	9288000.0	0.0
18577	9288500.0	0.0
18578	9289000.0	3.0
18579	9289500.0	1.0
18580	9290000.0	0.0
18581	9290500.0	1.0
18582	9291000.0	1.0
18583	9291500.0	0.0
18584	9292000.0	0.0
18585	9292500.0	2.0
18586	9293000.0	0.0
18587	9293500.0	0.0
18588	9294000.0	0.0
18589	9294500.0	3.0
18590	9295000.0	1.0
18591	9295500.0	0.0
18592	9296000.0	0.0
18593	9296500.0	2.0
18594	9297000.0	0.0
18595	9297500.0	0.0
18596	9298000.0	1.0
18597	9298500.0	1.0
18598	9299000.0	3.0
18599	9299500.0	3.0
18600	9300000.0	2.0
18601	9300500.0	1.0
18602	9301000.0	1.0
18603	9301500.0	0.0
18604	9302000.0	1.0
18605	9302500.0	0.0
18606	9303000.0	2.0
18607	9303500.0	2.0
18608	9304000.0	3.0
18609	9304500.0	1.0
18610	9305000.0	1.0
18611	9305500.0	1.0
18612	9306000.0	1.0
18613	9306500.0	0.0
18614	9307000.0	0.0
18615	9307500.0	2.0
18616	9308000.0	1.0
18617	9308500.0	0.0
18618	9309000.0	0.0
18619	9309500.0	2.0
18620	9310000.0	2.0
18621	9310500.0	0.0
18622	9311000.0	2.0
18623	9311500.0	1.0
18624	9312000.0	2.0
18625	9312500.0	2.0
18626	9313000.0	1.0
18627	9313500.0	3.0
18628	9314000.0	1.0
18629	9314500.0	1.0
18630	9315000.0	1.0
18631	9315500.0	3.0
18632	9316000.0	0.0
18633	9316500.0	1.0
18634	9317000.0	0.0
18635	9317500.0	0.0
18636	9318000.0	1.0
18637	9318500.0	1.0
18638	9319000.0	1.0
18639	9319500.0	1.0
18640	9320000.0	5.0
18641	9320500.0	0.0
18642	9321000.0	1.0
18643	9321500.0	2.0
18644	9322000.0	2.0
18645	9322500.0	1.0
18646	9323000.0	0.0
18647	9323500.0	0.0
18648	9324000.0	1.0
18649	9324500.0	2.0
18650	9325000.0	2.0
18651	9325500.0	0.0
18652	9326000.0	1.0
18653	9326500.0	0.0
18654	9327000.0	1.0
18655	9327500.0	2.0
18656	9328000.0	0.0
18657	9328500.0	2.0
18658	9329000.0	1.0
18659	9329500.0	0.0
18660	9330000.0	3.0
18661	9330500.0	1.0
18662	9331000.0	1.0
18663	9331500.0	0.0
18664	9332000.0	1.0
18665	9332500.0	2.0
18666	9333000.0	3.0
18667	9333500.0	2.0
18668	9334000.0	2.0
18669	9334500.0	4.0
18670	9335000.0	3.0
18671	9335500.0	0.0
18672	9336000.0	0.0
18673	9336500.0	1.0
18674	9337000.0	2.0
18675	9337500.0	1.0
18676	9338000.0	3.0
18677	9338500.0	0.0
18678	9339000.0	0.0
18679	9339500.0	2.0
18680	9340000.0	1.0
18681	9340500.0	0.0
18682	9341000.0	0.0
18683	9341500.0	0.0
18684	9342000.0	1.0
18685	9342500.0	2.0
18686	9343000.0	1.0
18687	9343500.0	1.0
18688	9344000.0	1.0
18689	9344500.0	2.0
18690	9345000.0	0.0
18691	9345500.0	2.0
18692	9346000.0	2.0
18693	9346500.0	0.0
18694	9347000.0	1.0
18695	9347500.0	0.0
18696	9348000.0	2.0
18697	9348500.0	2.0
18698	9349000.0	1.0
18699	9349500.0	2.0
18700	9350000.0	0.0
18701	9350500.0	2.0
18702	9351000.0	1.0
18703	9351500.0	4.0
18704	9352000.0	3.0
18705	9352500.0	0.0
18706	9353000.0	0.0
18707	9353500.0	3.0
18708	9354000.0	2.0
18709	9354500.0	3.0
18710	9355000.0	1.0
18711	9355500.0	0.0
18712	9356000.0	1.0
18713	9356500.0	3.0
18714	9357000.0	1.0
18715	9357500.0	2.0
18716	9358000.0	1.0
18717	9358500.0	2.0
18718	9359000.0	1.0
18719	9359500.0	2.0
18720	9360000.0	1.0
18721	9360500.0	1.0
18722	9361000.0	1.0
18723	9361500.0	2.0
18724	9362000.0	0.0
18725	9362500.0	1.0
18726	9363000.0	1.0
18727	9363500.0	1.0
18728	9364000.0	2.0
18729	9364500.0	3.0
18730	9365000.0	0.0
18731	9365500.0	3.0
18732	9366000.0	0.0
18733	9366500.0	4.0
18734	9367000.0	3.0
18735	9367500.0	0.0
18736	9368000.0	2.0
18737	9368500.0	0.0
18738	9369000.0	1.0
18739	9369500.0	2.0
18740	9370000.0	4.0
18741	9370500.0	1.0
18742	9371000.0	1.0
18743	9371500.0	5.0
18744	9372000.0	1.0
18745	9372500.0	1.0
18746	9373000.0	2.0
18747	9373500.0	1.0
18748	9374000.0	3.0
18749	9374500.0	1.0
18750	9375000.0	0.0
18751	9375500.0	0.0
18752	9376000.0	4.0
18753	9376500.0	2.0
18754	9377000.0	1.0
18755	9377500.0	2.0
18756	9378000.0	0.0
18757	9378500.0	2.0
18758	9379000.0	3.0
18759	9379500.0	1.0
18760	9380000.0	0.0
18761	9380500.0	1.0
18762	9381000.0	1.0
18763	9381500.0	1.0
18764	9382000.0	2.0
18765	9382500.0	2.0
18766	9383000.0	1.0
18767	9383500.0	3.0
18768	9384000.0	1.0
18769	9384500.0	1.0
18770	9385000.0	0.0
18771	9385500.0	0.0
18772	9386000.0	3.0
18773	9386500.0	2.0
18774	9387000.0	1.0
18775	9387500.0	3.0
18776	9388000.0	2.0
18777	9388500.0	1.0
18778	9389000.0	1.0
18779	9389500.0	2.0
18780	9390000.0	2.0
18781	9390500.0	1.0
18782	9391000.0	2.0
18783	9391500.0	1.0
18784	9392000.0	2.0
18785	9392500.0	0.0
18786	9393000.0	0.0
18787	9393500.0	0.0
18788	9394000.0	3.0
18789	9394500.0	2.0
18790	9395000.0	1.0
18791	9395500.0	1.0
18792	9396000.0	0.0
18793	9396500.0	0.0
18794	9397000.0	1.0
18795	9397500.0	3.0
18796	9398000.0	3.0
18797	9398500.0	1.0
18798	9399000.0	2.0
18799	9399500.0	1.0
18800	9400000.0	2.0
18801	9400500.0	0.0
18802	9401000.0	5.0
18803	9401500.0	2.0
18804	9402000.0	3.0
18805	9402500.0	3.0
18806	9403000.0	1.0
18807	9403500.0	0.0
18808	9404000.0	0.0
18809	9404500.0	0.0
18810	9405000.0	2.0
18811	9405500.0	1.0
18812	9406000.0	2.0
18813	9406500.0	1.0
18814	9407000.0	3.0
18815	9407500.0	2.0
18816	9408000.0	2.0
18817	9408500.0	2.0
18818	9409000.0	3.0
18819	9409500.0	0.0
18820	9410000.0	2.0
18821	9410500.0	1.0
18822	9411000.0	0.0
18823	9411500.0	1.0
18824	9412000.0	0.0
18825	9412500.0	0.0
18826	9413000.0	1.0
18827	9413500.0	2.0
18828	9414000.0	1.0
18829	9414500.0	1.0
18830	9415000.0	0.0
18831	9415500.0	2.0
18832	9416000.0	0.0
18833	9416500.0	1.0
18834	9417000.0	0.0
18835	9417500.0	0.0
18836	9418000.0	4.0
18837	9418500.0	1.0
18838	9419000.0	0.0
18839	9419500.0	1.0
18840	9420000.0	3.0
18841	9420500.0	0.0
18842	9421000.0	0.0
18843	9421500.0	0.0
18844	9422000.0	3.0
18845	9422500.0	1.0
18846	9423000.0	2.0
18847	9423500.0	3.0
18848	9424000.0	1.0
18849	9424500.0	0.0
18850	9425000.0	1.0
18851	9425500.0	4.0
18852	9426000.0	0.0
18853	9426500.0	1.0
18854	9427000.0	2.0
18855	9427500.0	0.0
18856	9428000.0	3.0
18857	9428500.0	0.0
18858	9429000.0	0.0
18859	9429500.0	0.0
18860	9430000.0	0.0
18861	9430500.0	3.0
18862	9431000.0	1.0
18863	9431500.0	2.0
18864	9432000.0	0.0
18865	9432500.0	1.0
18866	9433000.0	1.0
18867	9433500.0	4.0
18868	9434000.0	2.0
18869	9434500.0	2.0
18870	9435000.0	2.0
18871	9435500.0	0.0
18872	9436000.0	0.0
18873	9436500.0	5.0
18874	9437000.0	1.0
18875	9437500.0	1.0
18876	9438000.0	0.0
18877	9438500.0	1.0
18878	9439000.0	2.0
18879	9439500.0	1.0
18880	9440000.0	1.0
18881	9440500.0	4.0
18882	9441000.0	0.0
18883	9441500.0	0.0
18884	9442000.0	0.0
18885	9442500.0	1.0
18886	9443000.0	1.0
18887	9443500.0	2.0
18888	9444000.0	1.0
18889	9444500.0	2.0
18890	9445000.0	0.0
18891	9445500.0	1.0
18892	9446000.0	2.0
18893	9446500.0	2.0
18894	9447000.0	1.0
18895	9447500.0	2.0
18896	9448000.0	1.0
18897	9448500.0	1.0
18898	9449000.0	4.0
18899	9449500.0	1.0
18900	9450000.0	3.0
18901	9450500.0	0.0
18902	9451000.0	1.0
18903	9451500.0	3.0
18904	9452000.0	2.0
18905	9452500.0	2.0
18906	9453000.0	0.0
18907	9453500.0	3.0
18908	9454000.0	2.0
18909	9454500.0	0.0
18910	9455000.0	2.0
18911	9455500.0	3.0
18912	9456000.0	0.0
18913	9456500.0	3.0
18914	9457000.0	1.0
18915	9457500.0	2.0
18916	9458000.0	2.0
18917	9458500.0	1.0
18918	9459000.0	1.0
18919	9459500.0	2.0
18920	9460000.0	1.0
18921	9460500.0	2.0
18922	9461000.0	1.0
18923	9461500.0	2.0
18924	9462000.0	4.0
18925	9462500.0	2.0
18926	9463000.0	1.0
18927	9463500.0	1.0
18928	9464000.0	3.0
18929	9464500.0	1.0
18930	9465000.0	0.0
18931	9465500.0	2.0
18932	9466000.0	1.0
18933	9466500.0	0.0
18934	9467000.0	2.0
18935	9467500.0	1.0
18936	9468000.0	1.0
18937	9468500.0	2.0
18938	9469000.0	3.0
18939	9469500.0	1.0
18940	9470000.0	3.0
18941	9470500.0	3.0
18942	9471000.0	1.0
18943	9471500.0	0.0
18944	9472000.0	0.0
18945	9472500.0	1.0
18946	9473000.0	0.0
18947	9473500.0	0.0
18948	9474000.0	2.0
18949	9474500.0	4.0
18950	9475000.0	1.0
18951	9475500.0	3.0
18952	9476000.0	0.0
18953	9476500.0	4.0
18954	9477000.0	2.0
18955	9477500.0	1.0
18956	9478000.0	0.0
18957	9478500.0	1.0
18958	9479000.0	4.0
18959	9479500.0	3.0
18960	9480000.0	1.0
18961	9480500.0	3.0
18962	9481000.0	3.0
18963	9481500.0	1.0
18964	9482000.0	3.0
18965	9482500.0	1.0
18966	9483000.0	1.0
18967	9483500.0	1.0
18968	9484000.0	2.0
18969	9484500.0	1.0
18970	9485000.0	1.0
18971	9485500.0	1.0
18972	9486000.0	2.0
18973	9486500.0	0.0
18974	9487000.0	4.0
18975	9487500.0	0.0
18976	9488000.0	3.0
18977	9488500.0	2.0
18978	9489000.0	2.0
18979	9489500.0	0.0
18980	9490000.0	2.0
18981	9490500.0	3.0
18982	9491000.0	4.0
18983	9491500.0	0.0
18984	9492000.0	1.0
18985	9492500.0	0.0
18986	9493000.0	0.0
18987	9493500.0	1.0
18988	9494000.0	0.0
18989	9494500.0	2.0
18990	9495000.0	2.0
18991	9495500.0	3.0
18992	9496000.0	2.0
18993	9496500.0	0.0
18994	9497000.0	1.0
18995	9497500.0	2.0
18996	9498000.0	1.0
18997	9498500.0	1.0
18998	9499000.0	0.0
18999	9499500.0	0.0
19000	9500000.0	2.0
19001	9500500.0	0.0
19002	9501000.0	1.0
19003	9501500.0	1.0
19004	9502000.0	1.0
19005	9502500.0	2.0
19006	9503000.0	3.0
19007	9503500.0	1.0
19008	9504000.0	1.0
19009	9504500.0	1.0
19010	9505000.0	3.0
19011	9505500.0	0.0
19012	9506000.0	3.0
19013	9506500.0	2.0
19014	9507000.0	0.0
19015	9507500.0	1.0
19016	9508000.0	1.0
19017	9508500.0	4.0
19018	9509000.0	2.0
19019	9509500.0	1.0
19020	9510000.0	1.0
19021	9510500.0	2.0
19022	9511000.0	1.0
19023	9511500.0	1.0
19024	9512000.0	0.0
19025	9512500.0	3.0
19026	9513000.0	4.0
19027	9513500.0	2.0
19028	9514000.0	1.0
19029	9514500.0	2.0
19030	9515000.0	1.0
19031	9515500.0	0.0
19032	9516000.0	2.0
19033	9516500.0	0.0
19034	9517000.0	2.0
19035	9517500.0	1.0
19036	9518000.0	1.0
19037	9518500.0	2.0
19038	9519000.0	2.0
19039	9519500.0	0.0
19040	9520000.0	3.0
19041	9520500.0	2.0
19042	9521000.0	1.0
19043	9521500.0	0.0
19044	9522000.0	2.0
19045	9522500.0	1.0
19046	9523000.0	2.0
19047	9523500.0	1.0
19048	9524000.0	1.0
19049	9524500.0	0.0
19050	9525000.0	1.0
19051	9525500.0	2.0
19052	9526000.0	3.0
19053	9526500.0	1.0
19054	9527000.0	0.0
19055	9527500.0	1.0
19056	9528000.0	1.0
19057	9528500.0	1.0
19058	9529000.0	0.0
19059	9529500.0	1.0
19060	9530000.0	1.0
19061	9530500.0	1.0
19062	9531000.0	1.0
19063	9531500.0	2.0
19064	9532000.0	1.0
19065	9532500.0	0.0
19066	9533000.0	1.0
19067	9533500.0	0.0
19068	9534000.0	0.0
19069	9534500.0	1.0
19070	9535000.0	1.0
19071	9535500.0	0.0
19072	9536000.0	3.0
19073	9536500.0	0.0
19074	9537000.0	0.0
19075	9537500.0	0.0
19076	9538000.0	1.0
19077	9538500.0	2.0
19078	9539000.0	0.0
19079	9539500.0	3.0
19080	9540000.0	2.0
19081	9540500.0	1.0
19082	9541000.0	5.0
19083	9541500.0	2.0
19084	9542000.0	1.0
19085	9542500.0	0.0
19086	9543000.0	1.0
19087	9543500.0	0.0
19088	9544000.0	2.0
19089	9544500.0	0.0
19090	9545000.0	0.0
19091	9545500.0	0.0
19092	9546000.0	1.0
19093	9546500.0	4.0
19094	9547000.0	3.0
19095	9547500.0	0.0
19096	9548000.0	0.0
19097	9548500.0	1.0
19098	9549000.0	1.0
19099	9549500.0	1.0
19100	9550000.0	0.0
19101	9550500.0	0.0
19102	9551000.0	0.0
19103	9551500.0	2.0
19104	9552000.0	1.0
19105	9552500.0	4.0
19106	9553000.0	2.0
19107	9553500.0	1.0
19108	9554000.0	3.0
19109	9554500.0	0.0
19110	9555000.0	1.0
19111	9555500.0	0.0
19112	9556000.0	1.0
19113	9556500.0	0.0
19114	9557000.0	1.0
19115	9557500.0	2.0
19116	9558000.0	0.0
19117	9558500.0	2.0
19118	9559000.0	3.0
19119	9559500.0	2.0
19120	9560000.0	0.0
19121	9560500.0	1.0
19122	9561000.0	1.0
19123	9561500.0	1.0
19124	9562000.0	0.0
19125	9562500.0	1.0
19126	9563000.0	3.0
19127	9563500.0	2.0
19128	9564000.0	3.0
19129	9564500.0	1.0
19130	9565000.0	1.0
19131	9565500.0	1.0
19132	9566000.0	0.0
19133	9566500.0	0.0
19134	9567000.0	0.0
19135	9567500.0	0.0
19136	9568000.0	1.0
19137	9568500.0	5.0
19138	9569000.0	0.0
19139	9569500.0	1.0
19140	9570000.0	1.0
19141	9570500.0	1.0
19142	9571000.0	0.0
19143	9571500.0	1.0
19144	9572000.0	0.0
19145	9572500.0	1.0
19146	9573000.0	1.0
19147	9573500.0	2.0
19148	9574000.0	0.0
19149	9574500.0	3.0
19150	9575000.0	0.0
19151	9575500.0	2.0
19152	9576000.0	2.0
19153	9576500.0	1.0
19154	9577000.0	1.0
19155	9577500.0	3.0
19156	9578000.0	2.0
19157	9578500.0	1.0
19158	9579000.0	0.0
19159	9579500.0	2.0
19160	9580000.0	0.0
19161	9580500.0	1.0
19162	9581000.0	1.0
19163	9581500.0	2.0
19164	9582000.0	2.0
19165	9582500.0	2.0
19166	9583000.0	2.0
19167	9583500.0	2.0
19168	9584000.0	2.0
19169	9584500.0	4.0
19170	9585000.0	0.0
19171	9585500.0	1.0
19172	9586000.0	2.0
19173	9586500.0	0.0
19174	9587000.0	2.0
19175	9587500.0	3.0
19176	9588000.0	2.0
19177	9588500.0	1.0
19178	9589000.0	0.0
19179	9589500.0	1.0
19180	9590000.0	1.0
19181	9590500.0	2.0
19182	9591000.0	0.0
19183	9591500.0	2.0
19184	9592000.0	0.0
19185	9592500.0	1.0
19186	9593000.0	0.0
19187	9593500.0	3.0
19188	9594000.0	1.0
19189	9594500.0	0.0
19190	9595000.0	1.0
19191	9595500.0	2.0
19192	9596000.0	4.0
19193	9596500.0	2.0
19194	9597000.0	1.0
19195	9597500.0	2.0
19196	9598000.0	2.0
19197	9598500.0	3.0
19198	9599000.0	1.0
19199	9599500.0	2.0
19200	9600000.0	2.0
19201	9600500.0	0.0
19202	9601000.0	1.0
19203	9601500.0	2.0
19204	9602000.0	0.0
19205	9602500.0	4.0
19206	9603000.0	0.0
19207	9603500.0	2.0
19208	9604000.0	2.0
19209	9604500.0	0.0
19210	9605000.0	1.0
19211	9605500.0	2.0
19212	9606000.0	1.0
19213	9606500.0	2.0
19214	9607000.0	3.0
19215	9607500.0	3.0
19216	9608000.0	1.0
19217	9608500.0	1.0
19218	9609000.0	2.0
19219	9609500.0	2.0
19220	9610000.0	2.0
19221	9610500.0	0.0
19222	9611000.0	0.0
19223	9611500.0	4.0
19224	9612000.0	1.0
19225	9612500.0	2.0
19226	9613000.0	0.0
19227	9613500.0	1.0
19228	9614000.0	1.0
19229	9614500.0	1.0
19230	9615000.0	0.0
19231	9615500.0	0.0
19232	9616000.0	2.0
19233	9616500.0	1.0
19234	9617000.0	0.0
19235	9617500.0	0.0
19236	9618000.0	3.0
19237	9618500.0	0.0
19238	9619000.0	3.0
19239	9619500.0	0.0
19240	9620000.0	1.0
19241	9620500.0	1.0
19242	9621000.0	1.0
19243	9621500.0	2.0
19244	9622000.0	1.0
19245	9622500.0	2.0
19246	9623000.0	1.0
19247	9623500.0	4.0
19248	9624000.0	0.0
19249	9624500.0	0.0
19250	9625000.0	0.0
19251	9625500.0	2.0
19252	9626000.0	3.0
19253	9626500.0	0.0
19254	9627000.0	2.0
19255	9627500.0	1.0
19256	9628000.0	1.0
19257	9628500.0	1.0
19258	9629000.0	3.0
19259	9629500.0	3.0
19260	9630000.0	2.0
19261	9630500.0	2.0
19262	9631000.0	1.0
19263	9631500.0	2.0
19264	9632000.0	5.0
19265	9632500.0	4.0
19266	9633000.0	2.0
19267	9633500.0	1.0
19268	9634000.0	1.0
19269	9634500.0	1.0
19270	9635000.0	1.0
19271	9635500.0	1.0
19272	9636000.0	1.0
19273	9636500.0	2.0
19274	9637000.0	2.0
19275	9637500.0	0.0
19276	9638000.0	1.0
19277	9638500.0	4.0
19278	9639000.0	1.0
19279	9639500.0	2.0
19280	9640000.0	1.0
19281	9640500.0	1.0
19282	9641000.0	2.0
19283	9641500.0	0.0
19284	9642000.0	3.0
19285	9642500.0	1.0
19286	9643000.0	3.0
19287	9643500.0	2.0
19288	9644000.0	3.0
19289	9644500.0	1.0
19290	9645000.0	3.0
19291	9645500.0	1.0
19292	9646000.0	1.0
19293	9646500.0	1.0
19294	9647000.0	0.0
19295	9647500.0	1.0
19296	9648000.0	4.0
19297	9648500.0	2.0
19298	9649000.0	3.0
19299	9649500.0	1.0
19300	9650000.0	4.0
19301	9650500.0	1.0
19302	9651000.0	1.0
19303	9651500.0	0.0
19304	9652000.0	1.0
19305	9652500.0	2.0
19306	9653000.0	0.0
19307	9653500.0	1.0
19308	9654000.0	5.0
19309	9654500.0	0.0
19310	9655000.0	3.0
19311	9655500.0	0.0
19312	9656000.0	2.0
19313	9656500.0	0.0
19314	9657000.0	0.0
19315	9657500.0	1.0
19316	9658000.0	0.0
19317	9658500.0	4.0
19318	9659000.0	0.0
19319	9659500.0	0.0
19320	9660000.0	1.0
19321	9660500.0	4.0
19322	9661000.0	2.0
19323	9661500.0	0.0
19324	9662000.0	3.0
19325	9662500.0	0.0
19326	9663000.0	1.0
19327	9663500.0	2.0
19328	9664000.0	1.0
19329	9664500.0	2.0
19330	9665000.0	1.0
19331	9665500.0	3.0
19332	9666000.0	0.0
19333	9666500.0	1.0
19334	9667000.0	2.0
19335	9667500.0	1.0
19336	9668000.0	0.0
19337	9668500.0	2.0
19338	9669000.0	1.0
19339	9669500.0	2.0
19340	9670000.0	0.0
19341	9670500.0	0.0
19342	9671000.0	1.0
19343	9671500.0	0.0
19344	9672000.0	3.0
19345	9672500.0	3.0
19346	9673000.0	1.0
19347	9673500.0	0.0
19348	9674000.0	0.0
19349	9674500.0	1.0
19350	9675000.0	2.0
19351	9675500.0	2.0
19352	9676000.0	1.0
19353	9676500.0	2.0
19354	9677000.0	1.0
19355	9677500.0	2.0
19356	9678000.0	0.0
19357	9678500.0	2.0
19358	9679000.0	1.0
19359	9679500.0	2.0
19360	9680000.0	2.0
19361	9680500.0	1.0
19362	9681000.0	1.0
19363	9681500.0	0.0
19364	9682000.0	1.0
19365	9682500.0	1.0
19366	9683000.0	2.0
19367	9683500.0	1.0
19368	9684000.0	1.0
19369	9684500.0	1.0
19370	9685000.0	5.0
19371	9685500.0	2.0
19372	9686000.0	0.0
19373	9686500.0	2.0
19374	9687000.0	1.0
19375	9687500.0	3.0
19376	9688000.0	1.0
19377	9688500.0	2.0
19378	9689000.0	0.0
19379	9689500.0	3.0
19380	9690000.0	1.0
19381	9690500.0	0.0
19382	9691000.0	0.0
19383	9691500.0	2.0
19384	9692000.0	0.0
19385	9692500.0	1.0
19386	9693000.0	2.0
19387	9693500.0	2.0
19388	9694000.0	0.0
19389	9694500.0	2.0
19390	9695000.0	1.0
19391	9695500.0	1.0
19392	9696000.0	2.0
19393	9696500.0	3.0
19394	9697000.0	2.0
19395	9697500.0	0.0
19396	9698000.0	1.0
19397	9698500.0	0.0
19398	9699000.0	1.0
19399	9699500.0	2.0
19400	9700000.0	0.0
19401	9700500.0	0.0
19402	9701000.0	1.0
19403	9701500.0	1.0
19404	9702000.0	2.0
19405	9702500.0	1.0
19406	9703000.0	2.0
19407	9703500.0	3.0
19408	9704000.0	1.0
19409	9704500.0	0.0
19410	9705000.0	2.0
19411	9705500.0	2.0
19412	9706000.0	2.0
19413	9706500.0	0.0
19414	9707000.0	1.0
19415	9707500.0	1.0
19416	9708000.0	1.0
19417	9708500.0	2.0
19418	9709000.0	1.0
19419	9709500.0	2.0
19420	9710000.0	1.0
19421	9710500.0	0.0
19422	9711000.0	2.0
19423	9711500.0	2.0
19424	9712000.0	2.0
19425	9712500.0	3.0
19426	9713000.0	2.0
19427	9713500.0	4.0
19428	9714000.0	1.0
19429	9714500.0	1.0
19430	9715000.0	0.0
19431	9715500.0	1.0
19432	9716000.0	1.0
19433	9716500.0	0.0
19434	9717000.0	2.0
19435	9717500.0	1.0
19436	9718000.0	0.0
19437	9718500.0	0.0
19438	9719000.0	1.0
19439	9719500.0	0.0
19440	9720000.0	0.0
19441	9720500.0	1.0
19442	9721000.0	2.0
19443	9721500.0	1.0
19444	9722000.0	2.0
19445	9722500.0	0.0
19446	9723000.0	0.0
19447	9723500.0	2.0
19448	9724000.0	1.0
19449	9724500.0	1.0
19450	9725000.0	0.0
19451	9725500.0	0.0
19452	9726000.0	1.0
19453	9726500.0	0.0
19454	9727000.0	3.0
19455	9727500.0	1.0
19456	9728000.0	2.0
19457	9728500.0	1.0
19458	9729000.0	1.0
19459	9729500.0	4.0
19460	9730000.0	1.0
19461	9730500.0	2.0
19462	9731000.0	1.0
19463	9731500.0	1.0
19464	9732000.0	1.0
19465	9732500.0	1.0
19466	9733000.0	4.0
19467	9733500.0	0.0
19468	9734000.0	1.0
19469	9734500.0	1.0
19470	9735000.0	0.0
19471	9735500.0	2.0
19472	9736000.0	1.0
19473	9736500.0	0.0
19474	9737000.0	0.0
19475	9737500.0	0.0
19476	9738000.0	1.0
19477	9738500.0	1.0
19478	9739000.0	1.0
19479	9739500.0	0.0
19480	9740000.0	1.0
19481	9740500.0	1.0
19482	9741000.0	5.0
19483	9741500.0	1.0
19484	9742000.0	1.0
19485	9742500.0	2.0
19486	9743000.0	1.0
19487	9743500.0	2.0
19488	9744000.0	1.0
19489	9744500.0	3.0
19490	9745000.0	1.0
19491	9745500.0	0.0
19492	9746000.0	1.0
19493	9746500.0	1.0
19494	9747000.0	0.0
19495	9747500.0	2.0
19496	9748000.0	2.0
19497	9748500.0	0.0
19498	9749000.0	1.0
19499	9749500.0	2.0
19500	9750000.0	1.0
19501	9750500.0	0.0
19502	9751000.0	1.0
19503	9751500.0	1.0
19504	9752000.0	0.0
19505	9752500.0	1.0
19506	9753000.0	1.0
19507	9753500.0	2.0
19508	9754000.0	2.0
19509	9754500.0	2.0
19510	9755000.0	1.0
19511	9755500.0	2.0
19512	9756000.0	1.0
19513	9756500.0	1.0
19514	9757000.0	1.0
19515	9757500.0	3.0
19516	9758000.0	2.0
19517	9758500.0	3.0
19518	9759000.0	1.0
19519	9759500.0	3.0
19520	9760000.0	3.0
19521	9760500.0	2.0
19522	9761000.0	1.0
19523	9761500.0	1.0
19524	9762000.0	1.0
19525	9762500.0	2.0
19526	9763000.0	0.0
19527	9763500.0	1.0
19528	9764000.0	2.0
19529	9764500.0	1.0
19530	9765000.0	0.0
19531	9765500.0	3.0
19532	9766000.0	1.0
19533	9766500.0	5.0
19534	9767000.0	2.0
19535	9767500.0	0.0
19536	9768000.0	0.0
19537	9768500.0	2.0
19538	9769000.0	2.0
19539	9769500.0	0.0
19540	9770000.0	2.0
19541	9770500.0	0.0
19542	9771000.0	0.0
19543	9771500.0	0.0
19544	9772000.0	0.0
19545	9772500.0	1.0
19546	9773000.0	4.0
19547	9773500.0	2.0
19548	9774000.0	1.0
19549	9774500.0	0.0
19550	9775000.0	3.0
19551	9775500.0	0.0
19552	9776000.0	1.0
19553	9776500.0	1.0
19554	9777000.0	0.0
19555	9777500.0	0.0
19556	9778000.0	1.0
19557	9778500.0	1.0
19558	9779000.0	0.0
19559	9779500.0	1.0
19560	9780000.0	3.0
19561	9780500.0	0.0
19562	9781000.0	1.0
19563	9781500.0	0.0
19564	9782000.0	2.0
19565	9782500.0	1.0
19566	9783000.0	5.0
19567	9783500.0	1.0
19568	9784000.0	1.0
19569	9784500.0	1.0
19570	9785000.0	0.0
19571	9785500.0	1.0
19572	9786000.0	1.0
19573	9786500.0	1.0
19574	9787000.0	3.0
19575	9787500.0	0.0
19576	9788000.0	2.0
19577	9788500.0	1.0
19578	9789000.0	0.0
19579	9789500.0	2.0
19580	9790000.0	2.0
19581	9790500.0	1.0
19582	9791000.0	1.0
19583	9791500.0	1.0
19584	9792000.0	2.0
19585	9792500.0	0.0
19586	9793000.0	0.0
19587	9793500.0	2.0
19588	9794000.0	1.0
19589	9794500.0	2.0
19590	9795000.0	0.0
19591	9795500.0	2.0
19592	9796000.0	0.0
19593	9796500.0	1.0
19594	9797000.0	3.0
19595	9797500.0	0.0
19596	9798000.0	3.0
19597	9798500.0	0.0
19598	9799000.0	0.0
19599	9799500.0	1.0
19600	9800000.0	2.0
19601	9800500.0	2.0
19602	9801000.0	0.0
19603	9801500.0	2.0
19604	9802000.0	1.0
19605	9802500.0	3.0
19606	9803000.0	1.0
19607	9803500.0	1.0
19608	9804000.0	2.0
19609	9804500.0	0.0
19610	9805000.0	1.0
19611	9805500.0	0.0
19612	9806000.0	1.0
19613	9806500.0	1.0
19614	9807000.0	1.0
19615	9807500.0	0.0
19616	9808000.0	0.0
19617	9808500.0	0.0
19618	9809000.0	1.0
19619	9809500.0	0.0
19620	9810000.0	0.0
19621	9810500.0	1.0
19622	9811000.0	2.0
19623	9811500.0	1.0
19624	9812000.0	2.0
19625	9812500.0	1.0
19626	9813000.0	2.0
19627	9813500.0	1.0
19628	9814000.0	0.0
19629	9814500.0	0.0
19630	9815000.0	3.0
19631	9815500.0	1.0
19632	9816000.0	2.0
19633	9816500.0	2.0
19634	9817000.0	2.0
19635	9817500.0	6.0
19636	9818000.0	3.0
19637	9818500.0	1.0
19638	9819000.0	3.0
19639	9819500.0	2.0
19640	9820000.0	2.0
19641	9820500.0	2.0
19642	9821000.0	2.0
19643	9821500.0	1.0
19644	9822000.0	0.0
19645	9822500.0	3.0
19646	9823000.0	2.0
19647	9823500.0	1.0
19648	9824000.0	0.0
19649	9824500.0	1.0
19650	9825000.0	1.0
19651	9825500.0	2.0
19652	9826000.0	0.0
19653	9826500.0	1.0
19654	9827000.0	1.0
19655	9827500.0	2.0
19656	9828000.0	1.0
19657	9828500.0	3.0
19658	9829000.0	3.0
19659	9829500.0	2.0
19660	9830000.0	1.0
19661	9830500.0	1.0
19662	9831000.0	0.0
19663	9831500.0	0.0
19664	9832000.0	1.0
19665	9832500.0	1.0
19666	9833000.0	1.0
19667	9833500.0	0.0
19668	9834000.0	1.0
19669	9834500.0	2.0
19670	9835000.0	3.0
19671	9835500.0	1.0
19672	9836000.0	1.0
19673	9836500.0	2.0
19674	9837000.0	0.0
19675	9837500.0	1.0
19676	9838000.0	1.0
19677	9838500.0	1.0
19678	9839000.0	1.0
19679	9839500.0	0.0
19680	9840000.0	4.0
19681	9840500.0	1.0
19682	9841000.0	1.0
19683	9841500.0	2.0
19684	9842000.0	2.0
19685	9842500.0	1.0
19686	9843000.0	1.0
19687	9843500.0	1.0
19688	9844000.0	0.0
19689	9844500.0	2.0
19690	9845000.0	3.0
19691	9845500.0	1.0
19692	9846000.0	5.0
19693	9846500.0	1.0
19694	9847000.0	0.0
19695	9847500.0	2.0
19696	9848000.0	2.0
19697	9848500.0	2.0
19698	9849000.0	1.0
19699	9849500.0	1.0
19700	9850000.0	1.0
19701	9850500.0	0.0
19702	9851000.0	0.0
19703	9851500.0	2.0
19704	9852000.0	1.0
19705	9852500.0	3.0
19706	9853000.0	3.0
19707	9853500.0	0.0
19708	9854000.0	2.0
19709	9854500.0	1.0
19710	9855000.0	0.0
19711	9855500.0	3.0
19712	9856000.0	1.0
19713	9856500.0	0.0
19714	9857000.0	2.0
19715	9857500.0	0.0
19716	9858000.0	2.0
19717	9858500.0	1.0
19718	9859000.0	1.0
19719	9859500.0	2.0
19720	9860000.0	0.0
19721	9860500.0	0.0
19722	9861000.0	1.0
19723	9861500.0	2.0
19724	9862000.0	1.0
19725	9862500.0	0.0
19726	9863000.0	1.0
19727	9863500.0	0.0
19728	9864000.0	1.0
19729	9864500.0	1.0
19730	9865000.0	2.0
19731	9865500.0	2.0
19732	9866000.0	1.0
19733	9866500.0	1.0
19734	9867000.0	1.0
19735	9867500.0	0.0
19736	9868000.0	2.0
19737	9868500.0	1.0
19738	9869000.0	1.0
19739	9869500.0	3.0
19740	9870000.0	1.0
19741	9870500.0	5.0
19742	9871000.0	0.0
19743	9871500.0	2.0
19744	9872000.0	0.0
19745	9872500.0	6.0
19746	9873000.0	3.0
19747	9873500.0	0.0
19748	9874000.0	3.0
19749	9874500.0	1.0
19750	9875000.0	1.0
19751	9875500.0	3.0
19752	9876000.0	2.0
19753	9876500.0	2.0
19754	9877000.0	1.0
19755	9877500.0	1.0
19756	9878000.0	1.0
19757	9878500.0	0.0
19758	9879000.0	0.0
19759	9879500.0	0.0
19760	9880000.0	4.0
19761	9880500.0	1.0
19762	9881000.0	0.0
19763	9881500.0	0.0
19764	9882000.0	2.0
19765	9882500.0	0.0
19766	9883000.0	2.0
19767	9883500.0	3.0
19768	9884000.0	2.0
19769	9884500.0	0.0
19770	9885000.0	3.0
19771	9885500.0	0.0
19772	9886000.0	0.0
19773	9886500.0	2.0
19774	9887000.0	2.0
19775	9887500.0	1.0
19776	9888000.0	1.0
19777	9888500.0	2.0
19778	9889000.0	3.0
19779	9889500.0	0.0
19780	9890000.0	1.0
19781	9890500.0	1.0
19782	9891000.0	1.0
19783	9891500.0	0.0
19784	9892000.0	0.0
19785	9892500.0	1.0
19786	9893000.0	3.0
19787	9893500.0	1.0
19788	9894000.0	1.0
19789	9894500.0	1.0
19790	9895000.0	2.0
19791	9895500.0	5.0
19792	9896000.0	4.0
19793	9896500.0	0.0
19794	9897000.0	1.0
19795	9897500.0	1.0
19796	9898000.0	1.0
19797	9898500.0	3.0
19798	9899000.0	1.0
19799	9899500.0	2.0
19800	9900000.0	6.0
19801	9900500.0	3.0
19802	9901000.0	1.0
19803	9901500.0	1.0
19804	9902000.0	3.0
19805	9902500.0	2.0
19806	9903000.0	0.0
19807	9903500.0	3.0
19808	9904000.0	0.0
19809	9904500.0	0.0
19810	9905000.0	3.0
19811	9905500.0	1.0
19812	9906000.0	3.0
19813	9906500.0	1.0
19814	9907000.0	1.0
19815	9907500.0	3.0
19816	9908000.0	1.0
19817	9908500.0	1.0
19818	9909000.0	3.0
19819	9909500.0	1.0
19820	9910000.0	2.0
19821	9910500.0	1.0
19822	9911000.0	0.0
19823	9911500.0	1.0
19824	9912000.0	2.0
19825	9912500.0	3.0
19826	9913000.0	2.0
19827	9913500.0	0.0
19828	9914000.0	0.0
19829	9914500.0	0.0
19830	9915000.0	1.0
19831	9915500.0	2.0
19832	9916000.0	1.0
19833	9916500.0	3.0
19834	9917000.0	1.0
19835	9917500.0	0.0
19836	9918000.0	0.0
19837	9918500.0	3.0
19838	9919000.0	1.0
19839	9919500.0	2.0
19840	9920000.0	1.0
19841	9920500.0	0.0
19842	9921000.0	2.0
19843	9921500.0	0.0
19844	9922000.0	1.0
19845	9922500.0	1.0
19846	9923000.0	1.0
19847	9923500.0	1.0
19848	9924000.0	1.0
19849	9924500.0	0.0
19850	9925000.0	3.0
19851	9925500.0	2.0
19852	9926000.0	2.0
19853	9926500.0	2.0
19854	9927000.0	1.0
19855	9927500.0	0.0
19856	9928000.0	1.0
19857	9928500.0	1.0
19858	9929000.0	1.0
19859	9929500.0	0.0
19860	9930000.0	1.0
19861	9930500.0	0.0
19862	9931000.0	0.0
19863	9931500.0	1.0
19864	9932000.0	1.0
19865	9932500.0	0.0
19866	9933000.0	1.0
19867	9933500.0	1.0
19868	9934000.0	1.0
19869	9934500.0	2.0
19870	9935000.0	3.0
19871	9935500.0	0.0
19872	9936000.0	0.0
19873	9936500.0	4.0
19874	9937000.0	2.0
19875	9937500.0	0.0
19876	9938000.0	2.0
19877	9938500.0	1.0
19878	9939000.0	3.0
19879	9939500.0	0.0
19880	9940000.0	2.0
19881	9940500.0	1.0
19882	9941000.0	1.0
19883	9941500.0	0.0
19884	9942000.0	2.0
19885	9942500.0	0.0
19886	9943000.0	1.0
19887	9943500.0	0.0
19888	9944000.0	0.0
19889	9944500.0	0.0
19890	9945000.0	0.0
19891	9945500.0	3.0
19892	9946000.0	0.0
19893	9946500.0	3.0
19894	9947000.0	2.0
19895	9947500.0	2.0
19896	9948000.0	2.0
19897	9948500.0	1.0
19898	9949000.0	2.0
19899	9949500.0	0.0
19900	9950000.0	4.0
19901	9950500.0	0.0
19902	9951000.0	1.0
19903	9951500.0	1.0
19904	9952000.0	2.0
19905	9952500.0	1.0
19906	9953000.0	1.0
19907	9953500.0	2.0
19908	9954000.0	0.0
19909	9954500.0	3.0
19910	9955000.0	2.0
19911	9955500.0	0.0
19912	9956000.0	0.0
19913	9956500.0	2.0
19914	9957000.0	1.0
19915	9957500.0	1.0
19916	9958000.0	1.0
19917	9958500.0	1.0
19918	9959000.0	3.0
19919	9959500.0	0.0
19920	9960000.0	1.0
19921	9960500.0	2.0
19922	9961000.0	2.0
19923	9961500.0	1.0
19924	9962000.0	1.0
19925	9962500.0	1.0
19926	9963000.0	2.0
19927	9963500.0	1.0
19928	9964000.0	3.0
19929	9964500.0	1.0
19930	9965000.0	2.0
19931	9965500.0	2.0
19932	9966000.0	1.0
19933	9966500.0	0.0
19934	9967000.0	3.0
19935	9967500.0	0.0
19936	9968000.0	3.0
19937	9968500.0	1.0
19938	9969000.0	0.0
19939	9969500.0	4.0
19940	9970000.0	1.0
19941	9970500.0	4.0
19942	9971000.0	0.0
19943	9971500.0	1.0
19944	9972000.0	0.0
19945	9972500.0	1.0
19946	9973000.0	1.0
19947	9973500.0	2.0
19948	9974000.0	4.0
19949	9974500.0	2.0
19950	9975000.0	2.0
19951	9975500.0	0.0
19952	9976000.0	1.0
19953	9976500.0	3.0
19954	9977000.0	0.0
19955	9977500.0	1.0
19956	9978000.0	2.0
19957	9978500.0	2.0
19958	9979000.0	0.0
19959	9979500.0	1.0
19960	9980000.0	1.0
19961	9980500.0	2.0
19962	9981000.0	3.0
19963	9981500.0	1.0
19964	9982000.0	2.0
19965	9982500.0	2.0
19966	9983000.0	0.0
19967	9983500.0	1.0
19968	9984000.0	0.0
19969	9984500.0	1.0
19970	9985000.0	0.0
19971	9985500.0	4.0
19972	9986000.0	4.0
19973	9986500.0	2.0
19974	9987000.0	1.0
19975	9987500.0	0.0
19976	9988000.0	0.0
19977	9988500.0	0.0
19978	9989000.0	3.0
19979	9989500.0	0.0
19980	9990000.0	0.0
19981	9990500.0	0.0
19982	9991000.0	1.0
19983	9991500.0	1.0
19984	9992000.0	0.0
19985	9992500.0	1.0
19986	9993000.0	0.0
19987	9993500.0	0.0
19988	9994000.0	0.0
19989	9994500.0	0.0
19990	9995000.0	1.0
19991	9995500.0	0.0
19992	9996000.0	0.0
19993	9996500.0	0.0
19994	9997000.0	0.0
19995	9997500.0	5.0
19996	9998000.0	2.0
19997	9998500.0	1.0
19998	9999000.0	1.0
19999	9999500.0	0.0
20000	10000000.0	2.0
20001	10000500.0	2.0
20002	10001000.0	1.0
20003	10001500.0	0.0
20004	10002000.0	3.0
20005	10002500.0	2.0
20006	10003000.0	3.0
20007	10003500.0	2.0
20008	10004000.0	0.0
20009	10004500.0	2.0
20010	10005000.0	0.0
20011	10005500.0	1.0
20012	10006000.0	3.0
20013	10006500.0	1.0
20014	10007000.0	0.0
20015	10007500.0	0.0
20016	10008000.0	0.0
20017	10008500.0	2.0
20018	10009000.0	6.0
20019	10009500.0	2.0
20020	10010000.0	1.0
20021	10010500.0	0.0
20022	10011000.0	1.0
20023	10011500.0	1.0
20024	10012000.0	2.0
20025	10012500.0	1.0
20026	10013000.0	1.0
20027	10013500.0	1.0
20028	10014000.0	1.0
20029	10014500.0	2.0
20030	10015000.0	1.0
20031	10015500.0	2.0
20032	10016000.0	1.0
20033	10016500.0	2.0
20034	10017000.0	1.0
20035	10017500.0	0.0
20036	10018000.0	1.0
20037	10018500.0	1.0
20038	10019000.0	1.0
20039	10019500.0	3.0
20040	10020000.0	1.0
20041	10020500.0	1.0
20042	10021000.0	0.0
20043	10021500.0	0.0
20044	10022000.0	0.0
20045	10022500.0	1.0
20046	10023000.0	2.0
20047	10023500.0	0.0
20048	10024000.0	2.0
20049	10024500.0	0.0
20050	10025000.0	1.0
20051	10025500.0	1.0
20052	10026000.0	1.0
20053	10026500.0	2.0
20054	10027000.0	2.0
20055	10027500.0	2.0
20056	10028000.0	1.0
20057	10028500.0	2.0
20058	10029000.0	2.0
20059	10029500.0	0.0
20060	10030000.0	0.0
20061	10030500.0	2.0
20062	10031000.0	0.0
20063	10031500.0	0.0
20064	10032000.0	2.0
20065	10032500.0	3.0
20066	10033000.0	0.0
20067	10033500.0	0.0
20068	10034000.0	1.0
20069	10034500.0	0.0
20070	10035000.0	1.0
20071	10035500.0	4.0
20072	10036000.0	0.0
20073	10036500.0	1.0
20074	10037000.0	2.0
20075	10037500.0	1.0
20076	10038000.0	2.0
20077	10038500.0	0.0
20078	10039000.0	0.0
20079	10039500.0	2.0
20080	10040000.0	0.0
20081	10040500.0	0.0
20082	10041000.0	2.0
20083	10041500.0	1.0
20084	10042000.0	1.0
20085	10042500.0	0.0
20086	10043000.0	5.0
20087	10043500.0	1.0
20088	10044000.0	0.0
20089	10044500.0	1.0
20090	10045000.0	2.0
20091	10045500.0	1.0
20092	10046000.0	0.0
20093	10046500.0	0.0
20094	10047000.0	1.0
20095	10047500.0	2.0
20096	10048000.0	1.0
20097	10048500.0	1.0
20098	10049000.0	1.0
20099	10049500.0	0.0
20100	10050000.0	0.0
20101	10050500.0	2.0
20102	10051000.0	0.0
20103	10051500.0	1.0
20104	10052000.0	1.0
20105	10052500.0	1.0
20106	10053000.0	2.0
20107	10053500.0	2.0
20108	10054000.0	4.0
20109	10054500.0	2.0
20110	10055000.0	1.0
20111	10055500.0	2.0
20112	10056000.0	1.0
20113	10056500.0	0.0
20114	10057000.0	1.0
20115	10057500.0	1.0
20116	10058000.0	3.0
20117	10058500.0	3.0
20118	10059000.0	2.0
20119	10059500.0	1.0
20120	10060000.0	2.0
20121	10060500.0	0.0
20122	10061000.0	1.0
20123	10061500.0	1.0
20124	10062000.0	1.0
20125	10062500.0	0.0
20126	10063000.0	2.0
20127	10063500.0	1.0
20128	10064000.0	0.0
20129	10064500.0	2.0
20130	10065000.0	1.0
20131	10065500.0	1.0
20132	10066000.0	0.0
20133	10066500.0	0.0
20134	10067000.0	3.0
20135	10067500.0	5.0
20136	10068000.0	3.0
20137	10068500.0	0.0
20138	10069000.0	2.0
20139	10069500.0	1.0
20140	10070000.0	1.0
20141	10070500.0	3.0
20142	10071000.0	0.0
20143	10071500.0	0.0
20144	10072000.0	1.0
20145	10072500.0	1.0
20146	10073000.0	1.0
20147	10073500.0	3.0
20148	10074000.0	2.0
20149	10074500.0	1.0
20150	10075000.0	1.0
20151	10075500.0	5.0
20152	10076000.0	1.0
20153	10076500.0	3.0
20154	10077000.0	1.0
20155	10077500.0	0.0
20156	10078000.0	3.0
20157	10078500.0	1.0
20158	10079000.0	3.0
20159	10079500.0	0.0
20160	10080000.0	0.0
20161	10080500.0	2.0
20162	10081000.0	2.0
20163	10081500.0	2.0
20164	10082000.0	1.0
20165	10082500.0	0.0
20166	10083000.0	3.0
20167	10083500.0	0.0
20168	10084000.0	2.0
20169	10084500.0	1.0
20170	10085000.0	0.0
20171	10085500.0	2.0
20172	10086000.0	0.0
20173	10086500.0	1.0
20174	10087000.0	2.0
20175	10087500.0	1.0
20176	10088000.0	2.0
20177	10088500.0	1.0
20178	10089000.0	2.0
20179	10089500.0	0.0
20180	10090000.0	0.0
20181	10090500.0	0.0
20182	10091000.0	2.0
20183	10091500.0	3.0
20184	10092000.0	3.0
20185	10092500.0	0.0
20186	10093000.0	2.0
20187	10093500.0	2.0
20188	10094000.0	1.0
20189	10094500.0	1.0
20190	10095000.0	0.0
20191	10095500.0	1.0
20192	10096000.0	2.0
20193	10096500.0	0.0
20194	10097000.0	3.0
20195	10097500.0	0.0
20196	10098000.0	0.0
20197	10098500.0	2.0
20198	10099000.0	2.0
20199	10099500.0	4.0
20200	10100000.0	3.0
20201	10100500.0	3.0
20202	10101000.0	3.0
20203	10101500.0	1.0
20204	10102000.0	1.0
20205	10102500.0	0.0
20206	10103000.0	1.0
20207	10103500.0	0.0
20208	10104000.0	1.0
20209	10104500.0	1.0
20210	10105000.0	1.0
20211	10105500.0	1.0
20212	10106000.0	0.0
20213	10106500.0	1.0
20214	10107000.0	0.0
20215	10107500.0	1.0
20216	10108000.0	1.0
20217	10108500.0	0.0
20218	10109000.0	0.0
20219	10109500.0	2.0
20220	10110000.0	1.0
20221	10110500.0	1.0
20222	10111000.0	2.0
20223	10111500.0	1.0
20224	10112000.0	1.0
20225	10112500.0	0.0
20226	10113000.0	0.0
20227	10113500.0	2.0
20228	10114000.0	0.0
20229	10114500.0	2.0
20230	10115000.0	1.0
20231	10115500.0	1.0
20232	10116000.0	1.0
20233	10116500.0	2.0
20234	10117000.0	2.0
20235	10117500.0	2.0
20236	10118000.0	0.0
20237	10118500.0	2.0
20238	10119000.0	3.0
20239	10119500.0	2.0
20240	10120000.0	1.0
20241	10120500.0	1.0
20242	10121000.0	1.0
20243	10121500.0	0.0
20244	10122000.0	0.0
20245	10122500.0	1.0
20246	10123000.0	2.0
20247	10123500.0	1.0
20248	10124000.0	1.0
20249	10124500.0	4.0
20250	10125000.0	0.0
20251	10125500.0	1.0
20252	10126000.0	1.0
20253	10126500.0	0.0
20254	10127000.0	0.0
20255	10127500.0	1.0
20256	10128000.0	0.0
20257	10128500.0	2.0
20258	10129000.0	3.0
20259	10129500.0	1.0
20260	10130000.0	2.0
20261	10130500.0	1.0
20262	10131000.0	4.0
20263	10131500.0	0.0
20264	10132000.0	0.0
20265	10132500.0	0.0
20266	10133000.0	0.0
20267	10133500.0	2.0
20268	10134000.0	3.0
20269	10134500.0	1.0
20270	10135000.0	1.0
20271	10135500.0	0.0
20272	10136000.0	0.0
20273	10136500.0	0.0
20274	10137000.0	1.0
20275	10137500.0	0.0
20276	10138000.0	2.0
20277	10138500.0	2.0
20278	10139000.0	1.0
20279	10139500.0	1.0
20280	10140000.0	1.0
20281	10140500.0	2.0
20282	10141000.0	1.0
20283	10141500.0	4.0
20284	10142000.0	0.0
20285	10142500.0	2.0
20286	10143000.0	0.0
20287	10143500.0	3.0
20288	10144000.0	4.0
20289	10144500.0	3.0
20290	10145000.0	2.0
20291	10145500.0	2.0
20292	10146000.0	0.0
20293	10146500.0	3.0
20294	10147000.0	1.0
20295	10147500.0	2.0
20296	10148000.0	0.0
20297	10148500.0	0.0
20298	10149000.0	0.0
20299	10149500.0	0.0
20300	10150000.0	0.0
20301	10150500.0	2.0
20302	10151000.0	3.0
20303	10151500.0	2.0
20304	10152000.0	4.0
20305	10152500.0	0.0
20306	10153000.0	3.0
20307	10153500.0	2.0
20308	10154000.0	2.0
20309	10154500.0	1.0
20310	10155000.0	1.0
20311	10155500.0	0.0
20312	10156000.0	0.0
20313	10156500.0	1.0
20314	10157000.0	0.0
20315	10157500.0	2.0
20316	10158000.0	1.0
20317	10158500.0	0.0
20318	10159000.0	1.0
20319	10159500.0	1.0
20320	10160000.0	1.0
20321	10160500.0	0.0
20322	10161000.0	0.0
20323	10161500.0	2.0
20324	10162000.0	1.0
20325	10162500.0	4.0
20326	10163000.0	1.0
20327	10163500.0	0.0
20328	10164000.0	0.0
20329	10164500.0	0.0
20330	10165000.0	2.0
20331	10165500.0	1.0
20332	10166000.0	2.0
20333	10166500.0	2.0
20334	10167000.0	1.0
20335	10167500.0	2.0
20336	10168000.0	0.0
20337	10168500.0	1.0
20338	10169000.0	0.0
20339	10169500.0	1.0
20340	10170000.0	0.0
20341	10170500.0	0.0
20342	10171000.0	1.0
20343	10171500.0	1.0
20344	10172000.0	2.0
20345	10172500.0	2.0
20346	10173000.0	0.0
20347	10173500.0	3.0
20348	10174000.0	4.0
20349	10174500.0	0.0
20350	10175000.0	3.0
20351	10175500.0	0.0
20352	10176000.0	1.0
20353	10176500.0	2.0
20354	10177000.0	1.0
20355	10177500.0	1.0
20356	10178000.0	2.0
20357	10178500.0	1.0
20358	10179000.0	1.0
20359	10179500.0	1.0
20360	10180000.0	3.0
20361	10180500.0	1.0
20362	10181000.0	0.0
20363	10181500.0	1.0
20364	10182000.0	1.0
20365	10182500.0	1.0
20366	10183000.0	1.0
20367	10183500.0	1.0
20368	10184000.0	3.0
20369	10184500.0	1.0
20370	10185000.0	3.0
20371	10185500.0	1.0
20372	10186000.0	3.0
20373	10186500.0	0.0
20374	10187000.0	0.0
20375	10187500.0	0.0
20376	10188000.0	2.0
20377	10188500.0	0.0
20378	10189000.0	1.0
20379	10189500.0	3.0
20380	10190000.0	3.0
20381	10190500.0	1.0
20382	10191000.0	0.0
20383	10191500.0	3.0
20384	10192000.0	1.0
20385	10192500.0	1.0
20386	10193000.0	1.0
20387	10193500.0	0.0
20388	10194000.0	1.0
20389	10194500.0	2.0
20390	10195000.0	1.0
20391	10195500.0	3.0
20392	10196000.0	1.0
20393	10196500.0	0.0
20394	10197000.0	0.0
20395	10197500.0	0.0
20396	10198000.0	5.0
20397	10198500.0	4.0
20398	10199000.0	1.0
20399	10199500.0	2.0
20400	10200000.0	1.0
20401	10200500.0	1.0
20402	10201000.0	0.0
20403	10201500.0	0.0
20404	10202000.0	0.0
20405	10202500.0	2.0
20406	10203000.0	0.0
20407	10203500.0	1.0
20408	10204000.0	1.0
20409	10204500.0	1.0
20410	10205000.0	0.0
20411	10205500.0	1.0
20412	10206000.0	2.0
20413	10206500.0	2.0
20414	10207000.0	2.0
20415	10207500.0	2.0
20416	10208000.0	0.0
20417	10208500.0	5.0
20418	10209000.0	1.0
20419	10209500.0	0.0
20420	10210000.0	1.0
20421	10210500.0	1.0
20422	10211000.0	1.0
20423	10211500.0	2.0
20424	10212000.0	0.0
20425	10212500.0	2.0
20426	10213000.0	0.0
20427	10213500.0	2.0
20428	10214000.0	2.0
20429	10214500.0	1.0
20430	10215000.0	2.0
20431	10215500.0	3.0
20432	10216000.0	1.0
20433	10216500.0	5.0
20434	10217000.0	2.0
20435	10217500.0	5.0
20436	10218000.0	0.0
20437	10218500.0	0.0
20438	10219000.0	1.0
20439	10219500.0	1.0
20440	10220000.0	0.0
20441	10220500.0	2.0
20442	10221000.0	2.0
20443	10221500.0	1.0
20444	10222000.0	2.0
20445	10222500.0	1.0
20446	10223000.0	1.0
20447	10223500.0	0.0
20448	10224000.0	1.0
20449	10224500.0	4.0
20450	10225000.0	0.0
20451	10225500.0	1.0
20452	10226000.0	1.0
20453	10226500.0	3.0
20454	10227000.0	0.0
20455	10227500.0	0.0
20456	10228000.0	1.0
20457	10228500.0	1.0
20458	10229000.0	1.0
20459	10229500.0	2.0
20460	10230000.0	0.0
20461	10230500.0	1.0
20462	10231000.0	4.0
20463	10231500.0	0.0
20464	10232000.0	3.0
20465	10232500.0	0.0
20466	10233000.0	1.0
20467	10233500.0	1.0
20468	10234000.0	4.0
20469	10234500.0	1.0
20470	10235000.0	1.0
20471	10235500.0	1.0
20472	10236000.0	0.0
20473	10236500.0	2.0
20474	10237000.0	1.0
20475	10237500.0	1.0
20476	10238000.0	2.0
20477	10238500.0	0.0
20478	10239000.0	0.0
20479	10239500.0	0.0
20480	10240000.0	2.0
20481	10240500.0	0.0
20482	10241000.0	1.0
20483	10241500.0	0.0
20484	10242000.0	1.0
20485	10242500.0	2.0
20486	10243000.0	2.0
20487	10243500.0	0.0
20488	10244000.0	4.0
20489	10244500.0	1.0
20490	10245000.0	0.0
20491	10245500.0	2.0
20492	10246000.0	0.0
20493	10246500.0	1.0
20494	10247000.0	0.0
20495	10247500.0	0.0
20496	10248000.0	3.0
20497	10248500.0	3.0
20498	10249000.0	0.0
20499	10249500.0	0.0
20500	10250000.0	0.0
20501	10250500.0	0.0
20502	10251000.0	0.0
20503	10251500.0	2.0
20504	10252000.0	0.0
20505	10252500.0	1.0
20506	10253000.0	1.0
20507	10253500.0	1.0
20508	10254000.0	5.0
20509	10254500.0	1.0
20510	10255000.0	0.0
20511	10255500.0	0.0
20512	10256000.0	3.0
20513	10256500.0	1.0
20514	10257000.0	1.0
20515	10257500.0	3.0
20516	10258000.0	0.0
20517	10258500.0	1.0
20518	10259000.0	0.0
20519	10259500.0	2.0
20520	10260000.0	4.0
20521	10260500.0	1.0
20522	10261000.0	1.0
20523	10261500.0	0.0
20524	10262000.0	1.0
20525	10262500.0	2.0
20526	10263000.0	0.0
20527	10263500.0	1.0
20528	10264000.0	1.0
20529	10264500.0	0.0
20530	10265000.0	2.0
20531	10265500.0	0.0
20532	10266000.0	0.0
20533	10266500.0	2.0
20534	10267000.0	2.0
20535	10267500.0	0.0
20536	10268000.0	0.0
20537	10268500.0	0.0
20538	10269000.0	0.0
20539	10269500.0	1.0
20540	10270000.0	1.0
20541	10270500.0	1.0
20542	10271000.0	3.0
20543	10271500.0	2.0
20544	10272000.0	2.0
20545	10272500.0	1.0
20546	10273000.0	0.0
20547	10273500.0	1.0
20548	10274000.0	1.0
20549	10274500.0	1.0
20550	10275000.0	3.0
20551	10275500.0	1.0
20552	10276000.0	0.0
20553	10276500.0	0.0
20554	10277000.0	2.0
20555	10277500.0	4.0
20556	10278000.0	1.0
20557	10278500.0	2.0
20558	10279000.0	1.0
20559	10279500.0	3.0
20560	10280000.0	1.0
20561	10280500.0	2.0
20562	10281000.0	2.0
20563	10281500.0	0.0
20564	10282000.0	0.0
20565	10282500.0	0.0
20566	10283000.0	1.0
20567	10283500.0	1.0
20568	10284000.0	0.0
20569	10284500.0	0.0
20570	10285000.0	0.0
20571	10285500.0	2.0
20572	10286000.0	0.0
20573	10286500.0	3.0
20574	10287000.0	1.0
20575	10287500.0	1.0
20576	10288000.0	1.0
20577	10288500.0	2.0
20578	10289000.0	3.0
20579	10289500.0	0.0
20580	10290000.0	1.0
20581	10290500.0	1.0
20582	10291000.0	2.0
20583	10291500.0	0.0
20584	10292000.0	0.0
20585	10292500.0	1.0
20586	10293000.0	2.0
20587	10293500.0	0.0
20588	10294000.0	1.0
20589	10294500.0	2.0
20590	10295000.0	2.0
20591	10295500.0	0.0
20592	10296000.0	0.0
20593	10296500.0	0.0
20594	10297000.0	0.0
20595	10297500.0	2.0
20596	10298000.0	1.0
20597	10298500.0	1.0
20598	10299000.0	3.0
20599	10299500.0	0.0
20600	10300000.0	1.0
20601	10300500.0	1.0
20602	10301000.0	1.0
20603	10301500.0	1.0
20604	10302000.0	0.0
20605	10302500.0	1.0
20606	10303000.0	0.0
20607	10303500.0	0.0
20608	10304000.0	5.0
20609	10304500.0	4.0
20610	10305000.0	0.0
20611	10305500.0	1.0
20612	10306000.0	0.0
20613	10306500.0	1.0
20614	10307000.0	0.0
20615	10307500.0	1.0
20616	10308000.0	1.0
20617	10308500.0	1.0
20618	10309000.0	1.0
20619	10309500.0	3.0
20620	10310000.0	2.0
20621	10310500.0	2.0
20622	10311000.0	1.0
20623	10311500.0	0.0
20624	10312000.0	1.0
20625	10312500.0	2.0
20626	10313000.0	0.0
20627	10313500.0	1.0
20628	10314000.0	1.0
20629	10314500.0	1.0
20630	10315000.0	0.0
20631	10315500.0	0.0
20632	10316000.0	2.0
20633	10316500.0	0.0
20634	10317000.0	2.0
20635	10317500.0	0.0
20636	10318000.0	1.0
20637	10318500.0	0.0
20638	10319000.0	2.0
20639	10319500.0	2.0
20640	10320000.0	0.0
20641	10320500.0	2.0
20642	10321000.0	2.0
20643	10321500.0	2.0
20644	10322000.0	1.0
20645	10322500.0	1.0
20646	10323000.0	1.0
20647	10323500.0	2.0
20648	10324000.0	1.0
20649	10324500.0	3.0
20650	10325000.0	1.0
20651	10325500.0	1.0
20652	10326000.0	1.0
20653	10326500.0	2.0
20654	10327000.0	4.0
20655	10327500.0	2.0
20656	10328000.0	2.0
20657	10328500.0	0.0
20658	10329000.0	1.0
20659	10329500.0	2.0
20660	10330000.0	1.0
20661	10330500.0	0.0
20662	10331000.0	2.0
20663	10331500.0	3.0
20664	10332000.0	1.0
20665	10332500.0	0.0
20666	10333000.0	0.0
20667	10333500.0	1.0
20668	10334000.0	0.0
20669	10334500.0	2.0
20670	10335000.0	1.0
20671	10335500.0	3.0
20672	10336000.0	2.0
20673	10336500.0	0.0
20674	10337000.0	2.0
20675	10337500.0	2.0
20676	10338000.0	5.0
20677	10338500.0	0.0
20678	10339000.0	2.0
20679	10339500.0	3.0
20680	10340000.0	1.0
20681	10340500.0	2.0
20682	10341000.0	1.0
20683	10341500.0	1.0
20684	10342000.0	2.0
20685	10342500.0	2.0
20686	10343000.0	0.0
20687	10343500.0	1.0
20688	10344000.0	2.0
20689	10344500.0	0.0
20690	10345000.0	3.0
20691	10345500.0	1.0
20692	10346000.0	1.0
20693	10346500.0	3.0
20694	10347000.0	3.0
20695	10347500.0	2.0
20696	10348000.0	1.0
20697	10348500.0	0.0
20698	10349000.0	0.0
20699	10349500.0	2.0
20700	10350000.0	3.0
20701	10350500.0	0.0
20702	10351000.0	1.0
20703	10351500.0	2.0
20704	10352000.0	0.0
20705	10352500.0	2.0
20706	10353000.0	2.0
20707	10353500.0	2.0
20708	10354000.0	1.0
20709	10354500.0	0.0
20710	10355000.0	2.0
20711	10355500.0	3.0
20712	10356000.0	1.0
20713	10356500.0	3.0
20714	10357000.0	1.0
20715	10357500.0	0.0
20716	10358000.0	1.0
20717	10358500.0	2.0
20718	10359000.0	1.0
20719	10359500.0	2.0
20720	10360000.0	0.0
20721	10360500.0	3.0
20722	10361000.0	3.0
20723	10361500.0	2.0
20724	10362000.0	1.0
20725	10362500.0	1.0
20726	10363000.0	1.0
20727	10363500.0	2.0
20728	10364000.0	4.0
20729	10364500.0	0.0
20730	10365000.0	1.0
20731	10365500.0	2.0
20732	10366000.0	2.0
20733	10366500.0	0.0
20734	10367000.0	1.0
20735	10367500.0	1.0
20736	10368000.0	2.0
20737	10368500.0	0.0
20738	10369000.0	2.0
20739	10369500.0	0.0
20740	10370000.0	1.0
20741	10370500.0	1.0
20742	10371000.0	1.0
20743	10371500.0	1.0
20744	10372000.0	2.0
20745	10372500.0	1.0
20746	10373000.0	0.0
20747	10373500.0	2.0
20748	10374000.0	1.0
20749	10374500.0	3.0
20750	10375000.0	2.0
20751	10375500.0	1.0
20752	10376000.0	0.0
20753	10376500.0	1.0
20754	10377000.0	0.0
20755	10377500.0	1.0
20756	10378000.0	1.0
20757	10378500.0	0.0
20758	10379000.0	2.0
20759	10379500.0	1.0
20760	10380000.0	2.0
20761	10380500.0	2.0
20762	10381000.0	2.0
20763	10381500.0	0.0
20764	10382000.0	1.0
20765	10382500.0	1.0
20766	10383000.0	0.0
20767	10383500.0	4.0
20768	10384000.0	3.0
20769	10384500.0	2.0
20770	10385000.0	1.0
20771	10385500.0	3.0
20772	10386000.0	1.0
20773	10386500.0	0.0
20774	10387000.0	1.0
20775	10387500.0	2.0
20776	10388000.0	2.0
20777	10388500.0	0.0
20778	10389000.0	0.0
20779	10389500.0	3.0
20780	10390000.0	4.0
20781	10390500.0	0.0
20782	10391000.0	1.0
20783	10391500.0	2.0
20784	10392000.0	1.0
20785	10392500.0	1.0
20786	10393000.0	1.0
20787	10393500.0	0.0
20788	10394000.0	2.0
20789	10394500.0	1.0
20790	10395000.0	0.0
20791	10395500.0	2.0
20792	10396000.0	2.0
20793	10396500.0	1.0
20794	10397000.0	1.0
20795	10397500.0	2.0
20796	10398000.0	1.0
20797	10398500.0	0.0
20798	10399000.0	1.0
20799	10399500.0	0.0
20800	10400000.0	2.0
20801	10400500.0	0.0
20802	10401000.0	0.0
20803	10401500.0	1.0
20804	10402000.0	1.0
20805	10402500.0	1.0
20806	10403000.0	1.0
20807	10403500.0	2.0
20808	10404000.0	1.0
20809	10404500.0	2.0
20810	10405000.0	0.0
20811	10405500.0	1.0
20812	10406000.0	1.0
20813	10406500.0	0.0
20814	10407000.0	0.0
20815	10407500.0	1.0
20816	10408000.0	1.0
20817	10408500.0	4.0
20818	10409000.0	0.0
20819	10409500.0	2.0
20820	10410000.0	4.0
20821	10410500.0	1.0
20822	10411000.0	0.0
20823	10411500.0	1.0
20824	10412000.0	1.0
20825	10412500.0	1.0
20826	10413000.0	3.0
20827	10413500.0	3.0
20828	10414000.0	0.0
20829	10414500.0	1.0
20830	10415000.0	0.0
20831	10415500.0	2.0
20832	10416000.0	3.0
20833	10416500.0	1.0
20834	10417000.0	1.0
20835	10417500.0	3.0
20836	10418000.0	2.0
20837	10418500.0	2.0
20838	10419000.0	2.0
20839	10419500.0	0.0
20840	10420000.0	4.0
20841	10420500.0	1.0
20842	10421000.0	0.0
20843	10421500.0	1.0
20844	10422000.0	0.0
20845	10422500.0	2.0
20846	10423000.0	1.0
20847	10423500.0	2.0
20848	10424000.0	0.0
20849	10424500.0	2.0
20850	10425000.0	1.0
20851	10425500.0	0.0
20852	10426000.0	2.0
20853	10426500.0	2.0
20854	10427000.0	0.0
20855	10427500.0	0.0
20856	10428000.0	0.0
20857	10428500.0	0.0
20858	10429000.0	4.0
20859	10429500.0	1.0
20860	10430000.0	2.0
20861	10430500.0	1.0
20862	10431000.0	0.0
20863	10431500.0	2.0
20864	10432000.0	3.0
20865	10432500.0	2.0
20866	10433000.0	3.0
20867	10433500.0	3.0
20868	10434000.0	0.0
20869	10434500.0	1.0
20870	10435000.0	1.0
20871	10435500.0	0.0
20872	10436000.0	0.0
20873	10436500.0	0.0
20874	10437000.0	2.0
20875	10437500.0	0.0
20876	10438000.0	1.0
20877	10438500.0	0.0
20878	10439000.0	1.0
20879	10439500.0	1.0
20880	10440000.0	0.0
20881	10440500.0	2.0
20882	10441000.0	1.0
20883	10441500.0	3.0
20884	10442000.0	1.0
20885	10442500.0	0.0
20886	10443000.0	1.0
20887	10443500.0	1.0
20888	10444000.0	3.0
20889	10444500.0	0.0
20890	10445000.0	1.0
20891	10445500.0	1.0
20892	10446000.0	4.0
20893	10446500.0	0.0
20894	10447000.0	2.0
20895	10447500.0	2.0
20896	10448000.0	2.0
20897	10448500.0	1.0
20898	10449000.0	2.0
20899	10449500.0	4.0
20900	10450000.0	2.0
20901	10450500.0	2.0
20902	10451000.0	1.0
20903	10451500.0	0.0
20904	10452000.0	1.0
20905	10452500.0	0.0
20906	10453000.0	1.0
20907	10453500.0	2.0
20908	10454000.0	0.0
20909	10454500.0	3.0
20910	10455000.0	2.0
20911	10455500.0	2.0
20912	10456000.0	0.0
20913	10456500.0	3.0
20914	10457000.0	0.0
20915	10457500.0	2.0
20916	10458000.0	1.0
20917	10458500.0	2.0
20918	10459000.0	0.0
20919	10459500.0	0.0
20920	10460000.0	4.0
20921	10460500.0	0.0
20922	10461000.0	2.0
20923	10461500.0	0.0
20924	10462000.0	0.0
20925	10462500.0	2.0
20926	10463000.0	1.0
20927	10463500.0	3.0
20928	10464000.0	0.0
20929	10464500.0	1.0
20930	10465000.0	2.0
20931	10465500.0	3.0
20932	10466000.0	0.0
20933	10466500.0	0.0
20934	10467000.0	4.0
20935	10467500.0	1.0
20936	10468000.0	1.0
20937	10468500.0	3.0
20938	10469000.0	1.0
20939	10469500.0	0.0
20940	10470000.0	0.0
20941	10470500.0	1.0
20942	10471000.0	2.0
20943	10471500.0	3.0
20944	10472000.0	2.0
20945	10472500.0	1.0
20946	10473000.0	3.0
20947	10473500.0	2.0
20948	10474000.0	1.0
20949	10474500.0	2.0
20950	10475000.0	1.0
20951	10475500.0	1.0
20952	10476000.0	0.0
20953	10476500.0	1.0
20954	10477000.0	1.0
20955	10477500.0	3.0
20956	10478000.0	1.0
20957	10478500.0	3.0
20958	10479000.0	2.0
20959	10479500.0	0.0
20960	10480000.0	1.0
20961	10480500.0	3.0
20962	10481000.0	0.0
20963	10481500.0	0.0
20964	10482000.0	1.0
20965	10482500.0	1.0
20966	10483000.0	0.0
20967	10483500.0	1.0
20968	10484000.0	1.0
20969	10484500.0	1.0
20970	10485000.0	1.0
20971	10485500.0	6.0
20972	10486000.0	2.0
20973	10486500.0	1.0
20974	10487000.0	1.0
20975	10487500.0	3.0
20976	10488000.0	4.0
20977	10488500.0	0.0
20978	10489000.0	0.0
20979	10489500.0	3.0
20980	10490000.0	1.0
20981	10490500.0	1.0
20982	10491000.0	1.0
20983	10491500.0	1.0
20984	10492000.0	0.0
20985	10492500.0	0.0
20986	10493000.0	1.0
20987	10493500.0	1.0
20988	10494000.0	3.0
20989	10494500.0	2.0
20990	10495000.0	2.0
20991	10495500.0	1.0
20992	10496000.0	1.0
20993	10496500.0	2.0
20994	10497000.0	0.0
20995	10497500.0	1.0
20996	10498000.0	2.0
20997	10498500.0	3.0
20998	10499000.0	3.0
20999	10499500.0	2.0
21000	10500000.0	1.0
21001	10500500.0	0.0
21002	10501000.0	1.0
21003	10501500.0	0.0
21004	10502000.0	1.0
21005	10502500.0	1.0
21006	10503000.0	1.0
21007	10503500.0	1.0
21008	10504000.0	1.0
21009	10504500.0	2.0
21010	10505000.0	1.0
21011	10505500.0	0.0
21012	10506000.0	2.0
21013	10506500.0	2.0
21014	10507000.0	1.0
21015	10507500.0	3.0
21016	10508000.0	1.0
21017	10508500.0	0.0
21018	10509000.0	1.0
21019	10509500.0	0.0
21020	10510000.0	0.0
21021	10510500.0	1.0
21022	10511000.0	3.0
21023	10511500.0	1.0
21024	10512000.0	2.0
21025	10512500.0	3.0
21026	10513000.0	1.0
21027	10513500.0	0.0
21028	10514000.0	1.0
21029	10514500.0	1.0
21030	10515000.0	0.0
21031	10515500.0	2.0
21032	10516000.0	1.0
21033	10516500.0	0.0
21034	10517000.0	1.0
21035	10517500.0	0.0
21036	10518000.0	1.0
21037	10518500.0	2.0
21038	10519000.0	0.0
21039	10519500.0	0.0
21040	10520000.0	1.0
21041	10520500.0	0.0
21042	10521000.0	0.0
21043	10521500.0	3.0
21044	10522000.0	2.0
21045	10522500.0	0.0
21046	10523000.0	1.0
21047	10523500.0	0.0
21048	10524000.0	2.0
21049	10524500.0	1.0
21050	10525000.0	2.0
21051	10525500.0	0.0
21052	10526000.0	1.0
21053	10526500.0	2.0
21054	10527000.0	1.0
21055	10527500.0	2.0
21056	10528000.0	1.0
21057	10528500.0	1.0
21058	10529000.0	2.0
21059	10529500.0	0.0
21060	10530000.0	1.0
21061	10530500.0	1.0
21062	10531000.0	2.0
21063	10531500.0	2.0
21064	10532000.0	2.0
21065	10532500.0	3.0
21066	10533000.0	0.0
21067	10533500.0	0.0
21068	10534000.0	1.0
21069	10534500.0	0.0
21070	10535000.0	0.0
21071	10535500.0	0.0
21072	10536000.0	2.0
21073	10536500.0	0.0
21074	10537000.0	0.0
21075	10537500.0	2.0
21076	10538000.0	1.0
21077	10538500.0	1.0
21078	10539000.0	5.0
21079	10539500.0	0.0
21080	10540000.0	0.0
21081	10540500.0	1.0
21082	10541000.0	1.0
21083	10541500.0	0.0
21084	10542000.0	1.0
21085	10542500.0	3.0
21086	10543000.0	2.0
21087	10543500.0	0.0
21088	10544000.0	2.0
21089	10544500.0	0.0
21090	10545000.0	2.0
21091	10545500.0	2.0
21092	10546000.0	2.0
21093	10546500.0	1.0
21094	10547000.0	0.0
21095	10547500.0	0.0
21096	10548000.0	0.0
21097	10548500.0	1.0
21098	10549000.0	2.0
21099	10549500.0	2.0
21100	10550000.0	1.0
21101	10550500.0	0.0
21102	10551000.0	1.0
21103	10551500.0	0.0
21104	10552000.0	2.0
21105	10552500.0	3.0
21106	10553000.0	0.0
21107	10553500.0	3.0
21108	10554000.0	1.0
21109	10554500.0	0.0
21110	10555000.0	0.0
21111	10555500.0	1.0
21112	10556000.0	2.0
21113	10556500.0	5.0
21114	10557000.0	1.0
21115	10557500.0	2.0
21116	10558000.0	2.0
21117	10558500.0	1.0
21118	10559000.0	1.0
21119	10559500.0	0.0
21120	10560000.0	2.0
21121	10560500.0	2.0
21122	10561000.0	2.0
21123	10561500.0	0.0
21124	10562000.0	0.0
21125	10562500.0	2.0
21126	10563000.0	1.0
21127	10563500.0	0.0
21128	10564000.0	2.0
21129	10564500.0	3.0
21130	10565000.0	3.0
21131	10565500.0	1.0
21132	10566000.0	3.0
21133	10566500.0	1.0
21134	10567000.0	1.0
21135	10567500.0	1.0
21136	10568000.0	1.0
21137	10568500.0	0.0
21138	10569000.0	2.0
21139	10569500.0	0.0
21140	10570000.0	2.0
21141	10570500.0	0.0
21142	10571000.0	0.0
21143	10571500.0	1.0
21144	10572000.0	1.0
21145	10572500.0	1.0
21146	10573000.0	1.0
21147	10573500.0	1.0
21148	10574000.0	1.0
21149	10574500.0	3.0
21150	10575000.0	1.0
21151	10575500.0	0.0
21152	10576000.0	2.0
21153	10576500.0	0.0
21154	10577000.0	1.0
21155	10577500.0	2.0
21156	10578000.0	0.0
21157	10578500.0	2.0
21158	10579000.0	1.0
21159	10579500.0	0.0
21160	10580000.0	1.0
21161	10580500.0	1.0
21162	10581000.0	2.0
21163	10581500.0	0.0
21164	10582000.0	2.0
21165	10582500.0	2.0
21166	10583000.0	1.0
21167	10583500.0	3.0
21168	10584000.0	0.0
21169	10584500.0	2.0
21170	10585000.0	0.0
21171	10585500.0	0.0
21172	10586000.0	2.0
21173	10586500.0	1.0
21174	10587000.0	0.0
21175	10587500.0	0.0
21176	10588000.0	0.0
21177	10588500.0	3.0
21178	10589000.0	0.0
21179	10589500.0	4.0
21180	10590000.0	1.0
21181	10590500.0	0.0
21182	10591000.0	1.0
21183	10591500.0	1.0
21184	10592000.0	0.0
21185	10592500.0	3.0
21186	10593000.0	0.0
21187	10593500.0	1.0
21188	10594000.0	1.0
21189	10594500.0	1.0
21190	10595000.0	0.0
21191	10595500.0	1.0
21192	10596000.0	3.0
21193	10596500.0	1.0
21194	10597000.0	1.0
21195	10597500.0	3.0
21196	10598000.0	0.0
21197	10598500.0	1.0
21198	10599000.0	1.0
21199	10599500.0	0.0
21200	10600000.0	2.0
21201	10600500.0	2.0
21202	10601000.0	3.0
21203	10601500.0	4.0
21204	10602000.0	0.0
21205	10602500.0	3.0
21206	10603000.0	1.0
21207	10603500.0	1.0
21208	10604000.0	2.0
21209	10604500.0	2.0
21210	10605000.0	2.0
21211	10605500.0	2.0
21212	10606000.0	0.0
21213	10606500.0	1.0
21214	10607000.0	1.0
21215	10607500.0	3.0
21216	10608000.0	2.0
21217	10608500.0	0.0
21218	10609000.0	2.0
21219	10609500.0	0.0
21220	10610000.0	2.0
21221	10610500.0	2.0
21222	10611000.0	0.0
21223	10611500.0	0.0
21224	10612000.0	0.0
21225	10612500.0	1.0
21226	10613000.0	0.0
21227	10613500.0	0.0
21228	10614000.0	0.0
21229	10614500.0	1.0
21230	10615000.0	1.0
21231	10615500.0	0.0
21232	10616000.0	3.0
21233	10616500.0	1.0
21234	10617000.0	5.0
21235	10617500.0	2.0
21236	10618000.0	1.0
21237	10618500.0	1.0
21238	10619000.0	0.0
21239	10619500.0	0.0
21240	10620000.0	1.0
21241	10620500.0	1.0
21242	10621000.0	2.0
21243	10621500.0	3.0
21244	10622000.0	2.0
21245	10622500.0	1.0
21246	10623000.0	2.0
21247	10623500.0	2.0
21248	10624000.0	0.0
21249	10624500.0	3.0
21250	10625000.0	1.0
21251	10625500.0	2.0
21252	10626000.0	2.0
21253	10626500.0	3.0
21254	10627000.0	2.0
21255	10627500.0	3.0
21256	10628000.0	0.0
21257	10628500.0	0.0
21258	10629000.0	0.0
21259	10629500.0	1.0
21260	10630000.0	0.0
21261	10630500.0	2.0
21262	10631000.0	1.0
21263	10631500.0	1.0
21264	10632000.0	2.0
21265	10632500.0	0.0
21266	10633000.0	2.0
21267	10633500.0	0.0
21268	10634000.0	1.0
21269	10634500.0	1.0
21270	10635000.0	0.0
21271	10635500.0	3.0
21272	10636000.0	1.0
21273	10636500.0	1.0
21274	10637000.0	1.0
21275	10637500.0	3.0
21276	10638000.0	1.0
21277	10638500.0	1.0
21278	10639000.0	2.0
21279	10639500.0	1.0
21280	10640000.0	1.0
21281	10640500.0	0.0
21282	10641000.0	1.0
21283	10641500.0	1.0
21284	10642000.0	1.0
21285	10642500.0	2.0
21286	10643000.0	1.0
21287	10643500.0	1.0
21288	10644000.0	1.0
21289	10644500.0	2.0
21290	10645000.0	1.0
21291	10645500.0	1.0
21292	10646000.0	1.0
21293	10646500.0	0.0
21294	10647000.0	1.0
21295	10647500.0	3.0
21296	10648000.0	2.0
21297	10648500.0	0.0
21298	10649000.0	1.0
21299	10649500.0	1.0
21300	10650000.0	1.0
21301	10650500.0	0.0
21302	10651000.0	2.0
21303	10651500.0	2.0
21304	10652000.0	0.0
21305	10652500.0	0.0
21306	10653000.0	0.0
21307	10653500.0	1.0
21308	10654000.0	0.0
21309	10654500.0	3.0
21310	10655000.0	0.0
21311	10655500.0	0.0
21312	10656000.0	2.0
21313	10656500.0	3.0
21314	10657000.0	2.0
21315	10657500.0	0.0
21316	10658000.0	2.0
21317	10658500.0	1.0
21318	10659000.0	3.0
21319	10659500.0	0.0
21320	10660000.0	1.0
21321	10660500.0	0.0
21322	10661000.0	1.0
21323	10661500.0	0.0
21324	10662000.0	1.0
21325	10662500.0	0.0
21326	10663000.0	2.0
21327	10663500.0	1.0
21328	10664000.0	2.0
21329	10664500.0	1.0
21330	10665000.0	1.0
21331	10665500.0	2.0
21332	10666000.0	1.0
21333	10666500.0	1.0
21334	10667000.0	2.0
21335	10667500.0	2.0
21336	10668000.0	1.0
21337	10668500.0	2.0
21338	10669000.0	1.0
21339	10669500.0	0.0
21340	10670000.0	0.0
21341	10670500.0	3.0
21342	10671000.0	1.0
21343	10671500.0	0.0
21344	10672000.0	0.0
21345	10672500.0	2.0
21346	10673000.0	0.0
21347	10673500.0	0.0
21348	10674000.0	0.0
21349	10674500.0	1.0
21350	10675000.0	0.0
21351	10675500.0	3.0
21352	10676000.0	1.0
21353	10676500.0	1.0
21354	10677000.0	2.0
21355	10677500.0	0.0
21356	10678000.0	1.0
21357	10678500.0	0.0
21358	10679000.0	1.0
21359	10679500.0	2.0
21360	10680000.0	2.0
21361	10680500.0	3.0
21362	10681000.0	2.0
21363	10681500.0	3.0
21364	10682000.0	1.0
21365	10682500.0	1.0
21366	10683000.0	0.0
21367	10683500.0	2.0
21368	10684000.0	1.0
21369	10684500.0	0.0
21370	10685000.0	0.0
21371	10685500.0	3.0
21372	10686000.0	2.0
21373	10686500.0	1.0
21374	10687000.0	2.0
21375	10687500.0	2.0
21376	10688000.0	1.0
21377	10688500.0	3.0
21378	10689000.0	2.0
21379	10689500.0	0.0
21380	10690000.0	2.0
21381	10690500.0	1.0
21382	10691000.0	1.0
21383	10691500.0	2.0
21384	10692000.0	2.0
21385	10692500.0	1.0
21386	10693000.0	1.0
21387	10693500.0	0.0
21388	10694000.0	1.0
21389	10694500.0	1.0
21390	10695000.0	0.0
21391	10695500.0	5.0
21392	10696000.0	1.0
21393	10696500.0	1.0
21394	10697000.0	0.0
21395	10697500.0	1.0
21396	10698000.0	1.0
21397	10698500.0	0.0
21398	10699000.0	2.0
21399	10699500.0	2.0
21400	10700000.0	2.0
21401	10700500.0	0.0
21402	10701000.0	0.0
21403	10701500.0	3.0
21404	10702000.0	1.0
21405	10702500.0	3.0
21406	10703000.0	3.0
21407	10703500.0	0.0
21408	10704000.0	0.0
21409	10704500.0	2.0
21410	10705000.0	1.0
21411	10705500.0	1.0
21412	10706000.0	0.0
21413	10706500.0	0.0
21414	10707000.0	3.0
21415	10707500.0	0.0
21416	10708000.0	3.0
21417	10708500.0	1.0
21418	10709000.0	0.0
21419	10709500.0	1.0
21420	10710000.0	3.0
21421	10710500.0	0.0
21422	10711000.0	1.0
21423	10711500.0	0.0
21424	10712000.0	0.0
21425	10712500.0	4.0
21426	10713000.0	2.0
21427	10713500.0	1.0
21428	10714000.0	1.0
21429	10714500.0	0.0
21430	10715000.0	1.0
21431	10715500.0	2.0
21432	10716000.0	0.0
21433	10716500.0	2.0
21434	10717000.0	0.0
21435	10717500.0	2.0
21436	10718000.0	3.0
21437	10718500.0	1.0
21438	10719000.0	0.0
21439	10719500.0	3.0
21440	10720000.0	1.0
21441	10720500.0	2.0
21442	10721000.0	0.0
21443	10721500.0	0.0
21444	10722000.0	2.0
21445	10722500.0	1.0
21446	10723000.0	1.0
21447	10723500.0	4.0
21448	10724000.0	2.0
21449	10724500.0	2.0
21450	10725000.0	0.0
21451	10725500.0	2.0
21452	10726000.0	2.0
21453	10726500.0	1.0
21454	10727000.0	0.0
21455	10727500.0	2.0
21456	10728000.0	3.0
21457	10728500.0	1.0
21458	10729000.0	1.0
21459	10729500.0	0.0
21460	10730000.0	2.0
21461	10730500.0	4.0
21462	10731000.0	2.0
21463	10731500.0	0.0
21464	10732000.0	3.0
21465	10732500.0	3.0
21466	10733000.0	2.0
21467	10733500.0	1.0
21468	10734000.0	0.0
21469	10734500.0	1.0
21470	10735000.0	1.0
21471	10735500.0	0.0
21472	10736000.0	1.0
21473	10736500.0	1.0
21474	10737000.0	0.0
21475	10737500.0	1.0
21476	10738000.0	2.0
21477	10738500.0	1.0
21478	10739000.0	0.0
21479	10739500.0	2.0
21480	10740000.0	3.0
21481	10740500.0	1.0
21482	10741000.0	1.0
21483	10741500.0	0.0
21484	10742000.0	2.0
21485	10742500.0	1.0
21486	10743000.0	2.0
21487	10743500.0	2.0
21488	10744000.0	1.0
21489	10744500.0	0.0
21490	10745000.0	2.0
21491	10745500.0	2.0
21492	10746000.0	0.0
21493	10746500.0	0.0
21494	10747000.0	0.0
21495	10747500.0	1.0
21496	10748000.0	1.0
21497	10748500.0	2.0
21498	10749000.0	1.0
21499	10749500.0	0.0
21500	10750000.0	0.0
21501	10750500.0	0.0
21502	10751000.0	0.0
21503	10751500.0	0.0
21504	10752000.0	3.0
21505	10752500.0	0.0
21506	10753000.0	0.0
21507	10753500.0	2.0
21508	10754000.0	2.0
21509	10754500.0	1.0
21510	10755000.0	1.0
21511	10755500.0	2.0
21512	10756000.0	1.0
21513	10756500.0	3.0
21514	10757000.0	1.0
21515	10757500.0	2.0
21516	10758000.0	2.0
21517	10758500.0	4.0
21518	10759000.0	0.0
21519	10759500.0	1.0
21520	10760000.0	3.0
21521	10760500.0	1.0
21522	10761000.0	1.0
21523	10761500.0	0.0
21524	10762000.0	1.0
21525	10762500.0	4.0
21526	10763000.0	4.0
21527	10763500.0	1.0
21528	10764000.0	2.0
21529	10764500.0	0.0
21530	10765000.0	2.0
21531	10765500.0	2.0
21532	10766000.0	1.0
21533	10766500.0	2.0
21534	10767000.0	0.0
21535	10767500.0	3.0
21536	10768000.0	1.0
21537	10768500.0	1.0
21538	10769000.0	0.0
21539	10769500.0	1.0
21540	10770000.0	1.0
21541	10770500.0	1.0
21542	10771000.0	0.0
21543	10771500.0	3.0
21544	10772000.0	5.0
21545	10772500.0	3.0
21546	10773000.0	0.0
21547	10773500.0	0.0
21548	10774000.0	1.0
21549	10774500.0	2.0
21550	10775000.0	2.0
21551	10775500.0	2.0
21552	10776000.0	2.0
21553	10776500.0	1.0
21554	10777000.0	1.0
21555	10777500.0	5.0
21556	10778000.0	2.0
21557	10778500.0	3.0
21558	10779000.0	2.0
21559	10779500.0	1.0
21560	10780000.0	1.0
21561	10780500.0	0.0
21562	10781000.0	0.0
21563	10781500.0	0.0
21564	10782000.0	1.0
21565	10782500.0	1.0
21566	10783000.0	2.0
21567	10783500.0	0.0
21568	10784000.0	2.0
21569	10784500.0	1.0
21570	10785000.0	1.0
21571	10785500.0	3.0
21572	10786000.0	1.0
21573	10786500.0	2.0
21574	10787000.0	2.0
21575	10787500.0	0.0
21576	10788000.0	2.0
21577	10788500.0	4.0
21578	10789000.0	0.0
21579	10789500.0	1.0
21580	10790000.0	0.0
21581	10790500.0	0.0
21582	10791000.0	0.0
21583	10791500.0	1.0
21584	10792000.0	2.0
21585	10792500.0	0.0
21586	10793000.0	1.0
21587	10793500.0	0.0
21588	10794000.0	2.0
21589	10794500.0	0.0
21590	10795000.0	2.0
21591	10795500.0	1.0
21592	10796000.0	3.0
21593	10796500.0	3.0
21594	10797000.0	1.0
21595	10797500.0	2.0
21596	10798000.0	0.0
21597	10798500.0	2.0
21598	10799000.0	2.0
21599	10799500.0	3.0
21600	10800000.0	2.0
21601	10800500.0	1.0
21602	10801000.0	0.0
21603	10801500.0	0.0
21604	10802000.0	0.0
21605	10802500.0	1.0
21606	10803000.0	0.0
21607	10803500.0	0.0
21608	10804000.0	3.0
21609	10804500.0	2.0
21610	10805000.0	0.0
21611	10805500.0	1.0
21612	10806000.0	1.0
21613	10806500.0	2.0
21614	10807000.0	5.0
21615	10807500.0	2.0
21616	10808000.0	1.0
21617	10808500.0	1.0
21618	10809000.0	1.0
21619	10809500.0	3.0
21620	10810000.0	1.0
21621	10810500.0	2.0
21622	10811000.0	3.0
21623	10811500.0	1.0
21624	10812000.0	0.0
21625	10812500.0	2.0
21626	10813000.0	4.0
21627	10813500.0	1.0
21628	10814000.0	1.0
21629	10814500.0	3.0
21630	10815000.0	0.0
21631	10815500.0	1.0
21632	10816000.0	2.0
21633	10816500.0	3.0
21634	10817000.0	3.0
21635	10817500.0	1.0
21636	10818000.0	1.0
21637	10818500.0	0.0
21638	10819000.0	1.0
21639	10819500.0	3.0
21640	10820000.0	1.0
21641	10820500.0	3.0
21642	10821000.0	1.0
21643	10821500.0	1.0
21644	10822000.0	0.0
21645	10822500.0	2.0
21646	10823000.0	2.0
21647	10823500.0	1.0
21648	10824000.0	2.0
21649	10824500.0	4.0
21650	10825000.0	0.0
21651	10825500.0	1.0
21652	10826000.0	1.0
21653	10826500.0	1.0
21654	10827000.0	0.0
21655	10827500.0	1.0
21656	10828000.0	0.0
21657	10828500.0	3.0
21658	10829000.0	2.0
21659	10829500.0	4.0
21660	10830000.0	1.0
21661	10830500.0	1.0
21662	10831000.0	1.0
21663	10831500.0	3.0
21664	10832000.0	2.0
21665	10832500.0	2.0
21666	10833000.0	1.0
21667	10833500.0	0.0
21668	10834000.0	3.0
21669	10834500.0	0.0
21670	10835000.0	3.0
21671	10835500.0	1.0
21672	10836000.0	2.0
21673	10836500.0	1.0
21674	10837000.0	4.0
21675	10837500.0	1.0
21676	10838000.0	0.0
21677	10838500.0	2.0
21678	10839000.0	2.0
21679	10839500.0	0.0
21680	10840000.0	1.0
21681	10840500.0	1.0
21682	10841000.0	2.0
21683	10841500.0	0.0
21684	10842000.0	1.0
21685	10842500.0	1.0
21686	10843000.0	1.0
21687	10843500.0	2.0
21688	10844000.0	2.0
21689	10844500.0	2.0
21690	10845000.0	1.0
21691	10845500.0	2.0
21692	10846000.0	1.0
21693	10846500.0	2.0
21694	10847000.0	3.0
21695	10847500.0	2.0
21696	10848000.0	2.0
21697	10848500.0	2.0
21698	10849000.0	2.0
21699	10849500.0	1.0
21700	10850000.0	0.0
21701	10850500.0	1.0
21702	10851000.0	1.0
21703	10851500.0	0.0
21704	10852000.0	0.0
21705	10852500.0	1.0
21706	10853000.0	1.0
21707	10853500.0	1.0
21708	10854000.0	2.0
21709	10854500.0	1.0
21710	10855000.0	1.0
21711	10855500.0	0.0
21712	10856000.0	2.0
21713	10856500.0	0.0
21714	10857000.0	0.0
21715	10857500.0	1.0
21716	10858000.0	1.0
21717	10858500.0	1.0
21718	10859000.0	2.0
21719	10859500.0	1.0
21720	10860000.0	1.0
21721	10860500.0	3.0
21722	10861000.0	1.0
21723	10861500.0	1.0
21724	10862000.0	1.0
21725	10862500.0	2.0
21726	10863000.0	2.0
21727	10863500.0	0.0
21728	10864000.0	1.0
21729	10864500.0	0.0
21730	10865000.0	0.0
21731	10865500.0	0.0
21732	10866000.0	1.0
21733	10866500.0	0.0
21734	10867000.0	0.0
21735	10867500.0	3.0
21736	10868000.0	2.0
21737	10868500.0	1.0
21738	10869000.0	1.0
21739	10869500.0	1.0
21740	10870000.0	0.0
21741	10870500.0	0.0
21742	10871000.0	1.0
21743	10871500.0	0.0
21744	10872000.0	0.0
21745	10872500.0	1.0
21746	10873000.0	1.0
21747	10873500.0	2.0
21748	10874000.0	1.0
21749	10874500.0	0.0
21750	10875000.0	4.0
21751	10875500.0	1.0
21752	10876000.0	1.0
21753	10876500.0	1.0
21754	10877000.0	1.0
21755	10877500.0	3.0
21756	10878000.0	2.0
21757	10878500.0	3.0
21758	10879000.0	1.0
21759	10879500.0	1.0
21760	10880000.0	3.0
21761	10880500.0	1.0
21762	10881000.0	4.0
21763	10881500.0	2.0
21764	10882000.0	0.0
21765	10882500.0	4.0
21766	10883000.0	4.0
21767	10883500.0	1.0
21768	10884000.0	1.0
21769	10884500.0	1.0
21770	10885000.0	2.0
21771	10885500.0	1.0
21772	10886000.0	2.0
21773	10886500.0	1.0
21774	10887000.0	2.0
21775	10887500.0	1.0
21776	10888000.0	4.0
21777	10888500.0	0.0
21778	10889000.0	0.0
21779	10889500.0	2.0
21780	10890000.0	1.0
21781	10890500.0	0.0
21782	10891000.0	0.0
21783	10891500.0	1.0
21784	10892000.0	1.0
21785	10892500.0	2.0
21786	10893000.0	1.0
21787	10893500.0	2.0
21788	10894000.0	0.0
21789	10894500.0	1.0
21790	10895000.0	1.0
21791	10895500.0	1.0
21792	10896000.0	0.0
21793	10896500.0	2.0
21794	10897000.0	2.0
21795	10897500.0	0.0
21796	10898000.0	2.0
21797	10898500.0	1.0
21798	10899000.0	1.0
21799	10899500.0	1.0
21800	10900000.0	3.0
21801	10900500.0	1.0
21802	10901000.0	0.0
21803	10901500.0	3.0
21804	10902000.0	1.0
21805	10902500.0	2.0
21806	10903000.0	2.0
21807	10903500.0	3.0
21808	10904000.0	3.0
21809	10904500.0	3.0
21810	10905000.0	1.0
21811	10905500.0	0.0
21812	10906000.0	0.0
21813	10906500.0	1.0
21814	10907000.0	0.0
21815	10907500.0	2.0
21816	10908000.0	0.0
21817	10908500.0	2.0
21818	10909000.0	3.0
21819	10909500.0	0.0
21820	10910000.0	3.0
21821	10910500.0	1.0
21822	10911000.0	0.0
21823	10911500.0	1.0
21824	10912000.0	0.0
21825	10912500.0	2.0
21826	10913000.0	1.0
21827	10913500.0	2.0
21828	10914000.0	2.0
21829	10914500.0	0.0
21830	10915000.0	3.0
21831	10915500.0	1.0
21832	10916000.0	0.0
21833	10916500.0	2.0
21834	10917000.0	1.0
21835	10917500.0	2.0
21836	10918000.0	0.0
21837	10918500.0	0.0
21838	10919000.0	0.0
21839	10919500.0	3.0
21840	10920000.0	1.0
21841	10920500.0	1.0
21842	10921000.0	2.0
21843	10921500.0	3.0
21844	10922000.0	1.0
21845	10922500.0	1.0
21846	10923000.0	2.0
21847	10923500.0	0.0
21848	10924000.0	2.0
21849	10924500.0	0.0
21850	10925000.0	2.0
21851	10925500.0	2.0
21852	10926000.0	1.0
21853	10926500.0	3.0
21854	10927000.0	0.0
21855	10927500.0	0.0
21856	10928000.0	2.0
21857	10928500.0	3.0
21858	10929000.0	3.0
21859	10929500.0	1.0
21860	10930000.0	1.0
21861	10930500.0	1.0
21862	10931000.0	2.0
21863	10931500.0	1.0
21864	10932000.0	2.0
21865	10932500.0	1.0
21866	10933000.0	1.0
21867	10933500.0	3.0
21868	10934000.0	1.0
21869	10934500.0	0.0
21870	10935000.0	1.0
21871	10935500.0	1.0
21872	10936000.0	2.0
21873	10936500.0	0.0
21874	10937000.0	2.0
21875	10937500.0	0.0
21876	10938000.0	2.0
21877	10938500.0	0.0
21878	10939000.0	0.0
21879	10939500.0	2.0
21880	10940000.0	1.0
21881	10940500.0	0.0
21882	10941000.0	1.0
21883	10941500.0	1.0
21884	10942000.0	1.0
21885	10942500.0	0.0
21886	10943000.0	1.0
21887	10943500.0	0.0
21888	10944000.0	0.0
21889	10944500.0	2.0
21890	10945000.0	3.0
21891	10945500.0	1.0
21892	10946000.0	1.0
21893	10946500.0	0.0
21894	10947000.0	1.0
21895	10947500.0	0.0
21896	10948000.0	0.0
21897	10948500.0	0.0
21898	10949000.0	1.0
21899	10949500.0	1.0
21900	10950000.0	1.0
21901	10950500.0	0.0
21902	10951000.0	0.0
21903	10951500.0	0.0
21904	10952000.0	1.0
21905	10952500.0	0.0
21906	10953000.0	1.0
21907	10953500.0	1.0
21908	10954000.0	0.0
21909	10954500.0	0.0
21910	10955000.0	0.0
21911	10955500.0	3.0
21912	10956000.0	3.0
21913	10956500.0	1.0
21914	10957000.0	2.0
21915	10957500.0	1.0
21916	10958000.0	0.0
21917	10958500.0	2.0
21918	10959000.0	1.0
21919	10959500.0	1.0
21920	10960000.0	2.0
21921	10960500.0	0.0
21922	10961000.0	3.0
21923	10961500.0	1.0
21924	10962000.0	0.0
21925	10962500.0	0.0
21926	10963000.0	0.0
21927	10963500.0	2.0
21928	10964000.0	1.0
21929	10964500.0	0.0
21930	10965000.0	4.0
21931	10965500.0	0.0
21932	10966000.0	2.0
21933	10966500.0	3.0
21934	10967000.0	1.0
21935	10967500.0	0.0
21936	10968000.0	0.0
21937	10968500.0	0.0
21938	10969000.0	0.0
21939	10969500.0	2.0
21940	10970000.0	1.0
21941	10970500.0	3.0
21942	10971000.0	2.0
21943	10971500.0	1.0
21944	10972000.0	0.0
21945	10972500.0	0.0
21946	10973000.0	1.0
21947	10973500.0	1.0
21948	10974000.0	0.0
21949	10974500.0	0.0
21950	10975000.0	2.0
21951	10975500.0	0.0
21952	10976000.0	4.0
21953	10976500.0	0.0
21954	10977000.0	1.0
21955	10977500.0	3.0
21956	10978000.0	1.0
21957	10978500.0	0.0
21958	10979000.0	2.0
21959	10979500.0	2.0
21960	10980000.0	2.0
21961	10980500.0	3.0
21962	10981000.0	4.0
21963	10981500.0	1.0
21964	10982000.0	2.0
21965	10982500.0	0.0
21966	10983000.0	1.0
21967	10983500.0	2.0
21968	10984000.0	1.0
21969	10984500.0	0.0
21970	10985000.0	0.0
21971	10985500.0	0.0
21972	10986000.0	1.0
21973	10986500.0	0.0
21974	10987000.0	2.0
21975	10987500.0	2.0
21976	10988000.0	3.0
21977	10988500.0	1.0
21978	10989000.0	0.0
21979	10989500.0	0.0
21980	10990000.0	1.0
21981	10990500.0	1.0
21982	10991000.0	0.0
21983	10991500.0	1.0
21984	10992000.0	1.0
21985	10992500.0	0.0
21986	10993000.0	2.0
21987	10993500.0	0.0
21988	10994000.0	0.0
21989	10994500.0	1.0
21990	10995000.0	1.0
21991	10995500.0	4.0
21992	10996000.0	2.0
21993	10996500.0	2.0
21994	10997000.0	0.0
21995	10997500.0	2.0
21996	10998000.0	2.0
21997	10998500.0	0.0
21998	10999000.0	0.0
21999	10999500.0	1.0
22000	11000000.0	0.0
22001	11000500.0	2.0
22002	11001000.0	0.0
22003	11001500.0	1.0
22004	11002000.0	4.0
22005	11002500.0	2.0
22006	11003000.0	1.0
22007	11003500.0	0.0
22008	11004000.0	1.0
22009	11004500.0	0.0
22010	11005000.0	1.0
22011	11005500.0	1.0
22012	11006000.0	2.0
22013	11006500.0	0.0
22014	11007000.0	3.0
22015	11007500.0	0.0
22016	11008000.0	2.0
22017	11008500.0	2.0
22018	11009000.0	0.0
22019	11009500.0	0.0
22020	11010000.0	1.0
22021	11010500.0	0.0
22022	11011000.0	1.0
22023	11011500.0	0.0
22024	11012000.0	1.0
22025	11012500.0	1.0
22026	11013000.0	2.0
22027	11013500.0	0.0
22028	11014000.0	0.0
22029	11014500.0	1.0
22030	11015000.0	0.0
22031	11015500.0	1.0
22032	11016000.0	2.0
22033	11016500.0	1.0
22034	11017000.0	0.0
22035	11017500.0	1.0
22036	11018000.0	1.0
22037	11018500.0	0.0
22038	11019000.0	1.0
22039	11019500.0	4.0
22040	11020000.0	3.0
22041	11020500.0	1.0
22042	11021000.0	1.0
22043	11021500.0	2.0
22044	11022000.0	1.0
22045	11022500.0	2.0
22046	11023000.0	0.0
22047	11023500.0	0.0
22048	11024000.0	0.0
22049	11024500.0	0.0
22050	11025000.0	0.0
22051	11025500.0	3.0
22052	11026000.0	1.0
22053	11026500.0	0.0
22054	11027000.0	0.0
22055	11027500.0	2.0
22056	11028000.0	1.0
22057	11028500.0	0.0
22058	11029000.0	0.0
22059	11029500.0	1.0
22060	11030000.0	1.0
22061	11030500.0	1.0
22062	11031000.0	1.0
22063	11031500.0	0.0
22064	11032000.0	2.0
22065	11032500.0	2.0
22066	11033000.0	4.0
22067	11033500.0	1.0
22068	11034000.0	2.0
22069	11034500.0	0.0
22070	11035000.0	0.0
22071	11035500.0	1.0
22072	11036000.0	1.0
22073	11036500.0	0.0
22074	11037000.0	2.0
22075	11037500.0	1.0
22076	11038000.0	0.0
22077	11038500.0	0.0
22078	11039000.0	3.0
22079	11039500.0	2.0
22080	11040000.0	1.0
22081	11040500.0	2.0
22082	11041000.0	0.0
22083	11041500.0	0.0
22084	11042000.0	2.0
22085	11042500.0	3.0
22086	11043000.0	1.0
22087	11043500.0	0.0
22088	11044000.0	0.0
22089	11044500.0	2.0
22090	11045000.0	3.0
22091	11045500.0	1.0
22092	11046000.0	4.0
22093	11046500.0	1.0
22094	11047000.0	3.0
22095	11047500.0	1.0
22096	11048000.0	2.0
22097	11048500.0	1.0
22098	11049000.0	2.0
22099	11049500.0	3.0
22100	11050000.0	1.0
22101	11050500.0	0.0
22102	11051000.0	2.0
22103	11051500.0	1.0
22104	11052000.0	1.0
22105	11052500.0	0.0
22106	11053000.0	2.0
22107	11053500.0	1.0
22108	11054000.0	0.0
22109	11054500.0	1.0
22110	11055000.0	0.0
22111	11055500.0	2.0
22112	11056000.0	0.0
22113	11056500.0	2.0
22114	11057000.0	3.0
22115	11057500.0	0.0
22116	11058000.0	2.0
22117	11058500.0	2.0
22118	11059000.0	3.0
22119	11059500.0	2.0
22120	11060000.0	3.0
22121	11060500.0	5.0
22122	11061000.0	0.0
22123	11061500.0	1.0
22124	11062000.0	1.0
22125	11062500.0	3.0
22126	11063000.0	1.0
22127	11063500.0	1.0
22128	11064000.0	1.0
22129	11064500.0	0.0
22130	11065000.0	1.0
22131	11065500.0	0.0
22132	11066000.0	2.0
22133	11066500.0	1.0
22134	11067000.0	3.0
22135	11067500.0	2.0
22136	11068000.0	1.0
22137	11068500.0	0.0
22138	11069000.0	2.0
22139	11069500.0	1.0
22140	11070000.0	0.0
22141	11070500.0	1.0
22142	11071000.0	0.0
22143	11071500.0	2.0
22144	11072000.0	0.0
22145	11072500.0	0.0
22146	11073000.0	0.0
22147	11073500.0	3.0
22148	11074000.0	0.0
22149	11074500.0	3.0
22150	11075000.0	0.0
22151	11075500.0	0.0
22152	11076000.0	0.0
22153	11076500.0	0.0
22154	11077000.0	2.0
22155	11077500.0	0.0
22156	11078000.0	0.0
22157	11078500.0	1.0
22158	11079000.0	3.0
22159	11079500.0	6.0
22160	11080000.0	0.0
22161	11080500.0	0.0
22162	11081000.0	1.0
22163	11081500.0	2.0
22164	11082000.0	0.0
22165	11082500.0	2.0
22166	11083000.0	4.0
22167	11083500.0	3.0
22168	11084000.0	0.0
22169	11084500.0	1.0
22170	11085000.0	1.0
22171	11085500.0	2.0
22172	11086000.0	1.0
22173	11086500.0	1.0
22174	11087000.0	2.0
22175	11087500.0	1.0
22176	11088000.0	2.0
22177	11088500.0	0.0
22178	11089000.0	1.0
22179	11089500.0	2.0
22180	11090000.0	1.0
22181	11090500.0	1.0
22182	11091000.0	1.0
22183	11091500.0	3.0
22184	11092000.0	0.0
22185	11092500.0	2.0
22186	11093000.0	0.0
22187	11093500.0	1.0
22188	11094000.0	1.0
22189	11094500.0	0.0
22190	11095000.0	3.0
22191	11095500.0	0.0
22192	11096000.0	1.0
22193	11096500.0	1.0
22194	11097000.0	2.0
22195	11097500.0	4.0
22196	11098000.0	0.0
22197	11098500.0	2.0
22198	11099000.0	1.0
22199	11099500.0	1.0
22200	11100000.0	0.0
22201	11100500.0	2.0
22202	11101000.0	1.0
22203	11101500.0	4.0
22204	11102000.0	0.0
22205	11102500.0	2.0
22206	11103000.0	2.0
22207	11103500.0	2.0
22208	11104000.0	0.0
22209	11104500.0	2.0
22210	11105000.0	1.0
22211	11105500.0	0.0
22212	11106000.0	1.0
22213	11106500.0	5.0
22214	11107000.0	0.0
22215	11107500.0	2.0
22216	11108000.0	2.0
22217	11108500.0	1.0
22218	11109000.0	1.0
22219	11109500.0	0.0
22220	11110000.0	2.0
22221	11110500.0	2.0
22222	11111000.0	3.0
22223	11111500.0	2.0
22224	11112000.0	1.0
22225	11112500.0	1.0
22226	11113000.0	0.0
22227	11113500.0	0.0
22228	11114000.0	0.0
22229	11114500.0	0.0
22230	11115000.0	1.0
22231	11115500.0	0.0
22232	11116000.0	0.0
22233	11116500.0	2.0
22234	11117000.0	0.0
22235	11117500.0	2.0
22236	11118000.0	1.0
22237	11118500.0	0.0
22238	11119000.0	1.0
22239	11119500.0	1.0
22240	11120000.0	1.0
22241	11120500.0	1.0
22242	11121000.0	0.0
22243	11121500.0	2.0
22244	11122000.0	2.0
22245	11122500.0	0.0
22246	11123000.0	2.0
22247	11123500.0	1.0
22248	11124000.0	1.0
22249	11124500.0	1.0
22250	11125000.0	0.0
22251	11125500.0	3.0
22252	11126000.0	1.0
22253	11126500.0	2.0
22254	11127000.0	2.0
22255	11127500.0	1.0
22256	11128000.0	1.0
22257	11128500.0	0.0
22258	11129000.0	1.0
22259	11129500.0	1.0
22260	11130000.0	1.0
22261	11130500.0	2.0
22262	11131000.0	5.0
22263	11131500.0	0.0
22264	11132000.0	2.0
22265	11132500.0	0.0
22266	11133000.0	1.0
22267	11133500.0	0.0
22268	11134000.0	0.0
22269	11134500.0	1.0
22270	11135000.0	2.0
22271	11135500.0	0.0
22272	11136000.0	1.0
22273	11136500.0	2.0
22274	11137000.0	1.0
22275	11137500.0	1.0
22276	11138000.0	1.0
22277	11138500.0	1.0
22278	11139000.0	0.0
22279	11139500.0	2.0
22280	11140000.0	1.0
22281	11140500.0	2.0
22282	11141000.0	3.0
22283	11141500.0	3.0
22284	11142000.0	1.0
22285	11142500.0	1.0
22286	11143000.0	3.0
22287	11143500.0	0.0
22288	11144000.0	1.0
22289	11144500.0	0.0
22290	11145000.0	2.0
22291	11145500.0	0.0
22292	11146000.0	1.0
22293	11146500.0	2.0
22294	11147000.0	0.0
22295	11147500.0	1.0
22296	11148000.0	1.0
22297	11148500.0	2.0
22298	11149000.0	0.0
22299	11149500.0	1.0
22300	11150000.0	2.0
22301	11150500.0	1.0
22302	11151000.0	3.0
22303	11151500.0	0.0
22304	11152000.0	2.0
22305	11152500.0	0.0
22306	11153000.0	1.0
22307	11153500.0	3.0
22308	11154000.0	0.0
22309	11154500.0	0.0
22310	11155000.0	0.0
22311	11155500.0	3.0
22312	11156000.0	4.0
22313	11156500.0	2.0
22314	11157000.0	2.0
22315	11157500.0	3.0
22316	11158000.0	0.0
22317	11158500.0	1.0
22318	11159000.0	2.0
22319	11159500.0	0.0
22320	11160000.0	0.0
22321	11160500.0	0.0
22322	11161000.0	1.0
22323	11161500.0	0.0
22324	11162000.0	1.0
22325	11162500.0	2.0
22326	11163000.0	3.0
22327	11163500.0	1.0
22328	11164000.0	0.0
22329	11164500.0	0.0
22330	11165000.0	1.0
22331	11165500.0	1.0
22332	11166000.0	1.0
22333	11166500.0	0.0
22334	11167000.0	1.0
22335	11167500.0	2.0
22336	11168000.0	2.0
22337	11168500.0	1.0
22338	11169000.0	1.0
22339	11169500.0	0.0
22340	11170000.0	0.0
22341	11170500.0	1.0
22342	11171000.0	2.0
22343	11171500.0	2.0
22344	11172000.0	2.0
22345	11172500.0	0.0
22346	11173000.0	1.0
22347	11173500.0	2.0
22348	11174000.0	0.0
22349	11174500.0	3.0
22350	11175000.0	2.0
22351	11175500.0	1.0
22352	11176000.0	0.0
22353	11176500.0	0.0
22354	11177000.0	1.0
22355	11177500.0	0.0
22356	11178000.0	1.0
22357	11178500.0	1.0
22358	11179000.0	0.0
22359	11179500.0	1.0
22360	11180000.0	1.0
22361	11180500.0	0.0
22362	11181000.0	2.0
22363	11181500.0	4.0
22364	11182000.0	1.0
22365	11182500.0	1.0
22366	11183000.0	1.0
22367	11183500.0	1.0
22368	11184000.0	0.0
22369	11184500.0	2.0
22370	11185000.0	0.0
22371	11185500.0	4.0
22372	11186000.0	0.0
22373	11186500.0	2.0
22374	11187000.0	2.0
22375	11187500.0	1.0
22376	11188000.0	0.0
22377	11188500.0	1.0
22378	11189000.0	2.0
22379	11189500.0	1.0
22380	11190000.0	0.0
22381	11190500.0	0.0
22382	11191000.0	2.0
22383	11191500.0	3.0
22384	11192000.0	0.0
22385	11192500.0	2.0
22386	11193000.0	0.0
22387	11193500.0	1.0
22388	11194000.0	0.0
22389	11194500.0	0.0
22390	11195000.0	1.0
22391	11195500.0	0.0
22392	11196000.0	1.0
22393	11196500.0	0.0
22394	11197000.0	1.0
22395	11197500.0	2.0
22396	11198000.0	2.0
22397	11198500.0	3.0
22398	11199000.0	0.0
22399	11199500.0	2.0
22400	11200000.0	2.0
22401	11200500.0	3.0
22402	11201000.0	2.0
22403	11201500.0	0.0
22404	11202000.0	1.0
22405	11202500.0	4.0
22406	11203000.0	0.0
22407	11203500.0	0.0
22408	11204000.0	0.0
22409	11204500.0	5.0
22410	11205000.0	1.0
22411	11205500.0	3.0
22412	11206000.0	0.0
22413	11206500.0	1.0
22414	11207000.0	1.0
22415	11207500.0	1.0
22416	11208000.0	1.0
22417	11208500.0	0.0
22418	11209000.0	1.0
22419	11209500.0	1.0
22420	11210000.0	3.0
22421	11210500.0	3.0
22422	11211000.0	0.0
22423	11211500.0	0.0
22424	11212000.0	0.0
22425	11212500.0	1.0
22426	11213000.0	1.0
22427	11213500.0	4.0
22428	11214000.0	0.0
22429	11214500.0	3.0
22430	11215000.0	1.0
22431	11215500.0	0.0
22432	11216000.0	1.0
22433	11216500.0	2.0
22434	11217000.0	2.0
22435	11217500.0	2.0
22436	11218000.0	0.0
22437	11218500.0	3.0
22438	11219000.0	2.0
22439	11219500.0	1.0
22440	11220000.0	3.0
22441	11220500.0	0.0
22442	11221000.0	3.0
22443	11221500.0	2.0
22444	11222000.0	0.0
22445	11222500.0	2.0
22446	11223000.0	0.0
22447	11223500.0	1.0
22448	11224000.0	0.0
22449	11224500.0	0.0
22450	11225000.0	1.0
22451	11225500.0	3.0
22452	11226000.0	1.0
22453	11226500.0	4.0
22454	11227000.0	0.0
22455	11227500.0	0.0
22456	11228000.0	1.0
22457	11228500.0	1.0
22458	11229000.0	2.0
22459	11229500.0	1.0
22460	11230000.0	3.0
22461	11230500.0	0.0
22462	11231000.0	1.0
22463	11231500.0	1.0
22464	11232000.0	3.0
22465	11232500.0	1.0
22466	11233000.0	2.0
22467	11233500.0	0.0
22468	11234000.0	1.0
22469	11234500.0	1.0
22470	11235000.0	0.0
22471	11235500.0	0.0
22472	11236000.0	0.0
22473	11236500.0	1.0
22474	11237000.0	0.0
22475	11237500.0	1.0
22476	11238000.0	1.0
22477	11238500.0	3.0
22478	11239000.0	4.0
22479	11239500.0	1.0
22480	11240000.0	3.0
22481	11240500.0	1.0
22482	11241000.0	2.0
22483	11241500.0	0.0
22484	11242000.0	2.0
22485	11242500.0	1.0
22486	11243000.0	2.0
22487	11243500.0	1.0
22488	11244000.0	0.0
22489	11244500.0	1.0
22490	11245000.0	2.0
22491	11245500.0	1.0
22492	11246000.0	1.0
22493	11246500.0	0.0
22494	11247000.0	0.0
22495	11247500.0	1.0
22496	11248000.0	1.0
22497	11248500.0	1.0
22498	11249000.0	1.0
22499	11249500.0	0.0
22500	11250000.0	0.0
22501	11250500.0	2.0
22502	11251000.0	1.0
22503	11251500.0	4.0
22504	11252000.0	0.0
22505	11252500.0	0.0
22506	11253000.0	1.0
22507	11253500.0	3.0
22508	11254000.0	0.0
22509	11254500.0	1.0
22510	11255000.0	2.0
22511	11255500.0	2.0
22512	11256000.0	1.0
22513	11256500.0	1.0
22514	11257000.0	1.0
22515	11257500.0	1.0
22516	11258000.0	1.0
22517	11258500.0	0.0
22518	11259000.0	1.0
22519	11259500.0	0.0
22520	11260000.0	0.0
22521	11260500.0	0.0
22522	11261000.0	3.0
22523	11261500.0	0.0
22524	11262000.0	0.0
22525	11262500.0	3.0
22526	11263000.0	2.0
22527	11263500.0	1.0
22528	11264000.0	0.0
22529	11264500.0	1.0
22530	11265000.0	1.0
22531	11265500.0	4.0
22532	11266000.0	3.0
22533	11266500.0	1.0
22534	11267000.0	2.0
22535	11267500.0	2.0
22536	11268000.0	1.0
22537	11268500.0	0.0
22538	11269000.0	1.0
22539	11269500.0	0.0
22540	11270000.0	1.0
22541	11270500.0	1.0
22542	11271000.0	0.0
22543	11271500.0	3.0
22544	11272000.0	0.0
22545	11272500.0	1.0
22546	11273000.0	1.0
22547	11273500.0	4.0
22548	11274000.0	1.0
22549	11274500.0	3.0
22550	11275000.0	1.0
22551	11275500.0	1.0
22552	11276000.0	4.0
22553	11276500.0	1.0
22554	11277000.0	1.0
22555	11277500.0	1.0
22556	11278000.0	2.0
22557	11278500.0	2.0
22558	11279000.0	1.0
22559	11279500.0	1.0
22560	11280000.0	0.0
22561	11280500.0	0.0
22562	11281000.0	1.0
22563	11281500.0	3.0
22564	11282000.0	1.0
22565	11282500.0	1.0
22566	11283000.0	1.0
22567	11283500.0	3.0
22568	11284000.0	0.0
22569	11284500.0	0.0
22570	11285000.0	1.0
22571	11285500.0	3.0
22572	11286000.0	1.0
22573	11286500.0	1.0
22574	11287000.0	1.0
22575	11287500.0	5.0
22576	11288000.0	1.0
22577	11288500.0	0.0
22578	11289000.0	1.0
22579	11289500.0	0.0
22580	11290000.0	0.0
22581	11290500.0	1.0
22582	11291000.0	3.0
22583	11291500.0	2.0
22584	11292000.0	1.0
22585	11292500.0	1.0
22586	11293000.0	0.0
22587	11293500.0	0.0
22588	11294000.0	3.0
22589	11294500.0	3.0
22590	11295000.0	0.0
22591	11295500.0	1.0
22592	11296000.0	4.0
22593	11296500.0	1.0
22594	11297000.0	1.0
22595	11297500.0	0.0
22596	11298000.0	0.0
22597	11298500.0	2.0
22598	11299000.0	1.0
22599	11299500.0	0.0
22600	11300000.0	3.0
22601	11300500.0	1.0
22602	11301000.0	1.0
22603	11301500.0	1.0
22604	11302000.0	2.0
22605	11302500.0	1.0
22606	11303000.0	1.0
22607	11303500.0	0.0
22608	11304000.0	1.0
22609	11304500.0	1.0
22610	11305000.0	2.0
22611	11305500.0	2.0
22612	11306000.0	0.0
22613	11306500.0	2.0
22614	11307000.0	0.0
22615	11307500.0	0.0
22616	11308000.0	0.0
22617	11308500.0	1.0
22618	11309000.0	0.0
22619	11309500.0	1.0
22620	11310000.0	0.0
22621	11310500.0	0.0
22622	11311000.0	1.0
22623	11311500.0	1.0
22624	11312000.0	1.0
22625	11312500.0	1.0
22626	11313000.0	1.0
22627	11313500.0	1.0
22628	11314000.0	1.0
22629	11314500.0	0.0
22630	11315000.0	1.0
22631	11315500.0	0.0
22632	11316000.0	2.0
22633	11316500.0	0.0
22634	11317000.0	0.0
22635	11317500.0	2.0
22636	11318000.0	1.0
22637	11318500.0	4.0
22638	11319000.0	2.0
22639	11319500.0	0.0
22640	11320000.0	2.0
22641	11320500.0	0.0
22642	11321000.0	0.0
22643	11321500.0	0.0
22644	11322000.0	1.0
22645	11322500.0	0.0
22646	11323000.0	3.0
22647	11323500.0	2.0
22648	11324000.0	1.0
22649	11324500.0	0.0
22650	11325000.0	1.0
22651	11325500.0	1.0
22652	11326000.0	1.0
22653	11326500.0	0.0
22654	11327000.0	1.0
22655	11327500.0	1.0
22656	11328000.0	3.0
22657	11328500.0	0.0
22658	11329000.0	2.0
22659	11329500.0	2.0
22660	11330000.0	1.0
22661	11330500.0	1.0
22662	11331000.0	2.0
22663	11331500.0	0.0
22664	11332000.0	2.0
22665	11332500.0	5.0
22666	11333000.0	0.0
22667	11333500.0	0.0
22668	11334000.0	0.0
22669	11334500.0	0.0
22670	11335000.0	0.0
22671	11335500.0	1.0
22672	11336000.0	2.0
22673	11336500.0	0.0
22674	11337000.0	2.0
22675	11337500.0	1.0
22676	11338000.0	1.0
22677	11338500.0	1.0
22678	11339000.0	1.0
22679	11339500.0	2.0
22680	11340000.0	1.0
22681	11340500.0	4.0
22682	11341000.0	2.0
22683	11341500.0	0.0
22684	11342000.0	1.0
22685	11342500.0	0.0
22686	11343000.0	1.0
22687	11343500.0	1.0
22688	11344000.0	0.0
22689	11344500.0	1.0
22690	11345000.0	1.0
22691	11345500.0	2.0
22692	11346000.0	3.0
22693	11346500.0	2.0
22694	11347000.0	0.0
22695	11347500.0	0.0
22696	11348000.0	1.0
22697	11348500.0	2.0
22698	11349000.0	0.0
22699	11349500.0	2.0
22700	11350000.0	0.0
22701	11350500.0	0.0
22702	11351000.0	1.0
22703	11351500.0	1.0
22704	11352000.0	1.0
22705	11352500.0	1.0
22706	11353000.0	0.0
22707	11353500.0	2.0
22708	11354000.0	1.0
22709	11354500.0	0.0
22710	11355000.0	1.0
22711	11355500.0	4.0
22712	11356000.0	0.0
22713	11356500.0	1.0
22714	11357000.0	0.0
22715	11357500.0	0.0
22716	11358000.0	0.0
22717	11358500.0	1.0
22718	11359000.0	2.0
22719	11359500.0	1.0
22720	11360000.0	0.0
22721	11360500.0	2.0
22722	11361000.0	0.0
22723	11361500.0	2.0
22724	11362000.0	1.0
22725	11362500.0	3.0
22726	11363000.0	0.0
22727	11363500.0	1.0
22728	11364000.0	0.0
22729	11364500.0	1.0
22730	11365000.0	0.0
22731	11365500.0	2.0
22732	11366000.0	1.0
22733	11366500.0	0.0
22734	11367000.0	2.0
22735	11367500.0	0.0
22736	11368000.0	1.0
22737	11368500.0	0.0
22738	11369000.0	1.0
22739	11369500.0	0.0
22740	11370000.0	0.0
22741	11370500.0	0.0
22742	11371000.0	0.0
22743	11371500.0	2.0
22744	11372000.0	2.0
22745	11372500.0	1.0
22746	11373000.0	1.0
22747	11373500.0	2.0
22748	11374000.0	0.0
22749	11374500.0	2.0
22750	11375000.0	1.0
22751	11375500.0	2.0
22752	11376000.0	2.0
22753	11376500.0	0.0
22754	11377000.0	2.0
22755	11377500.0	0.0
22756	11378000.0	0.0
22757	11378500.0	0.0
22758	11379000.0	1.0
22759	11379500.0	1.0
22760	11380000.0	2.0
22761	11380500.0	0.0
22762	11381000.0	3.0
22763	11381500.0	2.0
22764	11382000.0	0.0
22765	11382500.0	1.0
22766	11383000.0	0.0
22767	11383500.0	1.0
22768	11384000.0	1.0
22769	11384500.0	2.0
22770	11385000.0	2.0
22771	11385500.0	1.0
22772	11386000.0	0.0
22773	11386500.0	0.0
22774	11387000.0	1.0
22775	11387500.0	0.0
22776	11388000.0	0.0
22777	11388500.0	2.0
22778	11389000.0	2.0
22779	11389500.0	0.0
22780	11390000.0	2.0
22781	11390500.0	1.0
22782	11391000.0	2.0
22783	11391500.0	1.0
22784	11392000.0	1.0
22785	11392500.0	0.0
22786	11393000.0	1.0
22787	11393500.0	0.0
22788	11394000.0	0.0
22789	11394500.0	1.0
22790	11395000.0	2.0
22791	11395500.0	2.0
22792	11396000.0	0.0
22793	11396500.0	2.0
22794	11397000.0	0.0
22795	11397500.0	1.0
22796	11398000.0	1.0
22797	11398500.0	0.0
22798	11399000.0	3.0
22799	11399500.0	4.0
22800	11400000.0	1.0
22801	11400500.0	2.0
22802	11401000.0	3.0
22803	11401500.0	1.0
22804	11402000.0	2.0
22805	11402500.0	0.0
22806	11403000.0	1.0
22807	11403500.0	2.0
22808	11404000.0	2.0
22809	11404500.0	1.0
22810	11405000.0	3.0
22811	11405500.0	2.0
22812	11406000.0	0.0
22813	11406500.0	1.0
22814	11407000.0	1.0
22815	11407500.0	1.0
22816	11408000.0	3.0
22817	11408500.0	0.0
22818	11409000.0	2.0
22819	11409500.0	0.0
22820	11410000.0	3.0
22821	11410500.0	1.0
22822	11411000.0	4.0
22823	11411500.0	3.0
22824	11412000.0	3.0
22825	11412500.0	1.0
22826	11413000.0	6.0
22827	11413500.0	2.0
22828	11414000.0	2.0
22829	11414500.0	2.0
22830	11415000.0	0.0
22831	11415500.0	0.0
22832	11416000.0	0.0
22833	11416500.0	1.0
22834	11417000.0	2.0
22835	11417500.0	1.0
22836	11418000.0	1.0
22837	11418500.0	0.0
22838	11419000.0	2.0
22839	11419500.0	0.0
22840	11420000.0	2.0
22841	11420500.0	1.0
22842	11421000.0	0.0
22843	11421500.0	1.0
22844	11422000.0	0.0
22845	11422500.0	0.0
22846	11423000.0	2.0
22847	11423500.0	2.0
22848	11424000.0	2.0
22849	11424500.0	3.0
22850	11425000.0	3.0
22851	11425500.0	0.0
22852	11426000.0	0.0
22853	11426500.0	1.0
22854	11427000.0	1.0
22855	11427500.0	3.0
22856	11428000.0	2.0
22857	11428500.0	2.0
22858	11429000.0	2.0
22859	11429500.0	0.0
22860	11430000.0	1.0
22861	11430500.0	0.0
22862	11431000.0	2.0
22863	11431500.0	1.0
22864	11432000.0	2.0
22865	11432500.0	1.0
22866	11433000.0	4.0
22867	11433500.0	2.0
22868	11434000.0	0.0
22869	11434500.0	1.0
22870	11435000.0	0.0
22871	11435500.0	1.0
22872	11436000.0	1.0
22873	11436500.0	0.0
22874	11437000.0	0.0
22875	11437500.0	2.0
22876	11438000.0	1.0
22877	11438500.0	2.0
22878	11439000.0	3.0
22879	11439500.0	2.0
22880	11440000.0	1.0
22881	11440500.0	2.0
22882	11441000.0	0.0
22883	11441500.0	0.0
22884	11442000.0	3.0
22885	11442500.0	2.0
22886	11443000.0	4.0
22887	11443500.0	0.0
22888	11444000.0	1.0
22889	11444500.0	0.0
22890	11445000.0	0.0
22891	11445500.0	3.0
22892	11446000.0	2.0
22893	11446500.0	2.0
22894	11447000.0	1.0
22895	11447500.0	2.0
22896	11448000.0	1.0
22897	11448500.0	1.0
22898	11449000.0	2.0
22899	11449500.0	0.0
22900	11450000.0	1.0
22901	11450500.0	0.0
22902	11451000.0	0.0
22903	11451500.0	0.0
22904	11452000.0	1.0
22905	11452500.0	2.0
22906	11453000.0	0.0
22907	11453500.0	1.0
22908	11454000.0	0.0
22909	11454500.0	2.0
22910	11455000.0	0.0
22911	11455500.0	1.0
22912	11456000.0	1.0
22913	11456500.0	2.0
22914	11457000.0	2.0
22915	11457500.0	1.0
22916	11458000.0	2.0
22917	11458500.0	1.0
22918	11459000.0	1.0
22919	11459500.0	2.0
22920	11460000.0	2.0
22921	11460500.0	2.0
22922	11461000.0	1.0
22923	11461500.0	0.0
22924	11462000.0	2.0
22925	11462500.0	1.0
22926	11463000.0	1.0
22927	11463500.0	1.0
22928	11464000.0	1.0
22929	11464500.0	3.0
22930	11465000.0	1.0
22931	11465500.0	3.0
22932	11466000.0	1.0
22933	11466500.0	1.0
22934	11467000.0	0.0
22935	11467500.0	0.0
22936	11468000.0	1.0
22937	11468500.0	1.0
22938	11469000.0	0.0
22939	11469500.0	1.0
22940	11470000.0	0.0
22941	11470500.0	2.0
22942	11471000.0	0.0
22943	11471500.0	0.0
22944	11472000.0	0.0
22945	11472500.0	1.0
22946	11473000.0	0.0
22947	11473500.0	1.0
22948	11474000.0	1.0
22949	11474500.0	2.0
22950	11475000.0	0.0
22951	11475500.0	1.0
22952	11476000.0	0.0
22953	11476500.0	0.0
22954	11477000.0	1.0
22955	11477500.0	1.0
22956	11478000.0	0.0
22957	11478500.0	1.0
22958	11479000.0	1.0
22959	11479500.0	4.0
22960	11480000.0	1.0
22961	11480500.0	0.0
22962	11481000.0	1.0
22963	11481500.0	2.0
22964	11482000.0	2.0
22965	11482500.0	2.0
22966	11483000.0	0.0
22967	11483500.0	1.0
22968	11484000.0	3.0
22969	11484500.0	1.0
22970	11485000.0	1.0
22971	11485500.0	2.0
22972	11486000.0	1.0
22973	11486500.0	0.0
22974	11487000.0	1.0
22975	11487500.0	2.0
22976	11488000.0	1.0
22977	11488500.0	3.0
22978	11489000.0	3.0
22979	11489500.0	1.0
22980	11490000.0	1.0
22981	11490500.0	2.0
22982	11491000.0	0.0
22983	11491500.0	2.0
22984	11492000.0	3.0
22985	11492500.0	1.0
22986	11493000.0	1.0
22987	11493500.0	1.0
22988	11494000.0	0.0
22989	11494500.0	0.0
22990	11495000.0	1.0
22991	11495500.0	0.0
22992	11496000.0	1.0
22993	11496500.0	2.0
22994	11497000.0	0.0
22995	11497500.0	0.0
22996	11498000.0	0.0
22997	11498500.0	1.0
22998	11499000.0	0.0
22999	11499500.0	3.0
23000	11500000.0	2.0
23001	11500500.0	0.0
23002	11501000.0	4.0
23003	11501500.0	3.0
23004	11502000.0	0.0
23005	11502500.0	1.0
23006	11503000.0	1.0
23007	11503500.0	1.0
23008	11504000.0	1.0
23009	11504500.0	1.0
23010	11505000.0	1.0
23011	11505500.0	1.0
23012	11506000.0	1.0
23013	11506500.0	1.0
23014	11507000.0	0.0
23015	11507500.0	1.0
23016	11508000.0	2.0
23017	11508500.0	2.0
23018	11509000.0	0.0
23019	11509500.0	2.0
23020	11510000.0	0.0
23021	11510500.0	0.0
23022	11511000.0	0.0
23023	11511500.0	2.0
23024	11512000.0	1.0
23025	11512500.0	1.0
23026	11513000.0	4.0
23027	11513500.0	0.0
23028	11514000.0	2.0
23029	11514500.0	0.0
23030	11515000.0	2.0
23031	11515500.0	0.0
23032	11516000.0	2.0
23033	11516500.0	1.0
23034	11517000.0	0.0
23035	11517500.0	2.0
23036	11518000.0	3.0
23037	11518500.0	2.0
23038	11519000.0	2.0
23039	11519500.0	1.0
23040	11520000.0	3.0
23041	11520500.0	0.0
23042	11521000.0	2.0
23043	11521500.0	0.0
23044	11522000.0	0.0
23045	11522500.0	1.0
23046	11523000.0	0.0
23047	11523500.0	0.0
23048	11524000.0	2.0
23049	11524500.0	1.0
23050	11525000.0	0.0
23051	11525500.0	1.0
23052	11526000.0	1.0
23053	11526500.0	0.0
23054	11527000.0	1.0
23055	11527500.0	1.0
23056	11528000.0	2.0
23057	11528500.0	0.0
23058	11529000.0	1.0
23059	11529500.0	1.0
23060	11530000.0	0.0
23061	11530500.0	0.0
23062	11531000.0	1.0
23063	11531500.0	0.0
23064	11532000.0	2.0
23065	11532500.0	1.0
23066	11533000.0	0.0
23067	11533500.0	0.0
23068	11534000.0	0.0
23069	11534500.0	0.0
23070	11535000.0	0.0
23071	11535500.0	1.0
23072	11536000.0	1.0
23073	11536500.0	2.0
23074	11537000.0	0.0
23075	11537500.0	1.0
23076	11538000.0	0.0
23077	11538500.0	1.0
23078	11539000.0	2.0
23079	11539500.0	1.0
23080	11540000.0	0.0
23081	11540500.0	1.0
23082	11541000.0	2.0
23083	11541500.0	1.0
23084	11542000.0	1.0
23085	11542500.0	1.0
23086	11543000.0	2.0
23087	11543500.0	1.0
23088	11544000.0	1.0
23089	11544500.0	0.0
23090	11545000.0	1.0
23091	11545500.0	1.0
23092	11546000.0	1.0
23093	11546500.0	3.0
23094	11547000.0	2.0
23095	11547500.0	1.0
23096	11548000.0	1.0
23097	11548500.0	0.0
23098	11549000.0	0.0
23099	11549500.0	1.0
23100	11550000.0	1.0
23101	11550500.0	1.0
23102	11551000.0	1.0
23103	11551500.0	0.0
23104	11552000.0	1.0
23105	11552500.0	2.0
23106	11553000.0	2.0
23107	11553500.0	0.0
23108	11554000.0	1.0
23109	11554500.0	0.0
23110	11555000.0	2.0
23111	11555500.0	1.0
23112	11556000.0	0.0
23113	11556500.0	2.0
23114	11557000.0	1.0
23115	11557500.0	1.0
23116	11558000.0	2.0
23117	11558500.0	3.0
23118	11559000.0	1.0
23119	11559500.0	1.0
23120	11560000.0	0.0
23121	11560500.0	3.0
23122	11561000.0	0.0
23123	11561500.0	2.0
23124	11562000.0	2.0
23125	11562500.0	1.0
23126	11563000.0	2.0
23127	11563500.0	2.0
23128	11564000.0	0.0
23129	11564500.0	1.0
23130	11565000.0	1.0
23131	11565500.0	2.0
23132	11566000.0	2.0
23133	11566500.0	2.0
23134	11567000.0	2.0
23135	11567500.0	0.0
23136	11568000.0	2.0
23137	11568500.0	0.0
23138	11569000.0	0.0
23139	11569500.0	3.0
23140	11570000.0	2.0
23141	11570500.0	3.0
23142	11571000.0	0.0
23143	11571500.0	0.0
23144	11572000.0	0.0
23145	11572500.0	4.0
23146	11573000.0	1.0
23147	11573500.0	1.0
23148	11574000.0	0.0
23149	11574500.0	1.0
23150	11575000.0	1.0
23151	11575500.0	2.0
23152	11576000.0	1.0
23153	11576500.0	0.0
23154	11577000.0	1.0
23155	11577500.0	2.0
23156	11578000.0	0.0
23157	11578500.0	4.0
23158	11579000.0	0.0
23159	11579500.0	3.0
23160	11580000.0	2.0
23161	11580500.0	2.0
23162	11581000.0	2.0
23163	11581500.0	0.0
23164	11582000.0	1.0
23165	11582500.0	2.0
23166	11583000.0	1.0
23167	11583500.0	1.0
23168	11584000.0	1.0
23169	11584500.0	0.0
23170	11585000.0	3.0
23171	11585500.0	0.0
23172	11586000.0	1.0
23173	11586500.0	1.0
23174	11587000.0	1.0
23175	11587500.0	1.0
23176	11588000.0	0.0
23177	11588500.0	0.0
23178	11589000.0	0.0
23179	11589500.0	0.0
23180	11590000.0	0.0
23181	11590500.0	1.0
23182	11591000.0	1.0
23183	11591500.0	0.0
23184	11592000.0	1.0
23185	11592500.0	0.0
23186	11593000.0	1.0
23187	11593500.0	0.0
23188	11594000.0	0.0
23189	11594500.0	1.0
23190	11595000.0	0.0
23191	11595500.0	2.0
23192	11596000.0	1.0
23193	11596500.0	2.0
23194	11597000.0	1.0
23195	11597500.0	1.0
23196	11598000.0	0.0
23197	11598500.0	0.0
23198	11599000.0	1.0
23199	11599500.0	1.0
23200	11600000.0	1.0
23201	11600500.0	2.0
23202	11601000.0	2.0
23203	11601500.0	1.0
23204	11602000.0	3.0
23205	11602500.0	1.0
23206	11603000.0	5.0
23207	11603500.0	2.0
23208	11604000.0	0.0
23209	11604500.0	3.0
23210	11605000.0	1.0
23211	11605500.0	1.0
23212	11606000.0	1.0
23213	11606500.0	2.0
23214	11607000.0	2.0
23215	11607500.0	2.0
23216	11608000.0	1.0
23217	11608500.0	1.0
23218	11609000.0	0.0
23219	11609500.0	1.0
23220	11610000.0	2.0
23221	11610500.0	0.0
23222	11611000.0	3.0
23223	11611500.0	3.0
23224	11612000.0	0.0
23225	11612500.0	3.0
23226	11613000.0	1.0
23227	11613500.0	2.0
23228	11614000.0	3.0
23229	11614500.0	1.0
23230	11615000.0	0.0
23231	11615500.0	1.0
23232	11616000.0	0.0
23233	11616500.0	1.0
23234	11617000.0	1.0
23235	11617500.0	1.0
23236	11618000.0	1.0
23237	11618500.0	2.0
23238	11619000.0	0.0
23239	11619500.0	1.0
23240	11620000.0	0.0
23241	11620500.0	3.0
23242	11621000.0	0.0
23243	11621500.0	0.0
23244	11622000.0	1.0
23245	11622500.0	2.0
23246	11623000.0	0.0
23247	11623500.0	1.0
23248	11624000.0	2.0
23249	11624500.0	1.0
23250	11625000.0	2.0
23251	11625500.0	1.0
23252	11626000.0	1.0
23253	11626500.0	1.0
23254	11627000.0	1.0
23255	11627500.0	0.0
23256	11628000.0	2.0
23257	11628500.0	1.0
23258	11629000.0	2.0
23259	11629500.0	2.0
23260	11630000.0	1.0
23261	11630500.0	2.0
23262	11631000.0	0.0
23263	11631500.0	3.0
23264	11632000.0	4.0
23265	11632500.0	5.0
23266	11633000.0	1.0
23267	11633500.0	2.0
23268	11634000.0	1.0
23269	11634500.0	0.0
23270	11635000.0	1.0
23271	11635500.0	0.0
23272	11636000.0	0.0
23273	11636500.0	0.0
23274	11637000.0	2.0
23275	11637500.0	1.0
23276	11638000.0	3.0
23277	11638500.0	3.0
23278	11639000.0	2.0
23279	11639500.0	2.0
23280	11640000.0	2.0
23281	11640500.0	0.0
23282	11641000.0	4.0
23283	11641500.0	0.0
23284	11642000.0	0.0
23285	11642500.0	1.0
23286	11643000.0	3.0
23287	11643500.0	0.0
23288	11644000.0	1.0
23289	11644500.0	0.0
23290	11645000.0	1.0
23291	11645500.0	0.0
23292	11646000.0	2.0
23293	11646500.0	0.0
23294	11647000.0	0.0
23295	11647500.0	1.0
23296	11648000.0	1.0
23297	11648500.0	2.0
23298	11649000.0	1.0
23299	11649500.0	1.0
23300	11650000.0	1.0
23301	11650500.0	2.0
23302	11651000.0	1.0
23303	11651500.0	1.0
23304	11652000.0	1.0
23305	11652500.0	1.0
23306	11653000.0	1.0
23307	11653500.0	2.0
23308	11654000.0	0.0
23309	11654500.0	0.0
23310	11655000.0	1.0
23311	11655500.0	3.0
23312	11656000.0	1.0
23313	11656500.0	0.0
23314	11657000.0	2.0
23315	11657500.0	1.0
23316	11658000.0	0.0
23317	11658500.0	0.0
23318	11659000.0	2.0
23319	11659500.0	1.0
23320	11660000.0	1.0
23321	11660500.0	1.0
23322	11661000.0	1.0
23323	11661500.0	4.0
23324	11662000.0	1.0
23325	11662500.0	0.0
23326	11663000.0	1.0
23327	11663500.0	1.0
23328	11664000.0	3.0
23329	11664500.0	1.0
23330	11665000.0	0.0
23331	11665500.0	0.0
23332	11666000.0	0.0
23333	11666500.0	1.0
23334	11667000.0	4.0
23335	11667500.0	1.0
23336	11668000.0	2.0
23337	11668500.0	1.0
23338	11669000.0	0.0
23339	11669500.0	1.0
23340	11670000.0	4.0
23341	11670500.0	1.0
23342	11671000.0	1.0
23343	11671500.0	1.0
23344	11672000.0	2.0
23345	11672500.0	1.0
23346	11673000.0	0.0
23347	11673500.0	1.0
23348	11674000.0	1.0
23349	11674500.0	1.0
23350	11675000.0	1.0
23351	11675500.0	0.0
23352	11676000.0	0.0
23353	11676500.0	2.0
23354	11677000.0	0.0
23355	11677500.0	2.0
23356	11678000.0	0.0
23357	11678500.0	0.0
23358	11679000.0	1.0
23359	11679500.0	0.0
23360	11680000.0	1.0
23361	11680500.0	0.0
23362	11681000.0	0.0
23363	11681500.0	1.0
23364	11682000.0	0.0
23365	11682500.0	1.0
23366	11683000.0	2.0
23367	11683500.0	0.0
23368	11684000.0	1.0
23369	11684500.0	0.0
23370	11685000.0	3.0
23371	11685500.0	1.0
23372	11686000.0	0.0
23373	11686500.0	1.0
23374	11687000.0	1.0
23375	11687500.0	2.0
23376	11688000.0	0.0
23377	11688500.0	3.0
23378	11689000.0	0.0
23379	11689500.0	2.0
23380	11690000.0	2.0
23381	11690500.0	2.0
23382	11691000.0	2.0
23383	11691500.0	1.0
23384	11692000.0	0.0
23385	11692500.0	3.0
23386	11693000.0	2.0
23387	11693500.0	1.0
23388	11694000.0	1.0
23389	11694500.0	0.0
23390	11695000.0	0.0
23391	11695500.0	1.0
23392	11696000.0	1.0
23393	11696500.0	0.0
23394	11697000.0	0.0
23395	11697500.0	1.0
23396	11698000.0	1.0
23397	11698500.0	0.0
23398	11699000.0	1.0
23399	11699500.0	1.0
23400	11700000.0	1.0
23401	11700500.0	1.0
23402	11701000.0	0.0
23403	11701500.0	2.0
23404	11702000.0	2.0
23405	11702500.0	2.0
23406	11703000.0	2.0
23407	11703500.0	1.0
23408	11704000.0	0.0
23409	11704500.0	0.0
23410	11705000.0	0.0
23411	11705500.0	2.0
23412	11706000.0	0.0
23413	11706500.0	5.0
23414	11707000.0	1.0
23415	11707500.0	1.0
23416	11708000.0	1.0
23417	11708500.0	3.0
23418	11709000.0	0.0
23419	11709500.0	0.0
23420	11710000.0	1.0
23421	11710500.0	3.0
23422	11711000.0	0.0
23423	11711500.0	0.0
23424	11712000.0	0.0
23425	11712500.0	1.0
23426	11713000.0	0.0
23427	11713500.0	0.0
23428	11714000.0	1.0
23429	11714500.0	4.0
23430	11715000.0	0.0
23431	11715500.0	0.0
23432	11716000.0	3.0
23433	11716500.0	0.0
23434	11717000.0	0.0
23435	11717500.0	4.0
23436	11718000.0	0.0
23437	11718500.0	0.0
23438	11719000.0	1.0
23439	11719500.0	1.0
23440	11720000.0	1.0
23441	11720500.0	0.0
23442	11721000.0	2.0
23443	11721500.0	1.0
23444	11722000.0	2.0
23445	11722500.0	0.0
23446	11723000.0	1.0
23447	11723500.0	2.0
23448	11724000.0	0.0
23449	11724500.0	1.0
23450	11725000.0	0.0
23451	11725500.0	0.0
23452	11726000.0	1.0
23453	11726500.0	0.0
23454	11727000.0	1.0
23455	11727500.0	0.0
23456	11728000.0	0.0
23457	11728500.0	1.0
23458	11729000.0	2.0
23459	11729500.0	1.0
23460	11730000.0	2.0
23461	11730500.0	0.0
23462	11731000.0	2.0
23463	11731500.0	1.0
23464	11732000.0	4.0
23465	11732500.0	0.0
23466	11733000.0	2.0
23467	11733500.0	1.0
23468	11734000.0	1.0
23469	11734500.0	1.0
23470	11735000.0	0.0
23471	11735500.0	1.0
23472	11736000.0	0.0
23473	11736500.0	1.0
23474	11737000.0	2.0
23475	11737500.0	1.0
23476	11738000.0	2.0
23477	11738500.0	1.0
23478	11739000.0	2.0
23479	11739500.0	1.0
23480	11740000.0	1.0
23481	11740500.0	3.0
23482	11741000.0	1.0
23483	11741500.0	3.0
23484	11742000.0	1.0
23485	11742500.0	0.0
23486	11743000.0	2.0
23487	11743500.0	0.0
23488	11744000.0	1.0
23489	11744500.0	1.0
23490	11745000.0	2.0
23491	11745500.0	0.0
23492	11746000.0	2.0
23493	11746500.0	0.0
23494	11747000.0	2.0
23495	11747500.0	0.0
23496	11748000.0	0.0
23497	11748500.0	1.0
23498	11749000.0	2.0
23499	11749500.0	0.0
23500	11750000.0	1.0
23501	11750500.0	1.0
23502	11751000.0	2.0
23503	11751500.0	1.0
23504	11752000.0	0.0
23505	11752500.0	0.0
23506	11753000.0	0.0
23507	11753500.0	0.0
23508	11754000.0	1.0
23509	11754500.0	1.0
23510	11755000.0	4.0
23511	11755500.0	2.0
23512	11756000.0	2.0
23513	11756500.0	4.0
23514	11757000.0	3.0
23515	11757500.0	2.0
23516	11758000.0	2.0
23517	11758500.0	1.0
23518	11759000.0	1.0
23519	11759500.0	1.0
23520	11760000.0	4.0
23521	11760500.0	3.0
23522	11761000.0	1.0
23523	11761500.0	2.0
23524	11762000.0	4.0
23525	11762500.0	0.0
23526	11763000.0	2.0
23527	11763500.0	0.0
23528	11764000.0	0.0
23529	11764500.0	0.0
23530	11765000.0	2.0
23531	11765500.0	0.0
23532	11766000.0	0.0
23533	11766500.0	2.0
23534	11767000.0	1.0
23535	11767500.0	0.0
23536	11768000.0	3.0
23537	11768500.0	1.0
23538	11769000.0	1.0
23539	11769500.0	1.0
23540	11770000.0	2.0
23541	11770500.0	1.0
23542	11771000.0	0.0
23543	11771500.0	3.0
23544	11772000.0	2.0
23545	11772500.0	0.0
23546	11773000.0	2.0
23547	11773500.0	0.0
23548	11774000.0	1.0
23549	11774500.0	1.0
23550	11775000.0	2.0
23551	11775500.0	1.0
23552	11776000.0	0.0
23553	11776500.0	3.0
23554	11777000.0	0.0
23555	11777500.0	0.0
23556	11778000.0	2.0
23557	11778500.0	0.0
23558	11779000.0	1.0
23559	11779500.0	1.0
23560	11780000.0	2.0
23561	11780500.0	0.0
23562	11781000.0	0.0
23563	11781500.0	2.0
23564	11782000.0	1.0
23565	11782500.0	1.0
23566	11783000.0	2.0
23567	11783500.0	3.0
23568	11784000.0	0.0
23569	11784500.0	1.0
23570	11785000.0	2.0
23571	11785500.0	0.0
23572	11786000.0	2.0
23573	11786500.0	0.0
23574	11787000.0	0.0
23575	11787500.0	0.0
23576	11788000.0	2.0
23577	11788500.0	1.0
23578	11789000.0	1.0
23579	11789500.0	1.0
23580	11790000.0	1.0
23581	11790500.0	0.0
23582	11791000.0	1.0
23583	11791500.0	1.0
23584	11792000.0	0.0
23585	11792500.0	1.0
23586	11793000.0	3.0
23587	11793500.0	3.0
23588	11794000.0	1.0
23589	11794500.0	1.0
23590	11795000.0	0.0
23591	11795500.0	2.0
23592	11796000.0	2.0
23593	11796500.0	0.0
23594	11797000.0	0.0
23595	11797500.0	1.0
23596	11798000.0	2.0
23597	11798500.0	1.0
23598	11799000.0	1.0
23599	11799500.0	1.0
23600	11800000.0	2.0
23601	11800500.0	1.0
23602	11801000.0	3.0
23603	11801500.0	1.0
23604	11802000.0	0.0
23605	11802500.0	1.0
23606	11803000.0	0.0
23607	11803500.0	1.0
23608	11804000.0	2.0
23609	11804500.0	2.0
23610	11805000.0	1.0
23611	11805500.0	0.0
23612	11806000.0	0.0
23613	11806500.0	0.0
23614	11807000.0	1.0
23615	11807500.0	2.0
23616	11808000.0	0.0
23617	11808500.0	1.0
23618	11809000.0	1.0
23619	11809500.0	1.0
23620	11810000.0	0.0
23621	11810500.0	1.0
23622	11811000.0	0.0
23623	11811500.0	0.0
23624	11812000.0	2.0
23625	11812500.0	1.0
23626	11813000.0	0.0
23627	11813500.0	0.0
23628	11814000.0	0.0
23629	11814500.0	3.0
23630	11815000.0	0.0
23631	11815500.0	1.0
23632	11816000.0	0.0
23633	11816500.0	1.0
23634	11817000.0	2.0
23635	11817500.0	0.0
23636	11818000.0	1.0
23637	11818500.0	1.0
23638	11819000.0	0.0
23639	11819500.0	1.0
23640	11820000.0	1.0
23641	11820500.0	0.0
23642	11821000.0	0.0
23643	11821500.0	2.0
23644	11822000.0	0.0
23645	11822500.0	1.0
23646	11823000.0	1.0
23647	11823500.0	2.0
23648	11824000.0	0.0
23649	11824500.0	3.0
23650	11825000.0	0.0
23651	11825500.0	3.0
23652	11826000.0	2.0
23653	11826500.0	3.0
23654	11827000.0	1.0
23655	11827500.0	0.0
23656	11828000.0	1.0
23657	11828500.0	0.0
23658	11829000.0	1.0
23659	11829500.0	3.0
23660	11830000.0	2.0
23661	11830500.0	0.0
23662	11831000.0	2.0
23663	11831500.0	0.0
23664	11832000.0	0.0
23665	11832500.0	0.0
23666	11833000.0	0.0
23667	11833500.0	4.0
23668	11834000.0	1.0
23669	11834500.0	1.0
23670	11835000.0	1.0
23671	11835500.0	1.0
23672	11836000.0	1.0
23673	11836500.0	1.0
23674	11837000.0	3.0
23675	11837500.0	1.0
23676	11838000.0	1.0
23677	11838500.0	3.0
23678	11839000.0	0.0
23679	11839500.0	1.0
23680	11840000.0	2.0
23681	11840500.0	0.0
23682	11841000.0	0.0
23683	11841500.0	1.0
23684	11842000.0	0.0
23685	11842500.0	0.0
23686	11843000.0	0.0
23687	11843500.0	0.0
23688	11844000.0	2.0
23689	11844500.0	2.0
23690	11845000.0	2.0
23691	11845500.0	2.0
23692	11846000.0	1.0
23693	11846500.0	2.0
23694	11847000.0	3.0
23695	11847500.0	1.0
23696	11848000.0	0.0
23697	11848500.0	4.0
23698	11849000.0	0.0
23699	11849500.0	1.0
23700	11850000.0	1.0
23701	11850500.0	0.0
23702	11851000.0	1.0
23703	11851500.0	1.0
23704	11852000.0	0.0
23705	11852500.0	2.0
23706	11853000.0	0.0
23707	11853500.0	0.0
23708	11854000.0	2.0
23709	11854500.0	2.0
23710	11855000.0	0.0
23711	11855500.0	1.0
23712	11856000.0	2.0
23713	11856500.0	3.0
23714	11857000.0	2.0
23715	11857500.0	1.0
23716	11858000.0	1.0
23717	11858500.0	2.0
23718	11859000.0	0.0
23719	11859500.0	1.0
23720	11860000.0	1.0
23721	11860500.0	0.0
23722	11861000.0	1.0
23723	11861500.0	1.0
23724	11862000.0	1.0
23725	11862500.0	0.0
23726	11863000.0	4.0
23727	11863500.0	1.0
23728	11864000.0	1.0
23729	11864500.0	1.0
23730	11865000.0	0.0
23731	11865500.0	1.0
23732	11866000.0	1.0
23733	11866500.0	2.0
23734	11867000.0	0.0
23735	11867500.0	1.0
23736	11868000.0	2.0
23737	11868500.0	3.0
23738	11869000.0	1.0
23739	11869500.0	3.0
23740	11870000.0	0.0
23741	11870500.0	1.0
23742	11871000.0	1.0
23743	11871500.0	0.0
23744	11872000.0	2.0
23745	11872500.0	7.0
23746	11873000.0	3.0
23747	11873500.0	1.0
23748	11874000.0	2.0
23749	11874500.0	2.0
23750	11875000.0	1.0
23751	11875500.0	1.0
23752	11876000.0	1.0
23753	11876500.0	4.0
23754	11877000.0	1.0
23755	11877500.0	0.0
23756	11878000.0	1.0
23757	11878500.0	0.0
23758	11879000.0	2.0
23759	11879500.0	0.0
23760	11880000.0	2.0
23761	11880500.0	1.0
23762	11881000.0	1.0
23763	11881500.0	1.0
23764	11882000.0	1.0
23765	11882500.0	3.0
23766	11883000.0	1.0
23767	11883500.0	0.0
23768	11884000.0	0.0
23769	11884500.0	1.0
23770	11885000.0	2.0
23771	11885500.0	0.0
23772	11886000.0	2.0
23773	11886500.0	1.0
23774	11887000.0	2.0
23775	11887500.0	0.0
23776	11888000.0	1.0
23777	11888500.0	2.0
23778	11889000.0	1.0
23779	11889500.0	2.0
23780	11890000.0	1.0
23781	11890500.0	1.0
23782	11891000.0	0.0
23783	11891500.0	3.0
23784	11892000.0	0.0
23785	11892500.0	0.0
23786	11893000.0	0.0
23787	11893500.0	0.0
23788	11894000.0	2.0
23789	11894500.0	2.0
23790	11895000.0	3.0
23791	11895500.0	2.0
23792	11896000.0	1.0
23793	11896500.0	2.0
23794	11897000.0	0.0
23795	11897500.0	0.0
23796	11898000.0	1.0
23797	11898500.0	2.0
23798	11899000.0	0.0
23799	11899500.0	2.0
23800	11900000.0	2.0
23801	11900500.0	2.0
23802	11901000.0	4.0
23803	11901500.0	2.0
23804	11902000.0	2.0
23805	11902500.0	0.0
23806	11903000.0	1.0
23807	11903500.0	2.0
23808	11904000.0	1.0
23809	11904500.0	2.0
23810	11905000.0	0.0
23811	11905500.0	1.0
23812	11906000.0	1.0
23813	11906500.0	1.0
23814	11907000.0	1.0
23815	11907500.0	3.0
23816	11908000.0	1.0
23817	11908500.0	0.0
23818	11909000.0	4.0
23819	11909500.0	1.0
23820	11910000.0	3.0
23821	11910500.0	3.0
23822	11911000.0	1.0
23823	11911500.0	2.0
23824	11912000.0	0.0
23825	11912500.0	1.0
23826	11913000.0	1.0
23827	11913500.0	0.0
23828	11914000.0	1.0
23829	11914500.0	2.0
23830	11915000.0	1.0
23831	11915500.0	1.0
23832	11916000.0	4.0
23833	11916500.0	1.0
23834	11917000.0	1.0
23835	11917500.0	1.0
23836	11918000.0	0.0
23837	11918500.0	0.0
23838	11919000.0	0.0
23839	11919500.0	1.0
23840	11920000.0	2.0
23841	11920500.0	0.0
23842	11921000.0	2.0
23843	11921500.0	0.0
23844	11922000.0	0.0
23845	11922500.0	1.0
23846	11923000.0	1.0
23847	11923500.0	1.0
23848	11924000.0	1.0
23849	11924500.0	1.0
23850	11925000.0	1.0
23851	11925500.0	2.0
23852	11926000.0	1.0
23853	11926500.0	1.0
23854	11927000.0	1.0
23855	11927500.0	0.0
23856	11928000.0	1.0
23857	11928500.0	0.0
23858	11929000.0	2.0
23859	11929500.0	1.0
23860	11930000.0	2.0
23861	11930500.0	2.0
23862	11931000.0	1.0
23863	11931500.0	1.0
23864	11932000.0	0.0
23865	11932500.0	0.0
23866	11933000.0	0.0
23867	11933500.0	1.0
23868	11934000.0	0.0
23869	11934500.0	3.0
23870	11935000.0	0.0
23871	11935500.0	2.0
23872	11936000.0	0.0
23873	11936500.0	0.0
23874	11937000.0	2.0
23875	11937500.0	0.0
23876	11938000.0	2.0
23877	11938500.0	0.0
23878	11939000.0	0.0
23879	11939500.0	4.0
23880	11940000.0	0.0
23881	11940500.0	1.0
23882	11941000.0	1.0
23883	11941500.0	1.0
23884	11942000.0	1.0
23885	11942500.0	3.0
23886	11943000.0	1.0
23887	11943500.0	0.0
23888	11944000.0	0.0
23889	11944500.0	1.0
23890	11945000.0	0.0
23891	11945500.0	2.0
23892	11946000.0	1.0
23893	11946500.0	1.0
23894	11947000.0	0.0
23895	11947500.0	0.0
23896	11948000.0	2.0
23897	11948500.0	0.0
23898	11949000.0	0.0
23899	11949500.0	2.0
23900	11950000.0	0.0
23901	11950500.0	0.0
23902	11951000.0	1.0
23903	11951500.0	0.0
23904	11952000.0	2.0
23905	11952500.0	1.0
23906	11953000.0	1.0
23907	11953500.0	0.0
23908	11954000.0	0.0
23909	11954500.0	0.0
23910	11955000.0	3.0
23911	11955500.0	1.0
23912	11956000.0	0.0
23913	11956500.0	3.0
23914	11957000.0	2.0
23915	11957500.0	1.0
23916	11958000.0	4.0
23917	11958500.0	1.0
23918	11959000.0	1.0
23919	11959500.0	1.0
23920	11960000.0	1.0
23921	11960500.0	3.0
23922	11961000.0	0.0
23923	11961500.0	0.0
23924	11962000.0	0.0
23925	11962500.0	1.0
23926	11963000.0	0.0
23927	11963500.0	0.0
23928	11964000.0	1.0
23929	11964500.0	2.0
23930	11965000.0	0.0
23931	11965500.0	1.0
23932	11966000.0	0.0
23933	11966500.0	4.0
23934	11967000.0	1.0
23935	11967500.0	2.0
23936	11968000.0	0.0
23937	11968500.0	1.0
23938	11969000.0	2.0
23939	11969500.0	2.0
23940	11970000.0	0.0
23941	11970500.0	1.0
23942	11971000.0	0.0
23943	11971500.0	0.0
23944	11972000.0	2.0
23945	11972500.0	1.0
23946	11973000.0	1.0
23947	11973500.0	1.0
23948	11974000.0	1.0
23949	11974500.0	0.0
23950	11975000.0	1.0
23951	11975500.0	1.0
23952	11976000.0	2.0
23953	11976500.0	3.0
23954	11977000.0	1.0
23955	11977500.0	0.0
23956	11978000.0	1.0
23957	11978500.0	1.0
23958	11979000.0	0.0
23959	11979500.0	1.0
23960	11980000.0	0.0
23961	11980500.0	2.0
23962	11981000.0	2.0
23963	11981500.0	3.0
23964	11982000.0	2.0
23965	11982500.0	0.0
23966	11983000.0	1.0
23967	11983500.0	2.0
23968	11984000.0	1.0
23969	11984500.0	0.0
23970	11985000.0	0.0
23971	11985500.0	2.0
23972	11986000.0	3.0
23973	11986500.0	1.0
23974	11987000.0	2.0
23975	11987500.0	0.0
23976	11988000.0	1.0
23977	11988500.0	1.0
23978	11989000.0	2.0
23979	11989500.0	4.0
23980	11990000.0	3.0
23981	11990500.0	1.0
23982	11991000.0	0.0
23983	11991500.0	0.0
23984	11992000.0	1.0
23985	11992500.0	0.0
23986	11993000.0	1.0
23987	11993500.0	2.0
23988	11994000.0	3.0
23989	11994500.0	2.0
23990	11995000.0	1.0
23991	11995500.0	4.0
23992	11996000.0	3.0
23993	11996500.0	0.0
23994	11997000.0	0.0
23995	11997500.0	1.0
23996	11998000.0	0.0
23997	11998500.0	1.0
23998	11999000.0	0.0
23999	11999500.0	2.0
24000	12000000.0	2.0
24001	12000500.0	0.0
24002	12001000.0	1.0
24003	12001500.0	3.0
24004	12002000.0	3.0
24005	12002500.0	0.0
24006	12003000.0	2.0
24007	12003500.0	2.0
24008	12004000.0	1.0
24009	12004500.0	1.0
24010	12005000.0	3.0
24011	12005500.0	1.0
24012	12006000.0	0.0
24013	12006500.0	2.0
24014	12007000.0	0.0
24015	12007500.0	4.0
24016	12008000.0	0.0
24017	12008500.0	0.0
24018	12009000.0	2.0
24019	12009500.0	2.0
24020	12010000.0	2.0
24021	12010500.0	1.0
24022	12011000.0	2.0
24023	12011500.0	2.0
24024	12012000.0	0.0
24025	12012500.0	2.0
24026	12013000.0	2.0
24027	12013500.0	0.0
24028	12014000.0	1.0
24029	12014500.0	2.0
24030	12015000.0	0.0
24031	12015500.0	0.0
24032	12016000.0	0.0
24033	12016500.0	3.0
24034	12017000.0	0.0
24035	12017500.0	2.0
24036	12018000.0	2.0
24037	12018500.0	0.0
24038	12019000.0	1.0
24039	12019500.0	0.0
24040	12020000.0	2.0
24041	12020500.0	2.0
24042	12021000.0	2.0
24043	12021500.0	1.0
24044	12022000.0	0.0
24045	12022500.0	0.0
24046	12023000.0	0.0
24047	12023500.0	1.0
24048	12024000.0	1.0
24049	12024500.0	2.0
24050	12025000.0	1.0
24051	12025500.0	0.0
24052	12026000.0	3.0
24053	12026500.0	2.0
24054	12027000.0	1.0
24055	12027500.0	2.0
24056	12028000.0	0.0
24057	12028500.0	2.0
24058	12029000.0	0.0
24059	12029500.0	0.0
24060	12030000.0	2.0
24061	12030500.0	1.0
24062	12031000.0	1.0
24063	12031500.0	0.0
24064	12032000.0	0.0
24065	12032500.0	0.0
24066	12033000.0	0.0
24067	12033500.0	1.0
24068	12034000.0	1.0
24069	12034500.0	1.0
24070	12035000.0	1.0
24071	12035500.0	1.0
24072	12036000.0	2.0
24073	12036500.0	0.0
24074	12037000.0	4.0
24075	12037500.0	2.0
24076	12038000.0	2.0
24077	12038500.0	0.0
24078	12039000.0	0.0
24079	12039500.0	0.0
24080	12040000.0	2.0
24081	12040500.0	1.0
24082	12041000.0	0.0
24083	12041500.0	2.0
24084	12042000.0	1.0
24085	12042500.0	1.0
24086	12043000.0	0.0
24087	12043500.0	2.0
24088	12044000.0	5.0
24089	12044500.0	0.0
24090	12045000.0	0.0
24091	12045500.0	2.0
24092	12046000.0	2.0
24093	12046500.0	0.0
24094	12047000.0	1.0
24095	12047500.0	2.0
24096	12048000.0	1.0
24097	12048500.0	2.0
24098	12049000.0	4.0
24099	12049500.0	1.0
24100	12050000.0	2.0
24101	12050500.0	0.0
24102	12051000.0	0.0
24103	12051500.0	1.0
24104	12052000.0	1.0
24105	12052500.0	2.0
24106	12053000.0	2.0
24107	12053500.0	1.0
24108	12054000.0	2.0
24109	12054500.0	2.0
24110	12055000.0	2.0
24111	12055500.0	0.0
24112	12056000.0	0.0
24113	12056500.0	0.0
24114	12057000.0	2.0
24115	12057500.0	0.0
24116	12058000.0	0.0
24117	12058500.0	2.0
24118	12059000.0	0.0
24119	12059500.0	0.0
24120	12060000.0	1.0
24121	12060500.0	1.0
24122	12061000.0	2.0
24123	12061500.0	0.0
24124	12062000.0	1.0
24125	12062500.0	1.0
24126	12063000.0	2.0
24127	12063500.0	1.0
24128	12064000.0	5.0
24129	12064500.0	1.0
24130	12065000.0	0.0
24131	12065500.0	3.0
24132	12066000.0	3.0
24133	12066500.0	1.0
24134	12067000.0	1.0
24135	12067500.0	1.0
24136	12068000.0	1.0
24137	12068500.0	3.0
24138	12069000.0	1.0
24139	12069500.0	2.0
24140	12070000.0	1.0
24141	12070500.0	0.0
24142	12071000.0	2.0
24143	12071500.0	0.0
24144	12072000.0	1.0
24145	12072500.0	1.0
24146	12073000.0	1.0
24147	12073500.0	2.0
24148	12074000.0	1.0
24149	12074500.0	2.0
24150	12075000.0	2.0
24151	12075500.0	0.0
24152	12076000.0	0.0
24153	12076500.0	1.0
24154	12077000.0	0.0
24155	12077500.0	1.0
24156	12078000.0	0.0
24157	12078500.0	1.0
24158	12079000.0	1.0
24159	12079500.0	1.0
24160	12080000.0	0.0
24161	12080500.0	1.0
24162	12081000.0	1.0
24163	12081500.0	1.0
24164	12082000.0	1.0
24165	12082500.0	1.0
24166	12083000.0	0.0
24167	12083500.0	2.0
24168	12084000.0	0.0
24169	12084500.0	1.0
24170	12085000.0	2.0
24171	12085500.0	1.0
24172	12086000.0	0.0
24173	12086500.0	1.0
24174	12087000.0	1.0
24175	12087500.0	0.0
24176	12088000.0	1.0
24177	12088500.0	3.0
24178	12089000.0	4.0
24179	12089500.0	1.0
24180	12090000.0	2.0
24181	12090500.0	3.0
24182	12091000.0	1.0
24183	12091500.0	2.0
24184	12092000.0	1.0
24185	12092500.0	1.0
24186	12093000.0	1.0
24187	12093500.0	2.0
24188	12094000.0	0.0
24189	12094500.0	2.0
24190	12095000.0	1.0
24191	12095500.0	0.0
24192	12096000.0	0.0
24193	12096500.0	1.0
24194	12097000.0	1.0
24195	12097500.0	1.0
24196	12098000.0	0.0
24197	12098500.0	0.0
24198	12099000.0	1.0
24199	12099500.0	0.0
24200	12100000.0	2.0
24201	12100500.0	0.0
24202	12101000.0	2.0
24203	12101500.0	1.0
24204	12102000.0	1.0
24205	12102500.0	0.0
24206	12103000.0	1.0
24207	12103500.0	0.0
24208	12104000.0	1.0
24209	12104500.0	0.0
24210	12105000.0	0.0
24211	12105500.0	1.0
24212	12106000.0	2.0
24213	12106500.0	2.0
24214	12107000.0	1.0
24215	12107500.0	0.0
24216	12108000.0	2.0
24217	12108500.0	1.0
24218	12109000.0	3.0
24219	12109500.0	0.0
24220	12110000.0	2.0
24221	12110500.0	0.0
24222	12111000.0	0.0
24223	12111500.0	1.0
24224	12112000.0	3.0
24225	12112500.0	2.0
24226	12113000.0	1.0
24227	12113500.0	2.0
24228	12114000.0	0.0
24229	12114500.0	2.0
24230	12115000.0	2.0
24231	12115500.0	1.0
24232	12116000.0	1.0
24233	12116500.0	0.0
24234	12117000.0	1.0
24235	12117500.0	2.0
24236	12118000.0	0.0
24237	12118500.0	1.0
24238	12119000.0	0.0
24239	12119500.0	2.0
24240	12120000.0	1.0
24241	12120500.0	1.0
24242	12121000.0	1.0
24243	12121500.0	1.0
24244	12122000.0	1.0
24245	12122500.0	1.0
24246	12123000.0	1.0
24247	12123500.0	1.0
24248	12124000.0	2.0
24249	12124500.0	1.0
24250	12125000.0	1.0
24251	12125500.0	0.0
24252	12126000.0	0.0
24253	12126500.0	2.0
24254	12127000.0	2.0
24255	12127500.0	2.0
24256	12128000.0	0.0
24257	12128500.0	2.0
24258	12129000.0	0.0
24259	12129500.0	6.0
24260	12130000.0	1.0
24261	12130500.0	0.0
24262	12131000.0	2.0
24263	12131500.0	2.0
24264	12132000.0	0.0
24265	12132500.0	0.0
24266	12133000.0	2.0
24267	12133500.0	1.0
24268	12134000.0	2.0
24269	12134500.0	1.0
24270	12135000.0	1.0
24271	12135500.0	1.0
24272	12136000.0	1.0
24273	12136500.0	0.0
24274	12137000.0	2.0
24275	12137500.0	0.0
24276	12138000.0	0.0
24277	12138500.0	1.0
24278	12139000.0	0.0
24279	12139500.0	1.0
24280	12140000.0	2.0
24281	12140500.0	0.0
24282	12141000.0	1.0
24283	12141500.0	2.0
24284	12142000.0	2.0
24285	12142500.0	2.0
24286	12143000.0	1.0
24287	12143500.0	1.0
24288	12144000.0	2.0
24289	12144500.0	1.0
24290	12145000.0	2.0
24291	12145500.0	0.0
24292	12146000.0	1.0
24293	12146500.0	1.0
24294	12147000.0	0.0
24295	12147500.0	1.0
24296	12148000.0	0.0
24297	12148500.0	2.0
24298	12149000.0	0.0
24299	12149500.0	0.0
24300	12150000.0	1.0
24301	12150500.0	1.0
24302	12151000.0	2.0
24303	12151500.0	1.0
24304	12152000.0	3.0
24305	12152500.0	3.0
24306	12153000.0	0.0
24307	12153500.0	1.0
24308	12154000.0	0.0
24309	12154500.0	2.0
24310	12155000.0	1.0
24311	12155500.0	0.0
24312	12156000.0	3.0
24313	12156500.0	1.0
24314	12157000.0	1.0
24315	12157500.0	4.0
24316	12158000.0	2.0
24317	12158500.0	0.0
24318	12159000.0	0.0
24319	12159500.0	0.0
24320	12160000.0	1.0
24321	12160500.0	0.0
24322	12161000.0	0.0
24323	12161500.0	1.0
24324	12162000.0	0.0
24325	12162500.0	1.0
24326	12163000.0	1.0
24327	12163500.0	3.0
24328	12164000.0	1.0
24329	12164500.0	1.0
24330	12165000.0	0.0
24331	12165500.0	0.0
24332	12166000.0	1.0
24333	12166500.0	2.0
24334	12167000.0	2.0
24335	12167500.0	0.0
24336	12168000.0	0.0
24337	12168500.0	3.0
24338	12169000.0	1.0
24339	12169500.0	1.0
24340	12170000.0	1.0
24341	12170500.0	0.0
24342	12171000.0	2.0
24343	12171500.0	1.0
24344	12172000.0	0.0
24345	12172500.0	2.0
24346	12173000.0	1.0
24347	12173500.0	1.0
24348	12174000.0	1.0
24349	12174500.0	1.0
24350	12175000.0	0.0
24351	12175500.0	2.0
24352	12176000.0	0.0
24353	12176500.0	1.0
24354	12177000.0	2.0
24355	12177500.0	0.0
24356	12178000.0	0.0
24357	12178500.0	5.0
24358	12179000.0	1.0
24359	12179500.0	1.0
24360	12180000.0	0.0
24361	12180500.0	0.0
24362	12181000.0	0.0
24363	12181500.0	2.0
24364	12182000.0	0.0
24365	12182500.0	1.0
24366	12183000.0	3.0
24367	12183500.0	3.0
24368	12184000.0	1.0
24369	12184500.0	0.0
24370	12185000.0	2.0
24371	12185500.0	0.0
24372	12186000.0	3.0
24373	12186500.0	1.0
24374	12187000.0	1.0
24375	12187500.0	4.0
24376	12188000.0	0.0
24377	12188500.0	0.0
24378	12189000.0	1.0
24379	12189500.0	2.0
24380	12190000.0	2.0
24381	12190500.0	2.0
24382	12191000.0	1.0
24383	12191500.0	2.0
24384	12192000.0	2.0
24385	12192500.0	1.0
24386	12193000.0	0.0
24387	12193500.0	1.0
24388	12194000.0	0.0
24389	12194500.0	2.0
24390	12195000.0	0.0
24391	12195500.0	2.0
24392	12196000.0	2.0
24393	12196500.0	2.0
24394	12197000.0	1.0
24395	12197500.0	1.0
24396	12198000.0	1.0
24397	12198500.0	1.0
24398	12199000.0	1.0
24399	12199500.0	1.0
24400	12200000.0	1.0
24401	12200500.0	1.0
24402	12201000.0	0.0
24403	12201500.0	2.0
24404	12202000.0	0.0
24405	12202500.0	1.0
24406	12203000.0	0.0
24407	12203500.0	0.0
24408	12204000.0	1.0
24409	12204500.0	0.0
24410	12205000.0	1.0
24411	12205500.0	3.0
24412	12206000.0	2.0
24413	12206500.0	0.0
24414	12207000.0	0.0
24415	12207500.0	3.0
24416	12208000.0	1.0
24417	12208500.0	1.0
24418	12209000.0	1.0
24419	12209500.0	1.0
24420	12210000.0	1.0
24421	12210500.0	1.0
24422	12211000.0	0.0
24423	12211500.0	1.0
24424	12212000.0	1.0
24425	12212500.0	1.0
24426	12213000.0	1.0
24427	12213500.0	0.0
24428	12214000.0	1.0
24429	12214500.0	1.0
24430	12215000.0	2.0
24431	12215500.0	0.0
24432	12216000.0	0.0
24433	12216500.0	0.0
24434	12217000.0	0.0
24435	12217500.0	1.0
24436	12218000.0	2.0
24437	12218500.0	3.0
24438	12219000.0	1.0
24439	12219500.0	2.0
24440	12220000.0	0.0
24441	12220500.0	1.0
24442	12221000.0	1.0
24443	12221500.0	1.0
24444	12222000.0	0.0
24445	12222500.0	1.0
24446	12223000.0	2.0
24447	12223500.0	0.0
24448	12224000.0	3.0
24449	12224500.0	0.0
24450	12225000.0	1.0
24451	12225500.0	3.0
24452	12226000.0	2.0
24453	12226500.0	1.0
24454	12227000.0	1.0
24455	12227500.0	0.0
24456	12228000.0	1.0
24457	12228500.0	0.0
24458	12229000.0	0.0
24459	12229500.0	1.0
24460	12230000.0	0.0
24461	12230500.0	0.0
24462	12231000.0	1.0
24463	12231500.0	0.0
24464	12232000.0	1.0
24465	12232500.0	0.0
24466	12233000.0	2.0
24467	12233500.0	0.0
24468	12234000.0	2.0
24469	12234500.0	0.0
24470	12235000.0	1.0
24471	12235500.0	1.0
24472	12236000.0	1.0
24473	12236500.0	1.0
24474	12237000.0	1.0
24475	12237500.0	0.0
24476	12238000.0	1.0
24477	12238500.0	1.0
24478	12239000.0	0.0
24479	12239500.0	0.0
24480	12240000.0	1.0
24481	12240500.0	1.0
24482	12241000.0	0.0
24483	12241500.0	0.0
24484	12242000.0	0.0
24485	12242500.0	2.0
24486	12243000.0	1.0
24487	12243500.0	0.0
24488	12244000.0	1.0
24489	12244500.0	1.0
24490	12245000.0	0.0
24491	12245500.0	0.0
24492	12246000.0	2.0
24493	12246500.0	0.0
24494	12247000.0	1.0
24495	12247500.0	0.0
24496	12248000.0	1.0
24497	12248500.0	2.0
24498	12249000.0	0.0
24499	12249500.0	0.0
24500	12250000.0	0.0
24501	12250500.0	0.0
24502	12251000.0	3.0
24503	12251500.0	3.0
24504	12252000.0	1.0
24505	12252500.0	1.0
24506	12253000.0	1.0
24507	12253500.0	1.0
24508	12254000.0	0.0
24509	12254500.0	4.0
24510	12255000.0	2.0
24511	12255500.0	0.0
24512	12256000.0	1.0
24513	12256500.0	1.0
24514	12257000.0	1.0
24515	12257500.0	0.0
24516	12258000.0	0.0
24517	12258500.0	1.0
24518	12259000.0	0.0
24519	12259500.0	3.0
24520	12260000.0	1.0
24521	12260500.0	3.0
24522	12261000.0	1.0
24523	12261500.0	2.0
24524	12262000.0	1.0
24525	12262500.0	0.0
24526	12263000.0	1.0
24527	12263500.0	3.0
24528	12264000.0	1.0
24529	12264500.0	0.0
24530	12265000.0	0.0
24531	12265500.0	2.0
24532	12266000.0	1.0
24533	12266500.0	1.0
24534	12267000.0	3.0
24535	12267500.0	1.0
24536	12268000.0	1.0
24537	12268500.0	0.0
24538	12269000.0	1.0
24539	12269500.0	2.0
24540	12270000.0	1.0
24541	12270500.0	1.0
24542	12271000.0	0.0
24543	12271500.0	2.0
24544	12272000.0	3.0
24545	12272500.0	1.0
24546	12273000.0	1.0
24547	12273500.0	0.0
24548	12274000.0	0.0
24549	12274500.0	1.0
24550	12275000.0	0.0
24551	12275500.0	2.0
24552	12276000.0	2.0
24553	12276500.0	0.0
24554	12277000.0	1.0
24555	12277500.0	0.0
24556	12278000.0	0.0
24557	12278500.0	0.0
24558	12279000.0	0.0
24559	12279500.0	2.0
24560	12280000.0	0.0
24561	12280500.0	0.0
24562	12281000.0	0.0
24563	12281500.0	0.0
24564	12282000.0	0.0
24565	12282500.0	0.0
24566	12283000.0	1.0
24567	12283500.0	3.0
24568	12284000.0	1.0
24569	12284500.0	1.0
24570	12285000.0	0.0
24571	12285500.0	2.0
24572	12286000.0	3.0
24573	12286500.0	2.0
24574	12287000.0	0.0
24575	12287500.0	0.0
24576	12288000.0	2.0
24577	12288500.0	2.0
24578	12289000.0	1.0
24579	12289500.0	0.0
24580	12290000.0	0.0
24581	12290500.0	2.0
24582	12291000.0	2.0
24583	12291500.0	0.0
24584	12292000.0	2.0
24585	12292500.0	2.0
24586	12293000.0	3.0
24587	12293500.0	0.0
24588	12294000.0	1.0
24589	12294500.0	1.0
24590	12295000.0	0.0
24591	12295500.0	2.0
24592	12296000.0	2.0
24593	12296500.0	1.0
24594	12297000.0	3.0
24595	12297500.0	3.0
24596	12298000.0	1.0
24597	12298500.0	0.0
24598	12299000.0	3.0
24599	12299500.0	3.0
24600	12300000.0	1.0
24601	12300500.0	2.0
24602	12301000.0	1.0
24603	12301500.0	0.0
24604	12302000.0	0.0
24605	12302500.0	0.0
24606	12303000.0	0.0
24607	12303500.0	0.0
24608	12304000.0	0.0
24609	12304500.0	1.0
24610	12305000.0	3.0
24611	12305500.0	1.0
24612	12306000.0	0.0
24613	12306500.0	1.0
24614	12307000.0	0.0
24615	12307500.0	2.0
24616	12308000.0	2.0
24617	12308500.0	0.0
24618	12309000.0	0.0
24619	12309500.0	1.0
24620	12310000.0	1.0
24621	12310500.0	3.0
24622	12311000.0	0.0
24623	12311500.0	0.0
24624	12312000.0	1.0
24625	12312500.0	1.0
24626	12313000.0	0.0
24627	12313500.0	3.0
24628	12314000.0	0.0
24629	12314500.0	1.0
24630	12315000.0	1.0
24631	12315500.0	1.0
24632	12316000.0	3.0
24633	12316500.0	0.0
24634	12317000.0	1.0
24635	12317500.0	0.0
24636	12318000.0	1.0
24637	12318500.0	2.0
24638	12319000.0	0.0
24639	12319500.0	2.0
24640	12320000.0	1.0
24641	12320500.0	1.0
24642	12321000.0	1.0
24643	12321500.0	0.0
24644	12322000.0	1.0
24645	12322500.0	0.0
24646	12323000.0	2.0
24647	12323500.0	1.0
24648	12324000.0	0.0
24649	12324500.0	0.0
24650	12325000.0	1.0
24651	12325500.0	0.0
24652	12326000.0	0.0
24653	12326500.0	3.0
24654	12327000.0	0.0
24655	12327500.0	3.0
24656	12328000.0	0.0
24657	12328500.0	2.0
24658	12329000.0	2.0
24659	12329500.0	2.0
24660	12330000.0	1.0
24661	12330500.0	2.0
24662	12331000.0	1.0
24663	12331500.0	1.0
24664	12332000.0	2.0
24665	12332500.0	3.0
24666	12333000.0	2.0
24667	12333500.0	0.0
24668	12334000.0	1.0
24669	12334500.0	2.0
24670	12335000.0	1.0
24671	12335500.0	0.0
24672	12336000.0	1.0
24673	12336500.0	0.0
24674	12337000.0	0.0
24675	12337500.0	0.0
24676	12338000.0	1.0
24677	12338500.0	0.0
24678	12339000.0	2.0
24679	12339500.0	2.0
24680	12340000.0	1.0
24681	12340500.0	1.0
24682	12341000.0	2.0
24683	12341500.0	2.0
24684	12342000.0	1.0
24685	12342500.0	0.0
24686	12343000.0	2.0
24687	12343500.0	1.0
24688	12344000.0	2.0
24689	12344500.0	0.0
24690	12345000.0	1.0
24691	12345500.0	2.0
24692	12346000.0	3.0
24693	12346500.0	1.0
24694	12347000.0	0.0
24695	12347500.0	1.0
24696	12348000.0	1.0
24697	12348500.0	1.0
24698	12349000.0	1.0
24699	12349500.0	0.0
24700	12350000.0	1.0
24701	12350500.0	1.0
24702	12351000.0	0.0
24703	12351500.0	2.0
24704	12352000.0	0.0
24705	12352500.0	0.0
24706	12353000.0	1.0
24707	12353500.0	1.0
24708	12354000.0	2.0
24709	12354500.0	0.0
24710	12355000.0	0.0
24711	12355500.0	1.0
24712	12356000.0	1.0
24713	12356500.0	0.0
24714	12357000.0	1.0
24715	12357500.0	1.0
24716	12358000.0	1.0
24717	12358500.0	1.0
24718	12359000.0	1.0
24719	12359500.0	0.0
24720	12360000.0	2.0
24721	12360500.0	2.0
24722	12361000.0	3.0
24723	12361500.0	1.0
24724	12362000.0	1.0
24725	12362500.0	1.0
24726	12363000.0	0.0
24727	12363500.0	0.0
24728	12364000.0	2.0
24729	12364500.0	1.0
24730	12365000.0	1.0
24731	12365500.0	3.0
24732	12366000.0	0.0
24733	12366500.0	0.0
24734	12367000.0	0.0
24735	12367500.0	4.0
24736	12368000.0	0.0
24737	12368500.0	1.0
24738	12369000.0	0.0
24739	12369500.0	2.0
24740	12370000.0	1.0
24741	12370500.0	0.0
24742	12371000.0	0.0
24743	12371500.0	1.0
24744	12372000.0	2.0
24745	12372500.0	2.0
24746	12373000.0	1.0
24747	12373500.0	0.0
24748	12374000.0	0.0
24749	12374500.0	2.0
24750	12375000.0	1.0
24751	12375500.0	0.0
24752	12376000.0	1.0
24753	12376500.0	1.0
24754	12377000.0	1.0
24755	12377500.0	0.0
24756	12378000.0	3.0
24757	12378500.0	1.0
24758	12379000.0	0.0
24759	12379500.0	2.0
24760	12380000.0	1.0
24761	12380500.0	1.0
24762	12381000.0	2.0
24763	12381500.0	1.0
24764	12382000.0	3.0
24765	12382500.0	2.0
24766	12383000.0	0.0
24767	12383500.0	0.0
24768	12384000.0	1.0
24769	12384500.0	1.0
24770	12385000.0	2.0
24771	12385500.0	1.0
24772	12386000.0	3.0
24773	12386500.0	0.0
24774	12387000.0	1.0
24775	12387500.0	1.0
24776	12388000.0	0.0
24777	12388500.0	3.0
24778	12389000.0	0.0
24779	12389500.0	1.0
24780	12390000.0	1.0
24781	12390500.0	1.0
24782	12391000.0	1.0
24783	12391500.0	2.0
24784	12392000.0	1.0
24785	12392500.0	2.0
24786	12393000.0	1.0
24787	12393500.0	2.0
24788	12394000.0	0.0
24789	12394500.0	1.0
24790	12395000.0	2.0
24791	12395500.0	2.0
24792	12396000.0	0.0
24793	12396500.0	1.0
24794	12397000.0	0.0
24795	12397500.0	2.0
24796	12398000.0	0.0
24797	12398500.0	1.0
24798	12399000.0	1.0
24799	12399500.0	2.0
24800	12400000.0	1.0
24801	12400500.0	1.0
24802	12401000.0	0.0
24803	12401500.0	1.0
24804	12402000.0	1.0
24805	12402500.0	0.0
24806	12403000.0	0.0
24807	12403500.0	2.0
24808	12404000.0	2.0
24809	12404500.0	0.0
24810	12405000.0	0.0
24811	12405500.0	2.0
24812	12406000.0	0.0
24813	12406500.0	0.0
24814	12407000.0	1.0
24815	12407500.0	0.0
24816	12408000.0	1.0
24817	12408500.0	1.0
24818	12409000.0	1.0
24819	12409500.0	0.0
24820	12410000.0	1.0
24821	12410500.0	1.0
24822	12411000.0	1.0
24823	12411500.0	0.0
24824	12412000.0	1.0
24825	12412500.0	1.0
24826	12413000.0	1.0
24827	12413500.0	1.0
24828	12414000.0	0.0
24829	12414500.0	2.0
24830	12415000.0	1.0
24831	12415500.0	1.0
24832	12416000.0	2.0
24833	12416500.0	1.0
24834	12417000.0	0.0
24835	12417500.0	4.0
24836	12418000.0	1.0
24837	12418500.0	1.0
24838	12419000.0	1.0
24839	12419500.0	1.0
24840	12420000.0	1.0
24841	12420500.0	0.0
24842	12421000.0	0.0
24843	12421500.0	0.0
24844	12422000.0	0.0
24845	12422500.0	0.0
24846	12423000.0	1.0
24847	12423500.0	1.0
24848	12424000.0	1.0
24849	12424500.0	1.0
24850	12425000.0	0.0
24851	12425500.0	1.0
24852	12426000.0	0.0
24853	12426500.0	0.0
24854	12427000.0	0.0
24855	12427500.0	1.0
24856	12428000.0	3.0
24857	12428500.0	0.0
24858	12429000.0	2.0
24859	12429500.0	1.0
24860	12430000.0	2.0
24861	12430500.0	0.0
24862	12431000.0	0.0
24863	12431500.0	0.0
24864	12432000.0	0.0
24865	12432500.0	1.0
24866	12433000.0	0.0
24867	12433500.0	1.0
24868	12434000.0	1.0
24869	12434500.0	1.0
24870	12435000.0	0.0
24871	12435500.0	0.0
24872	12436000.0	3.0
24873	12436500.0	1.0
24874	12437000.0	2.0
24875	12437500.0	3.0
24876	12438000.0	0.0
24877	12438500.0	2.0
24878	12439000.0	0.0
24879	12439500.0	1.0
24880	12440000.0	2.0
24881	12440500.0	0.0
24882	12441000.0	0.0
24883	12441500.0	2.0
24884	12442000.0	2.0
24885	12442500.0	0.0
24886	12443000.0	0.0
24887	12443500.0	1.0
24888	12444000.0	1.0
24889	12444500.0	1.0
24890	12445000.0	1.0
24891	12445500.0	0.0
24892	12446000.0	3.0
24893	12446500.0	0.0
24894	12447000.0	2.0
24895	12447500.0	0.0
24896	12448000.0	1.0
24897	12448500.0	1.0
24898	12449000.0	3.0
24899	12449500.0	0.0
24900	12450000.0	1.0
24901	12450500.0	3.0
24902	12451000.0	1.0
24903	12451500.0	2.0
24904	12452000.0	1.0
24905	12452500.0	2.0
24906	12453000.0	0.0
24907	12453500.0	2.0
24908	12454000.0	2.0
24909	12454500.0	2.0
24910	12455000.0	0.0
24911	12455500.0	0.0
24912	12456000.0	0.0
24913	12456500.0	1.0
24914	12457000.0	0.0
24915	12457500.0	1.0
24916	12458000.0	0.0
24917	12458500.0	0.0
24918	12459000.0	0.0
24919	12459500.0	0.0
24920	12460000.0	1.0
24921	12460500.0	1.0
24922	12461000.0	1.0
24923	12461500.0	1.0
24924	12462000.0	2.0
24925	12462500.0	0.0
24926	12463000.0	1.0
24927	12463500.0	1.0
24928	12464000.0	2.0
24929	12464500.0	1.0
24930	12465000.0	0.0
24931	12465500.0	0.0
24932	12466000.0	1.0
24933	12466500.0	0.0
24934	12467000.0	1.0
24935	12467500.0	0.0
24936	12468000.0	0.0
24937	12468500.0	1.0
24938	12469000.0	1.0
24939	12469500.0	0.0
24940	12470000.0	0.0
24941	12470500.0	2.0
24942	12471000.0	1.0
24943	12471500.0	3.0
24944	12472000.0	1.0
24945	12472500.0	2.0
24946	12473000.0	2.0
24947	12473500.0	0.0
24948	12474000.0	1.0
24949	12474500.0	1.0
24950	12475000.0	3.0
24951	12475500.0	1.0
24952	12476000.0	2.0
24953	12476500.0	0.0
24954	12477000.0	0.0
24955	12477500.0	0.0
24956	12478000.0	2.0
24957	12478500.0	3.0
24958	12479000.0	0.0
24959	12479500.0	0.0
24960	12480000.0	1.0
24961	12480500.0	3.0
24962	12481000.0	2.0
24963	12481500.0	2.0
24964	12482000.0	1.0
24965	12482500.0	2.0
24966	12483000.0	1.0
24967	12483500.0	0.0
24968	12484000.0	0.0
24969	12484500.0	0.0
24970	12485000.0	0.0
24971	12485500.0	0.0
24972	12486000.0	1.0
24973	12486500.0	1.0
24974	12487000.0	0.0
24975	12487500.0	1.0
24976	12488000.0	1.0
24977	12488500.0	1.0
24978	12489000.0	3.0
24979	12489500.0	2.0
24980	12490000.0	1.0
24981	12490500.0	1.0
24982	12491000.0	1.0
24983	12491500.0	2.0
24984	12492000.0	1.0
24985	12492500.0	2.0
24986	12493000.0	0.0
24987	12493500.0	2.0
24988	12494000.0	0.0
24989	12494500.0	1.0
24990	12495000.0	2.0
24991	12495500.0	0.0
24992	12496000.0	2.0
24993	12496500.0	3.0
24994	12497000.0	2.0
24995	12497500.0	3.0
24996	12498000.0	2.0
24997	12498500.0	1.0
24998	12499000.0	3.0
24999	12499500.0	1.0
25000	12500000.0	1.0
25001	12500500.0	2.0
25002	12501000.0	2.0
25003	12501500.0	2.0
25004	12502000.0	2.0
25005	12502500.0	1.0
25006	12503000.0	0.0
25007	12503500.0	1.0
25008	12504000.0	2.0
25009	12504500.0	2.0
25010	12505000.0	0.0
25011	12505500.0	3.0
25012	12506000.0	1.0
25013	12506500.0	1.0
25014	12507000.0	1.0
25015	12507500.0	2.0
25016	12508000.0	1.0
25017	12508500.0	0.0
25018	12509000.0	2.0
25019	12509500.0	0.0
25020	12510000.0	1.0
25021	12510500.0	2.0
25022	12511000.0	1.0
25023	12511500.0	0.0
25024	12512000.0	2.0
25025	12512500.0	3.0
25026	12513000.0	0.0
25027	12513500.0	1.0
25028	12514000.0	0.0
25029	12514500.0	0.0
25030	12515000.0	0.0
25031	12515500.0	0.0
25032	12516000.0	1.0
25033	12516500.0	4.0
25034	12517000.0	2.0
25035	12517500.0	1.0
25036	12518000.0	0.0
25037	12518500.0	1.0
25038	12519000.0	0.0
25039	12519500.0	1.0
25040	12520000.0	2.0
25041	12520500.0	1.0
25042	12521000.0	1.0
25043	12521500.0	1.0
25044	12522000.0	0.0
25045	12522500.0	0.0
25046	12523000.0	3.0
25047	12523500.0	0.0
25048	12524000.0	4.0
25049	12524500.0	2.0
25050	12525000.0	1.0
25051	12525500.0	1.0
25052	12526000.0	0.0
25053	12526500.0	0.0
25054	12527000.0	2.0
25055	12527500.0	2.0
25056	12528000.0	1.0
25057	12528500.0	1.0
25058	12529000.0	0.0
25059	12529500.0	1.0
25060	12530000.0	0.0
25061	12530500.0	2.0
25062	12531000.0	0.0
25063	12531500.0	3.0
25064	12532000.0	0.0
25065	12532500.0	0.0
25066	12533000.0	0.0
25067	12533500.0	1.0
25068	12534000.0	0.0
25069	12534500.0	0.0
25070	12535000.0	0.0
25071	12535500.0	1.0
25072	12536000.0	1.0
25073	12536500.0	0.0
25074	12537000.0	2.0
25075	12537500.0	2.0
25076	12538000.0	0.0
25077	12538500.0	0.0
25078	12539000.0	1.0
25079	12539500.0	0.0
25080	12540000.0	0.0
25081	12540500.0	2.0
25082	12541000.0	2.0
25083	12541500.0	2.0
25084	12542000.0	2.0
25085	12542500.0	0.0
25086	12543000.0	2.0
25087	12543500.0	0.0
25088	12544000.0	2.0
25089	12544500.0	2.0
25090	12545000.0	1.0
25091	12545500.0	0.0
25092	12546000.0	1.0
25093	12546500.0	0.0
25094	12547000.0	0.0
25095	12547500.0	0.0
25096	12548000.0	2.0
25097	12548500.0	1.0
25098	12549000.0	2.0
25099	12549500.0	1.0
25100	12550000.0	2.0
25101	12550500.0	1.0
25102	12551000.0	0.0
25103	12551500.0	1.0
25104	12552000.0	1.0
25105	12552500.0	0.0
25106	12553000.0	2.0
25107	12553500.0	1.0
25108	12554000.0	0.0
25109	12554500.0	0.0
25110	12555000.0	0.0
25111	12555500.0	0.0
25112	12556000.0	1.0
25113	12556500.0	1.0
25114	12557000.0	0.0
25115	12557500.0	0.0
25116	12558000.0	0.0
25117	12558500.0	3.0
25118	12559000.0	0.0
25119	12559500.0	2.0
25120	12560000.0	1.0
25121	12560500.0	3.0
25122	12561000.0	3.0
25123	12561500.0	2.0
25124	12562000.0	0.0
25125	12562500.0	0.0
25126	12563000.0	2.0
25127	12563500.0	0.0
25128	12564000.0	0.0
25129	12564500.0	2.0
25130	12565000.0	0.0
25131	12565500.0	1.0
25132	12566000.0	3.0
25133	12566500.0	2.0
25134	12567000.0	1.0
25135	12567500.0	0.0
25136	12568000.0	0.0
25137	12568500.0	3.0
25138	12569000.0	1.0
25139	12569500.0	0.0
25140	12570000.0	3.0
25141	12570500.0	0.0
25142	12571000.0	2.0
25143	12571500.0	2.0
25144	12572000.0	2.0
25145	12572500.0	0.0
25146	12573000.0	0.0
25147	12573500.0	1.0
25148	12574000.0	0.0
25149	12574500.0	1.0
25150	12575000.0	0.0
25151	12575500.0	2.0
25152	12576000.0	2.0
25153	12576500.0	1.0
25154	12577000.0	1.0
25155	12577500.0	2.0
25156	12578000.0	0.0
25157	12578500.0	1.0
25158	12579000.0	3.0
25159	12579500.0	3.0
25160	12580000.0	3.0
25161	12580500.0	0.0
25162	12581000.0	1.0
25163	12581500.0	1.0
25164	12582000.0	0.0
25165	12582500.0	0.0
25166	12583000.0	1.0
25167	12583500.0	0.0
25168	12584000.0	1.0
25169	12584500.0	3.0
25170	12585000.0	0.0
25171	12585500.0	5.0
25172	12586000.0	0.0
25173	12586500.0	2.0
25174	12587000.0	1.0
25175	12587500.0	2.0
25176	12588000.0	0.0
25177	12588500.0	1.0
25178	12589000.0	1.0
25179	12589500.0	1.0
25180	12590000.0	1.0
25181	12590500.0	0.0
25182	12591000.0	2.0
25183	12591500.0	2.0
25184	12592000.0	2.0
25185	12592500.0	1.0
25186	12593000.0	0.0
25187	12593500.0	0.0
25188	12594000.0	1.0
25189	12594500.0	2.0
25190	12595000.0	4.0
25191	12595500.0	2.0
25192	12596000.0	3.0
25193	12596500.0	0.0
25194	12597000.0	0.0
25195	12597500.0	2.0
25196	12598000.0	2.0
25197	12598500.0	1.0
25198	12599000.0	2.0
25199	12599500.0	1.0
25200	12600000.0	1.0
25201	12600500.0	1.0
25202	12601000.0	3.0
25203	12601500.0	1.0
25204	12602000.0	1.0
25205	12602500.0	1.0
25206	12603000.0	0.0
25207	12603500.0	2.0
25208	12604000.0	2.0
25209	12604500.0	1.0
25210	12605000.0	0.0
25211	12605500.0	2.0
25212	12606000.0	2.0
25213	12606500.0	1.0
25214	12607000.0	1.0
25215	12607500.0	0.0
25216	12608000.0	0.0
25217	12608500.0	0.0
25218	12609000.0	2.0
25219	12609500.0	1.0
25220	12610000.0	2.0
25221	12610500.0	0.0
25222	12611000.0	0.0
25223	12611500.0	1.0
25224	12612000.0	0.0
25225	12612500.0	2.0
25226	12613000.0	2.0
25227	12613500.0	1.0
25228	12614000.0	0.0
25229	12614500.0	1.0
25230	12615000.0	2.0
25231	12615500.0	0.0
25232	12616000.0	1.0
25233	12616500.0	1.0
25234	12617000.0	0.0
25235	12617500.0	0.0
25236	12618000.0	1.0
25237	12618500.0	1.0
25238	12619000.0	0.0
25239	12619500.0	2.0
25240	12620000.0	1.0
25241	12620500.0	1.0
25242	12621000.0	0.0
25243	12621500.0	0.0
25244	12622000.0	0.0
25245	12622500.0	1.0
25246	12623000.0	0.0
25247	12623500.0	1.0
25248	12624000.0	1.0
25249	12624500.0	2.0
25250	12625000.0	3.0
25251	12625500.0	0.0
25252	12626000.0	2.0
25253	12626500.0	1.0
25254	12627000.0	3.0
25255	12627500.0	0.0
25256	12628000.0	1.0
25257	12628500.0	2.0
25258	12629000.0	1.0
25259	12629500.0	1.0
25260	12630000.0	1.0
25261	12630500.0	0.0
25262	12631000.0	1.0
25263	12631500.0	0.0
25264	12632000.0	0.0
25265	12632500.0	3.0
25266	12633000.0	1.0
25267	12633500.0	0.0
25268	12634000.0	0.0
25269	12634500.0	2.0
25270	12635000.0	0.0
25271	12635500.0	3.0
25272	12636000.0	1.0
25273	12636500.0	0.0
25274	12637000.0	0.0
25275	12637500.0	1.0
25276	12638000.0	1.0
25277	12638500.0	0.0
25278	12639000.0	1.0
25279	12639500.0	3.0
25280	12640000.0	1.0
25281	12640500.0	1.0
25282	12641000.0	1.0
25283	12641500.0	1.0
25284	12642000.0	0.0
25285	12642500.0	1.0
25286	12643000.0	1.0
25287	12643500.0	3.0
25288	12644000.0	1.0
25289	12644500.0	4.0
25290	12645000.0	1.0
25291	12645500.0	0.0
25292	12646000.0	0.0
25293	12646500.0	2.0
25294	12647000.0	2.0
25295	12647500.0	0.0
25296	12648000.0	1.0
25297	12648500.0	1.0
25298	12649000.0	3.0
25299	12649500.0	1.0
25300	12650000.0	2.0
25301	12650500.0	1.0
25302	12651000.0	0.0
25303	12651500.0	2.0
25304	12652000.0	2.0
25305	12652500.0	1.0
25306	12653000.0	0.0
25307	12653500.0	0.0
25308	12654000.0	1.0
25309	12654500.0	0.0
25310	12655000.0	4.0
25311	12655500.0	0.0
25312	12656000.0	2.0
25313	12656500.0	1.0
25314	12657000.0	3.0
25315	12657500.0	1.0
25316	12658000.0	2.0
25317	12658500.0	0.0
25318	12659000.0	1.0
25319	12659500.0	2.0
25320	12660000.0	3.0
25321	12660500.0	1.0
25322	12661000.0	0.0
25323	12661500.0	1.0
25324	12662000.0	2.0
25325	12662500.0	1.0
25326	12663000.0	0.0
25327	12663500.0	2.0
25328	12664000.0	0.0
25329	12664500.0	2.0
25330	12665000.0	1.0
25331	12665500.0	3.0
25332	12666000.0	2.0
25333	12666500.0	0.0
25334	12667000.0	0.0
25335	12667500.0	0.0
25336	12668000.0	1.0
25337	12668500.0	0.0
25338	12669000.0	0.0
25339	12669500.0	0.0
25340	12670000.0	3.0
25341	12670500.0	1.0
25342	12671000.0	0.0
25343	12671500.0	0.0
25344	12672000.0	3.0
25345	12672500.0	3.0
25346	12673000.0	1.0
25347	12673500.0	0.0
25348	12674000.0	1.0
25349	12674500.0	0.0
25350	12675000.0	0.0
25351	12675500.0	0.0
25352	12676000.0	2.0
25353	12676500.0	2.0
25354	12677000.0	0.0
25355	12677500.0	0.0
25356	12678000.0	0.0
25357	12678500.0	2.0
25358	12679000.0	2.0
25359	12679500.0	1.0
25360	12680000.0	1.0
25361	12680500.0	2.0
25362	12681000.0	2.0
25363	12681500.0	2.0
25364	12682000.0	2.0
25365	12682500.0	1.0
25366	12683000.0	0.0
25367	12683500.0	0.0
25368	12684000.0	0.0
25369	12684500.0	1.0
25370	12685000.0	1.0
25371	12685500.0	0.0
25372	12686000.0	1.0
25373	12686500.0	2.0
25374	12687000.0	1.0
25375	12687500.0	0.0
25376	12688000.0	0.0
25377	12688500.0	3.0
25378	12689000.0	0.0
25379	12689500.0	2.0
25380	12690000.0	0.0
25381	12690500.0	1.0
25382	12691000.0	1.0
25383	12691500.0	0.0
25384	12692000.0	3.0
25385	12692500.0	2.0
25386	12693000.0	0.0
25387	12693500.0	2.0
25388	12694000.0	0.0
25389	12694500.0	0.0
25390	12695000.0	3.0
25391	12695500.0	1.0
25392	12696000.0	1.0
25393	12696500.0	2.0
25394	12697000.0	1.0
25395	12697500.0	0.0
25396	12698000.0	3.0
25397	12698500.0	1.0
25398	12699000.0	2.0
25399	12699500.0	1.0
25400	12700000.0	2.0
25401	12700500.0	0.0
25402	12701000.0	0.0
25403	12701500.0	0.0
25404	12702000.0	1.0
25405	12702500.0	1.0
25406	12703000.0	0.0
25407	12703500.0	0.0
25408	12704000.0	1.0
25409	12704500.0	0.0
25410	12705000.0	1.0
25411	12705500.0	2.0
25412	12706000.0	0.0
25413	12706500.0	1.0
25414	12707000.0	2.0
25415	12707500.0	3.0
25416	12708000.0	1.0
25417	12708500.0	0.0
25418	12709000.0	1.0
25419	12709500.0	2.0
25420	12710000.0	0.0
25421	12710500.0	0.0
25422	12711000.0	1.0
25423	12711500.0	2.0
25424	12712000.0	1.0
25425	12712500.0	1.0
25426	12713000.0	1.0
25427	12713500.0	0.0
25428	12714000.0	1.0
25429	12714500.0	2.0
25430	12715000.0	0.0
25431	12715500.0	0.0
25432	12716000.0	2.0
25433	12716500.0	0.0
25434	12717000.0	1.0
25435	12717500.0	1.0
25436	12718000.0	1.0
25437	12718500.0	0.0
25438	12719000.0	2.0
25439	12719500.0	1.0
25440	12720000.0	2.0
25441	12720500.0	2.0
25442	12721000.0	1.0
25443	12721500.0	1.0
25444	12722000.0	2.0
25445	12722500.0	1.0
25446	12723000.0	0.0
25447	12723500.0	0.0
25448	12724000.0	1.0
25449	12724500.0	1.0
25450	12725000.0	4.0
25451	12725500.0	0.0
25452	12726000.0	2.0
25453	12726500.0	1.0
25454	12727000.0	1.0
25455	12727500.0	1.0
25456	12728000.0	0.0
25457	12728500.0	2.0
25458	12729000.0	3.0
25459	12729500.0	0.0
25460	12730000.0	1.0
25461	12730500.0	0.0
25462	12731000.0	2.0
25463	12731500.0	1.0
25464	12732000.0	2.0
25465	12732500.0	1.0
25466	12733000.0	0.0
25467	12733500.0	1.0
25468	12734000.0	0.0
25469	12734500.0	0.0
25470	12735000.0	2.0
25471	12735500.0	0.0
25472	12736000.0	1.0
25473	12736500.0	3.0
25474	12737000.0	1.0
25475	12737500.0	2.0
25476	12738000.0	0.0
25477	12738500.0	2.0
25478	12739000.0	1.0
25479	12739500.0	0.0
25480	12740000.0	0.0
25481	12740500.0	1.0
25482	12741000.0	0.0
25483	12741500.0	0.0
25484	12742000.0	0.0
25485	12742500.0	0.0
25486	12743000.0	1.0
25487	12743500.0	1.0
25488	12744000.0	2.0
25489	12744500.0	1.0
25490	12745000.0	0.0
25491	12745500.0	1.0
25492	12746000.0	3.0
25493	12746500.0	4.0
25494	12747000.0	0.0
25495	12747500.0	2.0
25496	12748000.0	1.0
25497	12748500.0	0.0
25498	12749000.0	1.0
25499	12749500.0	3.0
25500	12750000.0	1.0
25501	12750500.0	1.0
25502	12751000.0	0.0
25503	12751500.0	0.0
25504	12752000.0	0.0
25505	12752500.0	3.0
25506	12753000.0	0.0
25507	12753500.0	0.0
25508	12754000.0	0.0
25509	12754500.0	0.0
25510	12755000.0	1.0
25511	12755500.0	1.0
25512	12756000.0	1.0
25513	12756500.0	0.0
25514	12757000.0	2.0
25515	12757500.0	1.0
25516	12758000.0	0.0
25517	12758500.0	1.0
25518	12759000.0	1.0
25519	12759500.0	0.0
25520	12760000.0	1.0
25521	12760500.0	1.0
25522	12761000.0	1.0
25523	12761500.0	0.0
25524	12762000.0	1.0
25525	12762500.0	2.0
25526	12763000.0	0.0
25527	12763500.0	1.0
25528	12764000.0	1.0
25529	12764500.0	1.0
25530	12765000.0	0.0
25531	12765500.0	1.0
25532	12766000.0	2.0
25533	12766500.0	0.0
25534	12767000.0	1.0
25535	12767500.0	0.0
25536	12768000.0	1.0
25537	12768500.0	0.0
25538	12769000.0	2.0
25539	12769500.0	2.0
25540	12770000.0	1.0
25541	12770500.0	1.0
25542	12771000.0	1.0
25543	12771500.0	0.0
25544	12772000.0	1.0
25545	12772500.0	2.0
25546	12773000.0	0.0
25547	12773500.0	0.0
25548	12774000.0	0.0
25549	12774500.0	0.0
25550	12775000.0	0.0
25551	12775500.0	1.0
25552	12776000.0	0.0
25553	12776500.0	3.0
25554	12777000.0	0.0
25555	12777500.0	0.0
25556	12778000.0	1.0
25557	12778500.0	1.0
25558	12779000.0	1.0
25559	12779500.0	0.0
25560	12780000.0	0.0
25561	12780500.0	2.0
25562	12781000.0	1.0
25563	12781500.0	1.0
25564	12782000.0	2.0
25565	12782500.0	0.0
25566	12783000.0	0.0
25567	12783500.0	3.0
25568	12784000.0	4.0
25569	12784500.0	1.0
25570	12785000.0	1.0
25571	12785500.0	2.0
25572	12786000.0	2.0
25573	12786500.0	0.0
25574	12787000.0	1.0
25575	12787500.0	4.0
25576	12788000.0	2.0
25577	12788500.0	1.0
25578	12789000.0	0.0
25579	12789500.0	0.0
25580	12790000.0	1.0
25581	12790500.0	0.0
25582	12791000.0	0.0
25583	12791500.0	1.0
25584	12792000.0	0.0
25585	12792500.0	0.0
25586	12793000.0	1.0
25587	12793500.0	1.0
25588	12794000.0	2.0
25589	12794500.0	4.0
25590	12795000.0	1.0
25591	12795500.0	0.0
25592	12796000.0	2.0
25593	12796500.0	3.0
25594	12797000.0	1.0
25595	12797500.0	1.0
25596	12798000.0	1.0
25597	12798500.0	0.0
25598	12799000.0	1.0
25599	12799500.0	2.0
25600	12800000.0	0.0
25601	12800500.0	0.0
25602	12801000.0	1.0
25603	12801500.0	1.0
25604	12802000.0	0.0
25605	12802500.0	1.0
25606	12803000.0	0.0
25607	12803500.0	1.0
25608	12804000.0	2.0
25609	12804500.0	3.0
25610	12805000.0	1.0
25611	12805500.0	1.0
25612	12806000.0	1.0
25613	12806500.0	3.0
25614	12807000.0	2.0
25615	12807500.0	1.0
25616	12808000.0	0.0
25617	12808500.0	1.0
25618	12809000.0	1.0
25619	12809500.0	0.0
25620	12810000.0	1.0
25621	12810500.0	0.0
25622	12811000.0	3.0
25623	12811500.0	0.0
25624	12812000.0	0.0
25625	12812500.0	1.0
25626	12813000.0	0.0
25627	12813500.0	1.0
25628	12814000.0	1.0
25629	12814500.0	0.0
25630	12815000.0	3.0
25631	12815500.0	0.0
25632	12816000.0	2.0
25633	12816500.0	0.0
25634	12817000.0	1.0
25635	12817500.0	0.0
25636	12818000.0	1.0
25637	12818500.0	2.0
25638	12819000.0	1.0
25639	12819500.0	1.0
25640	12820000.0	0.0
25641	12820500.0	1.0
25642	12821000.0	2.0
25643	12821500.0	0.0
25644	12822000.0	0.0
25645	12822500.0	2.0
25646	12823000.0	2.0
25647	12823500.0	0.0
25648	12824000.0	1.0
25649	12824500.0	4.0
25650	12825000.0	0.0
25651	12825500.0	1.0
25652	12826000.0	0.0
25653	12826500.0	0.0
25654	12827000.0	2.0
25655	12827500.0	3.0
25656	12828000.0	0.0
25657	12828500.0	2.0
25658	12829000.0	2.0
25659	12829500.0	0.0
25660	12830000.0	2.0
25661	12830500.0	0.0
25662	12831000.0	1.0
25663	12831500.0	0.0
25664	12832000.0	1.0
25665	12832500.0	0.0
25666	12833000.0	0.0
25667	12833500.0	3.0
25668	12834000.0	0.0
25669	12834500.0	2.0
25670	12835000.0	1.0
25671	12835500.0	0.0
25672	12836000.0	1.0
25673	12836500.0	1.0
25674	12837000.0	0.0
25675	12837500.0	3.0
25676	12838000.0	2.0
25677	12838500.0	1.0
25678	12839000.0	2.0
25679	12839500.0	0.0
25680	12840000.0	1.0
25681	12840500.0	3.0
25682	12841000.0	1.0
25683	12841500.0	1.0
25684	12842000.0	1.0
25685	12842500.0	0.0
25686	12843000.0	2.0
25687	12843500.0	2.0
25688	12844000.0	1.0
25689	12844500.0	1.0
25690	12845000.0	1.0
25691	12845500.0	0.0
25692	12846000.0	1.0
25693	12846500.0	1.0
25694	12847000.0	0.0
25695	12847500.0	1.0
25696	12848000.0	1.0
25697	12848500.0	0.0
25698	12849000.0	0.0
25699	12849500.0	1.0
25700	12850000.0	2.0
25701	12850500.0	4.0
25702	12851000.0	2.0
25703	12851500.0	1.0
25704	12852000.0	0.0
25705	12852500.0	2.0
25706	12853000.0	1.0
25707	12853500.0	1.0
25708	12854000.0	1.0
25709	12854500.0	1.0
25710	12855000.0	1.0
25711	12855500.0	1.0
25712	12856000.0	0.0
25713	12856500.0	1.0
25714	12857000.0	1.0
25715	12857500.0	2.0
25716	12858000.0	1.0
25717	12858500.0	0.0
25718	12859000.0	2.0
25719	12859500.0	0.0
25720	12860000.0	0.0
25721	12860500.0	1.0
25722	12861000.0	1.0
25723	12861500.0	3.0
25724	12862000.0	0.0
25725	12862500.0	1.0
25726	12863000.0	3.0
25727	12863500.0	0.0
25728	12864000.0	0.0
25729	12864500.0	1.0
25730	12865000.0	0.0
25731	12865500.0	1.0
25732	12866000.0	1.0
25733	12866500.0	0.0
25734	12867000.0	1.0
25735	12867500.0	1.0
25736	12868000.0	1.0
25737	12868500.0	2.0
25738	12869000.0	1.0
25739	12869500.0	3.0
25740	12870000.0	1.0
25741	12870500.0	0.0
25742	12871000.0	1.0
25743	12871500.0	1.0
25744	12872000.0	0.0
25745	12872500.0	0.0
25746	12873000.0	0.0
25747	12873500.0	0.0
25748	12874000.0	1.0
25749	12874500.0	1.0
25750	12875000.0	1.0
25751	12875500.0	1.0
25752	12876000.0	0.0
25753	12876500.0	3.0
25754	12877000.0	1.0
25755	12877500.0	1.0
25756	12878000.0	1.0
25757	12878500.0	1.0
25758	12879000.0	0.0
25759	12879500.0	0.0
25760	12880000.0	1.0
25761	12880500.0	1.0
25762	12881000.0	3.0
25763	12881500.0	0.0
25764	12882000.0	2.0
25765	12882500.0	1.0
25766	12883000.0	1.0
25767	12883500.0	1.0
25768	12884000.0	1.0
25769	12884500.0	2.0
25770	12885000.0	2.0
25771	12885500.0	3.0
25772	12886000.0	0.0
25773	12886500.0	0.0
25774	12887000.0	0.0
25775	12887500.0	1.0
25776	12888000.0	0.0
25777	12888500.0	3.0
25778	12889000.0	1.0
25779	12889500.0	1.0
25780	12890000.0	0.0
25781	12890500.0	1.0
25782	12891000.0	1.0
25783	12891500.0	0.0
25784	12892000.0	0.0
25785	12892500.0	0.0
25786	12893000.0	2.0
25787	12893500.0	2.0
25788	12894000.0	2.0
25789	12894500.0	0.0
25790	12895000.0	1.0
25791	12895500.0	0.0
25792	12896000.0	1.0
25793	12896500.0	1.0
25794	12897000.0	1.0
25795	12897500.0	3.0
25796	12898000.0	0.0
25797	12898500.0	1.0
25798	12899000.0	3.0
25799	12899500.0	1.0
25800	12900000.0	0.0
25801	12900500.0	1.0
25802	12901000.0	0.0
25803	12901500.0	2.0
25804	12902000.0	1.0
25805	12902500.0	1.0
25806	12903000.0	2.0
25807	12903500.0	0.0
25808	12904000.0	4.0
25809	12904500.0	2.0
25810	12905000.0	2.0
25811	12905500.0	3.0
25812	12906000.0	0.0
25813	12906500.0	2.0
25814	12907000.0	0.0
25815	12907500.0	2.0
25816	12908000.0	0.0
25817	12908500.0	1.0
25818	12909000.0	0.0
25819	12909500.0	1.0
25820	12910000.0	2.0
25821	12910500.0	3.0
25822	12911000.0	2.0
25823	12911500.0	0.0
25824	12912000.0	2.0
25825	12912500.0	4.0
25826	12913000.0	1.0
25827	12913500.0	1.0
25828	12914000.0	1.0
25829	12914500.0	2.0
25830	12915000.0	2.0
25831	12915500.0	0.0
25832	12916000.0	0.0
25833	12916500.0	0.0
25834	12917000.0	2.0
25835	12917500.0	1.0
25836	12918000.0	0.0
25837	12918500.0	3.0
25838	12919000.0	0.0
25839	12919500.0	2.0
25840	12920000.0	1.0
25841	12920500.0	1.0
25842	12921000.0	0.0
25843	12921500.0	1.0
25844	12922000.0	1.0
25845	12922500.0	1.0
25846	12923000.0	0.0
25847	12923500.0	0.0
25848	12924000.0	0.0
25849	12924500.0	0.0
25850	12925000.0	2.0
25851	12925500.0	1.0
25852	12926000.0	1.0
25853	12926500.0	1.0
25854	12927000.0	0.0
25855	12927500.0	1.0
25856	12928000.0	3.0
25857	12928500.0	0.0
25858	12929000.0	0.0
25859	12929500.0	2.0
25860	12930000.0	0.0
25861	12930500.0	1.0
25862	12931000.0	1.0
25863	12931500.0	0.0
25864	12932000.0	1.0
25865	12932500.0	0.0
25866	12933000.0	3.0
25867	12933500.0	0.0
25868	12934000.0	0.0
25869	12934500.0	0.0
25870	12935000.0	1.0
25871	12935500.0	0.0
25872	12936000.0	0.0
25873	12936500.0	2.0
25874	12937000.0	3.0
25875	12937500.0	1.0
25876	12938000.0	2.0
25877	12938500.0	4.0
25878	12939000.0	0.0
25879	12939500.0	2.0
25880	12940000.0	0.0
25881	12940500.0	4.0
25882	12941000.0	1.0
25883	12941500.0	0.0
25884	12942000.0	2.0
25885	12942500.0	3.0
25886	12943000.0	1.0
25887	12943500.0	0.0
25888	12944000.0	0.0
25889	12944500.0	1.0
25890	12945000.0	0.0
25891	12945500.0	2.0
25892	12946000.0	0.0
25893	12946500.0	2.0
25894	12947000.0	0.0
25895	12947500.0	1.0
25896	12948000.0	0.0
25897	12948500.0	1.0
25898	12949000.0	1.0
25899	12949500.0	1.0
25900	12950000.0	1.0
25901	12950500.0	1.0
25902	12951000.0	0.0
25903	12951500.0	0.0
25904	12952000.0	0.0
25905	12952500.0	0.0
25906	12953000.0	0.0
25907	12953500.0	3.0
25908	12954000.0	0.0
25909	12954500.0	1.0
25910	12955000.0	1.0
25911	12955500.0	1.0
25912	12956000.0	2.0
25913	12956500.0	1.0
25914	12957000.0	0.0
25915	12957500.0	2.0
25916	12958000.0	1.0
25917	12958500.0	3.0
25918	12959000.0	5.0
25919	12959500.0	0.0
25920	12960000.0	0.0
25921	12960500.0	2.0
25922	12961000.0	0.0
25923	12961500.0	2.0
25924	12962000.0	2.0
25925	12962500.0	3.0
25926	12963000.0	0.0
25927	12963500.0	1.0
25928	12964000.0	0.0
25929	12964500.0	2.0
25930	12965000.0	1.0
25931	12965500.0	1.0
25932	12966000.0	0.0
25933	12966500.0	1.0
25934	12967000.0	1.0
25935	12967500.0	3.0
25936	12968000.0	1.0
25937	12968500.0	0.0
25938	12969000.0	0.0
25939	12969500.0	1.0
25940	12970000.0	2.0
25941	12970500.0	1.0
25942	12971000.0	0.0
25943	12971500.0	0.0
25944	12972000.0	1.0
25945	12972500.0	0.0
25946	12973000.0	1.0
25947	12973500.0	1.0
25948	12974000.0	0.0
25949	12974500.0	1.0
25950	12975000.0	0.0
25951	12975500.0	1.0
25952	12976000.0	1.0
25953	12976500.0	2.0
25954	12977000.0	0.0
25955	12977500.0	0.0
25956	12978000.0	2.0
25957	12978500.0	1.0
25958	12979000.0	4.0
25959	12979500.0	1.0
25960	12980000.0	0.0
25961	12980500.0	3.0
25962	12981000.0	0.0
25963	12981500.0	2.0
25964	12982000.0	2.0
25965	12982500.0	0.0
25966	12983000.0	3.0
25967	12983500.0	1.0
25968	12984000.0	0.0
25969	12984500.0	2.0
25970	12985000.0	2.0
25971	12985500.0	0.0
25972	12986000.0	2.0
25973	12986500.0	0.0
25974	12987000.0	0.0
25975	12987500.0	1.0
25976	12988000.0	3.0
25977	12988500.0	2.0
25978	12989000.0	0.0
25979	12989500.0	0.0
25980	12990000.0	1.0
25981	12990500.0	3.0
25982	12991000.0	1.0
25983	12991500.0	0.0
25984	12992000.0	0.0
25985	12992500.0	0.0
25986	12993000.0	3.0
25987	12993500.0	0.0
25988	12994000.0	2.0
25989	12994500.0	0.0
25990	12995000.0	1.0
25991	12995500.0	1.0
25992	12996000.0	5.0
25993	12996500.0	3.0
25994	12997000.0	0.0
25995	12997500.0	2.0
25996	12998000.0	6.0
25997	12998500.0	0.0
25998	12999000.0	1.0
25999	12999500.0	0.0
26000	13000000.0	1.0
26001	13000500.0	1.0
26002	13001000.0	2.0
26003	13001500.0	0.0
26004	13002000.0	2.0
26005	13002500.0	0.0
26006	13003000.0	0.0
26007	13003500.0	1.0
26008	13004000.0	0.0
26009	13004500.0	0.0
26010	13005000.0	1.0
26011	13005500.0	1.0
26012	13006000.0	3.0
26013	13006500.0	2.0
26014	13007000.0	0.0
26015	13007500.0	4.0
26016	13008000.0	3.0
26017	13008500.0	0.0
26018	13009000.0	1.0
26019	13009500.0	0.0
26020	13010000.0	1.0
26021	13010500.0	0.0
26022	13011000.0	1.0
26023	13011500.0	0.0
26024	13012000.0	2.0
26025	13012500.0	0.0
26026	13013000.0	2.0
26027	13013500.0	0.0
26028	13014000.0	1.0
26029	13014500.0	2.0
26030	13015000.0	2.0
26031	13015500.0	0.0
26032	13016000.0	2.0
26033	13016500.0	1.0
26034	13017000.0	1.0
26035	13017500.0	0.0
26036	13018000.0	1.0
26037	13018500.0	2.0
26038	13019000.0	1.0
26039	13019500.0	1.0
26040	13020000.0	1.0
26041	13020500.0	0.0
26042	13021000.0	1.0
26043	13021500.0	1.0
26044	13022000.0	0.0
26045	13022500.0	1.0
26046	13023000.0	1.0
26047	13023500.0	1.0
26048	13024000.0	0.0
26049	13024500.0	1.0
26050	13025000.0	1.0
26051	13025500.0	1.0
26052	13026000.0	1.0
26053	13026500.0	1.0
26054	13027000.0	1.0
26055	13027500.0	1.0
26056	13028000.0	1.0
26057	13028500.0	0.0
26058	13029000.0	1.0
26059	13029500.0	2.0
26060	13030000.0	0.0
26061	13030500.0	0.0
26062	13031000.0	0.0
26063	13031500.0	0.0
26064	13032000.0	1.0
26065	13032500.0	1.0
26066	13033000.0	3.0
26067	13033500.0	2.0
26068	13034000.0	2.0
26069	13034500.0	1.0
26070	13035000.0	0.0
26071	13035500.0	0.0
26072	13036000.0	1.0
26073	13036500.0	1.0
26074	13037000.0	0.0
26075	13037500.0	1.0
26076	13038000.0	0.0
26077	13038500.0	1.0
26078	13039000.0	1.0
26079	13039500.0	0.0
26080	13040000.0	0.0
26081	13040500.0	1.0
26082	13041000.0	2.0
26083	13041500.0	1.0
26084	13042000.0	3.0
26085	13042500.0	0.0
26086	13043000.0	1.0
26087	13043500.0	2.0
26088	13044000.0	0.0
26089	13044500.0	0.0
26090	13045000.0	2.0
26091	13045500.0	1.0
26092	13046000.0	1.0
26093	13046500.0	0.0
26094	13047000.0	2.0
26095	13047500.0	1.0
26096	13048000.0	2.0
26097	13048500.0	2.0
26098	13049000.0	0.0
26099	13049500.0	0.0
26100	13050000.0	0.0
26101	13050500.0	1.0
26102	13051000.0	0.0
26103	13051500.0	3.0
26104	13052000.0	2.0
26105	13052500.0	0.0
26106	13053000.0	2.0
26107	13053500.0	0.0
26108	13054000.0	2.0
26109	13054500.0	0.0
26110	13055000.0	1.0
26111	13055500.0	2.0
26112	13056000.0	1.0
26113	13056500.0	0.0
26114	13057000.0	1.0
26115	13057500.0	1.0
26116	13058000.0	0.0
26117	13058500.0	2.0
26118	13059000.0	1.0
26119	13059500.0	0.0
26120	13060000.0	1.0
26121	13060500.0	2.0
26122	13061000.0	2.0
26123	13061500.0	0.0
26124	13062000.0	0.0
26125	13062500.0	0.0
26126	13063000.0	1.0
26127	13063500.0	1.0
26128	13064000.0	1.0
26129	13064500.0	0.0
26130	13065000.0	1.0
26131	13065500.0	0.0
26132	13066000.0	1.0
26133	13066500.0	0.0
26134	13067000.0	1.0
26135	13067500.0	0.0
26136	13068000.0	1.0
26137	13068500.0	1.0
26138	13069000.0	3.0
26139	13069500.0	0.0
26140	13070000.0	0.0
26141	13070500.0	1.0
26142	13071000.0	2.0
26143	13071500.0	2.0
26144	13072000.0	0.0
26145	13072500.0	1.0
26146	13073000.0	0.0
26147	13073500.0	0.0
26148	13074000.0	1.0
26149	13074500.0	0.0
26150	13075000.0	2.0
26151	13075500.0	2.0
26152	13076000.0	0.0
26153	13076500.0	1.0
26154	13077000.0	2.0
26155	13077500.0	1.0
26156	13078000.0	2.0
26157	13078500.0	0.0
26158	13079000.0	0.0
26159	13079500.0	0.0
26160	13080000.0	0.0
26161	13080500.0	2.0
26162	13081000.0	0.0
26163	13081500.0	0.0
26164	13082000.0	1.0
26165	13082500.0	0.0
26166	13083000.0	0.0
26167	13083500.0	1.0
26168	13084000.0	1.0
26169	13084500.0	0.0
26170	13085000.0	0.0
26171	13085500.0	2.0
26172	13086000.0	3.0
26173	13086500.0	0.0
26174	13087000.0	0.0
26175	13087500.0	2.0
26176	13088000.0	2.0
26177	13088500.0	1.0
26178	13089000.0	0.0
26179	13089500.0	3.0
26180	13090000.0	0.0
26181	13090500.0	1.0
26182	13091000.0	0.0
26183	13091500.0	1.0
26184	13092000.0	0.0
26185	13092500.0	0.0
26186	13093000.0	0.0
26187	13093500.0	1.0
26188	13094000.0	1.0
26189	13094500.0	0.0
26190	13095000.0	1.0
26191	13095500.0	0.0
26192	13096000.0	3.0
26193	13096500.0	1.0
26194	13097000.0	1.0
26195	13097500.0	2.0
26196	13098000.0	0.0
26197	13098500.0	3.0
26198	13099000.0	0.0
26199	13099500.0	2.0
26200	13100000.0	0.0
26201	13100500.0	2.0
26202	13101000.0	0.0
26203	13101500.0	0.0
26204	13102000.0	2.0
26205	13102500.0	0.0
26206	13103000.0	0.0
26207	13103500.0	0.0
26208	13104000.0	2.0
26209	13104500.0	0.0
26210	13105000.0	1.0
26211	13105500.0	1.0
26212	13106000.0	1.0
26213	13106500.0	1.0
26214	13107000.0	1.0
26215	13107500.0	1.0
26216	13108000.0	2.0
26217	13108500.0	3.0
26218	13109000.0	1.0
26219	13109500.0	0.0
26220	13110000.0	2.0
26221	13110500.0	1.0
26222	13111000.0	0.0
26223	13111500.0	0.0
26224	13112000.0	2.0
26225	13112500.0	2.0
26226	13113000.0	1.0
26227	13113500.0	2.0
26228	13114000.0	1.0
26229	13114500.0	1.0
26230	13115000.0	1.0
26231	13115500.0	0.0
26232	13116000.0	0.0
26233	13116500.0	0.0
26234	13117000.0	0.0
26235	13117500.0	1.0
26236	13118000.0	0.0
26237	13118500.0	0.0
26238	13119000.0	0.0
26239	13119500.0	3.0
26240	13120000.0	0.0
26241	13120500.0	2.0
26242	13121000.0	1.0
26243	13121500.0	2.0
26244	13122000.0	2.0
26245	13122500.0	1.0
26246	13123000.0	0.0
26247	13123500.0	1.0
26248	13124000.0	1.0
26249	13124500.0	0.0
26250	13125000.0	2.0
26251	13125500.0	0.0
26252	13126000.0	1.0
26253	13126500.0	0.0
26254	13127000.0	1.0
26255	13127500.0	2.0
26256	13128000.0	1.0
26257	13128500.0	1.0
26258	13129000.0	2.0
26259	13129500.0	0.0
26260	13130000.0	2.0
26261	13130500.0	0.0
26262	13131000.0	2.0
26263	13131500.0	0.0
26264	13132000.0	3.0
26265	13132500.0	3.0
26266	13133000.0	2.0
26267	13133500.0	1.0
26268	13134000.0	0.0
26269	13134500.0	0.0
26270	13135000.0	1.0
26271	13135500.0	2.0
26272	13136000.0	0.0
26273	13136500.0	3.0
26274	13137000.0	1.0
26275	13137500.0	0.0
26276	13138000.0	0.0
26277	13138500.0	0.0
26278	13139000.0	2.0
26279	13139500.0	2.0
26280	13140000.0	2.0
26281	13140500.0	0.0
26282	13141000.0	2.0
26283	13141500.0	0.0
26284	13142000.0	3.0
26285	13142500.0	1.0
26286	13143000.0	2.0
26287	13143500.0	0.0
26288	13144000.0	2.0
26289	13144500.0	1.0
26290	13145000.0	2.0
26291	13145500.0	3.0
26292	13146000.0	0.0
26293	13146500.0	2.0
26294	13147000.0	1.0
26295	13147500.0	1.0
26296	13148000.0	2.0
26297	13148500.0	0.0
26298	13149000.0	1.0
26299	13149500.0	0.0
26300	13150000.0	1.0
26301	13150500.0	1.0
26302	13151000.0	1.0
26303	13151500.0	0.0
26304	13152000.0	1.0
26305	13152500.0	2.0
26306	13153000.0	1.0
26307	13153500.0	0.0
26308	13154000.0	1.0
26309	13154500.0	0.0
26310	13155000.0	1.0
26311	13155500.0	0.0
26312	13156000.0	1.0
26313	13156500.0	0.0
26314	13157000.0	0.0
26315	13157500.0	0.0
26316	13158000.0	0.0
26317	13158500.0	1.0
26318	13159000.0	2.0
26319	13159500.0	0.0
26320	13160000.0	1.0
26321	13160500.0	2.0
26322	13161000.0	1.0
26323	13161500.0	2.0
26324	13162000.0	1.0
26325	13162500.0	1.0
26326	13163000.0	0.0
26327	13163500.0	0.0
26328	13164000.0	2.0
26329	13164500.0	0.0
26330	13165000.0	0.0
26331	13165500.0	1.0
26332	13166000.0	1.0
26333	13166500.0	3.0
26334	13167000.0	0.0
26335	13167500.0	0.0
26336	13168000.0	3.0
26337	13168500.0	0.0
26338	13169000.0	3.0
26339	13169500.0	1.0
26340	13170000.0	0.0
26341	13170500.0	3.0
26342	13171000.0	1.0
26343	13171500.0	0.0
26344	13172000.0	0.0
26345	13172500.0	0.0
26346	13173000.0	2.0
26347	13173500.0	3.0
26348	13174000.0	2.0
26349	13174500.0	0.0
26350	13175000.0	3.0
26351	13175500.0	1.0
26352	13176000.0	2.0
26353	13176500.0	2.0
26354	13177000.0	1.0
26355	13177500.0	1.0
26356	13178000.0	0.0
26357	13178500.0	0.0
26358	13179000.0	1.0
26359	13179500.0	3.0
26360	13180000.0	0.0
26361	13180500.0	0.0
26362	13181000.0	2.0
26363	13181500.0	0.0
26364	13182000.0	1.0
26365	13182500.0	1.0
26366	13183000.0	2.0
26367	13183500.0	0.0
26368	13184000.0	2.0
26369	13184500.0	1.0
26370	13185000.0	1.0
26371	13185500.0	1.0
26372	13186000.0	2.0
26373	13186500.0	1.0
26374	13187000.0	2.0
26375	13187500.0	2.0
26376	13188000.0	1.0
26377	13188500.0	0.0
26378	13189000.0	0.0
26379	13189500.0	2.0
26380	13190000.0	1.0
26381	13190500.0	2.0
26382	13191000.0	0.0
26383	13191500.0	1.0
26384	13192000.0	2.0
26385	13192500.0	0.0
26386	13193000.0	1.0
26387	13193500.0	1.0
26388	13194000.0	0.0
26389	13194500.0	0.0
26390	13195000.0	2.0
26391	13195500.0	0.0
26392	13196000.0	1.0
26393	13196500.0	1.0
26394	13197000.0	1.0
26395	13197500.0	1.0
26396	13198000.0	1.0
26397	13198500.0	2.0
26398	13199000.0	1.0
26399	13199500.0	1.0
26400	13200000.0	0.0
26401	13200500.0	2.0
26402	13201000.0	1.0
26403	13201500.0	0.0
26404	13202000.0	1.0
26405	13202500.0	1.0
26406	13203000.0	1.0
26407	13203500.0	0.0
26408	13204000.0	1.0
26409	13204500.0	0.0
26410	13205000.0	1.0
26411	13205500.0	0.0
26412	13206000.0	5.0
26413	13206500.0	1.0
26414	13207000.0	1.0
26415	13207500.0	1.0
26416	13208000.0	1.0
26417	13208500.0	0.0
26418	13209000.0	0.0
26419	13209500.0	0.0
26420	13210000.0	3.0
26421	13210500.0	1.0
26422	13211000.0	1.0
26423	13211500.0	1.0
26424	13212000.0	1.0
26425	13212500.0	2.0
26426	13213000.0	3.0
26427	13213500.0	1.0
26428	13214000.0	0.0
26429	13214500.0	0.0
26430	13215000.0	3.0
26431	13215500.0	0.0
26432	13216000.0	2.0
26433	13216500.0	0.0
26434	13217000.0	0.0
26435	13217500.0	2.0
26436	13218000.0	0.0
26437	13218500.0	0.0
26438	13219000.0	0.0
26439	13219500.0	1.0
26440	13220000.0	0.0
26441	13220500.0	1.0
26442	13221000.0	0.0
26443	13221500.0	0.0
26444	13222000.0	3.0
26445	13222500.0	0.0
26446	13223000.0	0.0
26447	13223500.0	1.0
26448	13224000.0	1.0
26449	13224500.0	1.0
26450	13225000.0	0.0
26451	13225500.0	0.0
26452	13226000.0	0.0
26453	13226500.0	3.0
26454	13227000.0	1.0
26455	13227500.0	0.0
26456	13228000.0	1.0
26457	13228500.0	2.0
26458	13229000.0	1.0
26459	13229500.0	1.0
26460	13230000.0	0.0
26461	13230500.0	1.0
26462	13231000.0	2.0
26463	13231500.0	1.0
26464	13232000.0	0.0
26465	13232500.0	2.0
26466	13233000.0	0.0
26467	13233500.0	1.0
26468	13234000.0	3.0
26469	13234500.0	1.0
26470	13235000.0	0.0
26471	13235500.0	1.0
26472	13236000.0	0.0
26473	13236500.0	2.0
26474	13237000.0	1.0
26475	13237500.0	2.0
26476	13238000.0	4.0
26477	13238500.0	0.0
26478	13239000.0	1.0
26479	13239500.0	0.0
26480	13240000.0	0.0
26481	13240500.0	2.0
26482	13241000.0	0.0
26483	13241500.0	1.0
26484	13242000.0	0.0
26485	13242500.0	0.0
26486	13243000.0	1.0
26487	13243500.0	1.0
26488	13244000.0	0.0
26489	13244500.0	0.0
26490	13245000.0	1.0
26491	13245500.0	1.0
26492	13246000.0	0.0
26493	13246500.0	0.0
26494	13247000.0	1.0
26495	13247500.0	0.0
26496	13248000.0	1.0
26497	13248500.0	0.0
26498	13249000.0	1.0
26499	13249500.0	2.0
26500	13250000.0	0.0
26501	13250500.0	2.0
26502	13251000.0	1.0
26503	13251500.0	0.0
26504	13252000.0	0.0
26505	13252500.0	1.0
26506	13253000.0	0.0
26507	13253500.0	0.0
26508	13254000.0	2.0
26509	13254500.0	2.0
26510	13255000.0	0.0
26511	13255500.0	1.0
26512	13256000.0	1.0
26513	13256500.0	0.0
26514	13257000.0	2.0
26515	13257500.0	0.0
26516	13258000.0	1.0
26517	13258500.0	0.0
26518	13259000.0	1.0
26519	13259500.0	0.0
26520	13260000.0	0.0
26521	13260500.0	0.0
26522	13261000.0	2.0
26523	13261500.0	2.0
26524	13262000.0	1.0
26525	13262500.0	0.0
26526	13263000.0	2.0
26527	13263500.0	1.0
26528	13264000.0	0.0
26529	13264500.0	0.0
26530	13265000.0	1.0
26531	13265500.0	3.0
26532	13266000.0	0.0
26533	13266500.0	0.0
26534	13267000.0	2.0
26535	13267500.0	1.0
26536	13268000.0	2.0
26537	13268500.0	3.0
26538	13269000.0	0.0
26539	13269500.0	2.0
26540	13270000.0	0.0
26541	13270500.0	0.0
26542	13271000.0	2.0
26543	13271500.0	1.0
26544	13272000.0	2.0
26545	13272500.0	2.0
26546	13273000.0	0.0
26547	13273500.0	0.0
26548	13274000.0	1.0
26549	13274500.0	2.0
26550	13275000.0	0.0
26551	13275500.0	1.0
26552	13276000.0	1.0
26553	13276500.0	0.0
26554	13277000.0	1.0
26555	13277500.0	0.0
26556	13278000.0	0.0
26557	13278500.0	0.0
26558	13279000.0	1.0
26559	13279500.0	0.0
26560	13280000.0	1.0
26561	13280500.0	0.0
26562	13281000.0	1.0
26563	13281500.0	1.0
26564	13282000.0	2.0
26565	13282500.0	3.0
26566	13283000.0	1.0
26567	13283500.0	1.0
26568	13284000.0	0.0
26569	13284500.0	1.0
26570	13285000.0	3.0
26571	13285500.0	0.0
26572	13286000.0	0.0
26573	13286500.0	1.0
26574	13287000.0	1.0
26575	13287500.0	0.0
26576	13288000.0	0.0
26577	13288500.0	1.0
26578	13289000.0	0.0
26579	13289500.0	2.0
26580	13290000.0	1.0
26581	13290500.0	1.0
26582	13291000.0	2.0
26583	13291500.0	0.0
26584	13292000.0	1.0
26585	13292500.0	1.0
26586	13293000.0	1.0
26587	13293500.0	0.0
26588	13294000.0	2.0
26589	13294500.0	3.0
26590	13295000.0	3.0
26591	13295500.0	0.0
26592	13296000.0	3.0
26593	13296500.0	2.0
26594	13297000.0	1.0
26595	13297500.0	0.0
26596	13298000.0	0.0
26597	13298500.0	1.0
26598	13299000.0	1.0
26599	13299500.0	0.0
26600	13300000.0	2.0
26601	13300500.0	2.0
26602	13301000.0	0.0
26603	13301500.0	1.0
26604	13302000.0	3.0
26605	13302500.0	0.0
26606	13303000.0	1.0
26607	13303500.0	0.0
26608	13304000.0	2.0
26609	13304500.0	1.0
26610	13305000.0	2.0
26611	13305500.0	1.0
26612	13306000.0	0.0
26613	13306500.0	0.0
26614	13307000.0	1.0
26615	13307500.0	1.0
26616	13308000.0	0.0
26617	13308500.0	0.0
26618	13309000.0	1.0
26619	13309500.0	0.0
26620	13310000.0	2.0
26621	13310500.0	2.0
26622	13311000.0	1.0
26623	13311500.0	0.0
26624	13312000.0	1.0
26625	13312500.0	1.0
26626	13313000.0	4.0
26627	13313500.0	0.0
26628	13314000.0	1.0
26629	13314500.0	0.0
26630	13315000.0	0.0
26631	13315500.0	2.0
26632	13316000.0	0.0
26633	13316500.0	0.0
26634	13317000.0	0.0
26635	13317500.0	0.0
26636	13318000.0	1.0
26637	13318500.0	2.0
26638	13319000.0	0.0
26639	13319500.0	0.0
26640	13320000.0	0.0
26641	13320500.0	2.0
26642	13321000.0	0.0
26643	13321500.0	0.0
26644	13322000.0	3.0
26645	13322500.0	1.0
26646	13323000.0	1.0
26647	13323500.0	2.0
26648	13324000.0	0.0
26649	13324500.0	0.0
26650	13325000.0	3.0
26651	13325500.0	1.0
26652	13326000.0	2.0
26653	13326500.0	4.0
26654	13327000.0	3.0
26655	13327500.0	1.0
26656	13328000.0	1.0
26657	13328500.0	1.0
26658	13329000.0	2.0
26659	13329500.0	0.0
26660	13330000.0	1.0
26661	13330500.0	1.0
26662	13331000.0	0.0
26663	13331500.0	2.0
26664	13332000.0	1.0
26665	13332500.0	1.0
26666	13333000.0	1.0
26667	13333500.0	0.0
26668	13334000.0	3.0
26669	13334500.0	5.0
26670	13335000.0	1.0
26671	13335500.0	1.0
26672	13336000.0	0.0
26673	13336500.0	0.0
26674	13337000.0	1.0
26675	13337500.0	2.0
26676	13338000.0	3.0
26677	13338500.0	0.0
26678	13339000.0	3.0
26679	13339500.0	1.0
26680	13340000.0	1.0
26681	13340500.0	2.0
26682	13341000.0	1.0
26683	13341500.0	1.0
26684	13342000.0	3.0
26685	13342500.0	3.0
26686	13343000.0	3.0
26687	13343500.0	1.0
26688	13344000.0	0.0
26689	13344500.0	0.0
26690	13345000.0	1.0
26691	13345500.0	1.0
26692	13346000.0	3.0
26693	13346500.0	0.0
26694	13347000.0	1.0
26695	13347500.0	2.0
26696	13348000.0	0.0
26697	13348500.0	2.0
26698	13349000.0	5.0
26699	13349500.0	2.0
26700	13350000.0	2.0
26701	13350500.0	2.0
26702	13351000.0	2.0
26703	13351500.0	1.0
26704	13352000.0	1.0
26705	13352500.0	2.0
26706	13353000.0	1.0
26707	13353500.0	0.0
26708	13354000.0	1.0
26709	13354500.0	1.0
26710	13355000.0	0.0
26711	13355500.0	2.0
26712	13356000.0	2.0
26713	13356500.0	0.0
26714	13357000.0	1.0
26715	13357500.0	1.0
26716	13358000.0	1.0
26717	13358500.0	0.0
26718	13359000.0	0.0
26719	13359500.0	0.0
26720	13360000.0	1.0
26721	13360500.0	2.0
26722	13361000.0	1.0
26723	13361500.0	2.0
26724	13362000.0	2.0
26725	13362500.0	1.0
26726	13363000.0	1.0
26727	13363500.0	1.0
26728	13364000.0	2.0
26729	13364500.0	0.0
26730	13365000.0	0.0
26731	13365500.0	1.0
26732	13366000.0	0.0
26733	13366500.0	0.0
26734	13367000.0	3.0
26735	13367500.0	2.0
26736	13368000.0	0.0
26737	13368500.0	1.0
26738	13369000.0	0.0
26739	13369500.0	0.0
26740	13370000.0	1.0
26741	13370500.0	2.0
26742	13371000.0	0.0
26743	13371500.0	0.0
26744	13372000.0	0.0
26745	13372500.0	0.0
26746	13373000.0	1.0
26747	13373500.0	1.0
26748	13374000.0	0.0
26749	13374500.0	2.0
26750	13375000.0	1.0
26751	13375500.0	1.0
26752	13376000.0	1.0
26753	13376500.0	1.0
26754	13377000.0	0.0
26755	13377500.0	0.0
26756	13378000.0	1.0
26757	13378500.0	0.0
26758	13379000.0	0.0
26759	13379500.0	0.0
26760	13380000.0	2.0
26761	13380500.0	1.0
26762	13381000.0	0.0
26763	13381500.0	1.0
26764	13382000.0	2.0
26765	13382500.0	2.0
26766	13383000.0	0.0
26767	13383500.0	1.0
26768	13384000.0	0.0
26769	13384500.0	1.0
26770	13385000.0	0.0
26771	13385500.0	2.0
26772	13386000.0	0.0
26773	13386500.0	0.0
26774	13387000.0	1.0
26775	13387500.0	0.0
26776	13388000.0	1.0
26777	13388500.0	1.0
26778	13389000.0	0.0
26779	13389500.0	2.0
26780	13390000.0	1.0
26781	13390500.0	3.0
26782	13391000.0	0.0
26783	13391500.0	2.0
26784	13392000.0	2.0
26785	13392500.0	3.0
26786	13393000.0	0.0
26787	13393500.0	1.0
26788	13394000.0	2.0
26789	13394500.0	1.0
26790	13395000.0	2.0
26791	13395500.0	3.0
26792	13396000.0	2.0
26793	13396500.0	1.0
26794	13397000.0	2.0
26795	13397500.0	1.0
26796	13398000.0	1.0
26797	13398500.0	0.0
26798	13399000.0	3.0
26799	13399500.0	0.0
26800	13400000.0	1.0
26801	13400500.0	0.0
26802	13401000.0	0.0
26803	13401500.0	0.0
26804	13402000.0	1.0
26805	13402500.0	1.0
26806	13403000.0	1.0
26807	13403500.0	1.0
26808	13404000.0	0.0
26809	13404500.0	3.0
26810	13405000.0	3.0
26811	13405500.0	2.0
26812	13406000.0	2.0
26813	13406500.0	1.0
26814	13407000.0	1.0
26815	13407500.0	2.0
26816	13408000.0	3.0
26817	13408500.0	1.0
26818	13409000.0	0.0
26819	13409500.0	0.0
26820	13410000.0	2.0
26821	13410500.0	0.0
26822	13411000.0	0.0
26823	13411500.0	0.0
26824	13412000.0	1.0
26825	13412500.0	0.0
26826	13413000.0	1.0
26827	13413500.0	2.0
26828	13414000.0	1.0
26829	13414500.0	1.0
26830	13415000.0	1.0
26831	13415500.0	1.0
26832	13416000.0	0.0
26833	13416500.0	1.0
26834	13417000.0	1.0
26835	13417500.0	0.0
26836	13418000.0	2.0
26837	13418500.0	0.0
26838	13419000.0	3.0
26839	13419500.0	0.0
26840	13420000.0	0.0
26841	13420500.0	1.0
26842	13421000.0	1.0
26843	13421500.0	1.0
26844	13422000.0	3.0
26845	13422500.0	1.0
26846	13423000.0	2.0
26847	13423500.0	0.0
26848	13424000.0	2.0
26849	13424500.0	0.0
26850	13425000.0	0.0
26851	13425500.0	0.0
26852	13426000.0	3.0
26853	13426500.0	0.0
26854	13427000.0	1.0
26855	13427500.0	1.0
26856	13428000.0	1.0
26857	13428500.0	2.0
26858	13429000.0	0.0
26859	13429500.0	0.0
26860	13430000.0	1.0
26861	13430500.0	1.0
26862	13431000.0	1.0
26863	13431500.0	1.0
26864	13432000.0	1.0
26865	13432500.0	0.0
26866	13433000.0	0.0
26867	13433500.0	0.0
26868	13434000.0	2.0
26869	13434500.0	1.0
26870	13435000.0	0.0
26871	13435500.0	2.0
26872	13436000.0	3.0
26873	13436500.0	1.0
26874	13437000.0	0.0
26875	13437500.0	2.0
26876	13438000.0	2.0
26877	13438500.0	4.0
26878	13439000.0	0.0
26879	13439500.0	4.0
26880	13440000.0	2.0
26881	13440500.0	0.0
26882	13441000.0	2.0
26883	13441500.0	0.0
26884	13442000.0	0.0
26885	13442500.0	2.0
26886	13443000.0	1.0
26887	13443500.0	1.0
26888	13444000.0	0.0
26889	13444500.0	2.0
26890	13445000.0	2.0
26891	13445500.0	2.0
26892	13446000.0	1.0
26893	13446500.0	1.0
26894	13447000.0	2.0
26895	13447500.0	3.0
26896	13448000.0	1.0
26897	13448500.0	0.0
26898	13449000.0	0.0
26899	13449500.0	0.0
26900	13450000.0	0.0
26901	13450500.0	1.0
26902	13451000.0	0.0
26903	13451500.0	0.0
26904	13452000.0	2.0
26905	13452500.0	3.0
26906	13453000.0	0.0
26907	13453500.0	0.0
26908	13454000.0	0.0
26909	13454500.0	3.0
26910	13455000.0	3.0
26911	13455500.0	0.0
26912	13456000.0	2.0
26913	13456500.0	1.0
26914	13457000.0	4.0
26915	13457500.0	0.0
26916	13458000.0	1.0
26917	13458500.0	0.0
26918	13459000.0	0.0
26919	13459500.0	0.0
26920	13460000.0	0.0
26921	13460500.0	0.0
26922	13461000.0	1.0
26923	13461500.0	0.0
26924	13462000.0	1.0
26925	13462500.0	1.0
26926	13463000.0	1.0
26927	13463500.0	0.0
26928	13464000.0	0.0
26929	13464500.0	2.0
26930	13465000.0	1.0
26931	13465500.0	0.0
26932	13466000.0	1.0
26933	13466500.0	0.0
26934	13467000.0	1.0
26935	13467500.0	1.0
26936	13468000.0	1.0
26937	13468500.0	0.0
26938	13469000.0	2.0
26939	13469500.0	1.0
26940	13470000.0	2.0
26941	13470500.0	2.0
26942	13471000.0	1.0
26943	13471500.0	2.0
26944	13472000.0	0.0
26945	13472500.0	1.0
26946	13473000.0	0.0
26947	13473500.0	0.0
26948	13474000.0	0.0
26949	13474500.0	1.0
26950	13475000.0	0.0
26951	13475500.0	2.0
26952	13476000.0	0.0
26953	13476500.0	1.0
26954	13477000.0	1.0
26955	13477500.0	1.0
26956	13478000.0	0.0
26957	13478500.0	2.0
26958	13479000.0	3.0
26959	13479500.0	0.0
26960	13480000.0	1.0
26961	13480500.0	2.0
26962	13481000.0	1.0
26963	13481500.0	1.0
26964	13482000.0	0.0
26965	13482500.0	0.0
26966	13483000.0	1.0
26967	13483500.0	1.0
26968	13484000.0	0.0
26969	13484500.0	0.0
26970	13485000.0	1.0
26971	13485500.0	1.0
26972	13486000.0	0.0
26973	13486500.0	1.0
26974	13487000.0	0.0
26975	13487500.0	0.0
26976	13488000.0	0.0
26977	13488500.0	0.0
26978	13489000.0	0.0
26979	13489500.0	3.0
26980	13490000.0	0.0
26981	13490500.0	1.0
26982	13491000.0	3.0
26983	13491500.0	1.0
26984	13492000.0	0.0
26985	13492500.0	0.0
26986	13493000.0	1.0
26987	13493500.0	1.0
26988	13494000.0	4.0
26989	13494500.0	2.0
26990	13495000.0	2.0
26991	13495500.0	1.0
26992	13496000.0	1.0
26993	13496500.0	1.0
26994	13497000.0	1.0
26995	13497500.0	0.0
26996	13498000.0	0.0
26997	13498500.0	3.0
26998	13499000.0	0.0
26999	13499500.0	4.0
27000	13500000.0	1.0
27001	13500500.0	1.0
27002	13501000.0	3.0
27003	13501500.0	0.0
27004	13502000.0	2.0
27005	13502500.0	1.0
27006	13503000.0	1.0
27007	13503500.0	2.0
27008	13504000.0	1.0
27009	13504500.0	0.0
27010	13505000.0	0.0
27011	13505500.0	0.0
27012	13506000.0	0.0
27013	13506500.0	2.0
27014	13507000.0	2.0
27015	13507500.0	1.0
27016	13508000.0	0.0
27017	13508500.0	1.0
27018	13509000.0	0.0
27019	13509500.0	1.0
27020	13510000.0	0.0
27021	13510500.0	4.0
27022	13511000.0	1.0
27023	13511500.0	0.0
27024	13512000.0	2.0
27025	13512500.0	3.0
27026	13513000.0	2.0
27027	13513500.0	1.0
27028	13514000.0	0.0
27029	13514500.0	0.0
27030	13515000.0	1.0
27031	13515500.0	2.0
27032	13516000.0	0.0
27033	13516500.0	0.0
27034	13517000.0	0.0
27035	13517500.0	2.0
27036	13518000.0	2.0
27037	13518500.0	0.0
27038	13519000.0	1.0
27039	13519500.0	1.0
27040	13520000.0	1.0
27041	13520500.0	2.0
27042	13521000.0	1.0
27043	13521500.0	1.0
27044	13522000.0	0.0
27045	13522500.0	0.0
27046	13523000.0	0.0
27047	13523500.0	0.0
27048	13524000.0	0.0
27049	13524500.0	2.0
27050	13525000.0	2.0
27051	13525500.0	0.0
27052	13526000.0	2.0
27053	13526500.0	0.0
27054	13527000.0	1.0
27055	13527500.0	0.0
27056	13528000.0	0.0
27057	13528500.0	0.0
27058	13529000.0	1.0
27059	13529500.0	1.0
27060	13530000.0	0.0
27061	13530500.0	1.0
27062	13531000.0	0.0
27063	13531500.0	0.0
27064	13532000.0	0.0
27065	13532500.0	0.0
27066	13533000.0	0.0
27067	13533500.0	1.0
27068	13534000.0	0.0
27069	13534500.0	1.0
27070	13535000.0	3.0
27071	13535500.0	1.0
27072	13536000.0	3.0
27073	13536500.0	1.0
27074	13537000.0	2.0
27075	13537500.0	2.0
27076	13538000.0	1.0
27077	13538500.0	1.0
27078	13539000.0	0.0
27079	13539500.0	3.0
27080	13540000.0	2.0
27081	13540500.0	0.0
27082	13541000.0	1.0
27083	13541500.0	2.0
27084	13542000.0	3.0
27085	13542500.0	0.0
27086	13543000.0	2.0
27087	13543500.0	1.0
27088	13544000.0	0.0
27089	13544500.0	0.0
27090	13545000.0	0.0
27091	13545500.0	3.0
27092	13546000.0	0.0
27093	13546500.0	1.0
27094	13547000.0	1.0
27095	13547500.0	0.0
27096	13548000.0	1.0
27097	13548500.0	1.0
27098	13549000.0	2.0
27099	13549500.0	0.0
27100	13550000.0	1.0
27101	13550500.0	1.0
27102	13551000.0	0.0
27103	13551500.0	2.0
27104	13552000.0	1.0
27105	13552500.0	0.0
27106	13553000.0	1.0
27107	13553500.0	1.0
27108	13554000.0	1.0
27109	13554500.0	0.0
27110	13555000.0	0.0
27111	13555500.0	2.0
27112	13556000.0	3.0
27113	13556500.0	3.0
27114	13557000.0	0.0
27115	13557500.0	0.0
27116	13558000.0	1.0
27117	13558500.0	0.0
27118	13559000.0	0.0
27119	13559500.0	0.0
27120	13560000.0	2.0
27121	13560500.0	2.0
27122	13561000.0	0.0
27123	13561500.0	1.0
27124	13562000.0	4.0
27125	13562500.0	0.0
27126	13563000.0	0.0
27127	13563500.0	0.0
27128	13564000.0	0.0
27129	13564500.0	0.0
27130	13565000.0	1.0
27131	13565500.0	1.0
27132	13566000.0	1.0
27133	13566500.0	1.0
27134	13567000.0	1.0
27135	13567500.0	0.0
27136	13568000.0	3.0
27137	13568500.0	1.0
27138	13569000.0	1.0
27139	13569500.0	1.0
27140	13570000.0	1.0
27141	13570500.0	0.0
27142	13571000.0	3.0
27143	13571500.0	1.0
27144	13572000.0	1.0
27145	13572500.0	1.0
27146	13573000.0	0.0
27147	13573500.0	1.0
27148	13574000.0	0.0
27149	13574500.0	1.0
27150	13575000.0	2.0
27151	13575500.0	1.0
27152	13576000.0	0.0
27153	13576500.0	1.0
27154	13577000.0	0.0
27155	13577500.0	1.0
27156	13578000.0	0.0
27157	13578500.0	1.0
27158	13579000.0	2.0
27159	13579500.0	1.0
27160	13580000.0	0.0
27161	13580500.0	1.0
27162	13581000.0	0.0
27163	13581500.0	1.0
27164	13582000.0	1.0
27165	13582500.0	1.0
27166	13583000.0	2.0
27167	13583500.0	1.0
27168	13584000.0	2.0
27169	13584500.0	3.0
27170	13585000.0	1.0
27171	13585500.0	2.0
27172	13586000.0	1.0
27173	13586500.0	0.0
27174	13587000.0	2.0
27175	13587500.0	2.0
27176	13588000.0	0.0
27177	13588500.0	1.0
27178	13589000.0	0.0
27179	13589500.0	0.0
27180	13590000.0	0.0
27181	13590500.0	2.0
27182	13591000.0	0.0
27183	13591500.0	0.0
27184	13592000.0	1.0
27185	13592500.0	0.0
27186	13593000.0	0.0
27187	13593500.0	2.0
27188	13594000.0	0.0
27189	13594500.0	0.0
27190	13595000.0	1.0
27191	13595500.0	2.0
27192	13596000.0	1.0
27193	13596500.0	1.0
27194	13597000.0	0.0
27195	13597500.0	0.0
27196	13598000.0	0.0
27197	13598500.0	1.0
27198	13599000.0	0.0
27199	13599500.0	2.0
27200	13600000.0	0.0
27201	13600500.0	0.0
27202	13601000.0	1.0
27203	13601500.0	0.0
27204	13602000.0	0.0
27205	13602500.0	0.0
27206	13603000.0	0.0
27207	13603500.0	2.0
27208	13604000.0	0.0
27209	13604500.0	1.0
27210	13605000.0	1.0
27211	13605500.0	2.0
27212	13606000.0	2.0
27213	13606500.0	1.0
27214	13607000.0	1.0
27215	13607500.0	2.0
27216	13608000.0	1.0
27217	13608500.0	0.0
27218	13609000.0	0.0
27219	13609500.0	1.0
27220	13610000.0	3.0
27221	13610500.0	0.0
27222	13611000.0	2.0
27223	13611500.0	0.0
27224	13612000.0	0.0
27225	13612500.0	0.0
27226	13613000.0	1.0
27227	13613500.0	1.0
27228	13614000.0	1.0
27229	13614500.0	2.0
27230	13615000.0	1.0
27231	13615500.0	0.0
27232	13616000.0	2.0
27233	13616500.0	0.0
27234	13617000.0	1.0
27235	13617500.0	4.0
27236	13618000.0	1.0
27237	13618500.0	0.0
27238	13619000.0	3.0
27239	13619500.0	0.0
27240	13620000.0	2.0
27241	13620500.0	0.0
27242	13621000.0	0.0
27243	13621500.0	0.0
27244	13622000.0	2.0
27245	13622500.0	2.0
27246	13623000.0	0.0
27247	13623500.0	1.0
27248	13624000.0	0.0
27249	13624500.0	0.0
27250	13625000.0	1.0
27251	13625500.0	2.0
27252	13626000.0	1.0
27253	13626500.0	2.0
27254	13627000.0	2.0
27255	13627500.0	0.0
27256	13628000.0	1.0
27257	13628500.0	1.0
27258	13629000.0	0.0
27259	13629500.0	0.0
27260	13630000.0	1.0
27261	13630500.0	1.0
27262	13631000.0	2.0
27263	13631500.0	4.0
27264	13632000.0	2.0
27265	13632500.0	2.0
27266	13633000.0	3.0
27267	13633500.0	1.0
27268	13634000.0	1.0
27269	13634500.0	2.0
27270	13635000.0	0.0
27271	13635500.0	3.0
27272	13636000.0	1.0
27273	13636500.0	3.0
27274	13637000.0	1.0
27275	13637500.0	1.0
27276	13638000.0	0.0
27277	13638500.0	1.0
27278	13639000.0	1.0
27279	13639500.0	3.0
27280	13640000.0	0.0
27281	13640500.0	1.0
27282	13641000.0	2.0
27283	13641500.0	2.0
27284	13642000.0	0.0
27285	13642500.0	2.0
27286	13643000.0	0.0
27287	13643500.0	2.0
27288	13644000.0	0.0
27289	13644500.0	2.0
27290	13645000.0	0.0
27291	13645500.0	0.0
27292	13646000.0	1.0
27293	13646500.0	0.0
27294	13647000.0	0.0
27295	13647500.0	0.0
27296	13648000.0	1.0
27297	13648500.0	2.0
27298	13649000.0	1.0
27299	13649500.0	1.0
27300	13650000.0	1.0
27301	13650500.0	0.0
27302	13651000.0	2.0
27303	13651500.0	0.0
27304	13652000.0	1.0
27305	13652500.0	3.0
27306	13653000.0	0.0
27307	13653500.0	3.0
27308	13654000.0	0.0
27309	13654500.0	1.0
27310	13655000.0	1.0
27311	13655500.0	0.0
27312	13656000.0	0.0
27313	13656500.0	2.0
27314	13657000.0	1.0
27315	13657500.0	1.0
27316	13658000.0	0.0
27317	13658500.0	1.0
27318	13659000.0	1.0
27319	13659500.0	0.0
27320	13660000.0	1.0
27321	13660500.0	2.0
27322	13661000.0	0.0
27323	13661500.0	1.0
27324	13662000.0	2.0
27325	13662500.0	0.0
27326	13663000.0	1.0
27327	13663500.0	0.0
27328	13664000.0	4.0
27329	13664500.0	1.0
27330	13665000.0	1.0
27331	13665500.0	1.0
27332	13666000.0	2.0
27333	13666500.0	0.0
27334	13667000.0	1.0
27335	13667500.0	2.0
27336	13668000.0	2.0
27337	13668500.0	0.0
27338	13669000.0	0.0
27339	13669500.0	2.0
27340	13670000.0	3.0
27341	13670500.0	0.0
27342	13671000.0	0.0
27343	13671500.0	1.0
27344	13672000.0	1.0
27345	13672500.0	1.0
27346	13673000.0	1.0
27347	13673500.0	0.0
27348	13674000.0	0.0
27349	13674500.0	0.0
27350	13675000.0	2.0
27351	13675500.0	1.0
27352	13676000.0	1.0
27353	13676500.0	1.0
27354	13677000.0	1.0
27355	13677500.0	1.0
27356	13678000.0	1.0
27357	13678500.0	2.0
27358	13679000.0	1.0
27359	13679500.0	0.0
27360	13680000.0	2.0
27361	13680500.0	1.0
27362	13681000.0	3.0
27363	13681500.0	2.0
27364	13682000.0	1.0
27365	13682500.0	0.0
27366	13683000.0	0.0
27367	13683500.0	1.0
27368	13684000.0	1.0
27369	13684500.0	1.0
27370	13685000.0	1.0
27371	13685500.0	0.0
27372	13686000.0	2.0
27373	13686500.0	1.0
27374	13687000.0	1.0
27375	13687500.0	0.0
27376	13688000.0	1.0
27377	13688500.0	1.0
27378	13689000.0	1.0
27379	13689500.0	2.0
27380	13690000.0	0.0
27381	13690500.0	2.0
27382	13691000.0	1.0
27383	13691500.0	1.0
27384	13692000.0	1.0
27385	13692500.0	1.0
27386	13693000.0	0.0
27387	13693500.0	0.0
27388	13694000.0	0.0
27389	13694500.0	0.0
27390	13695000.0	0.0
27391	13695500.0	1.0
27392	13696000.0	1.0
27393	13696500.0	1.0
27394	13697000.0	1.0
27395	13697500.0	1.0
27396	13698000.0	1.0
27397	13698500.0	1.0
27398	13699000.0	0.0
27399	13699500.0	1.0
27400	13700000.0	0.0
27401	13700500.0	2.0
27402	13701000.0	1.0
27403	13701500.0	0.0
27404	13702000.0	0.0
27405	13702500.0	0.0
27406	13703000.0	0.0
27407	13703500.0	2.0
27408	13704000.0	2.0
27409	13704500.0	0.0
27410	13705000.0	2.0
27411	13705500.0	0.0
27412	13706000.0	1.0
27413	13706500.0	0.0
27414	13707000.0	2.0
27415	13707500.0	1.0
27416	13708000.0	0.0
27417	13708500.0	0.0
27418	13709000.0	1.0
27419	13709500.0	2.0
27420	13710000.0	0.0
27421	13710500.0	0.0
27422	13711000.0	1.0
27423	13711500.0	1.0
27424	13712000.0	2.0
27425	13712500.0	0.0
27426	13713000.0	1.0
27427	13713500.0	1.0
27428	13714000.0	1.0
27429	13714500.0	0.0
27430	13715000.0	0.0
27431	13715500.0	0.0
27432	13716000.0	1.0
27433	13716500.0	1.0
27434	13717000.0	2.0
27435	13717500.0	1.0
27436	13718000.0	2.0
27437	13718500.0	3.0
27438	13719000.0	1.0
27439	13719500.0	1.0
27440	13720000.0	2.0
27441	13720500.0	1.0
27442	13721000.0	2.0
27443	13721500.0	0.0
27444	13722000.0	1.0
27445	13722500.0	1.0
27446	13723000.0	1.0
27447	13723500.0	2.0
27448	13724000.0	2.0
27449	13724500.0	0.0
27450	13725000.0	1.0
27451	13725500.0	1.0
27452	13726000.0	0.0
27453	13726500.0	0.0
27454	13727000.0	1.0
27455	13727500.0	2.0
27456	13728000.0	2.0
27457	13728500.0	0.0
27458	13729000.0	1.0
27459	13729500.0	2.0
27460	13730000.0	2.0
27461	13730500.0	0.0
27462	13731000.0	1.0
27463	13731500.0	0.0
27464	13732000.0	2.0
27465	13732500.0	1.0
27466	13733000.0	1.0
27467	13733500.0	0.0
27468	13734000.0	0.0
27469	13734500.0	1.0
27470	13735000.0	3.0
27471	13735500.0	1.0
27472	13736000.0	2.0
27473	13736500.0	2.0
27474	13737000.0	0.0
27475	13737500.0	1.0
27476	13738000.0	2.0
27477	13738500.0	1.0
27478	13739000.0	2.0
27479	13739500.0	0.0
27480	13740000.0	1.0
27481	13740500.0	3.0
27482	13741000.0	1.0
27483	13741500.0	0.0
27484	13742000.0	0.0
27485	13742500.0	1.0
27486	13743000.0	0.0
27487	13743500.0	2.0
27488	13744000.0	0.0
27489	13744500.0	0.0
27490	13745000.0	1.0
27491	13745500.0	2.0
27492	13746000.0	1.0
27493	13746500.0	2.0
27494	13747000.0	0.0
27495	13747500.0	2.0
27496	13748000.0	0.0
27497	13748500.0	2.0
27498	13749000.0	1.0
27499	13749500.0	2.0
27500	13750000.0	2.0
27501	13750500.0	0.0
27502	13751000.0	2.0
27503	13751500.0	1.0
27504	13752000.0	0.0
27505	13752500.0	0.0
27506	13753000.0	1.0
27507	13753500.0	0.0
27508	13754000.0	0.0
27509	13754500.0	0.0
27510	13755000.0	0.0
27511	13755500.0	1.0
27512	13756000.0	0.0
27513	13756500.0	3.0
27514	13757000.0	1.0
27515	13757500.0	2.0
27516	13758000.0	1.0
27517	13758500.0	1.0
27518	13759000.0	1.0
27519	13759500.0	2.0
27520	13760000.0	2.0
27521	13760500.0	1.0
27522	13761000.0	1.0
27523	13761500.0	3.0
27524	13762000.0	1.0
27525	13762500.0	1.0
27526	13763000.0	1.0
27527	13763500.0	2.0
27528	13764000.0	3.0
27529	13764500.0	2.0
27530	13765000.0	1.0
27531	13765500.0	0.0
27532	13766000.0	0.0
27533	13766500.0	3.0
27534	13767000.0	0.0
27535	13767500.0	0.0
27536	13768000.0	0.0
27537	13768500.0	0.0
27538	13769000.0	2.0
27539	13769500.0	0.0
27540	13770000.0	1.0
27541	13770500.0	1.0
27542	13771000.0	3.0
27543	13771500.0	1.0
27544	13772000.0	1.0
27545	13772500.0	1.0
27546	13773000.0	0.0
27547	13773500.0	1.0
27548	13774000.0	3.0
27549	13774500.0	1.0
27550	13775000.0	0.0
27551	13775500.0	1.0
27552	13776000.0	3.0
27553	13776500.0	1.0
27554	13777000.0	2.0
27555	13777500.0	0.0
27556	13778000.0	1.0
27557	13778500.0	3.0
27558	13779000.0	2.0
27559	13779500.0	1.0
27560	13780000.0	1.0
27561	13780500.0	1.0
27562	13781000.0	1.0
27563	13781500.0	2.0
27564	13782000.0	0.0
27565	13782500.0	0.0
27566	13783000.0	0.0
27567	13783500.0	0.0
27568	13784000.0	1.0
27569	13784500.0	2.0
27570	13785000.0	0.0
27571	13785500.0	1.0
27572	13786000.0	0.0
27573	13786500.0	0.0
27574	13787000.0	0.0
27575	13787500.0	2.0
27576	13788000.0	0.0
27577	13788500.0	0.0
27578	13789000.0	1.0
27579	13789500.0	1.0
27580	13790000.0	4.0
27581	13790500.0	1.0
27582	13791000.0	0.0
27583	13791500.0	0.0
27584	13792000.0	2.0
27585	13792500.0	0.0
27586	13793000.0	2.0
27587	13793500.0	0.0
27588	13794000.0	0.0
27589	13794500.0	0.0
27590	13795000.0	4.0
27591	13795500.0	1.0
27592	13796000.0	0.0
27593	13796500.0	2.0
27594	13797000.0	2.0
27595	13797500.0	2.0
27596	13798000.0	0.0
27597	13798500.0	2.0
27598	13799000.0	2.0
27599	13799500.0	1.0
27600	13800000.0	0.0
27601	13800500.0	1.0
27602	13801000.0	0.0
27603	13801500.0	1.0
27604	13802000.0	1.0
27605	13802500.0	1.0
27606	13803000.0	1.0
27607	13803500.0	0.0
27608	13804000.0	0.0
27609	13804500.0	0.0
27610	13805000.0	0.0
27611	13805500.0	0.0
27612	13806000.0	2.0
27613	13806500.0	0.0
27614	13807000.0	0.0
27615	13807500.0	3.0
27616	13808000.0	1.0
27617	13808500.0	2.0
27618	13809000.0	1.0
27619	13809500.0	1.0
27620	13810000.0	2.0
27621	13810500.0	1.0
27622	13811000.0	0.0
27623	13811500.0	0.0
27624	13812000.0	0.0
27625	13812500.0	1.0
27626	13813000.0	1.0
27627	13813500.0	0.0
27628	13814000.0	0.0
27629	13814500.0	1.0
27630	13815000.0	1.0
27631	13815500.0	2.0
27632	13816000.0	1.0
27633	13816500.0	4.0
27634	13817000.0	2.0
27635	13817500.0	0.0
27636	13818000.0	0.0
27637	13818500.0	0.0
27638	13819000.0	3.0
27639	13819500.0	2.0
27640	13820000.0	0.0
27641	13820500.0	1.0
27642	13821000.0	0.0
27643	13821500.0	1.0
27644	13822000.0	0.0
27645	13822500.0	2.0
27646	13823000.0	1.0
27647	13823500.0	0.0
27648	13824000.0	0.0
27649	13824500.0	3.0
27650	13825000.0	0.0
27651	13825500.0	0.0
27652	13826000.0	2.0
27653	13826500.0	0.0
27654	13827000.0	1.0
27655	13827500.0	0.0
27656	13828000.0	1.0
27657	13828500.0	0.0
27658	13829000.0	0.0
27659	13829500.0	2.0
27660	13830000.0	0.0
27661	13830500.0	0.0
27662	13831000.0	0.0
27663	13831500.0	0.0
27664	13832000.0	1.0
27665	13832500.0	1.0
27666	13833000.0	2.0
27667	13833500.0	0.0
27668	13834000.0	3.0
27669	13834500.0	2.0
27670	13835000.0	0.0
27671	13835500.0	2.0
27672	13836000.0	3.0
27673	13836500.0	1.0
27674	13837000.0	2.0
27675	13837500.0	1.0
27676	13838000.0	0.0
27677	13838500.0	1.0
27678	13839000.0	2.0
27679	13839500.0	2.0
27680	13840000.0	1.0
27681	13840500.0	1.0
27682	13841000.0	1.0
27683	13841500.0	0.0
27684	13842000.0	0.0
27685	13842500.0	1.0
27686	13843000.0	0.0
27687	13843500.0	1.0
27688	13844000.0	0.0
27689	13844500.0	0.0
27690	13845000.0	1.0
27691	13845500.0	1.0
27692	13846000.0	1.0
27693	13846500.0	3.0
27694	13847000.0	0.0
27695	13847500.0	0.0
27696	13848000.0	2.0
27697	13848500.0	2.0
27698	13849000.0	3.0
27699	13849500.0	1.0
27700	13850000.0	1.0
27701	13850500.0	1.0
27702	13851000.0	3.0
27703	13851500.0	2.0
27704	13852000.0	2.0
27705	13852500.0	1.0
27706	13853000.0	1.0
27707	13853500.0	0.0
27708	13854000.0	0.0
27709	13854500.0	1.0
27710	13855000.0	4.0
27711	13855500.0	0.0
27712	13856000.0	1.0
27713	13856500.0	2.0
27714	13857000.0	0.0
27715	13857500.0	2.0
27716	13858000.0	0.0
27717	13858500.0	2.0
27718	13859000.0	1.0
27719	13859500.0	0.0
27720	13860000.0	1.0
27721	13860500.0	0.0
27722	13861000.0	0.0
27723	13861500.0	0.0
27724	13862000.0	0.0
27725	13862500.0	1.0
27726	13863000.0	0.0
27727	13863500.0	1.0
27728	13864000.0	1.0
27729	13864500.0	2.0
27730	13865000.0	2.0
27731	13865500.0	1.0
27732	13866000.0	1.0
27733	13866500.0	1.0
27734	13867000.0	2.0
27735	13867500.0	1.0
27736	13868000.0	0.0
27737	13868500.0	2.0
27738	13869000.0	1.0
27739	13869500.0	0.0
27740	13870000.0	3.0
27741	13870500.0	0.0
27742	13871000.0	2.0
27743	13871500.0	1.0
27744	13872000.0	0.0
27745	13872500.0	0.0
27746	13873000.0	1.0
27747	13873500.0	2.0
27748	13874000.0	2.0
27749	13874500.0	0.0
27750	13875000.0	1.0
27751	13875500.0	2.0
27752	13876000.0	4.0
27753	13876500.0	0.0
27754	13877000.0	1.0
27755	13877500.0	2.0
27756	13878000.0	2.0
27757	13878500.0	2.0
27758	13879000.0	0.0
27759	13879500.0	1.0
27760	13880000.0	0.0
27761	13880500.0	2.0
27762	13881000.0	0.0
27763	13881500.0	0.0
27764	13882000.0	4.0
27765	13882500.0	2.0
27766	13883000.0	2.0
27767	13883500.0	0.0
27768	13884000.0	0.0
27769	13884500.0	1.0
27770	13885000.0	1.0
27771	13885500.0	1.0
27772	13886000.0	2.0
27773	13886500.0	2.0
27774	13887000.0	0.0
27775	13887500.0	3.0
27776	13888000.0	0.0
27777	13888500.0	2.0
27778	13889000.0	1.0
27779	13889500.0	1.0
27780	13890000.0	0.0
27781	13890500.0	1.0
27782	13891000.0	1.0
27783	13891500.0	0.0
27784	13892000.0	1.0
27785	13892500.0	0.0
27786	13893000.0	1.0
27787	13893500.0	0.0
27788	13894000.0	1.0
27789	13894500.0	2.0
27790	13895000.0	1.0
27791	13895500.0	0.0
27792	13896000.0	1.0
27793	13896500.0	1.0
27794	13897000.0	2.0
27795	13897500.0	2.0
27796	13898000.0	1.0
27797	13898500.0	0.0
27798	13899000.0	0.0
27799	13899500.0	3.0
27800	13900000.0	0.0
27801	13900500.0	0.0
27802	13901000.0	2.0
27803	13901500.0	1.0
27804	13902000.0	0.0
27805	13902500.0	1.0
27806	13903000.0	0.0
27807	13903500.0	3.0
27808	13904000.0	2.0
27809	13904500.0	0.0
27810	13905000.0	2.0
27811	13905500.0	1.0
27812	13906000.0	1.0
27813	13906500.0	2.0
27814	13907000.0	1.0
27815	13907500.0	0.0
27816	13908000.0	4.0
27817	13908500.0	0.0
27818	13909000.0	4.0
27819	13909500.0	2.0
27820	13910000.0	1.0
27821	13910500.0	1.0
27822	13911000.0	2.0
27823	13911500.0	1.0
27824	13912000.0	0.0
27825	13912500.0	0.0
27826	13913000.0	0.0
27827	13913500.0	0.0
27828	13914000.0	2.0
27829	13914500.0	1.0
27830	13915000.0	1.0
27831	13915500.0	1.0
27832	13916000.0	0.0
27833	13916500.0	1.0
27834	13917000.0	1.0
27835	13917500.0	3.0
27836	13918000.0	0.0
27837	13918500.0	1.0
27838	13919000.0	2.0
27839	13919500.0	2.0
27840	13920000.0	1.0
27841	13920500.0	0.0
27842	13921000.0	0.0
27843	13921500.0	1.0
27844	13922000.0	2.0
27845	13922500.0	2.0
27846	13923000.0	0.0
27847	13923500.0	0.0
27848	13924000.0	1.0
27849	13924500.0	0.0
27850	13925000.0	4.0
27851	13925500.0	0.0
27852	13926000.0	0.0
27853	13926500.0	1.0
27854	13927000.0	2.0
27855	13927500.0	2.0
27856	13928000.0	0.0
27857	13928500.0	1.0
27858	13929000.0	0.0
27859	13929500.0	0.0
27860	13930000.0	0.0
27861	13930500.0	1.0
27862	13931000.0	0.0
27863	13931500.0	0.0
27864	13932000.0	0.0
27865	13932500.0	1.0
27866	13933000.0	1.0
27867	13933500.0	2.0
27868	13934000.0	0.0
27869	13934500.0	1.0
27870	13935000.0	0.0
27871	13935500.0	0.0
27872	13936000.0	0.0
27873	13936500.0	0.0
27874	13937000.0	3.0
27875	13937500.0	1.0
27876	13938000.0	1.0
27877	13938500.0	0.0
27878	13939000.0	1.0
27879	13939500.0	2.0
27880	13940000.0	1.0
27881	13940500.0	2.0
27882	13941000.0	1.0
27883	13941500.0	2.0
27884	13942000.0	2.0
27885	13942500.0	0.0
27886	13943000.0	1.0
27887	13943500.0	0.0
27888	13944000.0	1.0
27889	13944500.0	2.0
27890	13945000.0	1.0
27891	13945500.0	0.0
27892	13946000.0	0.0
27893	13946500.0	0.0
27894	13947000.0	1.0
27895	13947500.0	2.0
27896	13948000.0	2.0
27897	13948500.0	1.0
27898	13949000.0	0.0
27899	13949500.0	1.0
27900	13950000.0	1.0
27901	13950500.0	0.0
27902	13951000.0	0.0
27903	13951500.0	1.0
27904	13952000.0	0.0
27905	13952500.0	0.0
27906	13953000.0	0.0
27907	13953500.0	3.0
27908	13954000.0	0.0
27909	13954500.0	2.0
27910	13955000.0	0.0
27911	13955500.0	1.0
27912	13956000.0	1.0
27913	13956500.0	1.0
27914	13957000.0	0.0
27915	13957500.0	2.0
27916	13958000.0	0.0
27917	13958500.0	1.0
27918	13959000.0	3.0
27919	13959500.0	2.0
27920	13960000.0	0.0
27921	13960500.0	0.0
27922	13961000.0	2.0
27923	13961500.0	0.0
27924	13962000.0	0.0
27925	13962500.0	1.0
27926	13963000.0	1.0
27927	13963500.0	0.0
27928	13964000.0	3.0
27929	13964500.0	1.0
27930	13965000.0	0.0
27931	13965500.0	1.0
27932	13966000.0	0.0
27933	13966500.0	1.0
27934	13967000.0	0.0
27935	13967500.0	1.0
27936	13968000.0	2.0
27937	13968500.0	2.0
27938	13969000.0	2.0
27939	13969500.0	2.0
27940	13970000.0	0.0
27941	13970500.0	1.0
27942	13971000.0	0.0
27943	13971500.0	2.0
27944	13972000.0	2.0
27945	13972500.0	0.0
27946	13973000.0	1.0
27947	13973500.0	0.0
27948	13974000.0	5.0
27949	13974500.0	1.0
27950	13975000.0	0.0
27951	13975500.0	1.0
27952	13976000.0	2.0
27953	13976500.0	2.0
27954	13977000.0	2.0
27955	13977500.0	2.0
27956	13978000.0	0.0
27957	13978500.0	1.0
27958	13979000.0	0.0
27959	13979500.0	4.0
27960	13980000.0	0.0
27961	13980500.0	1.0
27962	13981000.0	0.0
27963	13981500.0	1.0
27964	13982000.0	1.0
27965	13982500.0	0.0
27966	13983000.0	0.0
27967	13983500.0	0.0
27968	13984000.0	0.0
27969	13984500.0	0.0
27970	13985000.0	2.0
27971	13985500.0	1.0
27972	13986000.0	1.0
27973	13986500.0	0.0
27974	13987000.0	1.0
27975	13987500.0	0.0
27976	13988000.0	0.0
27977	13988500.0	0.0
27978	13989000.0	1.0
27979	13989500.0	2.0
27980	13990000.0	0.0
27981	13990500.0	2.0
27982	13991000.0	0.0
27983	13991500.0	1.0
27984	13992000.0	1.0
27985	13992500.0	0.0
27986	13993000.0	2.0
27987	13993500.0	1.0
27988	13994000.0	0.0
27989	13994500.0	1.0
27990	13995000.0	1.0
27991	13995500.0	3.0
27992	13996000.0	2.0
27993	13996500.0	1.0
27994	13997000.0	1.0
27995	13997500.0	0.0
27996	13998000.0	0.0
27997	13998500.0	0.0
27998	13999000.0	1.0
27999	13999500.0	2.0
28000	14000000.0	0.0
28001	14000500.0	2.0
28002	14001000.0	1.0
28003	14001500.0	2.0
28004	14002000.0	1.0
28005	14002500.0	0.0
28006	14003000.0	0.0
28007	14003500.0	1.0
28008	14004000.0	2.0
28009	14004500.0	0.0
28010	14005000.0	0.0
28011	14005500.0	2.0
28012	14006000.0	3.0
28013	14006500.0	2.0
28014	14007000.0	0.0
28015	14007500.0	1.0
28016	14008000.0	2.0
28017	14008500.0	1.0
28018	14009000.0	0.0
28019	14009500.0	3.0
28020	14010000.0	0.0
28021	14010500.0	1.0
28022	14011000.0	0.0
28023	14011500.0	2.0
28024	14012000.0	1.0
28025	14012500.0	0.0
28026	14013000.0	4.0
28027	14013500.0	1.0
28028	14014000.0	0.0
28029	14014500.0	2.0
28030	14015000.0	6.0
28031	14015500.0	2.0
28032	14016000.0	0.0
28033	14016500.0	0.0
28034	14017000.0	0.0
28035	14017500.0	2.0
28036	14018000.0	0.0
28037	14018500.0	1.0
28038	14019000.0	1.0
28039	14019500.0	0.0
28040	14020000.0	0.0
28041	14020500.0	0.0
28042	14021000.0	2.0
28043	14021500.0	1.0
28044	14022000.0	0.0
28045	14022500.0	2.0
28046	14023000.0	1.0
28047	14023500.0	0.0
28048	14024000.0	0.0
28049	14024500.0	0.0
28050	14025000.0	0.0
28051	14025500.0	2.0
28052	14026000.0	1.0
28053	14026500.0	0.0
28054	14027000.0	2.0
28055	14027500.0	0.0
28056	14028000.0	1.0
28057	14028500.0	1.0
28058	14029000.0	2.0
28059	14029500.0	0.0
28060	14030000.0	0.0
28061	14030500.0	2.0
28062	14031000.0	0.0
28063	14031500.0	1.0
28064	14032000.0	0.0
28065	14032500.0	1.0
28066	14033000.0	0.0
28067	14033500.0	0.0
28068	14034000.0	1.0
28069	14034500.0	2.0
28070	14035000.0	2.0
28071	14035500.0	1.0
28072	14036000.0	1.0
28073	14036500.0	3.0
28074	14037000.0	2.0
28075	14037500.0	1.0
28076	14038000.0	0.0
28077	14038500.0	1.0
28078	14039000.0	0.0
28079	14039500.0	2.0
28080	14040000.0	2.0
28081	14040500.0	1.0
28082	14041000.0	1.0
28083	14041500.0	0.0
28084	14042000.0	0.0
28085	14042500.0	0.0
28086	14043000.0	1.0
28087	14043500.0	0.0
28088	14044000.0	1.0
28089	14044500.0	1.0
28090	14045000.0	0.0
28091	14045500.0	0.0
28092	14046000.0	0.0
28093	14046500.0	1.0
28094	14047000.0	0.0
28095	14047500.0	1.0
28096	14048000.0	0.0
28097	14048500.0	1.0
28098	14049000.0	0.0
28099	14049500.0	0.0
28100	14050000.0	0.0
28101	14050500.0	1.0
28102	14051000.0	1.0
28103	14051500.0	1.0
28104	14052000.0	0.0
28105	14052500.0	1.0
28106	14053000.0	0.0
28107	14053500.0	0.0
28108	14054000.0	1.0
28109	14054500.0	1.0
28110	14055000.0	1.0
28111	14055500.0	0.0
28112	14056000.0	0.0
28113	14056500.0	0.0
28114	14057000.0	0.0
28115	14057500.0	2.0
28116	14058000.0	1.0
28117	14058500.0	0.0
28118	14059000.0	0.0
28119	14059500.0	1.0
28120	14060000.0	1.0
28121	14060500.0	0.0
28122	14061000.0	0.0
28123	14061500.0	4.0
28124	14062000.0	1.0
28125	14062500.0	1.0
28126	14063000.0	1.0
28127	14063500.0	1.0
28128	14064000.0	0.0
28129	14064500.0	1.0
28130	14065000.0	2.0
28131	14065500.0	2.0
28132	14066000.0	0.0
28133	14066500.0	1.0
28134	14067000.0	0.0
28135	14067500.0	0.0
28136	14068000.0	1.0
28137	14068500.0	1.0
28138	14069000.0	1.0
28139	14069500.0	1.0
28140	14070000.0	0.0
28141	14070500.0	0.0
28142	14071000.0	0.0
28143	14071500.0	2.0
28144	14072000.0	1.0
28145	14072500.0	3.0
28146	14073000.0	2.0
28147	14073500.0	2.0
28148	14074000.0	1.0
28149	14074500.0	1.0
28150	14075000.0	0.0
28151	14075500.0	0.0
28152	14076000.0	1.0
28153	14076500.0	0.0
28154	14077000.0	2.0
28155	14077500.0	1.0
28156	14078000.0	0.0
28157	14078500.0	0.0
28158	14079000.0	2.0
28159	14079500.0	1.0
28160	14080000.0	0.0
28161	14080500.0	2.0
28162	14081000.0	1.0
28163	14081500.0	1.0
28164	14082000.0	2.0
28165	14082500.0	3.0
28166	14083000.0	2.0
28167	14083500.0	1.0
28168	14084000.0	1.0
28169	14084500.0	1.0
28170	14085000.0	1.0
28171	14085500.0	0.0
28172	14086000.0	2.0
28173	14086500.0	1.0
28174	14087000.0	3.0
28175	14087500.0	1.0
28176	14088000.0	2.0
28177	14088500.0	0.0
28178	14089000.0	0.0
28179	14089500.0	0.0
28180	14090000.0	1.0
28181	14090500.0	0.0
28182	14091000.0	1.0
28183	14091500.0	1.0
28184	14092000.0	1.0
28185	14092500.0	3.0
28186	14093000.0	2.0
28187	14093500.0	2.0
28188	14094000.0	3.0
28189	14094500.0	2.0
28190	14095000.0	1.0
28191	14095500.0	1.0
28192	14096000.0	0.0
28193	14096500.0	2.0
28194	14097000.0	0.0
28195	14097500.0	0.0
28196	14098000.0	0.0
28197	14098500.0	0.0
28198	14099000.0	0.0
28199	14099500.0	0.0
28200	14100000.0	1.0
28201	14100500.0	0.0
28202	14101000.0	1.0
28203	14101500.0	0.0
28204	14102000.0	2.0
28205	14102500.0	0.0
28206	14103000.0	1.0
28207	14103500.0	2.0
28208	14104000.0	2.0
28209	14104500.0	0.0
28210	14105000.0	1.0
28211	14105500.0	0.0
28212	14106000.0	0.0
28213	14106500.0	0.0
28214	14107000.0	1.0
28215	14107500.0	4.0
28216	14108000.0	1.0
28217	14108500.0	2.0
28218	14109000.0	1.0
28219	14109500.0	0.0
28220	14110000.0	1.0
28221	14110500.0	3.0
28222	14111000.0	3.0
28223	14111500.0	0.0
28224	14112000.0	1.0
28225	14112500.0	0.0
28226	14113000.0	1.0
28227	14113500.0	0.0
28228	14114000.0	0.0
28229	14114500.0	4.0
28230	14115000.0	1.0
28231	14115500.0	1.0
28232	14116000.0	0.0
28233	14116500.0	0.0
28234	14117000.0	1.0
28235	14117500.0	3.0
28236	14118000.0	0.0
28237	14118500.0	0.0
28238	14119000.0	3.0
28239	14119500.0	0.0
28240	14120000.0	1.0
28241	14120500.0	3.0
28242	14121000.0	1.0
28243	14121500.0	1.0
28244	14122000.0	1.0
28245	14122500.0	1.0
28246	14123000.0	1.0
28247	14123500.0	0.0
28248	14124000.0	0.0
28249	14124500.0	1.0
28250	14125000.0	1.0
28251	14125500.0	1.0
28252	14126000.0	0.0
28253	14126500.0	2.0
28254	14127000.0	1.0
28255	14127500.0	0.0
28256	14128000.0	3.0
28257	14128500.0	1.0
28258	14129000.0	2.0
28259	14129500.0	0.0
28260	14130000.0	1.0
28261	14130500.0	1.0
28262	14131000.0	1.0
28263	14131500.0	2.0
28264	14132000.0	2.0
28265	14132500.0	1.0
28266	14133000.0	0.0
28267	14133500.0	0.0
28268	14134000.0	1.0
28269	14134500.0	2.0
28270	14135000.0	1.0
28271	14135500.0	1.0
28272	14136000.0	2.0
28273	14136500.0	1.0
28274	14137000.0	1.0
28275	14137500.0	1.0
28276	14138000.0	1.0
28277	14138500.0	0.0
28278	14139000.0	2.0
28279	14139500.0	2.0
28280	14140000.0	2.0
28281	14140500.0	0.0
28282	14141000.0	2.0
28283	14141500.0	4.0
28284	14142000.0	0.0
28285	14142500.0	6.0
28286	14143000.0	0.0
28287	14143500.0	0.0
28288	14144000.0	1.0
28289	14144500.0	2.0
28290	14145000.0	0.0
28291	14145500.0	1.0
28292	14146000.0	1.0
28293	14146500.0	0.0
28294	14147000.0	1.0
28295	14147500.0	3.0
28296	14148000.0	4.0
28297	14148500.0	0.0
28298	14149000.0	0.0
28299	14149500.0	1.0
28300	14150000.0	2.0
28301	14150500.0	3.0
28302	14151000.0	1.0
28303	14151500.0	2.0
28304	14152000.0	3.0
28305	14152500.0	0.0
28306	14153000.0	2.0
28307	14153500.0	2.0
28308	14154000.0	0.0
28309	14154500.0	0.0
28310	14155000.0	1.0
28311	14155500.0	2.0
28312	14156000.0	0.0
28313	14156500.0	2.0
28314	14157000.0	0.0
28315	14157500.0	2.0
28316	14158000.0	3.0
28317	14158500.0	4.0
28318	14159000.0	0.0
28319	14159500.0	3.0
28320	14160000.0	2.0
28321	14160500.0	0.0
28322	14161000.0	3.0
28323	14161500.0	2.0
28324	14162000.0	0.0
28325	14162500.0	1.0
28326	14163000.0	1.0
28327	14163500.0	1.0
28328	14164000.0	0.0
28329	14164500.0	3.0
28330	14165000.0	3.0
28331	14165500.0	0.0
28332	14166000.0	0.0
28333	14166500.0	2.0
28334	14167000.0	0.0
28335	14167500.0	0.0
28336	14168000.0	1.0
28337	14168500.0	1.0
28338	14169000.0	0.0
28339	14169500.0	2.0
28340	14170000.0	0.0
28341	14170500.0	1.0
28342	14171000.0	1.0
28343	14171500.0	0.0
28344	14172000.0	0.0
28345	14172500.0	2.0
28346	14173000.0	0.0
28347	14173500.0	1.0
28348	14174000.0	2.0
28349	14174500.0	1.0
28350	14175000.0	0.0
28351	14175500.0	2.0
28352	14176000.0	0.0
28353	14176500.0	2.0
28354	14177000.0	1.0
28355	14177500.0	1.0
28356	14178000.0	0.0
28357	14178500.0	0.0
28358	14179000.0	0.0
28359	14179500.0	1.0
28360	14180000.0	0.0
28361	14180500.0	0.0
28362	14181000.0	0.0
28363	14181500.0	1.0
28364	14182000.0	2.0
28365	14182500.0	0.0
28366	14183000.0	0.0
28367	14183500.0	0.0
28368	14184000.0	1.0
28369	14184500.0	1.0
28370	14185000.0	1.0
28371	14185500.0	1.0
28372	14186000.0	1.0
28373	14186500.0	0.0
28374	14187000.0	0.0
28375	14187500.0	0.0
28376	14188000.0	0.0
28377	14188500.0	0.0
28378	14189000.0	1.0
28379	14189500.0	0.0
28380	14190000.0	1.0
28381	14190500.0	0.0
28382	14191000.0	1.0
28383	14191500.0	0.0
28384	14192000.0	1.0
28385	14192500.0	0.0
28386	14193000.0	2.0
28387	14193500.0	1.0
28388	14194000.0	2.0
28389	14194500.0	2.0
28390	14195000.0	1.0
28391	14195500.0	1.0
28392	14196000.0	0.0
28393	14196500.0	1.0
28394	14197000.0	0.0
28395	14197500.0	0.0
28396	14198000.0	1.0
28397	14198500.0	1.0
28398	14199000.0	3.0
28399	14199500.0	1.0
28400	14200000.0	2.0
28401	14200500.0	1.0
28402	14201000.0	0.0
28403	14201500.0	2.0
28404	14202000.0	1.0
28405	14202500.0	0.0
28406	14203000.0	0.0
28407	14203500.0	0.0
28408	14204000.0	2.0
28409	14204500.0	0.0
28410	14205000.0	0.0
28411	14205500.0	0.0
28412	14206000.0	2.0
28413	14206500.0	0.0
28414	14207000.0	1.0
28415	14207500.0	0.0
28416	14208000.0	0.0
28417	14208500.0	1.0
28418	14209000.0	0.0
28419	14209500.0	2.0
28420	14210000.0	3.0
28421	14210500.0	1.0
28422	14211000.0	2.0
28423	14211500.0	1.0
28424	14212000.0	1.0
28425	14212500.0	3.0
28426	14213000.0	1.0
28427	14213500.0	1.0
28428	14214000.0	2.0
28429	14214500.0	0.0
28430	14215000.0	1.0
28431	14215500.0	0.0
28432	14216000.0	1.0
28433	14216500.0	1.0
28434	14217000.0	3.0
28435	14217500.0	0.0
28436	14218000.0	1.0
28437	14218500.0	0.0
28438	14219000.0	2.0
28439	14219500.0	1.0
28440	14220000.0	0.0
28441	14220500.0	3.0
28442	14221000.0	1.0
28443	14221500.0	1.0
28444	14222000.0	1.0
28445	14222500.0	2.0
28446	14223000.0	0.0
28447	14223500.0	1.0
28448	14224000.0	2.0
28449	14224500.0	2.0
28450	14225000.0	0.0
28451	14225500.0	4.0
28452	14226000.0	0.0
28453	14226500.0	2.0
28454	14227000.0	1.0
28455	14227500.0	0.0
28456	14228000.0	3.0
28457	14228500.0	1.0
28458	14229000.0	1.0
28459	14229500.0	1.0
28460	14230000.0	0.0
28461	14230500.0	0.0
28462	14231000.0	2.0
28463	14231500.0	1.0
28464	14232000.0	1.0
28465	14232500.0	0.0
28466	14233000.0	1.0
28467	14233500.0	2.0
28468	14234000.0	1.0
28469	14234500.0	1.0
28470	14235000.0	2.0
28471	14235500.0	0.0
28472	14236000.0	3.0
28473	14236500.0	3.0
28474	14237000.0	2.0
28475	14237500.0	2.0
28476	14238000.0	0.0
28477	14238500.0	1.0
28478	14239000.0	0.0
28479	14239500.0	1.0
28480	14240000.0	2.0
28481	14240500.0	0.0
28482	14241000.0	3.0
28483	14241500.0	0.0
28484	14242000.0	1.0
28485	14242500.0	1.0
28486	14243000.0	1.0
28487	14243500.0	1.0
28488	14244000.0	2.0
28489	14244500.0	0.0
28490	14245000.0	2.0
28491	14245500.0	2.0
28492	14246000.0	0.0
28493	14246500.0	0.0
28494	14247000.0	1.0
28495	14247500.0	0.0
28496	14248000.0	0.0
28497	14248500.0	1.0
28498	14249000.0	1.0
28499	14249500.0	0.0
28500	14250000.0	1.0
28501	14250500.0	0.0
28502	14251000.0	3.0
28503	14251500.0	1.0
28504	14252000.0	0.0
28505	14252500.0	1.0
28506	14253000.0	0.0
28507	14253500.0	0.0
28508	14254000.0	0.0
28509	14254500.0	0.0
28510	14255000.0	2.0
28511	14255500.0	1.0
28512	14256000.0	1.0
28513	14256500.0	1.0
28514	14257000.0	2.0
28515	14257500.0	0.0
28516	14258000.0	1.0
28517	14258500.0	0.0
28518	14259000.0	0.0
28519	14259500.0	1.0
28520	14260000.0	1.0
28521	14260500.0	1.0
28522	14261000.0	0.0
28523	14261500.0	1.0
28524	14262000.0	0.0
28525	14262500.0	0.0
28526	14263000.0	0.0
28527	14263500.0	1.0
28528	14264000.0	1.0
28529	14264500.0	2.0
28530	14265000.0	0.0
28531	14265500.0	1.0
28532	14266000.0	0.0
28533	14266500.0	0.0
28534	14267000.0	1.0
28535	14267500.0	3.0
28536	14268000.0	1.0
28537	14268500.0	0.0
28538	14269000.0	1.0
28539	14269500.0	1.0
28540	14270000.0	2.0
28541	14270500.0	0.0
28542	14271000.0	1.0
28543	14271500.0	0.0
28544	14272000.0	0.0
28545	14272500.0	1.0
28546	14273000.0	0.0
28547	14273500.0	2.0
28548	14274000.0	2.0
28549	14274500.0	0.0
28550	14275000.0	2.0
28551	14275500.0	0.0
28552	14276000.0	2.0
28553	14276500.0	0.0
28554	14277000.0	0.0
28555	14277500.0	0.0
28556	14278000.0	5.0
28557	14278500.0	1.0
28558	14279000.0	0.0
28559	14279500.0	1.0
28560	14280000.0	2.0
28561	14280500.0	0.0
28562	14281000.0	2.0
28563	14281500.0	1.0
28564	14282000.0	1.0
28565	14282500.0	1.0
28566	14283000.0	1.0
28567	14283500.0	1.0
28568	14284000.0	1.0
28569	14284500.0	2.0
28570	14285000.0	0.0
28571	14285500.0	0.0
28572	14286000.0	0.0
28573	14286500.0	0.0
28574	14287000.0	1.0
28575	14287500.0	1.0
28576	14288000.0	1.0
28577	14288500.0	0.0
28578	14289000.0	2.0
28579	14289500.0	0.0
28580	14290000.0	2.0
28581	14290500.0	3.0
28582	14291000.0	0.0
28583	14291500.0	1.0
28584	14292000.0	1.0
28585	14292500.0	1.0
28586	14293000.0	2.0
28587	14293500.0	0.0
28588	14294000.0	1.0
28589	14294500.0	2.0
28590	14295000.0	1.0
28591	14295500.0	2.0
28592	14296000.0	0.0
28593	14296500.0	0.0
28594	14297000.0	1.0
28595	14297500.0	2.0
28596	14298000.0	1.0
28597	14298500.0	0.0
28598	14299000.0	0.0
28599	14299500.0	0.0
28600	14300000.0	1.0
28601	14300500.0	0.0
28602	14301000.0	0.0
28603	14301500.0	2.0
28604	14302000.0	1.0
28605	14302500.0	0.0
28606	14303000.0	0.0
28607	14303500.0	1.0
28608	14304000.0	1.0
28609	14304500.0	1.0
28610	14305000.0	0.0
28611	14305500.0	0.0
28612	14306000.0	2.0
28613	14306500.0	1.0
28614	14307000.0	1.0
28615	14307500.0	0.0
28616	14308000.0	1.0
28617	14308500.0	1.0
28618	14309000.0	1.0
28619	14309500.0	1.0
28620	14310000.0	1.0
28621	14310500.0	2.0
28622	14311000.0	1.0
28623	14311500.0	0.0
28624	14312000.0	1.0
28625	14312500.0	0.0
28626	14313000.0	1.0
28627	14313500.0	0.0
28628	14314000.0	0.0
28629	14314500.0	2.0
28630	14315000.0	1.0
28631	14315500.0	1.0
28632	14316000.0	1.0
28633	14316500.0	1.0
28634	14317000.0	1.0
28635	14317500.0	0.0
28636	14318000.0	2.0
28637	14318500.0	2.0
28638	14319000.0	2.0
28639	14319500.0	2.0
28640	14320000.0	2.0
28641	14320500.0	1.0
28642	14321000.0	0.0
28643	14321500.0	0.0
28644	14322000.0	2.0
28645	14322500.0	1.0
28646	14323000.0	0.0
28647	14323500.0	0.0
28648	14324000.0	0.0
28649	14324500.0	3.0
28650	14325000.0	0.0
28651	14325500.0	1.0
28652	14326000.0	0.0
28653	14326500.0	0.0
28654	14327000.0	0.0
28655	14327500.0	2.0
28656	14328000.0	0.0
28657	14328500.0	3.0
28658	14329000.0	1.0
28659	14329500.0	2.0
28660	14330000.0	0.0
28661	14330500.0	1.0
28662	14331000.0	0.0
28663	14331500.0	0.0
28664	14332000.0	2.0
28665	14332500.0	1.0
28666	14333000.0	1.0
28667	14333500.0	1.0
28668	14334000.0	2.0
28669	14334500.0	0.0
28670	14335000.0	0.0
28671	14335500.0	1.0
28672	14336000.0	1.0
28673	14336500.0	0.0
28674	14337000.0	1.0
28675	14337500.0	1.0
28676	14338000.0	1.0
28677	14338500.0	0.0
28678	14339000.0	4.0
28679	14339500.0	0.0
28680	14340000.0	0.0
28681	14340500.0	1.0
28682	14341000.0	2.0
28683	14341500.0	1.0
28684	14342000.0	0.0
28685	14342500.0	2.0
28686	14343000.0	0.0
28687	14343500.0	1.0
28688	14344000.0	1.0
28689	14344500.0	0.0
28690	14345000.0	1.0
28691	14345500.0	1.0
28692	14346000.0	0.0
28693	14346500.0	1.0
28694	14347000.0	0.0
28695	14347500.0	0.0
28696	14348000.0	0.0
28697	14348500.0	1.0
28698	14349000.0	0.0
28699	14349500.0	1.0
28700	14350000.0	1.0
28701	14350500.0	0.0
28702	14351000.0	1.0
28703	14351500.0	0.0
28704	14352000.0	1.0
28705	14352500.0	0.0
28706	14353000.0	2.0
28707	14353500.0	1.0
28708	14354000.0	1.0
28709	14354500.0	1.0
28710	14355000.0	0.0
28711	14355500.0	1.0
28712	14356000.0	1.0
28713	14356500.0	0.0
28714	14357000.0	1.0
28715	14357500.0	6.0
28716	14358000.0	1.0
28717	14358500.0	1.0
28718	14359000.0	1.0
28719	14359500.0	2.0
28720	14360000.0	0.0
28721	14360500.0	0.0
28722	14361000.0	1.0
28723	14361500.0	3.0
28724	14362000.0	1.0
28725	14362500.0	1.0
28726	14363000.0	0.0
28727	14363500.0	0.0
28728	14364000.0	1.0
28729	14364500.0	1.0
28730	14365000.0	0.0
28731	14365500.0	1.0
28732	14366000.0	3.0
28733	14366500.0	0.0
28734	14367000.0	2.0
28735	14367500.0	3.0
28736	14368000.0	1.0
28737	14368500.0	2.0
28738	14369000.0	1.0
28739	14369500.0	0.0
28740	14370000.0	1.0
28741	14370500.0	2.0
28742	14371000.0	1.0
28743	14371500.0	1.0
28744	14372000.0	1.0
28745	14372500.0	0.0
28746	14373000.0	2.0
28747	14373500.0	0.0
28748	14374000.0	0.0
28749	14374500.0	1.0
28750	14375000.0	1.0
28751	14375500.0	1.0
28752	14376000.0	0.0
28753	14376500.0	1.0
28754	14377000.0	0.0
28755	14377500.0	1.0
28756	14378000.0	2.0
28757	14378500.0	2.0
28758	14379000.0	0.0
28759	14379500.0	4.0
28760	14380000.0	2.0
28761	14380500.0	0.0
28762	14381000.0	5.0
28763	14381500.0	1.0
28764	14382000.0	1.0
28765	14382500.0	2.0
28766	14383000.0	2.0
28767	14383500.0	1.0
28768	14384000.0	2.0
28769	14384500.0	0.0
28770	14385000.0	1.0
28771	14385500.0	1.0
28772	14386000.0	3.0
28773	14386500.0	2.0
28774	14387000.0	1.0
28775	14387500.0	1.0
28776	14388000.0	0.0
28777	14388500.0	0.0
28778	14389000.0	3.0
28779	14389500.0	0.0
28780	14390000.0	2.0
28781	14390500.0	0.0
28782	14391000.0	0.0
28783	14391500.0	1.0
28784	14392000.0	1.0
28785	14392500.0	1.0
28786	14393000.0	0.0
28787	14393500.0	1.0
28788	14394000.0	0.0
28789	14394500.0	2.0
28790	14395000.0	0.0
28791	14395500.0	1.0
28792	14396000.0	0.0
28793	14396500.0	2.0
28794	14397000.0	2.0
28795	14397500.0	1.0
28796	14398000.0	1.0
28797	14398500.0	0.0
28798	14399000.0	2.0
28799	14399500.0	2.0
28800	14400000.0	0.0
28801	14400500.0	1.0
28802	14401000.0	1.0
28803	14401500.0	0.0
28804	14402000.0	1.0
28805	14402500.0	1.0
28806	14403000.0	1.0
28807	14403500.0	2.0
28808	14404000.0	1.0
28809	14404500.0	1.0
28810	14405000.0	2.0
28811	14405500.0	1.0
28812	14406000.0	0.0
28813	14406500.0	1.0
28814	14407000.0	0.0
28815	14407500.0	3.0
28816	14408000.0	2.0
28817	14408500.0	3.0
28818	14409000.0	1.0
28819	14409500.0	2.0
28820	14410000.0	0.0
28821	14410500.0	0.0
28822	14411000.0	0.0
28823	14411500.0	3.0
28824	14412000.0	1.0
28825	14412500.0	3.0
28826	14413000.0	2.0
28827	14413500.0	1.0
28828	14414000.0	0.0
28829	14414500.0	1.0
28830	14415000.0	2.0
28831	14415500.0	1.0
28832	14416000.0	0.0
28833	14416500.0	1.0
28834	14417000.0	3.0
28835	14417500.0	0.0
28836	14418000.0	0.0
28837	14418500.0	1.0
28838	14419000.0	2.0
28839	14419500.0	2.0
28840	14420000.0	2.0
28841	14420500.0	2.0
28842	14421000.0	1.0
28843	14421500.0	1.0
28844	14422000.0	0.0
28845	14422500.0	1.0
28846	14423000.0	0.0
28847	14423500.0	3.0
28848	14424000.0	2.0
28849	14424500.0	0.0
28850	14425000.0	0.0
28851	14425500.0	3.0
28852	14426000.0	0.0
28853	14426500.0	3.0
28854	14427000.0	0.0
28855	14427500.0	1.0
28856	14428000.0	4.0
28857	14428500.0	2.0
28858	14429000.0	0.0
28859	14429500.0	1.0
28860	14430000.0	3.0
28861	14430500.0	2.0
28862	14431000.0	1.0
28863	14431500.0	1.0
28864	14432000.0	2.0
28865	14432500.0	0.0
28866	14433000.0	0.0
28867	14433500.0	2.0
28868	14434000.0	1.0
28869	14434500.0	2.0
28870	14435000.0	0.0
28871	14435500.0	0.0
28872	14436000.0	1.0
28873	14436500.0	0.0
28874	14437000.0	0.0
28875	14437500.0	0.0
28876	14438000.0	1.0
28877	14438500.0	1.0
28878	14439000.0	1.0
28879	14439500.0	3.0
28880	14440000.0	0.0
28881	14440500.0	1.0
28882	14441000.0	1.0
28883	14441500.0	1.0
28884	14442000.0	1.0
28885	14442500.0	0.0
28886	14443000.0	3.0
28887	14443500.0	0.0
28888	14444000.0	0.0
28889	14444500.0	1.0
28890	14445000.0	0.0
28891	14445500.0	0.0
28892	14446000.0	1.0
28893	14446500.0	1.0
28894	14447000.0	1.0
28895	14447500.0	1.0
28896	14448000.0	0.0
28897	14448500.0	1.0
28898	14449000.0	0.0
28899	14449500.0	0.0
28900	14450000.0	1.0
28901	14450500.0	1.0
28902	14451000.0	0.0
28903	14451500.0	2.0
28904	14452000.0	0.0
28905	14452500.0	0.0
28906	14453000.0	0.0
28907	14453500.0	0.0
28908	14454000.0	0.0
28909	14454500.0	0.0
28910	14455000.0	1.0
28911	14455500.0	1.0
28912	14456000.0	0.0
28913	14456500.0	0.0
28914	14457000.0	1.0
28915	14457500.0	2.0
28916	14458000.0	0.0
28917	14458500.0	1.0
28918	14459000.0	1.0
28919	14459500.0	3.0
28920	14460000.0	0.0
28921	14460500.0	4.0
28922	14461000.0	0.0
28923	14461500.0	0.0
28924	14462000.0	1.0
28925	14462500.0	0.0
28926	14463000.0	1.0
28927	14463500.0	0.0
28928	14464000.0	1.0
28929	14464500.0	0.0
28930	14465000.0	1.0
28931	14465500.0	1.0
28932	14466000.0	1.0
28933	14466500.0	1.0
28934	14467000.0	1.0
28935	14467500.0	1.0
28936	14468000.0	1.0
28937	14468500.0	2.0
28938	14469000.0	0.0
28939	14469500.0	0.0
28940	14470000.0	1.0
28941	14470500.0	2.0
28942	14471000.0	2.0
28943	14471500.0	0.0
28944	14472000.0	0.0
28945	14472500.0	2.0
28946	14473000.0	0.0
28947	14473500.0	1.0
28948	14474000.0	2.0
28949	14474500.0	1.0
28950	14475000.0	1.0
28951	14475500.0	0.0
28952	14476000.0	1.0
28953	14476500.0	1.0
28954	14477000.0	0.0
28955	14477500.0	0.0
28956	14478000.0	0.0
28957	14478500.0	0.0
28958	14479000.0	0.0
28959	14479500.0	0.0
28960	14480000.0	0.0
28961	14480500.0	0.0
28962	14481000.0	1.0
28963	14481500.0	4.0
28964	14482000.0	2.0
28965	14482500.0	1.0
28966	14483000.0	0.0
28967	14483500.0	0.0
28968	14484000.0	1.0
28969	14484500.0	1.0
28970	14485000.0	0.0
28971	14485500.0	4.0
28972	14486000.0	3.0
28973	14486500.0	0.0
28974	14487000.0	1.0
28975	14487500.0	2.0
28976	14488000.0	0.0
28977	14488500.0	1.0
28978	14489000.0	0.0
28979	14489500.0	1.0
28980	14490000.0	1.0
28981	14490500.0	0.0
28982	14491000.0	0.0
28983	14491500.0	0.0
28984	14492000.0	1.0
28985	14492500.0	1.0
28986	14493000.0	3.0
28987	14493500.0	1.0
28988	14494000.0	0.0
28989	14494500.0	1.0
28990	14495000.0	0.0
28991	14495500.0	1.0
28992	14496000.0	0.0
28993	14496500.0	1.0
28994	14497000.0	0.0
28995	14497500.0	0.0
28996	14498000.0	2.0
28997	14498500.0	0.0
28998	14499000.0	1.0
28999	14499500.0	1.0
29000	14500000.0	1.0
29001	14500500.0	0.0
29002	14501000.0	1.0
29003	14501500.0	2.0
29004	14502000.0	0.0
29005	14502500.0	1.0
29006	14503000.0	1.0
29007	14503500.0	2.0
29008	14504000.0	0.0
29009	14504500.0	1.0
29010	14505000.0	1.0
29011	14505500.0	0.0
29012	14506000.0	2.0
29013	14506500.0	2.0
29014	14507000.0	1.0
29015	14507500.0	1.0
29016	14508000.0	0.0
29017	14508500.0	1.0
29018	14509000.0	2.0
29019	14509500.0	2.0
29020	14510000.0	1.0
29021	14510500.0	0.0
29022	14511000.0	4.0
29023	14511500.0	2.0
29024	14512000.0	2.0
29025	14512500.0	1.0
29026	14513000.0	2.0
29027	14513500.0	1.0
29028	14514000.0	0.0
29029	14514500.0	0.0
29030	14515000.0	2.0
29031	14515500.0	2.0
29032	14516000.0	0.0
29033	14516500.0	2.0
29034	14517000.0	1.0
29035	14517500.0	1.0
29036	14518000.0	0.0
29037	14518500.0	0.0
29038	14519000.0	2.0
29039	14519500.0	0.0
29040	14520000.0	0.0
29041	14520500.0	1.0
29042	14521000.0	0.0
29043	14521500.0	1.0
29044	14522000.0	2.0
29045	14522500.0	2.0
29046	14523000.0	1.0
29047	14523500.0	0.0
29048	14524000.0	0.0
29049	14524500.0	0.0
29050	14525000.0	1.0
29051	14525500.0	2.0
29052	14526000.0	2.0
29053	14526500.0	2.0
29054	14527000.0	1.0
29055	14527500.0	0.0
29056	14528000.0	0.0
29057	14528500.0	1.0
29058	14529000.0	0.0
29059	14529500.0	2.0
29060	14530000.0	0.0
29061	14530500.0	1.0
29062	14531000.0	0.0
29063	14531500.0	2.0
29064	14532000.0	1.0
29065	14532500.0	0.0
29066	14533000.0	1.0
29067	14533500.0	0.0
29068	14534000.0	1.0
29069	14534500.0	0.0
29070	14535000.0	0.0
29071	14535500.0	1.0
29072	14536000.0	3.0
29073	14536500.0	0.0
29074	14537000.0	4.0
29075	14537500.0	0.0
29076	14538000.0	0.0
29077	14538500.0	2.0
29078	14539000.0	1.0
29079	14539500.0	1.0
29080	14540000.0	0.0
29081	14540500.0	0.0
29082	14541000.0	5.0
29083	14541500.0	0.0
29084	14542000.0	1.0
29085	14542500.0	2.0
29086	14543000.0	1.0
29087	14543500.0	1.0
29088	14544000.0	0.0
29089	14544500.0	2.0
29090	14545000.0	2.0
29091	14545500.0	0.0
29092	14546000.0	1.0
29093	14546500.0	2.0
29094	14547000.0	1.0
29095	14547500.0	0.0
29096	14548000.0	0.0
29097	14548500.0	1.0
29098	14549000.0	2.0
29099	14549500.0	2.0
29100	14550000.0	0.0
29101	14550500.0	0.0
29102	14551000.0	1.0
29103	14551500.0	2.0
29104	14552000.0	0.0
29105	14552500.0	0.0
29106	14553000.0	0.0
29107	14553500.0	1.0
29108	14554000.0	1.0
29109	14554500.0	0.0
29110	14555000.0	0.0
29111	14555500.0	0.0
29112	14556000.0	2.0
29113	14556500.0	1.0
29114	14557000.0	1.0
29115	14557500.0	0.0
29116	14558000.0	1.0
29117	14558500.0	0.0
29118	14559000.0	0.0
29119	14559500.0	1.0
29120	14560000.0	2.0
29121	14560500.0	1.0
29122	14561000.0	2.0
29123	14561500.0	0.0
29124	14562000.0	2.0
29125	14562500.0	1.0
29126	14563000.0	1.0
29127	14563500.0	0.0
29128	14564000.0	1.0
29129	14564500.0	0.0
29130	14565000.0	0.0
29131	14565500.0	2.0
29132	14566000.0	0.0
29133	14566500.0	0.0
29134	14567000.0	3.0
29135	14567500.0	0.0
29136	14568000.0	0.0
29137	14568500.0	1.0
29138	14569000.0	1.0
29139	14569500.0	2.0
29140	14570000.0	2.0
29141	14570500.0	1.0
29142	14571000.0	3.0
29143	14571500.0	2.0
29144	14572000.0	0.0
29145	14572500.0	1.0
29146	14573000.0	4.0
29147	14573500.0	1.0
29148	14574000.0	0.0
29149	14574500.0	1.0
29150	14575000.0	0.0
29151	14575500.0	3.0
29152	14576000.0	1.0
29153	14576500.0	2.0
29154	14577000.0	4.0
29155	14577500.0	4.0
29156	14578000.0	1.0
29157	14578500.0	1.0
29158	14579000.0	2.0
29159	14579500.0	1.0
29160	14580000.0	1.0
29161	14580500.0	0.0
29162	14581000.0	1.0
29163	14581500.0	1.0
29164	14582000.0	0.0
29165	14582500.0	1.0
29166	14583000.0	0.0
29167	14583500.0	1.0
29168	14584000.0	0.0
29169	14584500.0	0.0
29170	14585000.0	2.0
29171	14585500.0	1.0
29172	14586000.0	0.0
29173	14586500.0	1.0
29174	14587000.0	0.0
29175	14587500.0	0.0
29176	14588000.0	0.0
29177	14588500.0	1.0
29178	14589000.0	2.0
29179	14589500.0	1.0
29180	14590000.0	2.0
29181	14590500.0	2.0
29182	14591000.0	3.0
29183	14591500.0	1.0
29184	14592000.0	0.0
29185	14592500.0	1.0
29186	14593000.0	1.0
29187	14593500.0	1.0
29188	14594000.0	1.0
29189	14594500.0	2.0
29190	14595000.0	0.0
29191	14595500.0	2.0
29192	14596000.0	2.0
29193	14596500.0	3.0
29194	14597000.0	0.0
29195	14597500.0	1.0
29196	14598000.0	1.0
29197	14598500.0	1.0
29198	14599000.0	1.0
29199	14599500.0	1.0
29200	14600000.0	2.0
29201	14600500.0	1.0
29202	14601000.0	0.0
29203	14601500.0	0.0
29204	14602000.0	3.0
29205	14602500.0	1.0
29206	14603000.0	2.0
29207	14603500.0	1.0
29208	14604000.0	0.0
29209	14604500.0	2.0
29210	14605000.0	1.0
29211	14605500.0	1.0
29212	14606000.0	1.0
29213	14606500.0	3.0
29214	14607000.0	1.0
29215	14607500.0	2.0
29216	14608000.0	1.0
29217	14608500.0	0.0
29218	14609000.0	1.0
29219	14609500.0	1.0
29220	14610000.0	1.0
29221	14610500.0	0.0
29222	14611000.0	2.0
29223	14611500.0	1.0
29224	14612000.0	1.0
29225	14612500.0	1.0
29226	14613000.0	2.0
29227	14613500.0	1.0
29228	14614000.0	2.0
29229	14614500.0	2.0
29230	14615000.0	0.0
29231	14615500.0	1.0
29232	14616000.0	1.0
29233	14616500.0	0.0
29234	14617000.0	1.0
29235	14617500.0	0.0
29236	14618000.0	0.0
29237	14618500.0	1.0
29238	14619000.0	1.0
29239	14619500.0	0.0
29240	14620000.0	0.0
29241	14620500.0	1.0
29242	14621000.0	0.0
29243	14621500.0	0.0
29244	14622000.0	1.0
29245	14622500.0	0.0
29246	14623000.0	1.0
29247	14623500.0	2.0
29248	14624000.0	2.0
29249	14624500.0	1.0
29250	14625000.0	0.0
29251	14625500.0	0.0
29252	14626000.0	1.0
29253	14626500.0	1.0
29254	14627000.0	0.0
29255	14627500.0	1.0
29256	14628000.0	0.0
29257	14628500.0	1.0
29258	14629000.0	2.0
29259	14629500.0	1.0
29260	14630000.0	2.0
29261	14630500.0	2.0
29262	14631000.0	0.0
29263	14631500.0	1.0
29264	14632000.0	1.0
29265	14632500.0	2.0
29266	14633000.0	0.0
29267	14633500.0	0.0
29268	14634000.0	1.0
29269	14634500.0	1.0
29270	14635000.0	0.0
29271	14635500.0	3.0
29272	14636000.0	0.0
29273	14636500.0	0.0
29274	14637000.0	1.0
29275	14637500.0	2.0
29276	14638000.0	0.0
29277	14638500.0	1.0
29278	14639000.0	1.0
29279	14639500.0	0.0
29280	14640000.0	1.0
29281	14640500.0	0.0
29282	14641000.0	1.0
29283	14641500.0	2.0
29284	14642000.0	0.0
29285	14642500.0	2.0
29286	14643000.0	1.0
29287	14643500.0	0.0
29288	14644000.0	2.0
29289	14644500.0	0.0
29290	14645000.0	0.0
29291	14645500.0	2.0
29292	14646000.0	0.0
29293	14646500.0	2.0
29294	14647000.0	2.0
29295	14647500.0	0.0
29296	14648000.0	0.0
29297	14648500.0	0.0
29298	14649000.0	2.0
29299	14649500.0	1.0
29300	14650000.0	1.0
29301	14650500.0	1.0
29302	14651000.0	2.0
29303	14651500.0	2.0
29304	14652000.0	0.0
29305	14652500.0	1.0
29306	14653000.0	0.0
29307	14653500.0	1.0
29308	14654000.0	1.0
29309	14654500.0	0.0
29310	14655000.0	2.0
29311	14655500.0	1.0
29312	14656000.0	2.0
29313	14656500.0	0.0
29314	14657000.0	0.0
29315	14657500.0	0.0
29316	14658000.0	0.0
29317	14658500.0	0.0
29318	14659000.0	1.0
29319	14659500.0	0.0
29320	14660000.0	0.0
29321	14660500.0	0.0
29322	14661000.0	1.0
29323	14661500.0	0.0
29324	14662000.0	0.0
29325	14662500.0	2.0
29326	14663000.0	0.0
29327	14663500.0	0.0
29328	14664000.0	3.0
29329	14664500.0	1.0
29330	14665000.0	1.0
29331	14665500.0	3.0
29332	14666000.0	2.0
29333	14666500.0	3.0
29334	14667000.0	1.0
29335	14667500.0	0.0
29336	14668000.0	0.0
29337	14668500.0	0.0
29338	14669000.0	2.0
29339	14669500.0	0.0
29340	14670000.0	1.0
29341	14670500.0	1.0
29342	14671000.0	1.0
29343	14671500.0	1.0
29344	14672000.0	0.0
29345	14672500.0	2.0
29346	14673000.0	1.0
29347	14673500.0	1.0
29348	14674000.0	1.0
29349	14674500.0	1.0
29350	14675000.0	1.0
29351	14675500.0	0.0
29352	14676000.0	1.0
29353	14676500.0	0.0
29354	14677000.0	0.0
29355	14677500.0	2.0
29356	14678000.0	1.0
29357	14678500.0	0.0
29358	14679000.0	0.0
29359	14679500.0	1.0
29360	14680000.0	0.0
29361	14680500.0	0.0
29362	14681000.0	0.0
29363	14681500.0	1.0
29364	14682000.0	0.0
29365	14682500.0	1.0
29366	14683000.0	1.0
29367	14683500.0	1.0
29368	14684000.0	0.0
29369	14684500.0	0.0
29370	14685000.0	0.0
29371	14685500.0	0.0
29372	14686000.0	1.0
29373	14686500.0	1.0
29374	14687000.0	1.0
29375	14687500.0	3.0
29376	14688000.0	1.0
29377	14688500.0	1.0
29378	14689000.0	0.0
29379	14689500.0	0.0
29380	14690000.0	1.0
29381	14690500.0	0.0
29382	14691000.0	1.0
29383	14691500.0	3.0
29384	14692000.0	0.0
29385	14692500.0	0.0
29386	14693000.0	1.0
29387	14693500.0	1.0
29388	14694000.0	1.0
29389	14694500.0	0.0
29390	14695000.0	3.0
29391	14695500.0	3.0
29392	14696000.0	0.0
29393	14696500.0	1.0
29394	14697000.0	2.0
29395	14697500.0	1.0
29396	14698000.0	1.0
29397	14698500.0	0.0
29398	14699000.0	1.0
29399	14699500.0	3.0
29400	14700000.0	2.0
29401	14700500.0	1.0
29402	14701000.0	0.0
29403	14701500.0	0.0
29404	14702000.0	2.0
29405	14702500.0	0.0
29406	14703000.0	1.0
29407	14703500.0	3.0
29408	14704000.0	2.0
29409	14704500.0	1.0
29410	14705000.0	1.0
29411	14705500.0	0.0
29412	14706000.0	3.0
29413	14706500.0	0.0
29414	14707000.0	0.0
29415	14707500.0	0.0
29416	14708000.0	0.0
29417	14708500.0	0.0
29418	14709000.0	4.0
29419	14709500.0	3.0
29420	14710000.0	0.0
29421	14710500.0	0.0
29422	14711000.0	3.0
29423	14711500.0	1.0
29424	14712000.0	1.0
29425	14712500.0	1.0
29426	14713000.0	1.0
29427	14713500.0	2.0
29428	14714000.0	1.0
29429	14714500.0	1.0
29430	14715000.0	3.0
29431	14715500.0	3.0
29432	14716000.0	2.0
29433	14716500.0	0.0
29434	14717000.0	0.0
29435	14717500.0	0.0
29436	14718000.0	1.0
29437	14718500.0	2.0
29438	14719000.0	0.0
29439	14719500.0	4.0
29440	14720000.0	1.0
29441	14720500.0	2.0
29442	14721000.0	0.0
29443	14721500.0	2.0
29444	14722000.0	2.0
29445	14722500.0	2.0
29446	14723000.0	2.0
29447	14723500.0	1.0
29448	14724000.0	0.0
29449	14724500.0	2.0
29450	14725000.0	1.0
29451	14725500.0	0.0
29452	14726000.0	0.0
29453	14726500.0	1.0
29454	14727000.0	1.0
29455	14727500.0	1.0
29456	14728000.0	1.0
29457	14728500.0	1.0
29458	14729000.0	2.0
29459	14729500.0	1.0
29460	14730000.0	0.0
29461	14730500.0	1.0
29462	14731000.0	1.0
29463	14731500.0	2.0
29464	14732000.0	2.0
29465	14732500.0	3.0
29466	14733000.0	0.0
29467	14733500.0	0.0
29468	14734000.0	2.0
29469	14734500.0	1.0
29470	14735000.0	1.0
29471	14735500.0	1.0
29472	14736000.0	0.0
29473	14736500.0	2.0
29474	14737000.0	1.0
29475	14737500.0	1.0
29476	14738000.0	0.0
29477	14738500.0	1.0
29478	14739000.0	2.0
29479	14739500.0	0.0
29480	14740000.0	1.0
29481	14740500.0	0.0
29482	14741000.0	1.0
29483	14741500.0	2.0
29484	14742000.0	0.0
29485	14742500.0	0.0
29486	14743000.0	0.0
29487	14743500.0	3.0
29488	14744000.0	1.0
29489	14744500.0	2.0
29490	14745000.0	0.0
29491	14745500.0	1.0
29492	14746000.0	0.0
29493	14746500.0	0.0
29494	14747000.0	1.0
29495	14747500.0	2.0
29496	14748000.0	1.0
29497	14748500.0	2.0
29498	14749000.0	0.0
29499	14749500.0	3.0
29500	14750000.0	2.0
29501	14750500.0	0.0
29502	14751000.0	1.0
29503	14751500.0	0.0
29504	14752000.0	0.0
29505	14752500.0	0.0
29506	14753000.0	2.0
29507	14753500.0	0.0
29508	14754000.0	2.0
29509	14754500.0	0.0
29510	14755000.0	0.0
29511	14755500.0	0.0
29512	14756000.0	1.0
29513	14756500.0	2.0
29514	14757000.0	1.0
29515	14757500.0	2.0
29516	14758000.0	1.0
29517	14758500.0	2.0
29518	14759000.0	2.0
29519	14759500.0	1.0
29520	14760000.0	1.0
29521	14760500.0	1.0
29522	14761000.0	3.0
29523	14761500.0	0.0
29524	14762000.0	0.0
29525	14762500.0	2.0
29526	14763000.0	1.0
29527	14763500.0	2.0
29528	14764000.0	2.0
29529	14764500.0	3.0
29530	14765000.0	0.0
29531	14765500.0	0.0
29532	14766000.0	0.0
29533	14766500.0	1.0
29534	14767000.0	0.0
29535	14767500.0	1.0
29536	14768000.0	1.0
29537	14768500.0	0.0
29538	14769000.0	0.0
29539	14769500.0	1.0
29540	14770000.0	0.0
29541	14770500.0	0.0
29542	14771000.0	2.0
29543	14771500.0	2.0
29544	14772000.0	0.0
29545	14772500.0	0.0
29546	14773000.0	2.0
29547	14773500.0	0.0
29548	14774000.0	0.0
29549	14774500.0	0.0
29550	14775000.0	1.0
29551	14775500.0	2.0
29552	14776000.0	0.0
29553	14776500.0	1.0
29554	14777000.0	0.0
29555	14777500.0	2.0
29556	14778000.0	2.0
29557	14778500.0	2.0
29558	14779000.0	3.0
29559	14779500.0	1.0
29560	14780000.0	0.0
29561	14780500.0	1.0
29562	14781000.0	0.0
29563	14781500.0	3.0
29564	14782000.0	3.0
29565	14782500.0	0.0
29566	14783000.0	1.0
29567	14783500.0	0.0
29568	14784000.0	5.0
29569	14784500.0	0.0
29570	14785000.0	1.0
29571	14785500.0	4.0
29572	14786000.0	1.0
29573	14786500.0	0.0
29574	14787000.0	0.0
29575	14787500.0	0.0
29576	14788000.0	0.0
29577	14788500.0	1.0
29578	14789000.0	1.0
29579	14789500.0	1.0
29580	14790000.0	1.0
29581	14790500.0	4.0
29582	14791000.0	1.0
29583	14791500.0	0.0
29584	14792000.0	0.0
29585	14792500.0	2.0
29586	14793000.0	1.0
29587	14793500.0	0.0
29588	14794000.0	0.0
29589	14794500.0	0.0
29590	14795000.0	1.0
29591	14795500.0	2.0
29592	14796000.0	1.0
29593	14796500.0	2.0
29594	14797000.0	0.0
29595	14797500.0	0.0
29596	14798000.0	0.0
29597	14798500.0	1.0
29598	14799000.0	0.0
29599	14799500.0	0.0
29600	14800000.0	0.0
29601	14800500.0	1.0
29602	14801000.0	2.0
29603	14801500.0	0.0
29604	14802000.0	3.0
29605	14802500.0	2.0
29606	14803000.0	0.0
29607	14803500.0	0.0
29608	14804000.0	2.0
29609	14804500.0	0.0
29610	14805000.0	0.0
29611	14805500.0	2.0
29612	14806000.0	0.0
29613	14806500.0	1.0
29614	14807000.0	1.0
29615	14807500.0	1.0
29616	14808000.0	0.0
29617	14808500.0	0.0
29618	14809000.0	0.0
29619	14809500.0	0.0
29620	14810000.0	1.0
29621	14810500.0	1.0
29622	14811000.0	2.0
29623	14811500.0	1.0
29624	14812000.0	1.0
29625	14812500.0	0.0
29626	14813000.0	2.0
29627	14813500.0	2.0
29628	14814000.0	1.0
29629	14814500.0	1.0
29630	14815000.0	0.0
29631	14815500.0	0.0
29632	14816000.0	1.0
29633	14816500.0	0.0
29634	14817000.0	0.0
29635	14817500.0	1.0
29636	14818000.0	1.0
29637	14818500.0	1.0
29638	14819000.0	0.0
29639	14819500.0	1.0
29640	14820000.0	1.0
29641	14820500.0	1.0
29642	14821000.0	0.0
29643	14821500.0	0.0
29644	14822000.0	0.0
29645	14822500.0	2.0
29646	14823000.0	1.0
29647	14823500.0	0.0
29648	14824000.0	2.0
29649	14824500.0	1.0
29650	14825000.0	2.0
29651	14825500.0	1.0
29652	14826000.0	0.0
29653	14826500.0	2.0
29654	14827000.0	1.0
29655	14827500.0	0.0
29656	14828000.0	0.0
29657	14828500.0	1.0
29658	14829000.0	0.0
29659	14829500.0	3.0
29660	14830000.0	1.0
29661	14830500.0	1.0
29662	14831000.0	1.0
29663	14831500.0	2.0
29664	14832000.0	2.0
29665	14832500.0	0.0
29666	14833000.0	1.0
29667	14833500.0	0.0
29668	14834000.0	1.0
29669	14834500.0	1.0
29670	14835000.0	0.0
29671	14835500.0	0.0
29672	14836000.0	2.0
29673	14836500.0	0.0
29674	14837000.0	1.0
29675	14837500.0	0.0
29676	14838000.0	2.0
29677	14838500.0	0.0
29678	14839000.0	1.0
29679	14839500.0	1.0
29680	14840000.0	1.0
29681	14840500.0	1.0
29682	14841000.0	1.0
29683	14841500.0	0.0
29684	14842000.0	0.0
29685	14842500.0	1.0
29686	14843000.0	2.0
29687	14843500.0	1.0
29688	14844000.0	2.0
29689	14844500.0	0.0
29690	14845000.0	2.0
29691	14845500.0	2.0
29692	14846000.0	0.0
29693	14846500.0	0.0
29694	14847000.0	0.0
29695	14847500.0	0.0
29696	14848000.0	1.0
29697	14848500.0	2.0
29698	14849000.0	1.0
29699	14849500.0	1.0
29700	14850000.0	1.0
29701	14850500.0	0.0
29702	14851000.0	2.0
29703	14851500.0	3.0
29704	14852000.0	2.0
29705	14852500.0	2.0
29706	14853000.0	1.0
29707	14853500.0	5.0
29708	14854000.0	2.0
29709	14854500.0	0.0
29710	14855000.0	0.0
29711	14855500.0	2.0
29712	14856000.0	4.0
29713	14856500.0	0.0
29714	14857000.0	1.0
29715	14857500.0	2.0
29716	14858000.0	2.0
29717	14858500.0	1.0
29718	14859000.0	0.0
29719	14859500.0	0.0
29720	14860000.0	1.0
29721	14860500.0	1.0
29722	14861000.0	0.0
29723	14861500.0	0.0
29724	14862000.0	0.0
29725	14862500.0	0.0
29726	14863000.0	0.0
29727	14863500.0	1.0
29728	14864000.0	2.0
29729	14864500.0	1.0
29730	14865000.0	4.0
29731	14865500.0	2.0
29732	14866000.0	1.0
29733	14866500.0	0.0
29734	14867000.0	0.0
29735	14867500.0	4.0
29736	14868000.0	0.0
29737	14868500.0	0.0
29738	14869000.0	1.0
29739	14869500.0	0.0
29740	14870000.0	1.0
29741	14870500.0	1.0
29742	14871000.0	1.0
29743	14871500.0	0.0
29744	14872000.0	2.0
29745	14872500.0	0.0
29746	14873000.0	2.0
29747	14873500.0	0.0
29748	14874000.0	1.0
29749	14874500.0	0.0
29750	14875000.0	1.0
29751	14875500.0	3.0
29752	14876000.0	0.0
29753	14876500.0	0.0
29754	14877000.0	2.0
29755	14877500.0	0.0
29756	14878000.0	2.0
29757	14878500.0	2.0
29758	14879000.0	1.0
29759	14879500.0	0.0
29760	14880000.0	0.0
29761	14880500.0	2.0
29762	14881000.0	0.0
29763	14881500.0	1.0
29764	14882000.0	1.0
29765	14882500.0	1.0
29766	14883000.0	0.0
29767	14883500.0	2.0
29768	14884000.0	2.0
29769	14884500.0	0.0
29770	14885000.0	1.0
29771	14885500.0	0.0
29772	14886000.0	2.0
29773	14886500.0	1.0
29774	14887000.0	0.0
29775	14887500.0	0.0
29776	14888000.0	0.0
29777	14888500.0	2.0
29778	14889000.0	0.0
29779	14889500.0	1.0
29780	14890000.0	1.0
29781	14890500.0	3.0
29782	14891000.0	1.0
29783	14891500.0	0.0
29784	14892000.0	1.0
29785	14892500.0	2.0
29786	14893000.0	1.0
29787	14893500.0	1.0
29788	14894000.0	0.0
29789	14894500.0	1.0
29790	14895000.0	1.0
29791	14895500.0	0.0
29792	14896000.0	1.0
29793	14896500.0	0.0
29794	14897000.0	1.0
29795	14897500.0	0.0
29796	14898000.0	1.0
29797	14898500.0	0.0
29798	14899000.0	0.0
29799	14899500.0	2.0
29800	14900000.0	1.0
29801	14900500.0	0.0
29802	14901000.0	1.0
29803	14901500.0	1.0
29804	14902000.0	2.0
29805	14902500.0	1.0
29806	14903000.0	2.0
29807	14903500.0	1.0
29808	14904000.0	0.0
29809	14904500.0	0.0
29810	14905000.0	2.0
29811	14905500.0	2.0
29812	14906000.0	0.0
29813	14906500.0	0.0
29814	14907000.0	1.0
29815	14907500.0	0.0
29816	14908000.0	0.0
29817	14908500.0	1.0
29818	14909000.0	0.0
29819	14909500.0	0.0
29820	14910000.0	2.0
29821	14910500.0	0.0
29822	14911000.0	1.0
29823	14911500.0	2.0
29824	14912000.0	1.0
29825	14912500.0	0.0
29826	14913000.0	1.0
29827	14913500.0	1.0
29828	14914000.0	1.0
29829	14914500.0	1.0
29830	14915000.0	0.0
29831	14915500.0	4.0
29832	14916000.0	0.0
29833	14916500.0	0.0
29834	14917000.0	1.0
29835	14917500.0	0.0
29836	14918000.0	1.0
29837	14918500.0	0.0
29838	14919000.0	4.0
29839	14919500.0	1.0
29840	14920000.0	1.0
29841	14920500.0	1.0
29842	14921000.0	2.0
29843	14921500.0	2.0
29844	14922000.0	0.0
29845	14922500.0	1.0
29846	14923000.0	2.0
29847	14923500.0	1.0
29848	14924000.0	0.0
29849	14924500.0	2.0
29850	14925000.0	0.0
29851	14925500.0	1.0
29852	14926000.0	0.0
29853	14926500.0	1.0
29854	14927000.0	0.0
29855	14927500.0	2.0
29856	14928000.0	2.0
29857	14928500.0	1.0
29858	14929000.0	3.0
29859	14929500.0	0.0
29860	14930000.0	1.0
29861	14930500.0	0.0
29862	14931000.0	0.0
29863	14931500.0	2.0
29864	14932000.0	0.0
29865	14932500.0	1.0
29866	14933000.0	0.0
29867	14933500.0	0.0
29868	14934000.0	0.0
29869	14934500.0	0.0
29870	14935000.0	0.0
29871	14935500.0	2.0
29872	14936000.0	2.0
29873	14936500.0	2.0
29874	14937000.0	0.0
29875	14937500.0	0.0
29876	14938000.0	1.0
29877	14938500.0	0.0
29878	14939000.0	1.0
29879	14939500.0	0.0
29880	14940000.0	1.0
29881	14940500.0	0.0
29882	14941000.0	0.0
29883	14941500.0	0.0
29884	14942000.0	0.0
29885	14942500.0	1.0
29886	14943000.0	3.0
29887	14943500.0	3.0
29888	14944000.0	0.0
29889	14944500.0	0.0
29890	14945000.0	0.0
29891	14945500.0	1.0
29892	14946000.0	1.0
29893	14946500.0	0.0
29894	14947000.0	5.0
29895	14947500.0	0.0
29896	14948000.0	1.0
29897	14948500.0	2.0
29898	14949000.0	0.0
29899	14949500.0	2.0
29900	14950000.0	0.0
29901	14950500.0	0.0
29902	14951000.0	1.0
29903	14951500.0	0.0
29904	14952000.0	0.0
29905	14952500.0	0.0
29906	14953000.0	1.0
29907	14953500.0	2.0
29908	14954000.0	1.0
29909	14954500.0	0.0
29910	14955000.0	1.0
29911	14955500.0	1.0
29912	14956000.0	0.0
29913	14956500.0	0.0
29914	14957000.0	0.0
29915	14957500.0	1.0
29916	14958000.0	0.0
29917	14958500.0	1.0
29918	14959000.0	1.0
29919	14959500.0	1.0
29920	14960000.0	0.0
29921	14960500.0	0.0
29922	14961000.0	0.0
29923	14961500.0	3.0
29924	14962000.0	2.0
29925	14962500.0	2.0
29926	14963000.0	1.0
29927	14963500.0	1.0
29928	14964000.0	1.0
29929	14964500.0	0.0
29930	14965000.0	1.0
29931	14965500.0	1.0
29932	14966000.0	0.0
29933	14966500.0	0.0
29934	14967000.0	0.0
29935	14967500.0	1.0
29936	14968000.0	0.0
29937	14968500.0	0.0
29938	14969000.0	0.0
29939	14969500.0	1.0
29940	14970000.0	1.0
29941	14970500.0	0.0
29942	14971000.0	0.0
29943	14971500.0	1.0
29944	14972000.0	0.0
29945	14972500.0	1.0
29946	14973000.0	2.0
29947	14973500.0	0.0
29948	14974000.0	4.0
29949	14974500.0	1.0
29950	14975000.0	1.0
29951	14975500.0	2.0
29952	14976000.0	0.0
29953	14976500.0	1.0
29954	14977000.0	3.0
29955	14977500.0	2.0
29956	14978000.0	1.0
29957	14978500.0	2.0
29958	14979000.0	1.0
29959	14979500.0	2.0
29960	14980000.0	1.0
29961	14980500.0	0.0
29962	14981000.0	0.0
29963	14981500.0	1.0
29964	14982000.0	0.0
29965	14982500.0	0.0
29966	14983000.0	3.0
29967	14983500.0	2.0
29968	14984000.0	2.0
29969	14984500.0	1.0
29970	14985000.0	1.0
29971	14985500.0	1.0
29972	14986000.0	1.0
29973	14986500.0	0.0
29974	14987000.0	1.0
29975	14987500.0	0.0
29976	14988000.0	2.0
29977	14988500.0	2.0
29978	14989000.0	1.0
29979	14989500.0	2.0
29980	14990000.0	1.0
29981	14990500.0	1.0
29982	14991000.0	0.0
29983	14991500.0	1.0
29984	14992000.0	2.0
29985	14992500.0	0.0
29986	14993000.0	1.0
29987	14993500.0	0.0
29988	14994000.0	1.0
29989	14994500.0	0.0
29990	14995000.0	1.0
29991	14995500.0	2.0
29992	14996000.0	0.0
29993	14996500.0	1.0
29994	14997000.0	1.0
29995	14997500.0	0.0
29996	14998000.0	1.0
29997	14998500.0	3.0
29998	14999000.0	0.0
29999	14999500.0	1.0
30000	15000000.0	2.0
30001	15000500.0	1.0
30002	15001000.0	0.0
30003	15001500.0	2.0
30004	15002000.0	0.0
30005	15002500.0	0.0
30006	15003000.0	2.0
30007	15003500.0	1.0
30008	15004000.0	1.0
30009	15004500.0	2.0
30010	15005000.0	1.0
30011	15005500.0	2.0
30012	15006000.0	1.0
30013	15006500.0	0.0
30014	15007000.0	3.0
30015	15007500.0	1.0
30016	15008000.0	1.0
30017	15008500.0	0.0
30018	15009000.0	2.0
30019	15009500.0	1.0
30020	15010000.0	1.0
30021	15010500.0	1.0
30022	15011000.0	2.0
30023	15011500.0	1.0
30024	15012000.0	0.0
30025	15012500.0	1.0
30026	15013000.0	0.0
30027	15013500.0	1.0
30028	15014000.0	0.0
30029	15014500.0	0.0
30030	15015000.0	1.0
30031	15015500.0	1.0
30032	15016000.0	1.0
30033	15016500.0	1.0
30034	15017000.0	1.0
30035	15017500.0	1.0
30036	15018000.0	2.0
30037	15018500.0	1.0
30038	15019000.0	1.0
30039	15019500.0	0.0
30040	15020000.0	0.0
30041	15020500.0	1.0
30042	15021000.0	1.0
30043	15021500.0	0.0
30044	15022000.0	1.0
30045	15022500.0	2.0
30046	15023000.0	0.0
30047	15023500.0	2.0
30048	15024000.0	1.0
30049	15024500.0	0.0
30050	15025000.0	2.0
30051	15025500.0	1.0
30052	15026000.0	1.0
30053	15026500.0	3.0
30054	15027000.0	2.0
30055	15027500.0	0.0
30056	15028000.0	1.0
30057	15028500.0	3.0
30058	15029000.0	1.0
30059	15029500.0	2.0
30060	15030000.0	2.0
30061	15030500.0	2.0
30062	15031000.0	0.0
30063	15031500.0	0.0
30064	15032000.0	1.0
30065	15032500.0	1.0
30066	15033000.0	0.0
30067	15033500.0	0.0
30068	15034000.0	2.0
30069	15034500.0	1.0
30070	15035000.0	0.0
30071	15035500.0	2.0
30072	15036000.0	1.0
30073	15036500.0	3.0
30074	15037000.0	0.0
30075	15037500.0	0.0
30076	15038000.0	2.0
30077	15038500.0	0.0
30078	15039000.0	2.0
30079	15039500.0	1.0
30080	15040000.0	0.0
30081	15040500.0	2.0
30082	15041000.0	2.0
30083	15041500.0	1.0
30084	15042000.0	2.0
30085	15042500.0	2.0
30086	15043000.0	1.0
30087	15043500.0	2.0
30088	15044000.0	0.0
30089	15044500.0	0.0
30090	15045000.0	2.0
30091	15045500.0	0.0
30092	15046000.0	4.0
30093	15046500.0	0.0
30094	15047000.0	1.0
30095	15047500.0	1.0
30096	15048000.0	2.0
30097	15048500.0	1.0
30098	15049000.0	1.0
30099	15049500.0	4.0
30100	15050000.0	1.0
30101	15050500.0	1.0
30102	15051000.0	3.0
30103	15051500.0	1.0
30104	15052000.0	2.0
30105	15052500.0	0.0
30106	15053000.0	2.0
30107	15053500.0	2.0
30108	15054000.0	0.0
30109	15054500.0	1.0
30110	15055000.0	1.0
30111	15055500.0	0.0
30112	15056000.0	1.0
30113	15056500.0	1.0
30114	15057000.0	1.0
30115	15057500.0	2.0
30116	15058000.0	3.0
30117	15058500.0	1.0
30118	15059000.0	2.0
30119	15059500.0	3.0
30120	15060000.0	0.0
30121	15060500.0	0.0
30122	15061000.0	1.0
30123	15061500.0	0.0
30124	15062000.0	1.0
30125	15062500.0	0.0
30126	15063000.0	0.0
30127	15063500.0	1.0
30128	15064000.0	0.0
30129	15064500.0	0.0
30130	15065000.0	0.0
30131	15065500.0	0.0
30132	15066000.0	1.0
30133	15066500.0	1.0
30134	15067000.0	1.0
30135	15067500.0	1.0
30136	15068000.0	0.0
30137	15068500.0	2.0
30138	15069000.0	0.0
30139	15069500.0	1.0
30140	15070000.0	0.0
30141	15070500.0	0.0
30142	15071000.0	1.0
30143	15071500.0	1.0
30144	15072000.0	2.0
30145	15072500.0	1.0
30146	15073000.0	1.0
30147	15073500.0	0.0
30148	15074000.0	2.0
30149	15074500.0	2.0
30150	15075000.0	0.0
30151	15075500.0	0.0
30152	15076000.0	1.0
30153	15076500.0	0.0
30154	15077000.0	0.0
30155	15077500.0	1.0
30156	15078000.0	1.0
30157	15078500.0	0.0
30158	15079000.0	1.0
30159	15079500.0	1.0
30160	15080000.0	0.0
30161	15080500.0	0.0
30162	15081000.0	0.0
30163	15081500.0	0.0
30164	15082000.0	1.0
30165	15082500.0	2.0
30166	15083000.0	0.0
30167	15083500.0	2.0
30168	15084000.0	2.0
30169	15084500.0	0.0
30170	15085000.0	0.0
30171	15085500.0	0.0
30172	15086000.0	0.0
30173	15086500.0	2.0
30174	15087000.0	1.0
30175	15087500.0	0.0
30176	15088000.0	0.0
30177	15088500.0	2.0
30178	15089000.0	1.0
30179	15089500.0	0.0
30180	15090000.0	2.0
30181	15090500.0	1.0
30182	15091000.0	0.0
30183	15091500.0	2.0
30184	15092000.0	0.0
30185	15092500.0	1.0
30186	15093000.0	0.0
30187	15093500.0	2.0
30188	15094000.0	1.0
30189	15094500.0	1.0
30190	15095000.0	0.0
30191	15095500.0	0.0
30192	15096000.0	5.0
30193	15096500.0	2.0
30194	15097000.0	1.0
30195	15097500.0	2.0
30196	15098000.0	0.0
30197	15098500.0	0.0
30198	15099000.0	0.0
30199	15099500.0	1.0
30200	15100000.0	2.0
30201	15100500.0	3.0
30202	15101000.0	0.0
30203	15101500.0	2.0
30204	15102000.0	1.0
30205	15102500.0	0.0
30206	15103000.0	1.0
30207	15103500.0	0.0
30208	15104000.0	1.0
30209	15104500.0	2.0
30210	15105000.0	0.0
30211	15105500.0	0.0
30212	15106000.0	0.0
30213	15106500.0	1.0
30214	15107000.0	1.0
30215	15107500.0	0.0
30216	15108000.0	2.0
30217	15108500.0	1.0
30218	15109000.0	2.0
30219	15109500.0	2.0
30220	15110000.0	1.0
30221	15110500.0	0.0
30222	15111000.0	1.0
30223	15111500.0	2.0
30224	15112000.0	1.0
30225	15112500.0	0.0
30226	15113000.0	0.0
30227	15113500.0	1.0
30228	15114000.0	0.0
30229	15114500.0	1.0
30230	15115000.0	4.0
30231	15115500.0	0.0
30232	15116000.0	1.0
30233	15116500.0	1.0
30234	15117000.0	0.0
30235	15117500.0	0.0
30236	15118000.0	0.0
30237	15118500.0	2.0
30238	15119000.0	1.0
30239	15119500.0	0.0
30240	15120000.0	1.0
30241	15120500.0	0.0
30242	15121000.0	0.0
30243	15121500.0	0.0
30244	15122000.0	0.0
30245	15122500.0	0.0
30246	15123000.0	1.0
30247	15123500.0	3.0
30248	15124000.0	0.0
30249	15124500.0	1.0
30250	15125000.0	0.0
30251	15125500.0	0.0
30252	15126000.0	1.0
30253	15126500.0	1.0
30254	15127000.0	1.0
30255	15127500.0	0.0
30256	15128000.0	0.0
30257	15128500.0	0.0
30258	15129000.0	1.0
30259	15129500.0	0.0
30260	15130000.0	0.0
30261	15130500.0	0.0
30262	15131000.0	2.0
30263	15131500.0	2.0
30264	15132000.0	2.0
30265	15132500.0	2.0
30266	15133000.0	1.0
30267	15133500.0	1.0
30268	15134000.0	0.0
30269	15134500.0	2.0
30270	15135000.0	2.0
30271	15135500.0	1.0
30272	15136000.0	1.0
30273	15136500.0	0.0
30274	15137000.0	1.0
30275	15137500.0	2.0
30276	15138000.0	1.0
30277	15138500.0	0.0
30278	15139000.0	1.0
30279	15139500.0	5.0
30280	15140000.0	1.0
30281	15140500.0	2.0
30282	15141000.0	0.0
30283	15141500.0	1.0
30284	15142000.0	0.0
30285	15142500.0	2.0
30286	15143000.0	1.0
30287	15143500.0	1.0
30288	15144000.0	0.0
30289	15144500.0	0.0
30290	15145000.0	1.0
30291	15145500.0	1.0
30292	15146000.0	0.0
30293	15146500.0	0.0
30294	15147000.0	1.0
30295	15147500.0	1.0
30296	15148000.0	1.0
30297	15148500.0	1.0
30298	15149000.0	0.0
30299	15149500.0	0.0
30300	15150000.0	0.0
30301	15150500.0	0.0
30302	15151000.0	0.0
30303	15151500.0	0.0
30304	15152000.0	0.0
30305	15152500.0	1.0
30306	15153000.0	4.0
30307	15153500.0	2.0
30308	15154000.0	0.0
30309	15154500.0	3.0
30310	15155000.0	0.0
30311	15155500.0	2.0
30312	15156000.0	1.0
30313	15156500.0	0.0
30314	15157000.0	2.0
30315	15157500.0	0.0
30316	15158000.0	2.0
30317	15158500.0	0.0
30318	15159000.0	2.0
30319	15159500.0	1.0
30320	15160000.0	0.0
30321	15160500.0	1.0
30322	15161000.0	1.0
30323	15161500.0	0.0
30324	15162000.0	0.0
30325	15162500.0	0.0
30326	15163000.0	2.0
30327	15163500.0	0.0
30328	15164000.0	2.0
30329	15164500.0	2.0
30330	15165000.0	0.0
30331	15165500.0	0.0
30332	15166000.0	0.0
30333	15166500.0	1.0
30334	15167000.0	0.0
30335	15167500.0	0.0
30336	15168000.0	0.0
30337	15168500.0	1.0
30338	15169000.0	2.0
30339	15169500.0	2.0
30340	15170000.0	1.0
30341	15170500.0	0.0
30342	15171000.0	0.0
30343	15171500.0	1.0
30344	15172000.0	1.0
30345	15172500.0	1.0
30346	15173000.0	0.0
30347	15173500.0	0.0
30348	15174000.0	2.0
30349	15174500.0	1.0
30350	15175000.0	0.0
30351	15175500.0	0.0
30352	15176000.0	2.0
30353	15176500.0	0.0
30354	15177000.0	0.0
30355	15177500.0	2.0
30356	15178000.0	0.0
30357	15178500.0	2.0
30358	15179000.0	1.0
30359	15179500.0	2.0
30360	15180000.0	3.0
30361	15180500.0	1.0
30362	15181000.0	1.0
30363	15181500.0	1.0
30364	15182000.0	0.0
30365	15182500.0	2.0
30366	15183000.0	0.0
30367	15183500.0	1.0
30368	15184000.0	1.0
30369	15184500.0	2.0
30370	15185000.0	2.0
30371	15185500.0	3.0
30372	15186000.0	1.0
30373	15186500.0	0.0
30374	15187000.0	1.0
30375	15187500.0	1.0
30376	15188000.0	0.0
30377	15188500.0	1.0
30378	15189000.0	0.0
30379	15189500.0	2.0
30380	15190000.0	0.0
30381	15190500.0	0.0
30382	15191000.0	1.0
30383	15191500.0	1.0
30384	15192000.0	2.0
30385	15192500.0	0.0
30386	15193000.0	2.0
30387	15193500.0	0.0
30388	15194000.0	0.0
30389	15194500.0	2.0
30390	15195000.0	2.0
30391	15195500.0	1.0
30392	15196000.0	1.0
30393	15196500.0	1.0
30394	15197000.0	1.0
30395	15197500.0	0.0
30396	15198000.0	3.0
30397	15198500.0	2.0
30398	15199000.0	0.0
30399	15199500.0	2.0
30400	15200000.0	1.0
30401	15200500.0	1.0
30402	15201000.0	0.0
30403	15201500.0	0.0
30404	15202000.0	2.0
30405	15202500.0	0.0
30406	15203000.0	2.0
30407	15203500.0	1.0
30408	15204000.0	0.0
30409	15204500.0	1.0
30410	15205000.0	1.0
30411	15205500.0	1.0
30412	15206000.0	0.0
30413	15206500.0	0.0
30414	15207000.0	0.0
30415	15207500.0	1.0
30416	15208000.0	1.0
30417	15208500.0	0.0
30418	15209000.0	1.0
30419	15209500.0	0.0
30420	15210000.0	0.0
30421	15210500.0	1.0
30422	15211000.0	2.0
30423	15211500.0	0.0
30424	15212000.0	0.0
30425	15212500.0	1.0
30426	15213000.0	1.0
30427	15213500.0	1.0
30428	15214000.0	1.0
30429	15214500.0	4.0
30430	15215000.0	0.0
30431	15215500.0	2.0
30432	15216000.0	1.0
30433	15216500.0	0.0
30434	15217000.0	0.0
30435	15217500.0	0.0
30436	15218000.0	2.0
30437	15218500.0	0.0
30438	15219000.0	0.0
30439	15219500.0	1.0
30440	15220000.0	2.0
30441	15220500.0	0.0
30442	15221000.0	2.0
30443	15221500.0	0.0
30444	15222000.0	3.0
30445	15222500.0	0.0
30446	15223000.0	0.0
30447	15223500.0	3.0
30448	15224000.0	1.0
30449	15224500.0	1.0
30450	15225000.0	0.0
30451	15225500.0	1.0
30452	15226000.0	1.0
30453	15226500.0	1.0
30454	15227000.0	0.0
30455	15227500.0	0.0
30456	15228000.0	1.0
30457	15228500.0	0.0
30458	15229000.0	1.0
30459	15229500.0	2.0
30460	15230000.0	0.0
30461	15230500.0	1.0
30462	15231000.0	0.0
30463	15231500.0	0.0
30464	15232000.0	2.0
30465	15232500.0	0.0
30466	15233000.0	0.0
30467	15233500.0	2.0
30468	15234000.0	0.0
30469	15234500.0	1.0
30470	15235000.0	1.0
30471	15235500.0	0.0
30472	15236000.0	0.0
30473	15236500.0	2.0
30474	15237000.0	1.0
30475	15237500.0	1.0
30476	15238000.0	2.0
30477	15238500.0	1.0
30478	15239000.0	0.0
30479	15239500.0	0.0
30480	15240000.0	0.0
30481	15240500.0	0.0
30482	15241000.0	2.0
30483	15241500.0	1.0
30484	15242000.0	1.0
30485	15242500.0	1.0
30486	15243000.0	1.0
30487	15243500.0	1.0
30488	15244000.0	1.0
30489	15244500.0	1.0
30490	15245000.0	0.0
30491	15245500.0	0.0
30492	15246000.0	0.0
30493	15246500.0	0.0
30494	15247000.0	1.0
30495	15247500.0	0.0
30496	15248000.0	2.0
30497	15248500.0	2.0
30498	15249000.0	1.0
30499	15249500.0	2.0
30500	15250000.0	2.0
30501	15250500.0	0.0
30502	15251000.0	1.0
30503	15251500.0	1.0
30504	15252000.0	3.0
30505	15252500.0	1.0
30506	15253000.0	2.0
30507	15253500.0	0.0
30508	15254000.0	1.0
30509	15254500.0	0.0
30510	15255000.0	2.0
30511	15255500.0	0.0
30512	15256000.0	1.0
30513	15256500.0	0.0
30514	15257000.0	1.0
30515	15257500.0	0.0
30516	15258000.0	2.0
30517	15258500.0	0.0
30518	15259000.0	0.0
30519	15259500.0	2.0
30520	15260000.0	2.0
30521	15260500.0	2.0
30522	15261000.0	0.0
30523	15261500.0	0.0
30524	15262000.0	0.0
30525	15262500.0	3.0
30526	15263000.0	1.0
30527	15263500.0	0.0
30528	15264000.0	1.0
30529	15264500.0	1.0
30530	15265000.0	1.0
30531	15265500.0	2.0
30532	15266000.0	0.0
30533	15266500.0	1.0
30534	15267000.0	0.0
30535	15267500.0	3.0
30536	15268000.0	1.0
30537	15268500.0	0.0
30538	15269000.0	0.0
30539	15269500.0	0.0
30540	15270000.0	3.0
30541	15270500.0	2.0
30542	15271000.0	0.0
30543	15271500.0	3.0
30544	15272000.0	3.0
30545	15272500.0	1.0
30546	15273000.0	2.0
30547	15273500.0	1.0
30548	15274000.0	2.0
30549	15274500.0	0.0
30550	15275000.0	0.0
30551	15275500.0	0.0
30552	15276000.0	1.0
30553	15276500.0	0.0
30554	15277000.0	2.0
30555	15277500.0	1.0
30556	15278000.0	1.0
30557	15278500.0	0.0
30558	15279000.0	3.0
30559	15279500.0	2.0
30560	15280000.0	0.0
30561	15280500.0	1.0
30562	15281000.0	2.0
30563	15281500.0	0.0
30564	15282000.0	0.0
30565	15282500.0	0.0
30566	15283000.0	0.0
30567	15283500.0	1.0
30568	15284000.0	2.0
30569	15284500.0	0.0
30570	15285000.0	2.0
30571	15285500.0	1.0
30572	15286000.0	0.0
30573	15286500.0	1.0
30574	15287000.0	0.0
30575	15287500.0	1.0
30576	15288000.0	1.0
30577	15288500.0	4.0
30578	15289000.0	0.0
30579	15289500.0	1.0
30580	15290000.0	0.0
30581	15290500.0	1.0
30582	15291000.0	1.0
30583	15291500.0	0.0
30584	15292000.0	0.0
30585	15292500.0	1.0
30586	15293000.0	1.0
30587	15293500.0	1.0
30588	15294000.0	1.0
30589	15294500.0	1.0
30590	15295000.0	0.0
30591	15295500.0	0.0
30592	15296000.0	2.0
30593	15296500.0	1.0
30594	15297000.0	0.0
30595	15297500.0	1.0
30596	15298000.0	1.0
30597	15298500.0	3.0
30598	15299000.0	1.0
30599	15299500.0	2.0
30600	15300000.0	0.0
30601	15300500.0	0.0
30602	15301000.0	2.0
30603	15301500.0	0.0
30604	15302000.0	0.0
30605	15302500.0	1.0
30606	15303000.0	1.0
30607	15303500.0	0.0
30608	15304000.0	0.0
30609	15304500.0	2.0
30610	15305000.0	0.0
30611	15305500.0	1.0
30612	15306000.0	1.0
30613	15306500.0	0.0
30614	15307000.0	2.0
30615	15307500.0	0.0
30616	15308000.0	2.0
30617	15308500.0	2.0
30618	15309000.0	5.0
30619	15309500.0	0.0
30620	15310000.0	0.0
30621	15310500.0	2.0
30622	15311000.0	3.0
30623	15311500.0	0.0
30624	15312000.0	1.0
30625	15312500.0	2.0
30626	15313000.0	0.0
30627	15313500.0	0.0
30628	15314000.0	0.0
30629	15314500.0	2.0
30630	15315000.0	2.0
30631	15315500.0	0.0
30632	15316000.0	1.0
30633	15316500.0	0.0
30634	15317000.0	0.0
30635	15317500.0	0.0
30636	15318000.0	2.0
30637	15318500.0	2.0
30638	15319000.0	1.0
30639	15319500.0	1.0
30640	15320000.0	2.0
30641	15320500.0	0.0
30642	15321000.0	2.0
30643	15321500.0	2.0
30644	15322000.0	3.0
30645	15322500.0	0.0
30646	15323000.0	0.0
30647	15323500.0	0.0
30648	15324000.0	1.0
30649	15324500.0	0.0
30650	15325000.0	1.0
30651	15325500.0	1.0
30652	15326000.0	0.0
30653	15326500.0	1.0
30654	15327000.0	0.0
30655	15327500.0	0.0
30656	15328000.0	0.0
30657	15328500.0	1.0
30658	15329000.0	1.0
30659	15329500.0	0.0
30660	15330000.0	0.0
30661	15330500.0	0.0
30662	15331000.0	1.0
30663	15331500.0	0.0
30664	15332000.0	1.0
30665	15332500.0	1.0
30666	15333000.0	1.0
30667	15333500.0	2.0
30668	15334000.0	0.0
30669	15334500.0	1.0
30670	15335000.0	0.0
30671	15335500.0	1.0
30672	15336000.0	0.0
30673	15336500.0	2.0
30674	15337000.0	0.0
30675	15337500.0	3.0
30676	15338000.0	0.0
30677	15338500.0	0.0
30678	15339000.0	0.0
30679	15339500.0	0.0
30680	15340000.0	0.0
30681	15340500.0	0.0
30682	15341000.0	1.0
30683	15341500.0	1.0
30684	15342000.0	2.0
30685	15342500.0	1.0
30686	15343000.0	2.0
30687	15343500.0	1.0
30688	15344000.0	1.0
30689	15344500.0	0.0
30690	15345000.0	2.0
30691	15345500.0	2.0
30692	15346000.0	0.0
30693	15346500.0	0.0
30694	15347000.0	0.0
30695	15347500.0	1.0
30696	15348000.0	1.0
30697	15348500.0	1.0
30698	15349000.0	2.0
30699	15349500.0	0.0
30700	15350000.0	1.0
30701	15350500.0	1.0
30702	15351000.0	3.0
30703	15351500.0	3.0
30704	15352000.0	0.0
30705	15352500.0	0.0
30706	15353000.0	1.0
30707	15353500.0	3.0
30708	15354000.0	3.0
30709	15354500.0	3.0
30710	15355000.0	1.0
30711	15355500.0	1.0
30712	15356000.0	0.0
30713	15356500.0	1.0
30714	15357000.0	0.0
30715	15357500.0	0.0
30716	15358000.0	0.0
30717	15358500.0	1.0
30718	15359000.0	0.0
30719	15359500.0	1.0
30720	15360000.0	2.0
30721	15360500.0	0.0
30722	15361000.0	2.0
30723	15361500.0	4.0
30724	15362000.0	1.0
30725	15362500.0	0.0
30726	15363000.0	1.0
30727	15363500.0	3.0
30728	15364000.0	1.0
30729	15364500.0	0.0
30730	15365000.0	1.0
30731	15365500.0	1.0
30732	15366000.0	1.0
30733	15366500.0	2.0
30734	15367000.0	0.0
30735	15367500.0	0.0
30736	15368000.0	1.0
30737	15368500.0	0.0
30738	15369000.0	1.0
30739	15369500.0	2.0
30740	15370000.0	0.0
30741	15370500.0	0.0
30742	15371000.0	1.0
30743	15371500.0	0.0
30744	15372000.0	2.0
30745	15372500.0	0.0
30746	15373000.0	0.0
30747	15373500.0	1.0
30748	15374000.0	1.0
30749	15374500.0	1.0
30750	15375000.0	2.0
30751	15375500.0	2.0
30752	15376000.0	0.0
30753	15376500.0	1.0
30754	15377000.0	1.0
30755	15377500.0	0.0
30756	15378000.0	2.0
30757	15378500.0	1.0
30758	15379000.0	0.0
30759	15379500.0	0.0
30760	15380000.0	1.0
30761	15380500.0	0.0
30762	15381000.0	0.0
30763	15381500.0	1.0
30764	15382000.0	0.0
30765	15382500.0	1.0
30766	15383000.0	2.0
30767	15383500.0	0.0
30768	15384000.0	0.0
30769	15384500.0	1.0
30770	15385000.0	0.0
30771	15385500.0	4.0
30772	15386000.0	0.0
30773	15386500.0	0.0
30774	15387000.0	1.0
30775	15387500.0	1.0
30776	15388000.0	0.0
30777	15388500.0	1.0
30778	15389000.0	1.0
30779	15389500.0	1.0
30780	15390000.0	1.0
30781	15390500.0	0.0
30782	15391000.0	1.0
30783	15391500.0	0.0
30784	15392000.0	0.0
30785	15392500.0	1.0
30786	15393000.0	2.0
30787	15393500.0	1.0
30788	15394000.0	0.0
30789	15394500.0	1.0
30790	15395000.0	1.0
30791	15395500.0	0.0
30792	15396000.0	1.0
30793	15396500.0	2.0
30794	15397000.0	0.0
30795	15397500.0	0.0
30796	15398000.0	0.0
30797	15398500.0	2.0
30798	15399000.0	0.0
30799	15399500.0	0.0
30800	15400000.0	0.0
30801	15400500.0	0.0
30802	15401000.0	1.0
30803	15401500.0	2.0
30804	15402000.0	1.0
30805	15402500.0	1.0
30806	15403000.0	0.0
30807	15403500.0	1.0
30808	15404000.0	0.0
30809	15404500.0	0.0
30810	15405000.0	0.0
30811	15405500.0	1.0
30812	15406000.0	0.0
30813	15406500.0	2.0
30814	15407000.0	1.0
30815	15407500.0	0.0
30816	15408000.0	1.0
30817	15408500.0	0.0
30818	15409000.0	1.0
30819	15409500.0	0.0
30820	15410000.0	2.0
30821	15410500.0	0.0
30822	15411000.0	0.0
30823	15411500.0	1.0
30824	15412000.0	1.0
30825	15412500.0	2.0
30826	15413000.0	0.0
30827	15413500.0	2.0
30828	15414000.0	1.0
30829	15414500.0	3.0
30830	15415000.0	0.0
30831	15415500.0	0.0
30832	15416000.0	2.0
30833	15416500.0	2.0
30834	15417000.0	2.0
30835	15417500.0	0.0
30836	15418000.0	3.0
30837	15418500.0	0.0
30838	15419000.0	2.0
30839	15419500.0	0.0
30840	15420000.0	1.0
30841	15420500.0	0.0
30842	15421000.0	0.0
30843	15421500.0	0.0
30844	15422000.0	2.0
30845	15422500.0	2.0
30846	15423000.0	0.0
30847	15423500.0	1.0
30848	15424000.0	3.0
30849	15424500.0	2.0
30850	15425000.0	3.0
30851	15425500.0	1.0
30852	15426000.0	0.0
30853	15426500.0	0.0
30854	15427000.0	1.0
30855	15427500.0	1.0
30856	15428000.0	2.0
30857	15428500.0	1.0
30858	15429000.0	0.0
30859	15429500.0	3.0
30860	15430000.0	2.0
30861	15430500.0	0.0
30862	15431000.0	0.0
30863	15431500.0	2.0
30864	15432000.0	3.0
30865	15432500.0	0.0
30866	15433000.0	1.0
30867	15433500.0	1.0
30868	15434000.0	1.0
30869	15434500.0	1.0
30870	15435000.0	2.0
30871	15435500.0	0.0
30872	15436000.0	0.0
30873	15436500.0	1.0
30874	15437000.0	1.0
30875	15437500.0	2.0
30876	15438000.0	1.0
30877	15438500.0	1.0
30878	15439000.0	1.0
30879	15439500.0	0.0
30880	15440000.0	1.0
30881	15440500.0	1.0
30882	15441000.0	0.0
30883	15441500.0	3.0
30884	15442000.0	1.0
30885	15442500.0	1.0
30886	15443000.0	1.0
30887	15443500.0	3.0
30888	15444000.0	0.0
30889	15444500.0	2.0
30890	15445000.0	1.0
30891	15445500.0	2.0
30892	15446000.0	1.0
30893	15446500.0	1.0
30894	15447000.0	1.0
30895	15447500.0	2.0
30896	15448000.0	2.0
30897	15448500.0	0.0
30898	15449000.0	0.0
30899	15449500.0	0.0
30900	15450000.0	1.0
30901	15450500.0	0.0
30902	15451000.0	0.0
30903	15451500.0	0.0
30904	15452000.0	2.0
30905	15452500.0	1.0
30906	15453000.0	1.0
30907	15453500.0	0.0
30908	15454000.0	0.0
30909	15454500.0	0.0
30910	15455000.0	0.0
30911	15455500.0	1.0
30912	15456000.0	1.0
30913	15456500.0	0.0
30914	15457000.0	0.0
30915	15457500.0	1.0
30916	15458000.0	1.0
30917	15458500.0	0.0
30918	15459000.0	1.0
30919	15459500.0	0.0
30920	15460000.0	2.0
30921	15460500.0	0.0
30922	15461000.0	1.0
30923	15461500.0	2.0
30924	15462000.0	1.0
30925	15462500.0	2.0
30926	15463000.0	1.0
30927	15463500.0	2.0
30928	15464000.0	4.0
30929	15464500.0	1.0
30930	15465000.0	0.0
30931	15465500.0	2.0
30932	15466000.0	1.0
30933	15466500.0	3.0
30934	15467000.0	0.0
30935	15467500.0	1.0
30936	15468000.0	1.0
30937	15468500.0	0.0
30938	15469000.0	1.0
30939	15469500.0	0.0
30940	15470000.0	0.0
30941	15470500.0	1.0
30942	15471000.0	0.0
30943	15471500.0	0.0
30944	15472000.0	0.0
30945	15472500.0	0.0
30946	15473000.0	2.0
30947	15473500.0	2.0
30948	15474000.0	0.0
30949	15474500.0	0.0
30950	15475000.0	0.0
30951	15475500.0	2.0
30952	15476000.0	0.0
30953	15476500.0	0.0
30954	15477000.0	0.0
30955	15477500.0	0.0
30956	15478000.0	1.0
30957	15478500.0	0.0
30958	15479000.0	0.0
30959	15479500.0	0.0
30960	15480000.0	0.0
30961	15480500.0	1.0
30962	15481000.0	2.0
30963	15481500.0	1.0
30964	15482000.0	1.0
30965	15482500.0	1.0
30966	15483000.0	1.0
30967	15483500.0	0.0
30968	15484000.0	3.0
30969	15484500.0	0.0
30970	15485000.0	0.0
30971	15485500.0	0.0
30972	15486000.0	0.0
30973	15486500.0	0.0
30974	15487000.0	0.0
30975	15487500.0	1.0
30976	15488000.0	2.0
30977	15488500.0	0.0
30978	15489000.0	0.0
30979	15489500.0	2.0
30980	15490000.0	3.0
30981	15490500.0	1.0
30982	15491000.0	0.0
30983	15491500.0	0.0
30984	15492000.0	0.0
30985	15492500.0	1.0
30986	15493000.0	1.0
30987	15493500.0	1.0
30988	15494000.0	2.0
30989	15494500.0	0.0
30990	15495000.0	1.0
30991	15495500.0	0.0
30992	15496000.0	2.0
30993	15496500.0	0.0
30994	15497000.0	2.0
30995	15497500.0	0.0
30996	15498000.0	1.0
30997	15498500.0	1.0
30998	15499000.0	1.0
30999	15499500.0	0.0
31000	15500000.0	0.0
31001	15500500.0	0.0
31002	15501000.0	3.0
31003	15501500.0	0.0
31004	15502000.0	0.0
31005	15502500.0	1.0
31006	15503000.0	1.0
31007	15503500.0	0.0
31008	15504000.0	0.0
31009	15504500.0	2.0
31010	15505000.0	1.0
31011	15505500.0	1.0
31012	15506000.0	0.0
31013	15506500.0	0.0
31014	15507000.0	0.0
31015	15507500.0	3.0
31016	15508000.0	1.0
31017	15508500.0	1.0
31018	15509000.0	3.0
31019	15509500.0	1.0
31020	15510000.0	1.0
31021	15510500.0	2.0
31022	15511000.0	1.0
31023	15511500.0	1.0
31024	15512000.0	0.0
31025	15512500.0	3.0
31026	15513000.0	2.0
31027	15513500.0	1.0
31028	15514000.0	0.0
31029	15514500.0	0.0
31030	15515000.0	3.0
31031	15515500.0	2.0
31032	15516000.0	1.0
31033	15516500.0	0.0
31034	15517000.0	0.0
31035	15517500.0	1.0
31036	15518000.0	0.0
31037	15518500.0	1.0
31038	15519000.0	1.0
31039	15519500.0	2.0
31040	15520000.0	0.0
31041	15520500.0	0.0
31042	15521000.0	1.0
31043	15521500.0	0.0
31044	15522000.0	2.0
31045	15522500.0	0.0
31046	15523000.0	1.0
31047	15523500.0	0.0
31048	15524000.0	1.0
31049	15524500.0	1.0
31050	15525000.0	2.0
31051	15525500.0	3.0
31052	15526000.0	1.0
31053	15526500.0	0.0
31054	15527000.0	1.0
31055	15527500.0	2.0
31056	15528000.0	3.0
31057	15528500.0	1.0
31058	15529000.0	1.0
31059	15529500.0	2.0
31060	15530000.0	0.0
31061	15530500.0	1.0
31062	15531000.0	0.0
31063	15531500.0	0.0
31064	15532000.0	4.0
31065	15532500.0	0.0
31066	15533000.0	0.0
31067	15533500.0	0.0
31068	15534000.0	1.0
31069	15534500.0	1.0
31070	15535000.0	2.0
31071	15535500.0	1.0
31072	15536000.0	2.0
31073	15536500.0	0.0
31074	15537000.0	0.0
31075	15537500.0	4.0
31076	15538000.0	0.0
31077	15538500.0	3.0
31078	15539000.0	0.0
31079	15539500.0	1.0
31080	15540000.0	2.0
31081	15540500.0	0.0
31082	15541000.0	2.0
31083	15541500.0	1.0
31084	15542000.0	1.0
31085	15542500.0	0.0
31086	15543000.0	0.0
31087	15543500.0	1.0
31088	15544000.0	0.0
31089	15544500.0	3.0
31090	15545000.0	1.0
31091	15545500.0	1.0
31092	15546000.0	0.0
31093	15546500.0	3.0
31094	15547000.0	0.0
31095	15547500.0	0.0
31096	15548000.0	1.0
31097	15548500.0	1.0
31098	15549000.0	2.0
31099	15549500.0	0.0
31100	15550000.0	2.0
31101	15550500.0	0.0
31102	15551000.0	0.0
31103	15551500.0	0.0
31104	15552000.0	0.0
31105	15552500.0	1.0
31106	15553000.0	0.0
31107	15553500.0	0.0
31108	15554000.0	1.0
31109	15554500.0	1.0
31110	15555000.0	0.0
31111	15555500.0	0.0
31112	15556000.0	0.0
31113	15556500.0	0.0
31114	15557000.0	0.0
31115	15557500.0	2.0
31116	15558000.0	0.0
31117	15558500.0	0.0
31118	15559000.0	1.0
31119	15559500.0	1.0
31120	15560000.0	1.0
31121	15560500.0	1.0
31122	15561000.0	1.0
31123	15561500.0	1.0
31124	15562000.0	0.0
31125	15562500.0	1.0
31126	15563000.0	0.0
31127	15563500.0	0.0
31128	15564000.0	0.0
31129	15564500.0	1.0
31130	15565000.0	3.0
31131	15565500.0	0.0
31132	15566000.0	0.0
31133	15566500.0	0.0
31134	15567000.0	1.0
31135	15567500.0	1.0
31136	15568000.0	1.0
31137	15568500.0	1.0
31138	15569000.0	1.0
31139	15569500.0	1.0
31140	15570000.0	0.0
31141	15570500.0	0.0
31142	15571000.0	0.0
31143	15571500.0	1.0
31144	15572000.0	1.0
31145	15572500.0	0.0
31146	15573000.0	1.0
31147	15573500.0	0.0
31148	15574000.0	0.0
31149	15574500.0	1.0
31150	15575000.0	0.0
31151	15575500.0	0.0
31152	15576000.0	0.0
31153	15576500.0	1.0
31154	15577000.0	0.0
31155	15577500.0	0.0
31156	15578000.0	0.0
31157	15578500.0	2.0
31158	15579000.0	1.0
31159	15579500.0	0.0
31160	15580000.0	0.0
31161	15580500.0	1.0
31162	15581000.0	1.0
31163	15581500.0	0.0
31164	15582000.0	2.0
31165	15582500.0	0.0
31166	15583000.0	2.0
31167	15583500.0	0.0
31168	15584000.0	1.0
31169	15584500.0	1.0
31170	15585000.0	0.0
31171	15585500.0	1.0
31172	15586000.0	0.0
31173	15586500.0	1.0
31174	15587000.0	1.0
31175	15587500.0	0.0
31176	15588000.0	0.0
31177	15588500.0	1.0
31178	15589000.0	0.0
31179	15589500.0	0.0
31180	15590000.0	1.0
31181	15590500.0	1.0
31182	15591000.0	0.0
31183	15591500.0	1.0
31184	15592000.0	0.0
31185	15592500.0	1.0
31186	15593000.0	2.0
31187	15593500.0	2.0
31188	15594000.0	1.0
31189	15594500.0	0.0
31190	15595000.0	0.0
31191	15595500.0	1.0
31192	15596000.0	1.0
31193	15596500.0	2.0
31194	15597000.0	1.0
31195	15597500.0	0.0
31196	15598000.0	1.0
31197	15598500.0	1.0
31198	15599000.0	0.0
31199	15599500.0	2.0
31200	15600000.0	0.0
31201	15600500.0	0.0
31202	15601000.0	1.0
31203	15601500.0	3.0
31204	15602000.0	0.0
31205	15602500.0	0.0
31206	15603000.0	0.0
31207	15603500.0	2.0
31208	15604000.0	0.0
31209	15604500.0	2.0
31210	15605000.0	0.0
31211	15605500.0	0.0
31212	15606000.0	1.0
31213	15606500.0	3.0
31214	15607000.0	0.0
31215	15607500.0	0.0
31216	15608000.0	2.0
31217	15608500.0	0.0
31218	15609000.0	0.0
31219	15609500.0	0.0
31220	15610000.0	2.0
31221	15610500.0	1.0
31222	15611000.0	1.0
31223	15611500.0	1.0
31224	15612000.0	0.0
31225	15612500.0	1.0
31226	15613000.0	1.0
31227	15613500.0	0.0
31228	15614000.0	2.0
31229	15614500.0	0.0
31230	15615000.0	1.0
31231	15615500.0	1.0
31232	15616000.0	0.0
31233	15616500.0	1.0
31234	15617000.0	0.0
31235	15617500.0	2.0
31236	15618000.0	2.0
31237	15618500.0	1.0
31238	15619000.0	0.0
31239	15619500.0	1.0
31240	15620000.0	2.0
31241	15620500.0	1.0
31242	15621000.0	1.0
31243	15621500.0	2.0
31244	15622000.0	1.0
31245	15622500.0	1.0
31246	15623000.0	0.0
31247	15623500.0	1.0
31248	15624000.0	0.0
31249	15624500.0	0.0
31250	15625000.0	1.0
31251	15625500.0	1.0
31252	15626000.0	2.0
31253	15626500.0	1.0
31254	15627000.0	0.0
31255	15627500.0	3.0
31256	15628000.0	0.0
31257	15628500.0	1.0
31258	15629000.0	0.0
31259	15629500.0	1.0
31260	15630000.0	1.0
31261	15630500.0	1.0
31262	15631000.0	1.0
31263	15631500.0	0.0
31264	15632000.0	0.0
31265	15632500.0	0.0
31266	15633000.0	0.0
31267	15633500.0	0.0
31268	15634000.0	1.0
31269	15634500.0	0.0
31270	15635000.0	0.0
31271	15635500.0	1.0
31272	15636000.0	0.0
31273	15636500.0	1.0
31274	15637000.0	1.0
31275	15637500.0	1.0
31276	15638000.0	1.0
31277	15638500.0	0.0
31278	15639000.0	0.0
31279	15639500.0	1.0
31280	15640000.0	0.0
31281	15640500.0	0.0
31282	15641000.0	2.0
31283	15641500.0	3.0
31284	15642000.0	1.0
31285	15642500.0	0.0
31286	15643000.0	1.0
31287	15643500.0	3.0
31288	15644000.0	1.0
31289	15644500.0	0.0
31290	15645000.0	1.0
31291	15645500.0	2.0
31292	15646000.0	2.0
31293	15646500.0	0.0
31294	15647000.0	2.0
31295	15647500.0	2.0
31296	15648000.0	1.0
31297	15648500.0	1.0
31298	15649000.0	1.0
31299	15649500.0	1.0
31300	15650000.0	3.0
31301	15650500.0	0.0
31302	15651000.0	0.0
31303	15651500.0	3.0
31304	15652000.0	2.0
31305	15652500.0	2.0
31306	15653000.0	3.0
31307	15653500.0	2.0
31308	15654000.0	2.0
31309	15654500.0	2.0
31310	15655000.0	0.0
31311	15655500.0	1.0
31312	15656000.0	0.0
31313	15656500.0	1.0
31314	15657000.0	2.0
31315	15657500.0	1.0
31316	15658000.0	1.0
31317	15658500.0	1.0
31318	15659000.0	2.0
31319	15659500.0	0.0
31320	15660000.0	0.0
31321	15660500.0	0.0
31322	15661000.0	2.0
31323	15661500.0	2.0
31324	15662000.0	1.0
31325	15662500.0	0.0
31326	15663000.0	1.0
31327	15663500.0	1.0
31328	15664000.0	1.0
31329	15664500.0	3.0
31330	15665000.0	1.0
31331	15665500.0	2.0
31332	15666000.0	3.0
31333	15666500.0	4.0
31334	15667000.0	1.0
31335	15667500.0	0.0
31336	15668000.0	2.0
31337	15668500.0	1.0
31338	15669000.0	0.0
31339	15669500.0	1.0
31340	15670000.0	0.0
31341	15670500.0	1.0
31342	15671000.0	1.0
31343	15671500.0	2.0
31344	15672000.0	0.0
31345	15672500.0	0.0
31346	15673000.0	4.0
31347	15673500.0	0.0
31348	15674000.0	1.0
31349	15674500.0	0.0
31350	15675000.0	1.0
31351	15675500.0	2.0
31352	15676000.0	0.0
31353	15676500.0	0.0
31354	15677000.0	2.0
31355	15677500.0	1.0
31356	15678000.0	0.0
31357	15678500.0	3.0
31358	15679000.0	0.0
31359	15679500.0	0.0
31360	15680000.0	1.0
31361	15680500.0	0.0
31362	15681000.0	0.0
31363	15681500.0	0.0
31364	15682000.0	0.0
31365	15682500.0	0.0
31366	15683000.0	0.0
31367	15683500.0	3.0
31368	15684000.0	1.0
31369	15684500.0	0.0
31370	15685000.0	1.0
31371	15685500.0	1.0
31372	15686000.0	2.0
31373	15686500.0	1.0
31374	15687000.0	1.0
31375	15687500.0	0.0
31376	15688000.0	1.0
31377	15688500.0	1.0
31378	15689000.0	2.0
31379	15689500.0	1.0
31380	15690000.0	2.0
31381	15690500.0	0.0
31382	15691000.0	1.0
31383	15691500.0	1.0
31384	15692000.0	1.0
31385	15692500.0	2.0
31386	15693000.0	0.0
31387	15693500.0	0.0
31388	15694000.0	1.0
31389	15694500.0	0.0
31390	15695000.0	2.0
31391	15695500.0	0.0
31392	15696000.0	0.0
31393	15696500.0	0.0
31394	15697000.0	0.0
31395	15697500.0	1.0
31396	15698000.0	2.0
31397	15698500.0	0.0
31398	15699000.0	0.0
31399	15699500.0	1.0
31400	15700000.0	2.0
31401	15700500.0	4.0
31402	15701000.0	0.0
31403	15701500.0	0.0
31404	15702000.0	0.0
31405	15702500.0	1.0
31406	15703000.0	2.0
31407	15703500.0	0.0
31408	15704000.0	5.0
31409	15704500.0	0.0
31410	15705000.0	0.0
31411	15705500.0	1.0
31412	15706000.0	0.0
31413	15706500.0	1.0
31414	15707000.0	1.0
31415	15707500.0	1.0
31416	15708000.0	0.0
31417	15708500.0	0.0
31418	15709000.0	1.0
31419	15709500.0	0.0
31420	15710000.0	0.0
31421	15710500.0	0.0
31422	15711000.0	1.0
31423	15711500.0	1.0
31424	15712000.0	0.0
31425	15712500.0	2.0
31426	15713000.0	0.0
31427	15713500.0	1.0
31428	15714000.0	0.0
31429	15714500.0	0.0
31430	15715000.0	1.0
31431	15715500.0	1.0
31432	15716000.0	2.0
31433	15716500.0	0.0
31434	15717000.0	1.0
31435	15717500.0	1.0
31436	15718000.0	0.0
31437	15718500.0	0.0
31438	15719000.0	1.0
31439	15719500.0	1.0
31440	15720000.0	1.0
31441	15720500.0	0.0
31442	15721000.0	0.0
31443	15721500.0	0.0
31444	15722000.0	0.0
31445	15722500.0	0.0
31446	15723000.0	0.0
31447	15723500.0	1.0
31448	15724000.0	2.0
31449	15724500.0	2.0
31450	15725000.0	4.0
31451	15725500.0	2.0
31452	15726000.0	1.0
31453	15726500.0	1.0
31454	15727000.0	2.0
31455	15727500.0	0.0
31456	15728000.0	2.0
31457	15728500.0	1.0
31458	15729000.0	1.0
31459	15729500.0	3.0
31460	15730000.0	0.0
31461	15730500.0	0.0
31462	15731000.0	1.0
31463	15731500.0	1.0
31464	15732000.0	1.0
31465	15732500.0	0.0
31466	15733000.0	1.0
31467	15733500.0	1.0
31468	15734000.0	1.0
31469	15734500.0	1.0
31470	15735000.0	1.0
31471	15735500.0	0.0
31472	15736000.0	0.0
31473	15736500.0	0.0
31474	15737000.0	0.0
31475	15737500.0	1.0
31476	15738000.0	0.0
31477	15738500.0	1.0
31478	15739000.0	2.0
31479	15739500.0	0.0
31480	15740000.0	0.0
31481	15740500.0	2.0
31482	15741000.0	0.0
31483	15741500.0	0.0
31484	15742000.0	1.0
31485	15742500.0	2.0
31486	15743000.0	1.0
31487	15743500.0	0.0
31488	15744000.0	1.0
31489	15744500.0	0.0
31490	15745000.0	0.0
31491	15745500.0	0.0
31492	15746000.0	0.0
31493	15746500.0	1.0
31494	15747000.0	1.0
31495	15747500.0	0.0
31496	15748000.0	0.0
31497	15748500.0	0.0
31498	15749000.0	2.0
31499	15749500.0	0.0
31500	15750000.0	1.0
31501	15750500.0	0.0
31502	15751000.0	0.0
31503	15751500.0	0.0
31504	15752000.0	3.0
31505	15752500.0	0.0
31506	15753000.0	3.0
31507	15753500.0	1.0
31508	15754000.0	2.0
31509	15754500.0	1.0
31510	15755000.0	0.0
31511	15755500.0	0.0
31512	15756000.0	3.0
31513	15756500.0	0.0
31514	15757000.0	1.0
31515	15757500.0	2.0
31516	15758000.0	1.0
31517	15758500.0	2.0
31518	15759000.0	0.0
31519	15759500.0	1.0
31520	15760000.0	0.0
31521	15760500.0	0.0
31522	15761000.0	0.0
31523	15761500.0	1.0
31524	15762000.0	2.0
31525	15762500.0	1.0
31526	15763000.0	1.0
31527	15763500.0	0.0
31528	15764000.0	1.0
31529	15764500.0	1.0
31530	15765000.0	3.0
31531	15765500.0	0.0
31532	15766000.0	0.0
31533	15766500.0	0.0
31534	15767000.0	0.0
31535	15767500.0	1.0
31536	15768000.0	0.0
31537	15768500.0	1.0
31538	15769000.0	1.0
31539	15769500.0	1.0
31540	15770000.0	2.0
31541	15770500.0	2.0
31542	15771000.0	0.0
31543	15771500.0	0.0
31544	15772000.0	2.0
31545	15772500.0	1.0
31546	15773000.0	2.0
31547	15773500.0	2.0
31548	15774000.0	0.0
31549	15774500.0	1.0
31550	15775000.0	0.0
31551	15775500.0	0.0
31552	15776000.0	1.0
31553	15776500.0	1.0
31554	15777000.0	1.0
31555	15777500.0	3.0
31556	15778000.0	0.0
31557	15778500.0	0.0
31558	15779000.0	0.0
31559	15779500.0	0.0
31560	15780000.0	0.0
31561	15780500.0	0.0
31562	15781000.0	1.0
31563	15781500.0	1.0
31564	15782000.0	1.0
31565	15782500.0	2.0
31566	15783000.0	0.0
31567	15783500.0	0.0
31568	15784000.0	2.0
31569	15784500.0	0.0
31570	15785000.0	1.0
31571	15785500.0	0.0
31572	15786000.0	2.0
31573	15786500.0	1.0
31574	15787000.0	0.0
31575	15787500.0	1.0
31576	15788000.0	2.0
31577	15788500.0	1.0
31578	15789000.0	1.0
31579	15789500.0	0.0
31580	15790000.0	0.0
31581	15790500.0	0.0
31582	15791000.0	0.0
31583	15791500.0	0.0
31584	15792000.0	0.0
31585	15792500.0	1.0
31586	15793000.0	3.0
31587	15793500.0	0.0
31588	15794000.0	2.0
31589	15794500.0	2.0
31590	15795000.0	2.0
31591	15795500.0	0.0
31592	15796000.0	1.0
31593	15796500.0	0.0
31594	15797000.0	2.0
31595	15797500.0	0.0
31596	15798000.0	1.0
31597	15798500.0	0.0
31598	15799000.0	3.0
31599	15799500.0	1.0
31600	15800000.0	1.0
31601	15800500.0	1.0
31602	15801000.0	0.0
31603	15801500.0	0.0
31604	15802000.0	1.0
31605	15802500.0	3.0
31606	15803000.0	1.0
31607	15803500.0	2.0
31608	15804000.0	2.0
31609	15804500.0	0.0
31610	15805000.0	3.0
31611	15805500.0	0.0
31612	15806000.0	1.0
31613	15806500.0	1.0
31614	15807000.0	1.0
31615	15807500.0	1.0
31616	15808000.0	1.0
31617	15808500.0	0.0
31618	15809000.0	0.0
31619	15809500.0	2.0
31620	15810000.0	1.0
31621	15810500.0	4.0
31622	15811000.0	1.0
31623	15811500.0	0.0
31624	15812000.0	1.0
31625	15812500.0	0.0
31626	15813000.0	2.0
31627	15813500.0	0.0
31628	15814000.0	3.0
31629	15814500.0	1.0
31630	15815000.0	0.0
31631	15815500.0	1.0
31632	15816000.0	4.0
31633	15816500.0	1.0
31634	15817000.0	2.0
31635	15817500.0	0.0
31636	15818000.0	0.0
31637	15818500.0	0.0
31638	15819000.0	0.0
31639	15819500.0	1.0
31640	15820000.0	1.0
31641	15820500.0	1.0
31642	15821000.0	1.0
31643	15821500.0	0.0
31644	15822000.0	4.0
31645	15822500.0	2.0
31646	15823000.0	0.0
31647	15823500.0	1.0
31648	15824000.0	1.0
31649	15824500.0	0.0
31650	15825000.0	1.0
31651	15825500.0	0.0
31652	15826000.0	1.0
31653	15826500.0	1.0
31654	15827000.0	1.0
31655	15827500.0	1.0
31656	15828000.0	1.0
31657	15828500.0	1.0
31658	15829000.0	0.0
31659	15829500.0	0.0
31660	15830000.0	0.0
31661	15830500.0	2.0
31662	15831000.0	1.0
31663	15831500.0	1.0
31664	15832000.0	2.0
31665	15832500.0	1.0
31666	15833000.0	2.0
31667	15833500.0	1.0
31668	15834000.0	2.0
31669	15834500.0	2.0
31670	15835000.0	1.0
31671	15835500.0	0.0
31672	15836000.0	0.0
31673	15836500.0	2.0
31674	15837000.0	0.0
31675	15837500.0	2.0
31676	15838000.0	0.0
31677	15838500.0	0.0
31678	15839000.0	0.0
31679	15839500.0	2.0
31680	15840000.0	1.0
31681	15840500.0	2.0
31682	15841000.0	1.0
31683	15841500.0	0.0
31684	15842000.0	1.0
31685	15842500.0	0.0
31686	15843000.0	0.0
31687	15843500.0	1.0
31688	15844000.0	1.0
31689	15844500.0	1.0
31690	15845000.0	1.0
31691	15845500.0	1.0
31692	15846000.0	0.0
31693	15846500.0	1.0
31694	15847000.0	0.0
31695	15847500.0	1.0
31696	15848000.0	1.0
31697	15848500.0	0.0
31698	15849000.0	5.0
31699	15849500.0	3.0
31700	15850000.0	2.0
31701	15850500.0	0.0
31702	15851000.0	0.0
31703	15851500.0	1.0
31704	15852000.0	2.0
31705	15852500.0	0.0
31706	15853000.0	0.0
31707	15853500.0	0.0
31708	15854000.0	4.0
31709	15854500.0	0.0
31710	15855000.0	1.0
31711	15855500.0	2.0
31712	15856000.0	0.0
31713	15856500.0	0.0
31714	15857000.0	2.0
31715	15857500.0	0.0
31716	15858000.0	2.0
31717	15858500.0	1.0
31718	15859000.0	4.0
31719	15859500.0	0.0
31720	15860000.0	0.0
31721	15860500.0	1.0
31722	15861000.0	2.0
31723	15861500.0	2.0
31724	15862000.0	1.0
31725	15862500.0	1.0
31726	15863000.0	1.0
31727	15863500.0	0.0
31728	15864000.0	1.0
31729	15864500.0	2.0
31730	15865000.0	0.0
31731	15865500.0	2.0
31732	15866000.0	2.0
31733	15866500.0	0.0
31734	15867000.0	0.0
31735	15867500.0	2.0
31736	15868000.0	2.0
31737	15868500.0	0.0
31738	15869000.0	1.0
31739	15869500.0	0.0
31740	15870000.0	4.0
31741	15870500.0	0.0
31742	15871000.0	1.0
31743	15871500.0	1.0
31744	15872000.0	1.0
31745	15872500.0	0.0
31746	15873000.0	1.0
31747	15873500.0	2.0
31748	15874000.0	2.0
31749	15874500.0	1.0
31750	15875000.0	0.0
31751	15875500.0	0.0
31752	15876000.0	1.0
31753	15876500.0	1.0
31754	15877000.0	0.0
31755	15877500.0	1.0
31756	15878000.0	2.0
31757	15878500.0	0.0
31758	15879000.0	0.0
31759	15879500.0	0.0
31760	15880000.0	0.0
31761	15880500.0	1.0
31762	15881000.0	3.0
31763	15881500.0	0.0
31764	15882000.0	0.0
31765	15882500.0	1.0
31766	15883000.0	1.0
31767	15883500.0	0.0
31768	15884000.0	1.0
31769	15884500.0	1.0
31770	15885000.0	0.0
31771	15885500.0	1.0
31772	15886000.0	2.0
31773	15886500.0	1.0
31774	15887000.0	0.0
31775	15887500.0	1.0
31776	15888000.0	0.0
31777	15888500.0	1.0
31778	15889000.0	0.0
31779	15889500.0	3.0
31780	15890000.0	0.0
31781	15890500.0	2.0
31782	15891000.0	2.0
31783	15891500.0	1.0
31784	15892000.0	2.0
31785	15892500.0	0.0
31786	15893000.0	0.0
31787	15893500.0	0.0
31788	15894000.0	1.0
31789	15894500.0	0.0
31790	15895000.0	0.0
31791	15895500.0	1.0
31792	15896000.0	0.0
31793	15896500.0	3.0
31794	15897000.0	2.0
31795	15897500.0	1.0
31796	15898000.0	0.0
31797	15898500.0	1.0
31798	15899000.0	1.0
31799	15899500.0	2.0
31800	15900000.0	0.0
31801	15900500.0	0.0
31802	15901000.0	2.0
31803	15901500.0	1.0
31804	15902000.0	0.0
31805	15902500.0	1.0
31806	15903000.0	0.0
31807	15903500.0	2.0
31808	15904000.0	1.0
31809	15904500.0	0.0
31810	15905000.0	1.0
31811	15905500.0	0.0
31812	15906000.0	1.0
31813	15906500.0	1.0
31814	15907000.0	0.0
31815	15907500.0	3.0
31816	15908000.0	2.0
31817	15908500.0	0.0
31818	15909000.0	1.0
31819	15909500.0	1.0
31820	15910000.0	0.0
31821	15910500.0	0.0
31822	15911000.0	1.0
31823	15911500.0	1.0
31824	15912000.0	1.0
31825	15912500.0	2.0
31826	15913000.0	0.0
31827	15913500.0	0.0
31828	15914000.0	0.0
31829	15914500.0	0.0
31830	15915000.0	1.0
31831	15915500.0	1.0
31832	15916000.0	1.0
31833	15916500.0	2.0
31834	15917000.0	1.0
31835	15917500.0	0.0
31836	15918000.0	1.0
31837	15918500.0	2.0
31838	15919000.0	2.0
31839	15919500.0	0.0
31840	15920000.0	1.0
31841	15920500.0	0.0
31842	15921000.0	1.0
31843	15921500.0	0.0
31844	15922000.0	1.0
31845	15922500.0	0.0
31846	15923000.0	1.0
31847	15923500.0	0.0
31848	15924000.0	0.0
31849	15924500.0	0.0
31850	15925000.0	0.0
31851	15925500.0	1.0
31852	15926000.0	1.0
31853	15926500.0	1.0
31854	15927000.0	2.0
31855	15927500.0	1.0
31856	15928000.0	0.0
31857	15928500.0	3.0
31858	15929000.0	0.0
31859	15929500.0	1.0
31860	15930000.0	0.0
31861	15930500.0	0.0
31862	15931000.0	2.0
31863	15931500.0	0.0
31864	15932000.0	2.0
31865	15932500.0	2.0
31866	15933000.0	0.0
31867	15933500.0	1.0
31868	15934000.0	1.0
31869	15934500.0	1.0
31870	15935000.0	0.0
31871	15935500.0	1.0
31872	15936000.0	0.0
31873	15936500.0	2.0
31874	15937000.0	2.0
31875	15937500.0	0.0
31876	15938000.0	3.0
31877	15938500.0	1.0
31878	15939000.0	0.0
31879	15939500.0	2.0
31880	15940000.0	0.0
31881	15940500.0	2.0
31882	15941000.0	0.0
31883	15941500.0	0.0
31884	15942000.0	1.0
31885	15942500.0	0.0
31886	15943000.0	1.0
31887	15943500.0	1.0
31888	15944000.0	1.0
31889	15944500.0	2.0
31890	15945000.0	1.0
31891	15945500.0	2.0
31892	15946000.0	0.0
31893	15946500.0	2.0
31894	15947000.0	3.0
31895	15947500.0	1.0
31896	15948000.0	2.0
31897	15948500.0	1.0
31898	15949000.0	2.0
31899	15949500.0	1.0
31900	15950000.0	0.0
31901	15950500.0	4.0
31902	15951000.0	0.0
31903	15951500.0	0.0
31904	15952000.0	0.0
31905	15952500.0	2.0
31906	15953000.0	1.0
31907	15953500.0	0.0
31908	15954000.0	2.0
31909	15954500.0	1.0
31910	15955000.0	0.0
31911	15955500.0	0.0
31912	15956000.0	1.0
31913	15956500.0	1.0
31914	15957000.0	1.0
31915	15957500.0	0.0
31916	15958000.0	1.0
31917	15958500.0	0.0
31918	15959000.0	0.0
31919	15959500.0	1.0
31920	15960000.0	2.0
31921	15960500.0	0.0
31922	15961000.0	0.0
31923	15961500.0	0.0
31924	15962000.0	2.0
31925	15962500.0	2.0
31926	15963000.0	0.0
31927	15963500.0	3.0
31928	15964000.0	0.0
31929	15964500.0	1.0
31930	15965000.0	3.0
31931	15965500.0	0.0
31932	15966000.0	0.0
31933	15966500.0	1.0
31934	15967000.0	1.0
31935	15967500.0	1.0
31936	15968000.0	1.0
31937	15968500.0	0.0
31938	15969000.0	0.0
31939	15969500.0	3.0
31940	15970000.0	1.0
31941	15970500.0	2.0
31942	15971000.0	2.0
31943	15971500.0	1.0
31944	15972000.0	0.0
31945	15972500.0	0.0
31946	15973000.0	2.0
31947	15973500.0	1.0
31948	15974000.0	1.0
31949	15974500.0	1.0
31950	15975000.0	0.0
31951	15975500.0	0.0
31952	15976000.0	1.0
31953	15976500.0	1.0
31954	15977000.0	2.0
31955	15977500.0	1.0
31956	15978000.0	3.0
31957	15978500.0	0.0
31958	15979000.0	3.0
31959	15979500.0	0.0
31960	15980000.0	2.0
31961	15980500.0	1.0
31962	15981000.0	1.0
31963	15981500.0	1.0
31964	15982000.0	1.0
31965	15982500.0	1.0
31966	15983000.0	0.0
31967	15983500.0	2.0
31968	15984000.0	2.0
31969	15984500.0	2.0
31970	15985000.0	0.0
31971	15985500.0	0.0
31972	15986000.0	2.0
31973	15986500.0	1.0
31974	15987000.0	0.0
31975	15987500.0	0.0
31976	15988000.0	1.0
31977	15988500.0	3.0
31978	15989000.0	0.0
31979	15989500.0	1.0
31980	15990000.0	1.0
31981	15990500.0	0.0
31982	15991000.0	0.0
31983	15991500.0	1.0
31984	15992000.0	1.0
31985	15992500.0	1.0
31986	15993000.0	0.0
31987	15993500.0	1.0
31988	15994000.0	0.0
31989	15994500.0	1.0
31990	15995000.0	0.0
31991	15995500.0	1.0
31992	15996000.0	1.0
31993	15996500.0	0.0
31994	15997000.0	0.0
31995	15997500.0	3.0
31996	15998000.0	2.0
31997	15998500.0	3.0
31998	15999000.0	1.0
31999	15999500.0	0.0
32000	16000000.0	0.0
32001	16000500.0	2.0
32002	16001000.0	3.0
32003	16001500.0	1.0
32004	16002000.0	1.0
32005	16002500.0	0.0
32006	16003000.0	1.0
32007	16003500.0	2.0
32008	16004000.0	1.0
32009	16004500.0	2.0
32010	16005000.0	0.0
32011	16005500.0	0.0
32012	16006000.0	1.0
32013	16006500.0	1.0
32014	16007000.0	0.0
32015	16007500.0	2.0
32016	16008000.0	3.0
32017	16008500.0	1.0
32018	16009000.0	3.0
32019	16009500.0	1.0
32020	16010000.0	0.0
32021	16010500.0	1.0
32022	16011000.0	1.0
32023	16011500.0	0.0
32024	16012000.0	0.0
32025	16012500.0	3.0
32026	16013000.0	1.0
32027	16013500.0	1.0
32028	16014000.0	1.0
32029	16014500.0	2.0
32030	16015000.0	1.0
32031	16015500.0	1.0
32032	16016000.0	0.0
32033	16016500.0	0.0
32034	16017000.0	0.0
32035	16017500.0	0.0
32036	16018000.0	1.0
32037	16018500.0	0.0
32038	16019000.0	3.0
32039	16019500.0	0.0
32040	16020000.0	0.0
32041	16020500.0	0.0
32042	16021000.0	0.0
32043	16021500.0	0.0
32044	16022000.0	0.0
32045	16022500.0	1.0
32046	16023000.0	1.0
32047	16023500.0	3.0
32048	16024000.0	0.0
32049	16024500.0	1.0
32050	16025000.0	1.0
32051	16025500.0	0.0
32052	16026000.0	1.0
32053	16026500.0	0.0
32054	16027000.0	1.0
32055	16027500.0	0.0
32056	16028000.0	0.0
32057	16028500.0	1.0
32058	16029000.0	1.0
32059	16029500.0	1.0
32060	16030000.0	3.0
32061	16030500.0	0.0
32062	16031000.0	1.0
32063	16031500.0	1.0
32064	16032000.0	1.0
32065	16032500.0	1.0
32066	16033000.0	1.0
32067	16033500.0	0.0
32068	16034000.0	1.0
32069	16034500.0	2.0
32070	16035000.0	2.0
32071	16035500.0	1.0
32072	16036000.0	0.0
32073	16036500.0	1.0
32074	16037000.0	1.0
32075	16037500.0	1.0
32076	16038000.0	1.0
32077	16038500.0	2.0
32078	16039000.0	3.0
32079	16039500.0	1.0
32080	16040000.0	0.0
32081	16040500.0	0.0
32082	16041000.0	2.0
32083	16041500.0	0.0
32084	16042000.0	0.0
32085	16042500.0	1.0
32086	16043000.0	1.0
32087	16043500.0	2.0
32088	16044000.0	1.0
32089	16044500.0	0.0
32090	16045000.0	1.0
32091	16045500.0	1.0
32092	16046000.0	1.0
32093	16046500.0	1.0
32094	16047000.0	0.0
32095	16047500.0	3.0
32096	16048000.0	0.0
32097	16048500.0	0.0
32098	16049000.0	0.0
32099	16049500.0	0.0
32100	16050000.0	1.0
32101	16050500.0	0.0
32102	16051000.0	1.0
32103	16051500.0	0.0
32104	16052000.0	1.0
32105	16052500.0	0.0
32106	16053000.0	1.0
32107	16053500.0	3.0
32108	16054000.0	2.0
32109	16054500.0	0.0
32110	16055000.0	1.0
32111	16055500.0	1.0
32112	16056000.0	0.0
32113	16056500.0	0.0
32114	16057000.0	1.0
32115	16057500.0	1.0
32116	16058000.0	1.0
32117	16058500.0	1.0
32118	16059000.0	0.0
32119	16059500.0	2.0
32120	16060000.0	1.0
32121	16060500.0	1.0
32122	16061000.0	1.0
32123	16061500.0	0.0
32124	16062000.0	0.0
32125	16062500.0	0.0
32126	16063000.0	0.0
32127	16063500.0	1.0
32128	16064000.0	0.0
32129	16064500.0	1.0
32130	16065000.0	1.0
32131	16065500.0	3.0
32132	16066000.0	0.0
32133	16066500.0	0.0
32134	16067000.0	2.0
32135	16067500.0	0.0
32136	16068000.0	1.0
32137	16068500.0	0.0
32138	16069000.0	0.0
32139	16069500.0	3.0
32140	16070000.0	1.0
32141	16070500.0	0.0
32142	16071000.0	0.0
32143	16071500.0	0.0
32144	16072000.0	1.0
32145	16072500.0	2.0
32146	16073000.0	0.0
32147	16073500.0	3.0
32148	16074000.0	0.0
32149	16074500.0	0.0
32150	16075000.0	3.0
32151	16075500.0	2.0
32152	16076000.0	0.0
32153	16076500.0	3.0
32154	16077000.0	0.0
32155	16077500.0	0.0
32156	16078000.0	3.0
32157	16078500.0	1.0
32158	16079000.0	0.0
32159	16079500.0	0.0
32160	16080000.0	0.0
32161	16080500.0	0.0
32162	16081000.0	0.0
32163	16081500.0	2.0
32164	16082000.0	0.0
32165	16082500.0	0.0
32166	16083000.0	2.0
32167	16083500.0	2.0
32168	16084000.0	0.0
32169	16084500.0	0.0
32170	16085000.0	0.0
32171	16085500.0	0.0
32172	16086000.0	1.0
32173	16086500.0	1.0
32174	16087000.0	0.0
32175	16087500.0	1.0
32176	16088000.0	1.0
32177	16088500.0	2.0
32178	16089000.0	1.0
32179	16089500.0	4.0
32180	16090000.0	1.0
32181	16090500.0	1.0
32182	16091000.0	1.0
32183	16091500.0	1.0
32184	16092000.0	0.0
32185	16092500.0	1.0
32186	16093000.0	2.0
32187	16093500.0	1.0
32188	16094000.0	0.0
32189	16094500.0	1.0
32190	16095000.0	4.0
32191	16095500.0	0.0
32192	16096000.0	1.0
32193	16096500.0	0.0
32194	16097000.0	0.0
32195	16097500.0	1.0
32196	16098000.0	0.0
32197	16098500.0	1.0
32198	16099000.0	2.0
32199	16099500.0	0.0
32200	16100000.0	1.0
32201	16100500.0	0.0
32202	16101000.0	0.0
32203	16101500.0	0.0
32204	16102000.0	0.0
32205	16102500.0	0.0
32206	16103000.0	2.0
32207	16103500.0	2.0
32208	16104000.0	0.0
32209	16104500.0	1.0
32210	16105000.0	1.0
32211	16105500.0	1.0
32212	16106000.0	1.0
32213	16106500.0	1.0
32214	16107000.0	0.0
32215	16107500.0	0.0
32216	16108000.0	0.0
32217	16108500.0	1.0
32218	16109000.0	3.0
32219	16109500.0	1.0
32220	16110000.0	2.0
32221	16110500.0	3.0
32222	16111000.0	1.0
32223	16111500.0	0.0
32224	16112000.0	4.0
32225	16112500.0	0.0
32226	16113000.0	0.0
32227	16113500.0	1.0
32228	16114000.0	2.0
32229	16114500.0	0.0
32230	16115000.0	0.0
32231	16115500.0	1.0
32232	16116000.0	0.0
32233	16116500.0	0.0
32234	16117000.0	2.0
32235	16117500.0	0.0
32236	16118000.0	0.0
32237	16118500.0	1.0
32238	16119000.0	3.0
32239	16119500.0	0.0
32240	16120000.0	1.0
32241	16120500.0	1.0
32242	16121000.0	0.0
32243	16121500.0	0.0
32244	16122000.0	2.0
32245	16122500.0	1.0
32246	16123000.0	6.0
32247	16123500.0	0.0
32248	16124000.0	1.0
32249	16124500.0	2.0
32250	16125000.0	0.0
32251	16125500.0	2.0
32252	16126000.0	3.0
32253	16126500.0	2.0
32254	16127000.0	0.0
32255	16127500.0	1.0
32256	16128000.0	0.0
32257	16128500.0	1.0
32258	16129000.0	1.0
32259	16129500.0	2.0
32260	16130000.0	1.0
32261	16130500.0	0.0
32262	16131000.0	1.0
32263	16131500.0	1.0
32264	16132000.0	1.0
32265	16132500.0	0.0
32266	16133000.0	1.0
32267	16133500.0	1.0
32268	16134000.0	0.0
32269	16134500.0	0.0
32270	16135000.0	2.0
32271	16135500.0	1.0
32272	16136000.0	1.0
32273	16136500.0	2.0
32274	16137000.0	1.0
32275	16137500.0	1.0
32276	16138000.0	0.0
32277	16138500.0	0.0
32278	16139000.0	0.0
32279	16139500.0	0.0
32280	16140000.0	0.0
32281	16140500.0	1.0
32282	16141000.0	2.0
32283	16141500.0	0.0
32284	16142000.0	2.0
32285	16142500.0	0.0
32286	16143000.0	0.0
32287	16143500.0	0.0
32288	16144000.0	0.0
32289	16144500.0	1.0
32290	16145000.0	0.0
32291	16145500.0	0.0
32292	16146000.0	0.0
32293	16146500.0	0.0
32294	16147000.0	0.0
32295	16147500.0	1.0
32296	16148000.0	1.0
32297	16148500.0	0.0
32298	16149000.0	1.0
32299	16149500.0	0.0
32300	16150000.0	1.0
32301	16150500.0	0.0
32302	16151000.0	0.0
32303	16151500.0	2.0
32304	16152000.0	1.0
32305	16152500.0	0.0
32306	16153000.0	1.0
32307	16153500.0	0.0
32308	16154000.0	0.0
32309	16154500.0	0.0
32310	16155000.0	0.0
32311	16155500.0	3.0
32312	16156000.0	0.0
32313	16156500.0	0.0
32314	16157000.0	0.0
32315	16157500.0	2.0
32316	16158000.0	0.0
32317	16158500.0	0.0
32318	16159000.0	3.0
32319	16159500.0	0.0
32320	16160000.0	3.0
32321	16160500.0	1.0
32322	16161000.0	1.0
32323	16161500.0	1.0
32324	16162000.0	0.0
32325	16162500.0	1.0
32326	16163000.0	0.0
32327	16163500.0	3.0
32328	16164000.0	1.0
32329	16164500.0	0.0
32330	16165000.0	1.0
32331	16165500.0	0.0
32332	16166000.0	0.0
32333	16166500.0	0.0
32334	16167000.0	2.0
32335	16167500.0	0.0
32336	16168000.0	3.0
32337	16168500.0	1.0
32338	16169000.0	2.0
32339	16169500.0	0.0
32340	16170000.0	1.0
32341	16170500.0	2.0
32342	16171000.0	2.0
32343	16171500.0	2.0
32344	16172000.0	1.0
32345	16172500.0	0.0
32346	16173000.0	1.0
32347	16173500.0	1.0
32348	16174000.0	0.0
32349	16174500.0	2.0
32350	16175000.0	1.0
32351	16175500.0	2.0
32352	16176000.0	0.0
32353	16176500.0	1.0
32354	16177000.0	0.0
32355	16177500.0	0.0
32356	16178000.0	0.0
32357	16178500.0	1.0
32358	16179000.0	0.0
32359	16179500.0	1.0
32360	16180000.0	1.0
32361	16180500.0	1.0
32362	16181000.0	3.0
32363	16181500.0	1.0
32364	16182000.0	0.0
32365	16182500.0	2.0
32366	16183000.0	0.0
32367	16183500.0	0.0
32368	16184000.0	3.0
32369	16184500.0	0.0
32370	16185000.0	1.0
32371	16185500.0	0.0
32372	16186000.0	1.0
32373	16186500.0	0.0
32374	16187000.0	1.0
32375	16187500.0	0.0
32376	16188000.0	0.0
32377	16188500.0	3.0
32378	16189000.0	0.0
32379	16189500.0	1.0
32380	16190000.0	1.0
32381	16190500.0	1.0
32382	16191000.0	1.0
32383	16191500.0	1.0
32384	16192000.0	0.0
32385	16192500.0	1.0
32386	16193000.0	0.0
32387	16193500.0	0.0
32388	16194000.0	2.0
32389	16194500.0	2.0
32390	16195000.0	0.0
32391	16195500.0	1.0
32392	16196000.0	2.0
32393	16196500.0	1.0
32394	16197000.0	1.0
32395	16197500.0	1.0
32396	16198000.0	1.0
32397	16198500.0	0.0
32398	16199000.0	1.0
32399	16199500.0	0.0
32400	16200000.0	0.0
32401	16200500.0	2.0
32402	16201000.0	1.0
32403	16201500.0	1.0
32404	16202000.0	1.0
32405	16202500.0	0.0
32406	16203000.0	0.0
32407	16203500.0	0.0
32408	16204000.0	0.0
32409	16204500.0	2.0
32410	16205000.0	1.0
32411	16205500.0	3.0
32412	16206000.0	1.0
32413	16206500.0	0.0
32414	16207000.0	3.0
32415	16207500.0	0.0
32416	16208000.0	1.0
32417	16208500.0	0.0
32418	16209000.0	2.0
32419	16209500.0	0.0
32420	16210000.0	1.0
32421	16210500.0	0.0
32422	16211000.0	0.0
32423	16211500.0	1.0
32424	16212000.0	0.0
32425	16212500.0	2.0
32426	16213000.0	1.0
32427	16213500.0	1.0
32428	16214000.0	1.0
32429	16214500.0	2.0
32430	16215000.0	0.0
32431	16215500.0	1.0
32432	16216000.0	1.0
32433	16216500.0	1.0
32434	16217000.0	0.0
32435	16217500.0	0.0
32436	16218000.0	0.0
32437	16218500.0	0.0
32438	16219000.0	0.0
32439	16219500.0	0.0
32440	16220000.0	0.0
32441	16220500.0	0.0
32442	16221000.0	0.0
32443	16221500.0	1.0
32444	16222000.0	0.0
32445	16222500.0	1.0
32446	16223000.0	0.0
32447	16223500.0	0.0
32448	16224000.0	0.0
32449	16224500.0	1.0
32450	16225000.0	0.0
32451	16225500.0	1.0
32452	16226000.0	1.0
32453	16226500.0	1.0
32454	16227000.0	3.0
32455	16227500.0	4.0
32456	16228000.0	0.0
32457	16228500.0	0.0
32458	16229000.0	0.0
32459	16229500.0	0.0
32460	16230000.0	2.0
32461	16230500.0	0.0
32462	16231000.0	0.0
32463	16231500.0	0.0
32464	16232000.0	0.0
32465	16232500.0	1.0
32466	16233000.0	0.0
32467	16233500.0	0.0
32468	16234000.0	1.0
32469	16234500.0	1.0
32470	16235000.0	1.0
32471	16235500.0	2.0
32472	16236000.0	1.0
32473	16236500.0	0.0
32474	16237000.0	1.0
32475	16237500.0	2.0
32476	16238000.0	0.0
32477	16238500.0	1.0
32478	16239000.0	1.0
32479	16239500.0	1.0
32480	16240000.0	1.0
32481	16240500.0	0.0
32482	16241000.0	2.0
32483	16241500.0	2.0
32484	16242000.0	0.0
32485	16242500.0	1.0
32486	16243000.0	2.0
32487	16243500.0	2.0
32488	16244000.0	1.0
32489	16244500.0	1.0
32490	16245000.0	1.0
32491	16245500.0	1.0
32492	16246000.0	1.0
32493	16246500.0	3.0
32494	16247000.0	1.0
32495	16247500.0	0.0
32496	16248000.0	1.0
32497	16248500.0	1.0
32498	16249000.0	3.0
32499	16249500.0	0.0
32500	16250000.0	2.0
32501	16250500.0	3.0
32502	16251000.0	3.0
32503	16251500.0	0.0
32504	16252000.0	1.0
32505	16252500.0	1.0
32506	16253000.0	0.0
32507	16253500.0	0.0
32508	16254000.0	1.0
32509	16254500.0	1.0
32510	16255000.0	1.0
32511	16255500.0	0.0
32512	16256000.0	1.0
32513	16256500.0	2.0
32514	16257000.0	2.0
32515	16257500.0	0.0
32516	16258000.0	3.0
32517	16258500.0	0.0
32518	16259000.0	1.0
32519	16259500.0	1.0
32520	16260000.0	0.0
32521	16260500.0	1.0
32522	16261000.0	1.0
32523	16261500.0	0.0
32524	16262000.0	2.0
32525	16262500.0	0.0
32526	16263000.0	0.0
32527	16263500.0	0.0
32528	16264000.0	0.0
32529	16264500.0	1.0
32530	16265000.0	0.0
32531	16265500.0	1.0
32532	16266000.0	0.0
32533	16266500.0	2.0
32534	16267000.0	1.0
32535	16267500.0	1.0
32536	16268000.0	1.0
32537	16268500.0	0.0
32538	16269000.0	0.0
32539	16269500.0	0.0
32540	16270000.0	0.0
32541	16270500.0	0.0
32542	16271000.0	1.0
32543	16271500.0	0.0
32544	16272000.0	2.0
32545	16272500.0	0.0
32546	16273000.0	0.0
32547	16273500.0	0.0
32548	16274000.0	0.0
32549	16274500.0	1.0
32550	16275000.0	1.0
32551	16275500.0	3.0
32552	16276000.0	0.0
32553	16276500.0	1.0
32554	16277000.0	1.0
32555	16277500.0	1.0
32556	16278000.0	0.0
32557	16278500.0	1.0
32558	16279000.0	2.0
32559	16279500.0	0.0
32560	16280000.0	2.0
32561	16280500.0	2.0
32562	16281000.0	1.0
32563	16281500.0	1.0
32564	16282000.0	1.0
32565	16282500.0	1.0
32566	16283000.0	1.0
32567	16283500.0	0.0
32568	16284000.0	0.0
32569	16284500.0	1.0
32570	16285000.0	2.0
32571	16285500.0	0.0
32572	16286000.0	2.0
32573	16286500.0	1.0
32574	16287000.0	1.0
32575	16287500.0	2.0
32576	16288000.0	1.0
32577	16288500.0	3.0
32578	16289000.0	3.0
32579	16289500.0	0.0
32580	16290000.0	1.0
32581	16290500.0	1.0
32582	16291000.0	0.0
32583	16291500.0	0.0
32584	16292000.0	2.0
32585	16292500.0	0.0
32586	16293000.0	0.0
32587	16293500.0	0.0
32588	16294000.0	0.0
32589	16294500.0	3.0
32590	16295000.0	2.0
32591	16295500.0	0.0
32592	16296000.0	2.0
32593	16296500.0	0.0
32594	16297000.0	2.0
32595	16297500.0	0.0
32596	16298000.0	3.0
32597	16298500.0	0.0
32598	16299000.0	0.0
32599	16299500.0	0.0
32600	16300000.0	0.0
32601	16300500.0	1.0
32602	16301000.0	1.0
32603	16301500.0	1.0
32604	16302000.0	0.0
32605	16302500.0	0.0
32606	16303000.0	2.0
32607	16303500.0	0.0
32608	16304000.0	0.0
32609	16304500.0	0.0
32610	16305000.0	2.0
32611	16305500.0	2.0
32612	16306000.0	1.0
32613	16306500.0	0.0
32614	16307000.0	1.0
32615	16307500.0	1.0
32616	16308000.0	1.0
32617	16308500.0	2.0
32618	16309000.0	0.0
32619	16309500.0	0.0
32620	16310000.0	1.0
32621	16310500.0	0.0
32622	16311000.0	0.0
32623	16311500.0	1.0
32624	16312000.0	0.0
32625	16312500.0	0.0
32626	16313000.0	1.0
32627	16313500.0	1.0
32628	16314000.0	0.0
32629	16314500.0	2.0
32630	16315000.0	0.0
32631	16315500.0	1.0
32632	16316000.0	1.0
32633	16316500.0	2.0
32634	16317000.0	0.0
32635	16317500.0	0.0
32636	16318000.0	1.0
32637	16318500.0	1.0
32638	16319000.0	1.0
32639	16319500.0	0.0
32640	16320000.0	1.0
32641	16320500.0	0.0
32642	16321000.0	0.0
32643	16321500.0	4.0
32644	16322000.0	2.0
32645	16322500.0	0.0
32646	16323000.0	1.0
32647	16323500.0	1.0
32648	16324000.0	1.0
32649	16324500.0	1.0
32650	16325000.0	1.0
32651	16325500.0	2.0
32652	16326000.0	2.0
32653	16326500.0	0.0
32654	16327000.0	1.0
32655	16327500.0	1.0
32656	16328000.0	0.0
32657	16328500.0	0.0
32658	16329000.0	1.0
32659	16329500.0	0.0
32660	16330000.0	2.0
32661	16330500.0	0.0
32662	16331000.0	0.0
32663	16331500.0	2.0
32664	16332000.0	1.0
32665	16332500.0	1.0
32666	16333000.0	0.0
32667	16333500.0	0.0
32668	16334000.0	1.0
32669	16334500.0	0.0
32670	16335000.0	0.0
32671	16335500.0	1.0
32672	16336000.0	1.0
32673	16336500.0	1.0
32674	16337000.0	1.0
32675	16337500.0	0.0
32676	16338000.0	0.0
32677	16338500.0	0.0
32678	16339000.0	2.0
32679	16339500.0	2.0
32680	16340000.0	2.0
32681	16340500.0	0.0
32682	16341000.0	1.0
32683	16341500.0	0.0
32684	16342000.0	0.0
32685	16342500.0	0.0
32686	16343000.0	0.0
32687	16343500.0	0.0
32688	16344000.0	1.0
32689	16344500.0	0.0
32690	16345000.0	2.0
32691	16345500.0	0.0
32692	16346000.0	0.0
32693	16346500.0	1.0
32694	16347000.0	1.0
32695	16347500.0	1.0
32696	16348000.0	0.0
32697	16348500.0	2.0
32698	16349000.0	0.0
32699	16349500.0	1.0
32700	16350000.0	0.0
32701	16350500.0	0.0
32702	16351000.0	1.0
32703	16351500.0	2.0
32704	16352000.0	0.0
32705	16352500.0	3.0
32706	16353000.0	0.0
32707	16353500.0	0.0
32708	16354000.0	1.0
32709	16354500.0	1.0
32710	16355000.0	1.0
32711	16355500.0	1.0
32712	16356000.0	1.0
32713	16356500.0	2.0
32714	16357000.0	0.0
32715	16357500.0	2.0
32716	16358000.0	0.0
32717	16358500.0	4.0
32718	16359000.0	0.0
32719	16359500.0	0.0
32720	16360000.0	0.0
32721	16360500.0	1.0
32722	16361000.0	0.0
32723	16361500.0	1.0
32724	16362000.0	0.0
32725	16362500.0	2.0
32726	16363000.0	2.0
32727	16363500.0	2.0
32728	16364000.0	1.0
32729	16364500.0	3.0
32730	16365000.0	0.0
32731	16365500.0	0.0
32732	16366000.0	1.0
32733	16366500.0	1.0
32734	16367000.0	3.0
32735	16367500.0	0.0
32736	16368000.0	1.0
32737	16368500.0	0.0
32738	16369000.0	1.0
32739	16369500.0	2.0
32740	16370000.0	1.0
32741	16370500.0	0.0
32742	16371000.0	2.0
32743	16371500.0	0.0
32744	16372000.0	1.0
32745	16372500.0	0.0
32746	16373000.0	1.0
32747	16373500.0	0.0
32748	16374000.0	1.0
32749	16374500.0	1.0
32750	16375000.0	0.0
32751	16375500.0	1.0
32752	16376000.0	4.0
32753	16376500.0	0.0
32754	16377000.0	0.0
32755	16377500.0	1.0
32756	16378000.0	1.0
32757	16378500.0	1.0
32758	16379000.0	3.0
32759	16379500.0	0.0
32760	16380000.0	0.0
32761	16380500.0	2.0
32762	16381000.0	2.0
32763	16381500.0	0.0
32764	16382000.0	1.0
32765	16382500.0	1.0
32766	16383000.0	0.0
32767	16383500.0	1.0
